-1.748102754354476929e-01,1.181102320551872253e-01,1.847739815711975098e-01,9.260313957929611206e-02,4.255097731947898865e-02,-1.322377379983663559e-02,1.382494065910577774e-02,3.263568878173828125e-02,1.382494065910577774e-02,-1.322377379983663559e-02,4.255097731947898865e-02,9.260313957929611206e-02,1.847739815711975098e-01,1.181102320551872253e-01,-1.748102754354476929e-01
-1.987479180097579956e-01,-1.576544493436813354e-01,1.045764535665512085e-01,1.444881409406661987e-01,6.973205506801605225e-02,5.419252440333366394e-02,-2.843098901212215424e-02,-1.482888869941234589e-02,-2.843098901212215424e-02,5.419252440333366394e-02,6.973205506801605225e-02,1.444881409406661987e-01,1.045764535665512085e-01,-1.576544493436813354e-01,-1.987479180097579956e-01
-3.248978871852159500e-03
5.207576975226402283e-02,1.681458950042724609e-01,6.075264513492584229e-02,1.082584168761968613e-02,8.292733132839202881e-02,9.565556794404983521e-02,8.156313002109527588e-02,5.736590176820755005e-02,8.156313002109527588e-02,9.565556794404983521e-02,8.292733132839202881e-02,1.082584168761968613e-02,6.075264513492584229e-02,1.681458950042724609e-01,5.207576975226402283e-02
-1.702183783054351807e-01,1.485286802053451538e-01,1.489536613225936890e-01,4.981596022844314575e-02,1.627141237258911133e-02,6.840424239635467529e-02,5.599573254585266113e-02,4.608745127916336060e-02,5.599573254585266113e-02,6.840424239635467529e-02,1.627141237258911133e-02,4.981596022844314575e-02,1.489536613225936890e-01,1.485286802053451538e-01,-1.702183783054351807e-01
-3.769710194319486618e-03
7.351019233465194702e-02,1.212330088019371033e-01,3.825402632355690002e-02,5.769835039973258972e-02,1.007312461733818054e-01,8.741154521703720093e-02,9.251498430967330933e-02,9.259378165006637573e-02,9.251498430967330933e-02,8.741154521703720093e-02,1.007312461733818054e-01,5.769835039973258972e-02,3.825402632355690002e-02,1.212330088019371033e-01,7.351019233465194702e-02
-1.561853736639022827e-01,1.836352944374084473e-01,1.018844693899154663e-01,6.345564499497413635e-03,2.592561207711696625e-02,1.286749988794326782e-01,7.290975749492645264e-02,5.190021544694900513e-02,7.290975749492645264e-02,1.286749988794326782e-01,2.592561207711696625e-02,6.345564499497413635e-03,1.018844693899154663e-01,1.836352944374084473e-01,-1.561853736639022827e-01
-4.315481521189212799e-03
1.479605138301849365e-01,1.378058493137359619e-01,-5.745575763285160065e-03,2.801836840808391571e-02,1.107753962278366089e-01,8.759742975234985352e-02,5.918309465050697327e-02,5.779876559972763062e-02,5.918309465050697327e-02,8.759742975234985352e-02,1.107753962278366089e-01,2.801836840808391571e-02,-5.745575763285160065e-03,1.378058493137359619e-01,1.479605138301849365e-01
-1.226111873984336853e-01,1.075577139854431152e-01,1.130357086658477783e-01,9.482821077108383179e-02,3.665181994438171387e-02,-1.331529929302632809e-03,3.489612787961959839e-02,8.976186066865921021e-02,3.489612787961959839e-02,-1.331529929302632809e-03,3.665181994438171387e-02,9.482821077108383179e-02,1.130357086658477783e-01,1.075577139854431152e-01,-1.226111873984336853e-01
-4.885198082774877548e-03
1.260002702474594116e-01,1.843255460262298584e-01,7.088598608970642090e-02,6.050551682710647583e-02,1.196444332599639893e-01,4.361391440033912659e-02,-2.203390467911958694e-03,1.402003876864910126e-02,-2.203390467911958694e-03,4.361391440033912659e-02,1.196444332599639893e-01,6.050551682710647583e-02,7.088598608970642090e-02,1.843255460262298584e-01,1.260002702474594116e-01
-1.760038584470748901e-01,6.706600636243820190e-02,1.327258646488189697e-01,4.393277689814567566e-02,-2.310545369982719421e-02,-2.256619185209274292e-02,8.782188594341278076e-02,1.179883405566215515e-01,8.782188594341278076e-02,-2.256619185209274292e-02,-2.310545369982719421e-02,4.393277689814567566e-02,1.327258646488189697e-01,6.706600636243820190e-02,-1.760038584470748901e-01
-5.477896425873041153e-03
3.168217465281486511e-02,2.633480429649353027e-01,1.407163590192794800e-01,4.500818625092506409e-02,6.817312538623809814e-02,9.419655054807662964e-02,5.761337652802467346e-02,5.700006335973739624e-02,5.761337652802467346e-02,9.419655054807662964e-02,6.817312538623809814e-02,4.500818625092506409e-02,1.407163590192794800e-01,2.633480429649353027e-01,3.168217465281486511e-02
-1.538643538951873779e-01,5.210476741194725037e-02,9.611809253692626953e-02,-4.126067738980054855e-03,2.900678664445877075e-02,7.104411721229553223e-02,5.975358560681343079e-02,2.742725238204002380e-02,5.975358560681343079e-02,7.104411721229553223e-02,2.900678664445877075e-02,-4.126067738980054855e-03,9.611809253692626953e-02,5.210476741194725037e-02,-1.538643538951873779e-01
-6.092720665037631989e-03
3.119380027055740356e-02,2.263064235448837280e-01,9.590181708335876465e-02,3.656813129782676697e-02,8.710628747940063477e-02,8.384086936712265015e-02,3.016533702611923218e-02,3.729382157325744629e-02,3.016533702611923218e-02,8.384086936712265015e-02,8.710628747940063477e-02,3.656813129782676697e-02,9.590181708335876465e-02,2.263064235448837280e-01,3.119380027055740356e-02
-2.124848216772079468e-01,6.397619843482971191e-02,1.550897508859634399e-01,6.611983478069305420e-02,-3.743861615657806396e-02,-7.230304181575775146e-03,3.722539544105529785e-02,8.038065582513809204e-02,3.722539544105529785e-02,-7.230304181575775146e-03,-3.743861615657806396e-02,6.611983478069305420e-02,1.550897508859634399e-01,6.397619843482971191e-02,-2.124848216772079468e-01
-6.728903856128454208e-03
-1.289442628622055054e-01,2.328923046588897705e-01,1.903682202100753784e-01,3.256293013691902161e-02,3.732196614146232605e-02,4.599849879741668701e-02,2.033052034676074982e-02,1.876639015972614288e-02,2.033052034676074982e-02,4.599849879741668701e-02,3.732196614146232605e-02,3.256293013691902161e-02,1.903682202100753784e-01,2.328923046588897705e-01,-1.289442628622055054e-01
-2.005319148302078247e-01,-1.172242760658264160e-01,1.088722124695777893e-01,4.179157689213752747e-02,-1.786565780639648438e-02,-1.803366903914138675e-04,1.013731509447097778e-01,9.190429002046585083e-02,1.013731509447097778e-01,-1.803366903914138675e-04,-1.786565780639648438e-02,4.179157689213752747e-02,1.088722124695777893e-01,-1.172242760658264160e-01,-2.005319148302078247e-01
-7.385753560811281204e-03
-1.373455673456192017e-01,2.625947594642639160e-01,1.895417720079421997e-01,4.550346359610557556e-02,4.174122214317321777e-02,7.396444678306579590e-02,2.952842973172664642e-02,3.201260045170783997e-02,2.952842973172664642e-02,7.396444678306579590e-02,4.174122214317321777e-02,4.550346359610557556e-02,1.895417720079421997e-01,2.625947594642639160e-01,-1.373455673456192017e-01
-2.215602546930313110e-01,-1.278283596038818359e-01,8.595293760299682617e-02,9.024685621261596680e-02,1.683522202074527740e-02,4.789511114358901978e-02,1.399815641343593597e-02,4.171196371316909790e-02,1.399815641343593597e-02,4.789511114358901978e-02,1.683522202074527740e-02,9.024685621261596680e-02,8.595293760299682617e-02,-1.278283596038818359e-01,-2.215602546930313110e-01
-8.062640205025672913e-03
-9.690429270267486572e-02,2.504395842552185059e-01,1.599728167057037354e-01,4.609242826700210571e-02,3.585493564605712891e-02,4.982877522706985474e-02,2.410757355391979218e-02,5.029481649398803711e-02,2.410757355391979218e-02,4.982877522706985474e-02,3.585493564605712891e-02,4.609242826700210571e-02,1.599728167057037354e-01,2.504395842552185059e-01,-9.690429270267486572e-02
-1.815067827701568604e-01,-1.587186008691787720e-01,5.094740912318229675e-02,6.685887463390827179e-03,-4.032370168715715408e-03,2.826696075499057770e-02,8.660822361707687378e-02,6.664478033781051636e-02,8.660822361707687378e-02,2.826696075499057770e-02,-4.032370168715715408e-03,6.685887463390827179e-03,5.094740912318229675e-02,-1.587186008691787720e-01,-1.815067827701568604e-01
-8.758988231420516968e-03
-8.005607873201370239e-02,2.051130980253219604e-01,1.463069170713424683e-01,2.694729715585708618e-02,9.608923643827438354e-02,9.459999948740005493e-02,6.193327531218528748e-02,2.509269677102565765e-02,6.193327531218528748e-02,9.459999948740005493e-02,9.608923643827438354e-02,2.694729715585708618e-02,1.463069170713424683e-01,2.051130980253219604e-01,-8.005607873201370239e-02
-1.907939463853836060e-01,-1.151282787322998047e-01,4.406619444489479065e-02,4.300064593553543091e-02,3.391955792903900146e-02,7.634340971708297729e-02,5.384921561926603317e-03,4.880324937403202057e-03,5.384921561926603317e-03,7.634340971708297729e-02,3.391955792903900146e-02,4.300064593553543091e-02,4.406619444489479065e-02,-1.151282787322998047e-01,-1.907939463853836060e-01
-9.474270045757293701e-03
-2.164025604724884033e-01,8.486884087324142456e-02,2.207769900560379028e-01,2.106417268514633179e-01,3.217515721917152405e-02,-4.307517036795616150e-02,2.748626470565795898e-02,1.247044280171394348e-01,2.748626470565795898e-02,-4.307517036795616150e-02,3.217515721917152405e-02,2.106417268514633179e-01,2.207769900560379028e-01,8.486884087324142456e-02,-2.164025604724884033e-01
-2.115694284439086914e-01,-2.018250972032546997e-01,4.213916137814521790e-02,9.094948321580886841e-02,1.846118085086345673e-02,5.601690337061882019e-02,1.002206280827522278e-02,2.281493134796619415e-02,1.002206280827522278e-02,5.601690337061882019e-02,1.846118085086345673e-02,9.094948321580886841e-02,4.213916137814521790e-02,-2.018250972032546997e-01,-2.115694284439086914e-01
-1.020799670368432999e-02
-2.016358077526092529e-01,1.903254836797714233e-01,1.908700019121170044e-01,6.881739199161529541e-02,9.214498847723007202e-02,1.654233038425445557e-01,4.705733060836791992e-02,1.404907234245911241e-04,4.705733060836791992e-02,1.654233038425445557e-01,9.214498847723007202e-02,6.881739199161529541e-02,1.908700019121170044e-01,1.903254836797714233e-01,-2.016358077526092529e-01
-9.618739783763885498e-02,-2.802729010581970215e-01,-7.794214785099029541e-02,3.248832002282142639e-02,5.271072685718536377e-02,3.043696098029613495e-02,5.021116510033607483e-02,3.816980868577957153e-02,5.021116510033607483e-02,3.043696098029613495e-02,5.271072685718536377e-02,3.248832002282142639e-02,-7.794214785099029541e-02,-2.802729010581970215e-01,-9.618739783763885498e-02
-1.095971744507551193e-02
-2.286854833364486694e-01,9.475212544202804565e-02,2.237951904535293579e-01,7.297476381063461304e-02,7.790511846542358398e-02,1.109308078885078430e-01,7.998546212911605835e-02,1.252964697778224945e-02,7.998546212911605835e-02,1.109308078885078430e-01,7.790511846542358398e-02,7.297476381063461304e-02,2.237951904535293579e-01,9.475212544202804565e-02,-2.286854833364486694e-01
-5.405795946717262268e-02,-3.175326883792877197e-01,-1.428522169589996338e-01,4.754716157913208008e-02,3.609884530305862427e-02,1.201395969837903976e-02,6.771814823150634766e-02,9.680306911468505859e-02,6.771814823150634766e-02,1.201395969837903976e-02,3.609884530305862427e-02,4.754716157913208008e-02,-1.428522169589996338e-01,-3.175326883792877197e-01,-5.405795946717262268e-02
-1.172901038080453873e-02
-2.463885992765426636e-01,2.331264084205031395e-03,1.550235301256179810e-01,1.040642857551574707e-01,1.350473314523696899e-01,1.607951968908309937e-01,2.107017673552036285e-02,-3.890736401081085205e-02,2.107017673552036285e-02,1.607951968908309937e-01,1.350473314523696899e-01,1.040642857551574707e-01,1.550235301256179810e-01,2.331264084205031395e-03,-2.463885992765426636e-01
-5.453608557581901550e-02,-3.064296245574951172e-01,-1.632642745971679688e-01,8.312046527862548828e-02,2.532446011900901794e-02,2.671807631850242615e-02,4.661403223872184753e-02,1.137131452560424805e-01,4.661403223872184753e-02,2.671807631850242615e-02,2.532446011900901794e-02,8.312046527862548828e-02,-1.632642745971679688e-01,-3.064296245574951172e-01,-5.453608557581901550e-02
-1.251548528671264648e-02
-2.232474535703659058e-01,9.020952880382537842e-02,1.761161535978317261e-01,1.200384125113487244e-01,8.039594441652297974e-02,1.559054553508758545e-01,5.101080238819122314e-02,3.805752098560333252e-02,5.101080238819122314e-02,1.559054553508758545e-01,8.039594441652297974e-02,1.200384125113487244e-01,1.761161535978317261e-01,9.020952880382537842e-02,-2.232474535703659058e-01
-2.528888545930385590e-02,-2.821180224418640137e-01,-1.318843364715576172e-01,5.515887215733528137e-02,4.173039924353361130e-03,-1.606648042798042297e-02,7.397901266813278198e-03,6.960394233465194702e-02,7.397901266813278198e-03,-1.606648042798042297e-02,4.173039924353361130e-03,5.515887215733528137e-02,-1.318843364715576172e-01,-2.821180224418640137e-01,-2.528888545930385590e-02
-1.331877429038286209e-02
-2.389372438192367554e-01,-5.139255523681640625e-02,1.209159940481185913e-01,1.310560107231140137e-01,1.165630668401718140e-01,1.629163473844528198e-01,5.977723747491836548e-02,3.398740664124488831e-02,5.977723747491836548e-02,1.629163473844528198e-01,1.165630668401718140e-01,1.310560107231140137e-01,1.209159940481185913e-01,-5.139255523681640625e-02,-2.389372438192367554e-01
-4.650343675166368484e-03,-3.262456357479095459e-01,-1.365249454975128174e-01,7.950211875140666962e-03,5.505949724465608597e-03,-2.745455875992774963e-02,9.983216971158981323e-02,1.245573684573173523e-01,9.983216971158981323e-02,-2.745455875992774963e-02,5.505949724465608597e-03,7.950211875140666962e-03,-1.365249454975128174e-01,-3.262456357479095459e-01,-4.650343675166368484e-03
-1.413853280246257782e-02
-1.860962510108947754e-01,-1.026672124862670898e-01,1.121558472514152527e-01,1.044700741767883301e-01,1.386385709047317505e-01,1.529602259397506714e-01,9.873224049806594849e-02,3.330470994114875793e-02,9.873224049806594849e-02,1.529602259397506714e-01,1.386385709047317505e-01,1.044700741767883301e-01,1.121558472514152527e-01,-1.026672124862670898e-01,-1.860962510108947754e-01
3.953897207975387573e-02,-3.315247595310211182e-01,-1.558023691177368164e-01,5.854108836501836777e-03,5.088625941425561905e-03,-3.882454708218574524e-02,9.502646327018737793e-02,1.288273930549621582e-01,9.502646327018737793e-02,-3.882454708218574524e-02,5.088625941425561905e-03,5.854108836501836777e-03,-1.558023691177368164e-01,-3.315247595310211182e-01,3.953897207975387573e-02
-1.497443672269582748e-02
-1.810252517461776733e-01,-1.231152191758155823e-01,1.261586993932723999e-01,8.733432739973068237e-02,9.321056306362152100e-02,1.109066531062126160e-01,1.402774155139923096e-01,8.354400098323822021e-02,1.402774155139923096e-01,1.109066531062126160e-01,9.321056306362152100e-02,8.733432739973068237e-02,1.261586993932723999e-01,-1.231152191758155823e-01,-1.810252517461776733e-01
6.752218306064605713e-02,-2.871396839618682861e-01,-1.918901950120925903e-01,8.131649345159530640e-03,-3.787036286666989326e-03,-1.985334791243076324e-02,4.682288691401481628e-02,1.154998466372489929e-01,4.682288691401481628e-02,-1.985334791243076324e-02,-3.787036286666989326e-03,8.131649345159530640e-03,-1.918901950120925903e-01,-2.871396839618682861e-01,6.752218306064605713e-02
-1.582618057727813721e-02
-1.845033466815948486e-01,-2.087746262550354004e-01,1.722102239727973938e-02,9.539501368999481201e-02,1.463519334793090820e-01,1.678104549646377563e-01,1.174388155341148376e-01,6.648804247379302979e-02,1.174388155341148376e-01,1.678104549646377563e-01,1.463519334793090820e-01,9.539501368999481201e-02,1.722102239727973938e-02,-2.087746262550354004e-01,-1.845033466815948486e-01
9.873147308826446533e-02,-2.355858832597732544e-01,-2.167107462882995605e-01,9.278896264731884003e-03,-1.594580523669719696e-02,7.881609722971916199e-03,1.191757321357727051e-01,2.148459404706954956e-01,1.191757321357727051e-01,7.881609722971916199e-03,-1.594580523669719696e-02,9.278896264731884003e-03,-2.167107462882995605e-01,-2.355858832597732544e-01,9.873147308826446533e-02
-1.669347472488880157e-02
-1.916239261627197266e-01,-1.947490572929382324e-01,5.571389570832252502e-02,1.597152352333068848e-01,9.483321011066436768e-02,1.323937326669692993e-01,1.149237826466560364e-01,1.270116418600082397e-01,1.149237826466560364e-01,1.323937326669692993e-01,9.483321011066436768e-02,1.597152352333068848e-01,5.571389570832252502e-02,-1.947490572929382324e-01,-1.916239261627197266e-01
1.125100255012512207e-01,-2.116370201110839844e-01,-2.280859947204589844e-01,-3.849866986274719238e-02,-1.448316127061843872e-02,2.256350964307785034e-02,5.560241267085075378e-02,1.273538023233413696e-01,5.560241267085075378e-02,2.256350964307785034e-02,-1.448316127061843872e-02,-3.849866986274719238e-02,-2.280859947204589844e-01,-2.116370201110839844e-01,1.125100255012512207e-01
-1.757604628801345825e-02
-1.992116123437881470e-01,-2.275098115205764771e-01,1.964072138071060181e-02,1.709190011024475098e-01,9.624522179365158081e-02,1.477210968732833862e-01,1.303746104240417480e-01,1.598754376173019409e-01,1.303746104240417480e-01,1.477210968732833862e-01,9.624522179365158081e-02,1.709190011024475098e-01,1.964072138071060181e-02,-2.275098115205764771e-01,-1.992116123437881470e-01
1.517432779073715210e-01,-2.231168150901794434e-01,-2.397400587797164917e-01,-7.131480425596237183e-02,4.210509359836578369e-03,1.295791380107402802e-02,7.479865103960037231e-02,1.211025640368461609e-01,7.479865103960037231e-02,1.295791380107402802e-02,4.210509359836578369e-03,-7.131480425596237183e-02,-2.397400587797164917e-01,-2.231168150901794434e-01,1.517432779073715210e-01
-1.847363449633121490e-02
-1.666679978370666504e-01,-2.572679519653320312e-01,-2.766361460089683533e-03,1.788504421710968018e-01,1.249985396862030029e-01,1.380541026592254639e-01,1.268046647310256958e-01,1.499501168727874756e-01,1.268046647310256958e-01,1.380541026592254639e-01,1.249985396862030029e-01,1.788504421710968018e-01,-2.766361460089683533e-03,-2.572679519653320312e-01,-1.666679978370666504e-01
1.902737915515899658e-01,-1.871979832649230957e-01,-1.951689422130584717e-01,-7.581265270709991455e-02,1.826005172915756702e-03,-2.439089491963386536e-02,1.080655455589294434e-01,1.462523043155670166e-01,1.080655455589294434e-01,-2.439089491963386536e-02,1.826005172915756702e-03,-7.581265270709991455e-02,-1.951689422130584717e-01,-1.871979832649230957e-01,1.902737915515899658e-01
-1.938599348068237305e-02
-1.008270308375358582e-01,-2.701984345912933350e-01,-3.890746831893920898e-02,1.158508285880088806e-01,1.454303115606307983e-01,1.607513576745986938e-01,1.676461845636367798e-01,1.419377177953720093e-01,1.676461845636367798e-01,1.607513576745986938e-01,1.454303115606307983e-01,1.158508285880088806e-01,-3.890746831893920898e-02,-2.701984345912933350e-01,-1.008270308375358582e-01
1.899536103010177612e-01,-1.826442331075668335e-01,-1.518256366252899170e-01,-4.302984848618507385e-02,-2.887241076678037643e-03,-5.059616640210151672e-02,1.469572633504867554e-01,1.928569227457046509e-01,1.469572633504867554e-01,-5.059616640210151672e-02,-2.887241076678037643e-03,-4.302984848618507385e-02,-1.518256366252899170e-01,-1.826442331075668335e-01,1.899536103010177612e-01
-2.031288668513298035e-02
-9.789577871561050415e-02,-3.082481324672698975e-01,-9.355797432363033295e-03,1.310836523771286011e-01,1.486775130033493042e-01,1.135641783475875854e-01,1.689145863056182861e-01,1.371434926986694336e-01,1.689145863056182861e-01,1.135641783475875854e-01,1.486775130033493042e-01,1.310836523771286011e-01,-9.355797432363033295e-03,-3.082481324672698975e-01,-9.789577871561050415e-02
2.177263796329498291e-01,-1.318162679672241211e-01,-2.168470919132232666e-01,-1.130094900727272034e-01,-1.698032766580581665e-02,-3.263678774237632751e-02,8.324998617172241211e-02,1.306474953889846802e-01,8.324998617172241211e-02,-3.263678774237632751e-02,-1.698032766580581665e-02,-1.130094900727272034e-01,-2.168470919132232666e-01,-1.318162679672241211e-01,2.177263796329498291e-01
-2.125409059226512909e-02
-2.403827942907810211e-02,-3.124617934226989746e-01,-3.699642792344093323e-02,1.109423339366912842e-01,1.562123745679855347e-01,1.177246421575546265e-01,1.984906941652297974e-01,1.564844995737075806e-01,1.984906941652297974e-01,1.177246421575546265e-01,1.562123745679855347e-01,1.109423339366912842e-01,-3.699642792344093323e-02,-3.124617934226989746e-01,-2.403827942907810211e-02
1.950237303972244263e-01,-2.697153389453887939e-02,-1.685073822736740112e-01,-9.820213168859481812e-02,-4.664094373583793640e-02,-1.502858195453882217e-02,1.250351965427398682e-01,1.917910277843475342e-01,1.250351965427398682e-01,-1.502858195453882217e-02,-4.664094373583793640e-02,-9.820213168859481812e-02,-1.685073822736740112e-01,-2.697153389453887939e-02,1.950237303972244263e-01
-2.220939099788665771e-02
-1.365154515951871872e-02,-3.240910768508911133e-01,-6.010579690337181091e-02,1.373143941164016724e-01,1.666155755519866943e-01,1.003128439188003540e-01,1.575840711593627930e-01,1.384118348360061646e-01,1.575840711593627930e-01,1.003128439188003540e-01,1.666155755519866943e-01,1.373143941164016724e-01,-6.010579690337181091e-02,-3.240910768508911133e-01,-1.365154515951871872e-02
2.117427438497543335e-01,-2.786831231787800789e-03,-2.355079799890518188e-01,-1.182441636919975281e-01,-5.302528664469718933e-02,6.552376318722963333e-03,9.281789511442184448e-02,1.876293867826461792e-01,9.281789511442184448e-02,6.552376318722963333e-03,-5.302528664469718933e-02,-1.182441636919975281e-01,-2.355079799890518188e-01,-2.786831231787800789e-03,2.117427438497543335e-01
-2.317858114838600159e-02
-3.263902617618441582e-04,-2.733342945575714111e-01,-4.942327365279197693e-02,1.528867185115814209e-01,1.724256724119186401e-01,1.453647166490554810e-01,1.483207792043685913e-01,1.301250904798507690e-01,1.483207792043685913e-01,1.453647166490554810e-01,1.724256724119186401e-01,1.528867185115814209e-01,-4.942327365279197693e-02,-2.733342945575714111e-01,-3.263902617618441582e-04
2.587776184082031250e-01,9.603010118007659912e-02,-2.444166690111160278e-01,-1.542511880397796631e-01,-7.349140197038650513e-02,3.074415400624275208e-02,7.203263789415359497e-02,1.693528741598129272e-01,7.203263789415359497e-02,3.074415400624275208e-02,-7.349140197038650513e-02,-1.542511880397796631e-01,-2.444166690111160278e-01,9.603010118007659912e-02,2.587776184082031250e-01
-2.416146919131278992e-02
2.021645754575729370e-02,-2.763563990592956543e-01,-8.806322515010833740e-02,1.985873728990554810e-01,1.561391502618789673e-01,1.184606626629829407e-01,1.265267878770828247e-01,1.688468009233474731e-01,1.265267878770828247e-01,1.184606626629829407e-01,1.561391502618789673e-01,1.985873728990554810e-01,-8.806322515010833740e-02,-2.763563990592956543e-01,2.021645754575729370e-02
2.231855243444442749e-01,1.051062867045402527e-01,-2.253367453813552856e-01,-1.647101640701293945e-01,-1.286653131246566772e-01,-2.096941508352756500e-02,9.512491524219512939e-02,2.173797190189361572e-01,9.512491524219512939e-02,-2.096941508352756500e-02,-1.286653131246566772e-01,-1.647101640701293945e-01,-2.253367453813552856e-01,1.051062867045402527e-01,2.231855243444442749e-01
-2.515786141157150269e-02
3.176728636026382446e-02,-2.274541258811950684e-01,-1.158105432987213135e-01,1.466003358364105225e-01,1.361796855926513672e-01,1.712806522846221924e-01,1.340728104114532471e-01,1.663586944341659546e-01,1.340728104114532471e-01,1.712806522846221924e-01,1.361796855926513672e-01,1.466003358364105225e-01,-1.158105432987213135e-01,-2.274541258811950684e-01,3.176728636026382446e-02
2.470705211162567139e-01,1.533537358045578003e-01,-2.077503651380538940e-01,-1.891249269247055054e-01,-9.721759706735610962e-02,1.395105384290218353e-02,1.122721284627914429e-01,1.940291076898574829e-01,1.122721284627914429e-01,1.395105384290218353e-02,-9.721759706735610962e-02,-1.891249269247055054e-01,-2.077503651380538940e-01,1.533537358045578003e-01,2.470705211162567139e-01
-2.616758272051811218e-02
6.685301661491394043e-02,-2.037350237369537354e-01,-1.578404456377029419e-01,1.154364272952079773e-01,1.455360949039459229e-01,2.123945355415344238e-01,1.380695253610610962e-01,1.647280752658843994e-01,1.380695253610610962e-01,2.123945355415344238e-01,1.455360949039459229e-01,1.154364272952079773e-01,-1.578404456377029419e-01,-2.037350237369537354e-01,6.685301661491394043e-02
2.594957351684570312e-01,1.668874621391296387e-01,-2.036464512348175049e-01,-2.114624828100204468e-01,-5.919613316655158997e-02,2.200500480830669403e-02,1.041339412331581116e-01,1.540178209543228149e-01,1.041339412331581116e-01,2.200500480830669403e-02,-5.919613316655158997e-02,-2.114624828100204468e-01,-2.036464512348175049e-01,1.668874621391296387e-01,2.594957351684570312e-01
-2.719045430421829224e-02
1.042344793677330017e-01,-1.743064671754837036e-01,-1.404574960470199585e-01,1.315542906522750854e-01,1.452003419399261475e-01,1.987294852733612061e-01,1.449726670980453491e-01,1.797230541706085205e-01,1.449726670980453491e-01,1.987294852733612061e-01,1.452003419399261475e-01,1.315542906522750854e-01,-1.404574960470199585e-01,-1.743064671754837036e-01,1.042344793677330017e-01
2.546013295650482178e-01,1.732305586338043213e-01,-1.651773452758789062e-01,-2.272081822156906128e-01,-6.109651178121566772e-02,4.177066963165998459e-03,1.351904720067977905e-01,1.613779366016387939e-01,1.351904720067977905e-01,4.177066963165998459e-03,-6.109651178121566772e-02,-2.272081822156906128e-01,-1.651773452758789062e-01,1.732305586338043213e-01,2.546013295650482178e-01
-2.822631411254405975e-02
1.432393342256546021e-01,-1.920782774686813354e-01,-1.592236608266830444e-01,1.258095949888229370e-01,1.619916707277297974e-01,1.834460496902465820e-01,1.385689228773117065e-01,1.674899607896804810e-01,1.385689228773117065e-01,1.834460496902465820e-01,1.619916707277297974e-01,1.258095949888229370e-01,-1.592236608266830444e-01,-1.920782774686813354e-01,1.432393342256546021e-01
2.428934574127197266e-01,1.705199331045150757e-01,-1.700794100761413574e-01,-2.626692354679107666e-01,-6.133105605840682983e-02,-1.023383717983961105e-02,1.292887926101684570e-01,1.389453858137130737e-01,1.292887926101684570e-01,-1.023383717983961105e-02,-6.133105605840682983e-02,-2.626692354679107666e-01,-1.700794100761413574e-01,1.705199331045150757e-01,2.428934574127197266e-01
-2.927499823272228241e-02
1.904798001050949097e-01,-1.756252646446228027e-01,-1.869268715381622314e-01,4.906853288412094116e-02,1.769229471683502197e-01,2.131073027849197388e-01,1.697560846805572510e-01,1.559599041938781738e-01,1.697560846805572510e-01,2.131073027849197388e-01,1.769229471683502197e-01,4.906853288412094116e-02,-1.869268715381622314e-01,-1.756252646446228027e-01,1.904798001050949097e-01
2.395198792219161987e-01,1.864507198333740234e-01,-1.408518254756927490e-01,-2.439893782138824463e-01,-4.632474388927221298e-03,2.916339226067066193e-02,1.362879723310470581e-01,1.207664161920547485e-01,1.362879723310470581e-01,2.916339226067066193e-02,-4.632474388927221298e-03,-2.439893782138824463e-01,-1.408518254756927490e-01,1.864507198333740234e-01,2.395198792219161987e-01
-3.033635206520557404e-02
2.455927431583404541e-01,-1.623064577579498291e-01,-1.390574127435684204e-01,9.012508392333984375e-02,1.763596832752227783e-01,1.488052010536193848e-01,1.640563756227493286e-01,1.584364920854568481e-01,1.640563756227493286e-01,1.488052010536193848e-01,1.763596832752227783e-01,9.012508392333984375e-02,-1.390574127435684204e-01,-1.623064577579498291e-01,2.455927431583404541e-01
2.189053744077682495e-01,2.272903174161911011e-01,-1.154949069023132324e-01,-2.787726819515228271e-01,-7.137565314769744873e-02,-1.274355407804250717e-02,1.422483175992965698e-01,1.348922848701477051e-01,1.422483175992965698e-01,-1.274355407804250717e-02,-7.137565314769744873e-02,-2.787726819515228271e-01,-1.154949069023132324e-01,2.272903174161911011e-01,2.189053744077682495e-01
-3.141022846102714539e-02
2.752265930175781250e-01,-1.391295343637466431e-01,-1.626484990119934082e-01,1.583213917911052704e-02,1.915595829486846924e-01,1.707835346460342407e-01,1.758597046136856079e-01,1.285573691129684448e-01,1.758597046136856079e-01,1.707835346460342407e-01,1.915595829486846924e-01,1.583213917911052704e-02,-1.626484990119934082e-01,-1.391295343637466431e-01,2.752265930175781250e-01
1.919561475515365601e-01,2.335722148418426514e-01,-1.110271587967872620e-01,-2.706862688064575195e-01,-7.235354185104370117e-02,-7.564412429928779602e-03,1.352567225694656372e-01,1.366498917341232300e-01,1.352567225694656372e-01,-7.564412429928779602e-03,-7.235354185104370117e-02,-2.706862688064575195e-01,-1.110271587967872620e-01,2.335722148418426514e-01,1.919561475515365601e-01
-3.249647840857505798e-02
2.984668910503387451e-01,-1.480054557323455811e-01,-1.905028820037841797e-01,-2.320769429206848145e-02,1.960520148277282715e-01,1.736698597669601440e-01,2.036678642034530640e-01,1.399365067481994629e-01,2.036678642034530640e-01,1.736698597669601440e-01,1.960520148277282715e-01,-2.320769429206848145e-02,-1.905028820037841797e-01,-1.480054557323455811e-01,2.984668910503387451e-01
1.123745143413543701e-01,2.440942078828811646e-01,-1.049851849675178528e-01,-2.331121265888214111e-01,-3.439194336533546448e-02,3.373869881033897400e-02,1.040811017155647278e-01,1.150334179401397705e-01,1.040811017155647278e-01,3.373869881033897400e-02,-3.439194336533546448e-02,-2.331121265888214111e-01,-1.049851849675178528e-01,2.440942078828811646e-01,1.123745143413543701e-01
-3.359496593475341797e-02
3.209545314311981201e-01,-1.172213330864906311e-01,-1.965638697147369385e-01,-5.017426609992980957e-02,1.960033923387527466e-01,1.736834198236465454e-01,2.137257307767868042e-01,1.418082714080810547e-01,2.137257307767868042e-01,1.736834198236465454e-01,1.960033923387527466e-01,-5.017426609992980957e-02,-1.965638697147369385e-01,-1.172213330864906311e-01,3.209545314311981201e-01
7.666048407554626465e-02,2.765302360057830811e-01,-8.949963003396987915e-02,-2.273233383893966675e-01,-7.936103641986846924e-02,1.186875719577074051e-02,1.011039912700653076e-01,1.423129439353942871e-01,1.011039912700653076e-01,1.186875719577074051e-02,-7.936103641986846924e-02,-2.273233383893966675e-01,-8.949963003396987915e-02,2.765302360057830811e-01,7.666048407554626465e-02
-3.470556065440177917e-02
3.187684714794158936e-01,-9.997362643480300903e-02,-2.059451043605804443e-01,-4.920632764697074890e-02,2.009354680776596069e-01,1.700395941734313965e-01,2.090541422367095947e-01,1.411618292331695557e-01,2.090541422367095947e-01,1.700395941734313965e-01,2.009354680776596069e-01,-4.920632764697074890e-02,-2.059451043605804443e-01,-9.997362643480300903e-02,3.187684714794158936e-01
2.653230354189872742e-02,3.114286661148071289e-01,-8.380571007728576660e-02,-2.163713574409484863e-01,-8.143496513366699219e-02,4.764086380600929260e-02,8.974137157201766968e-02,1.433262377977371216e-01,8.974137157201766968e-02,4.764086380600929260e-02,-8.143496513366699219e-02,-2.163713574409484863e-01,-8.380571007728576660e-02,3.114286661148071289e-01,2.653230354189872742e-02
-3.582812100648880005e-02
3.240816593170166016e-01,-4.195605590939521790e-02,-1.801339983940124512e-01,-6.069557741284370422e-03,2.230924069881439209e-01,1.758837699890136719e-01,2.067670226097106934e-01,1.517241597175598145e-01,2.067670226097106934e-01,1.758837699890136719e-01,2.230924069881439209e-01,-6.069557741284370422e-03,-1.801339983940124512e-01,-4.195605590939521790e-02,3.240816593170166016e-01
-3.194570541381835938e-02,3.293668329715728760e-01,-8.492377400398254395e-02,-2.271127551794052124e-01,-1.200140118598937988e-01,3.760970011353492737e-02,7.113264501094818115e-02,1.464210450649261475e-01,7.113264501094818115e-02,3.760970011353492737e-02,-1.200140118598937988e-01,-2.271127551794052124e-01,-8.492377400398254395e-02,3.293668329715728760e-01,-3.194570541381835938e-02
-3.696253150701522827e-02
3.008176088333129883e-01,-1.949300989508628845e-02,-2.301923930644989014e-01,-4.073369503021240234e-02,2.205534726381301880e-01,2.002107650041580200e-01,2.025232762098312378e-01,1.536657214164733887e-01,2.025232762098312378e-01,2.002107650041580200e-01,2.205534726381301880e-01,-4.073369503021240234e-02,-2.301923930644989014e-01,-1.949300989508628845e-02,3.008176088333129883e-01
-9.064772725105285645e-02,3.316144645214080811e-01,-7.152097672224044800e-02,-2.000994682312011719e-01,-1.169689521193504333e-01,5.254880338907241821e-02,5.636776611208915710e-02,1.479274630546569824e-01,5.636776611208915710e-02,5.254880338907241821e-02,-1.169689521193504333e-01,-2.000994682312011719e-01,-7.152097672224044800e-02,3.316144645214080811e-01,-9.064772725105285645e-02
-3.810866177082061768e-02
2.680115997791290283e-01,1.785769872367382050e-02,-2.449971437454223633e-01,-4.142193123698234558e-02,1.998485624790191650e-01,2.028340250253677368e-01,2.011099308729171753e-01,1.768061071634292603e-01,2.011099308729171753e-01,2.028340250253677368e-01,1.998485624790191650e-01,-4.142193123698234558e-02,-2.449971437454223633e-01,1.785769872367382050e-02,2.680115997791290283e-01
-1.277936398983001709e-01,3.509670794010162354e-01,-5.545873567461967468e-02,-2.008953690528869629e-01,-1.363178938627243042e-01,5.472126975655555725e-02,5.163677409291267395e-02,1.529726386070251465e-01,5.163677409291267395e-02,5.472126975655555725e-02,-1.363178938627243042e-01,-2.008953690528869629e-01,-5.545873567461967468e-02,3.509670794010162354e-01,-1.277936398983001709e-01
-3.926640003919601440e-02
2.523163557052612305e-01,7.571931183338165283e-02,-2.476876378059387207e-01,-2.313860505819320679e-02,1.979717761278152466e-01,2.120454013347625732e-01,1.937135308980941772e-01,1.929156482219696045e-01,1.937135308980941772e-01,2.120454013347625732e-01,1.979717761278152466e-01,-2.313860505819320679e-02,-2.476876378059387207e-01,7.571931183338165283e-02,2.523163557052612305e-01
-1.699564307928085327e-01,3.560291826725006104e-01,-2.607332356274127960e-02,-1.912134736776351929e-01,-1.399822235107421875e-01,6.386067718267440796e-02,5.322767794132232666e-02,1.553260982036590576e-01,5.322767794132232666e-02,6.386067718267440796e-02,-1.399822235107421875e-01,-1.912134736776351929e-01,-2.607332356274127960e-02,3.560291826725006104e-01,-1.699564307928085327e-01
-4.043562710285186768e-02
2.105620056390762329e-01,1.160997822880744934e-01,-2.747986018657684326e-01,-4.129415750503540039e-02,1.764227151870727539e-01,2.235882580280303955e-01,1.879055947065353394e-01,2.067985087633132935e-01,1.879055947065353394e-01,2.235882580280303955e-01,1.764227151870727539e-01,-4.129415750503540039e-02,-2.747986018657684326e-01,1.160997822880744934e-01,2.105620056390762329e-01
-1.965916752815246582e-01,3.435937464237213135e-01,-1.060402020812034607e-02,-1.945364326238632202e-01,-1.461331993341445923e-01,6.558095663785934448e-02,5.534444004297256470e-02,1.550277620553970337e-01,5.534444004297256470e-02,6.558095663785934448e-02,-1.461331993341445923e-01,-1.945364326238632202e-01,-1.060402020812034607e-02,3.435937464237213135e-01,-1.965916752815246582e-01
-4.161622747778892517e-02
1.515396386384963989e-01,1.375407129526138306e-01,-3.047806322574615479e-01,-5.630738660693168640e-02,1.668197214603424072e-01,2.413763999938964844e-01,1.835149526596069336e-01,2.174591869115829468e-01,1.835149526596069336e-01,2.413763999938964844e-01,1.668197214603424072e-01,-5.630738660693168640e-02,-3.047806322574615479e-01,1.375407129526138306e-01,1.515396386384963989e-01
-2.170534133911132812e-01,3.245014250278472900e-01,1.863827370107173920e-02,-1.890981495380401611e-01,-1.463851183652877808e-01,5.484101548790931702e-02,5.593036860227584839e-02,1.508167237043380737e-01,5.593036860227584839e-02,5.484101548790931702e-02,-1.463851183652877808e-01,-1.890981495380401611e-01,1.863827370107173920e-02,3.245014250278472900e-01,-2.170534133911132812e-01
-4.280810058116912842e-02
1.307830512523651123e-01,1.886359751224517822e-01,-3.046309649944305420e-01,-5.340720713138580322e-02,1.568545848131179810e-01,2.461543232202529907e-01,1.753519326448440552e-01,2.258461266756057739e-01,1.753519326448440552e-01,2.461543232202529907e-01,1.568545848131179810e-01,-5.340720713138580322e-02,-3.046309649944305420e-01,1.886359751224517822e-01,1.307830512523651123e-01
-2.180781662464141846e-01,3.079887330532073975e-01,5.503945797681808472e-02,-1.792663037776947021e-01,-1.392337381839752197e-01,3.956982865929603577e-02,5.990021675825119019e-02,1.483368426561355591e-01,5.990021675825119019e-02,3.956982865929603577e-02,-1.392337381839752197e-01,-1.792663037776947021e-01,5.503945797681808472e-02,3.079887330532073975e-01,-2.180781662464141846e-01
-4.401113837957382202e-02
9.547834843397140503e-02,2.222121208906173706e-01,-3.140856027603149414e-01,-6.163740530610084534e-02,1.464783400297164917e-01,2.498568594455718994e-01,1.753550916910171509e-01,2.403749078512191772e-01,1.753550916910171509e-01,2.498568594455718994e-01,1.464783400297164917e-01,-6.163740530610084534e-02,-3.140856027603149414e-01,2.222121208906173706e-01,9.547834843397140503e-02
-2.229251563549041748e-01,2.806127667427062988e-01,8.286224305629730225e-02,-1.949573755264282227e-01,-1.466262638568878174e-01,2.877383306622505188e-02,6.843975931406021118e-02,1.411179453134536743e-01,6.843975931406021118e-02,2.877383306622505188e-02,-1.466262638568878174e-01,-1.949573755264282227e-01,8.286224305629730225e-02,2.806127667427062988e-01,-2.229251563549041748e-01
-4.522523283958435059e-02
6.202197447419166565e-02,2.522529661655426025e-01,-3.171031475067138672e-01,-7.454860955476760864e-02,1.358145475387573242e-01,2.488046437501907349e-01,1.720509231090545654e-01,2.461056113243103027e-01,1.720509231090545654e-01,2.488046437501907349e-01,1.358145475387573242e-01,-7.454860955476760864e-02,-3.171031475067138672e-01,2.522529661655426025e-01,6.202197447419166565e-02
-2.128851562738418579e-01,2.492668181657791138e-01,1.101498082280158997e-01,-2.104412764310836792e-01,-1.550515443086624146e-01,9.125826880335807800e-03,8.145794272422790527e-02,1.397191882133483887e-01,8.145794272422790527e-02,9.125826880335807800e-03,-1.550515443086624146e-01,-2.104412764310836792e-01,1.101498082280158997e-01,2.492668181657791138e-01,-2.128851562738418579e-01
-4.645029082894325256e-02
3.150260820984840393e-02,2.766510248184204102e-01,-3.093429207801818848e-01,-8.203011751174926758e-02,1.372249871492385864e-01,2.522819042205810547e-01,1.728621423244476318e-01,2.477954477071762085e-01,1.728621423244476318e-01,2.522819042205810547e-01,1.372249871492385864e-01,-8.203011751174926758e-02,-3.093429207801818848e-01,2.766510248184204102e-01,3.150260820984840393e-02
-1.994449645280838013e-01,2.116710543632507324e-01,1.377083510160446167e-01,-2.210851162672042847e-01,-1.586893349885940552e-01,-1.199967879801988602e-02,8.871819078922271729e-02,1.336611509323120117e-01,8.871819078922271729e-02,-1.199967879801988602e-02,-1.586893349885940552e-01,-2.210851162672042847e-01,1.377083510160446167e-01,2.116710543632507324e-01,-1.994449645280838013e-01
-4.768621549010276794e-02
-7.758155465126037598e-03,2.880347073078155518e-01,-3.007335066795349121e-01,-1.027281507849693298e-01,1.274202615022659302e-01,2.533911168575286865e-01,1.857168376445770264e-01,2.570154070854187012e-01,1.857168376445770264e-01,2.533911168575286865e-01,1.274202615022659302e-01,-1.027281507849693298e-01,-3.007335066795349121e-01,2.880347073078155518e-01,-7.758155465126037598e-03
-1.798630952835083008e-01,1.819317936897277832e-01,1.761837750673294067e-01,-2.178806215524673462e-01,-1.403325498104095459e-01,9.353678906336426735e-04,1.009603813290596008e-01,1.212511658668518066e-01,1.009603813290596008e-01,9.353678906336426735e-04,-1.403325498104095459e-01,-2.178806215524673462e-01,1.761837750673294067e-01,1.819317936897277832e-01,-1.798630952835083008e-01
-4.893290624022483826e-02
-3.473315015435218811e-02,2.855965793132781982e-01,-3.034889996051788330e-01,-1.224596053361892700e-01,1.381689757108688354e-01,2.582830190658569336e-01,1.932160556316375732e-01,2.557694613933563232e-01,1.932160556316375732e-01,2.582830190658569336e-01,1.381689757108688354e-01,-1.224596053361892700e-01,-3.034889996051788330e-01,2.855965793132781982e-01,-3.473315015435218811e-02
-1.654126197099685669e-01,1.389139443635940552e-01,2.085630893707275391e-01,-2.110587507486343384e-01,-1.358445435762405396e-01,-1.915107481181621552e-02,1.071261614561080933e-01,1.180083379149436951e-01,1.071261614561080933e-01,-1.915107481181621552e-02,-1.358445435762405396e-01,-2.110587507486343384e-01,2.085630893707275391e-01,1.389139443635940552e-01,-1.654126197099685669e-01
-5.019027367234230042e-02
-6.693840771913528442e-02,2.899560034275054932e-01,-2.816464006900787354e-01,-1.388324201107025146e-01,1.364720910787582397e-01,2.494442313909530640e-01,1.976323276758193970e-01,2.534014582633972168e-01,1.976323276758193970e-01,2.494442313909530640e-01,1.364720910787582397e-01,-1.388324201107025146e-01,-2.816464006900787354e-01,2.899560034275054932e-01,-6.693840771913528442e-02
-1.458102613687515259e-01,9.403822571039199829e-02,2.233400940895080566e-01,-2.315174937248229980e-01,-1.456671655178070068e-01,-2.402344718575477600e-02,1.160367727279663086e-01,1.094416305422782898e-01,1.160367727279663086e-01,-2.402344718575477600e-02,-1.456671655178070068e-01,-2.315174937248229980e-01,2.233400940895080566e-01,9.403822571039199829e-02,-1.458102613687515259e-01
-5.145822837948799133e-02
-9.739369153976440430e-02,2.953058183193206787e-01,-2.468117326498031616e-01,-1.547440290451049805e-01,1.335868090391159058e-01,2.406191676855087280e-01,2.049581706523895264e-01,2.494976222515106201e-01,2.049581706523895264e-01,2.406191676855087280e-01,1.335868090391159058e-01,-1.547440290451049805e-01,-2.468117326498031616e-01,2.953058183193206787e-01,-9.739369153976440430e-02
-1.225626245141029358e-01,5.714645236730575562e-02,2.477612495422363281e-01,-2.408484816551208496e-01,-1.544988751411437988e-01,-2.443672716617584229e-02,1.317353397607803345e-01,1.089473068714141846e-01,1.317353397607803345e-01,-2.443672716617584229e-02,-1.544988751411437988e-01,-2.408484816551208496e-01,2.477612495422363281e-01,5.714645236730575562e-02,-1.225626245141029358e-01
-5.273668467998504639e-02
-9.933859109878540039e-02,2.919319570064544678e-01,-2.266705036163330078e-01,-1.760310977697372437e-01,1.350819170475006104e-01,2.334735542535781860e-01,2.181335538625717163e-01,2.503945231437683105e-01,2.181335538625717163e-01,2.334735542535781860e-01,1.350819170475006104e-01,-1.760310977697372437e-01,-2.266705036163330078e-01,2.919319570064544678e-01,-9.933859109878540039e-02
-9.045651555061340332e-02,2.882065437734127045e-02,2.652398645877838135e-01,-2.408681958913803101e-01,-1.529997289180755615e-01,-2.539007924497127533e-02,1.346754431724548340e-01,1.039505675435066223e-01,1.346754431724548340e-01,-2.539007924497127533e-02,-1.529997289180755615e-01,-2.408681958913803101e-01,2.652398645877838135e-01,2.882065437734127045e-02,-9.045651555061340332e-02
-5.402555316686630249e-02
-1.186910793185234070e-01,2.638346850872039795e-01,-2.188840061426162720e-01,-2.034500986337661743e-01,1.428439021110534668e-01,2.322335690259933472e-01,2.255118787288665771e-01,2.394479662179946899e-01,2.255118787288665771e-01,2.322335690259933472e-01,1.428439021110534668e-01,-2.034500986337661743e-01,-2.188840061426162720e-01,2.638346850872039795e-01,-1.186910793185234070e-01
-7.903478294610977173e-02,-7.536817807704210281e-03,2.938414216041564941e-01,-2.201538681983947754e-01,-1.493731439113616943e-01,-2.843629755079746246e-02,1.354982405900955200e-01,1.005893647670745850e-01,1.354982405900955200e-01,-2.843629755079746246e-02,-1.493731439113616943e-01,-2.201538681983947754e-01,2.938414216041564941e-01,-7.536817807704210281e-03,-7.903478294610977173e-02
-5.532475188374519348e-02
-1.143362298607826233e-01,2.767080962657928467e-01,-1.718306392431259155e-01,-2.126945704221725464e-01,1.493278592824935913e-01,2.205432802438735962e-01,2.317228615283966064e-01,2.344488352537155151e-01,2.317228615283966064e-01,2.205432802438735962e-01,1.493278592824935913e-01,-2.126945704221725464e-01,-1.718306392431259155e-01,2.767080962657928467e-01,-1.143362298607826233e-01
-5.667044967412948608e-02,-3.856682032346725464e-02,3.008464872837066650e-01,-2.301714867353439331e-01,-1.688696295022964478e-01,-3.474741056561470032e-02,1.397975087165832520e-01,1.029213666915893555e-01,1.397975087165832520e-01,-3.474741056561470032e-02,-1.688696295022964478e-01,-2.301714867353439331e-01,3.008464872837066650e-01,-3.856682032346725464e-02,-5.667044967412948608e-02
-5.663419887423515320e-02
-1.182069182395935059e-01,2.535730302333831787e-01,-1.491160392761230469e-01,-2.300392091274261475e-01,1.578643023967742920e-01,2.169512957334518433e-01,2.463843226432800293e-01,2.354849725961685181e-01,2.463843226432800293e-01,2.169512957334518433e-01,1.578643023967742920e-01,-2.300392091274261475e-01,-1.491160392761230469e-01,2.535730302333831787e-01,-1.182069182395935059e-01
-2.777499333024024963e-02,-6.789996474981307983e-02,3.054557740688323975e-01,-2.197089493274688721e-01,-1.716891080141067505e-01,-3.313616663217544556e-02,1.425409466028213501e-01,1.067297533154487610e-01,1.425409466028213501e-01,-3.313616663217544556e-02,-1.716891080141067505e-01,-2.197089493274688721e-01,3.054557740688323975e-01,-6.789996474981307983e-02,-2.777499333024024963e-02
-5.795381590723991394e-02
-1.235757768154144287e-01,2.356829047203063965e-01,-1.194624081254005432e-01,-2.543028593063354492e-01,1.532497256994247437e-01,2.108422219753265381e-01,2.528631687164306641e-01,2.246697396039962769e-01,2.528631687164306641e-01,2.108422219753265381e-01,1.532497256994247437e-01,-2.543028593063354492e-01,-1.194624081254005432e-01,2.356829047203063965e-01,-1.235757768154144287e-01
-1.432092860341072083e-02,-9.478507190942764282e-02,3.140043318271636963e-01,-2.107777744531631470e-01,-1.810824126005172729e-01,-2.603595517575740814e-02,1.394058614969253540e-01,1.025258898735046387e-01,1.394058614969253540e-01,-2.603595517575740814e-02,-1.810824126005172729e-01,-2.107777744531631470e-01,3.140043318271636963e-01,-9.478507190942764282e-02,-1.432092860341072083e-02
-5.928352475166320801e-02
-1.304682642221450806e-01,2.095117717981338501e-01,-9.244948625564575195e-02,-2.733249664306640625e-01,1.539520025253295898e-01,2.063823491334915161e-01,2.617908418178558350e-01,2.198676019906997681e-01,2.617908418178558350e-01,2.063823491334915161e-01,1.539520025253295898e-01,-2.733249664306640625e-01,-9.244948625564575195e-02,2.095117717981338501e-01,-1.304682642221450806e-01
5.867504514753818512e-03,-1.201941817998886108e-01,3.164969980716705322e-01,-1.962879449129104614e-01,-1.909157186746597290e-01,-2.227893657982349396e-02,1.396979838609695435e-01,1.071586161851882935e-01,1.396979838609695435e-01,-2.227893657982349396e-02,-1.909157186746597290e-01,-1.962879449129104614e-01,3.164969980716705322e-01,-1.201941817998886108e-01,5.867504514753818512e-03
-6.062324717640876770e-02
-1.180805414915084839e-01,1.989388018846511841e-01,-5.728189274668693542e-02,-2.895304262638092041e-01,1.508933603763580322e-01,1.996802985668182373e-01,2.673963308334350586e-01,2.136502116918563843e-01,2.673963308334350586e-01,1.996802985668182373e-01,1.508933603763580322e-01,-2.895304262638092041e-01,-5.728189274668693542e-02,1.989388018846511841e-01,-1.180805414915084839e-01
2.347568981349468231e-02,-1.356520056724548340e-01,3.164263367652893066e-01,-1.819367408752441406e-01,-2.030607014894485474e-01,-1.992688514292240143e-02,1.352574378252029419e-01,1.108411401510238647e-01,1.352574378252029419e-01,-1.992688514292240143e-02,-2.030607014894485474e-01,-1.819367408752441406e-01,3.164263367652893066e-01,-1.356520056724548340e-01,2.347568981349468231e-02
-6.197291612625122070e-02
-1.130796372890472412e-01,1.828440725803375244e-01,-2.395909279584884644e-02,-2.993637323379516602e-01,1.555478870868682861e-01,1.996405124664306641e-01,2.760945558547973633e-01,2.117260545492172241e-01,2.760945558547973633e-01,1.996405124664306641e-01,1.555478870868682861e-01,-2.993637323379516602e-01,-2.395909279584884644e-02,1.828440725803375244e-01,-1.130796372890472412e-01
3.472418338060379028e-02,-1.473617702722549438e-01,3.216213583946228027e-01,-1.631847321987152100e-01,-2.166266441345214844e-01,-1.380735635757446289e-02,1.315414607524871826e-01,1.145849004387855530e-01,1.315414607524871826e-01,-1.380735635757446289e-02,-2.166266441345214844e-01,-1.631847321987152100e-01,3.216213583946228027e-01,-1.473617702722549438e-01,3.472418338060379028e-02
-6.333244591951370239e-02
-9.177692234516143799e-02,1.719002723693847656e-01,1.304003177210688591e-03,-3.166259527206420898e-01,1.455534100532531738e-01,1.883145421743392944e-01,2.776167392730712891e-01,2.093173414468765259e-01,2.776167392730712891e-01,1.883145421743392944e-01,1.455534100532531738e-01,-3.166259527206420898e-01,1.304003177210688591e-03,1.719002723693847656e-01,-9.177692234516143799e-02
4.647393897175788879e-02,-1.545726507902145386e-01,3.112821877002716064e-01,-1.581922173500061035e-01,-2.390134334564208984e-01,-1.592007093131542206e-02,1.256826817989349365e-01,1.214148625731468201e-01,1.256826817989349365e-01,-1.592007093131542206e-02,-2.390134334564208984e-01,-1.581922173500061035e-01,3.112821877002716064e-01,-1.545726507902145386e-01,4.647393897175788879e-02
-6.470178067684173584e-02
-8.509849756956100464e-02,1.525579690933227539e-01,2.971226722002029419e-02,-3.281752169132232666e-01,1.435537189245223999e-01,1.919196397066116333e-01,2.823349237442016602e-01,2.042848318815231323e-01,2.823349237442016602e-01,1.919196397066116333e-01,1.435537189245223999e-01,-3.281752169132232666e-01,2.971226722002029419e-02,1.525579690933227539e-01,-8.509849756956100464e-02
5.432857200503349304e-02,-1.620453894138336182e-01,3.112197220325469971e-01,-1.301916092634201050e-01,-2.460224330425262451e-01,-4.182403907179832458e-03,1.198994293808937073e-01,1.236630305647850037e-01,1.198994293808937073e-01,-4.182403907179832458e-03,-2.460224330425262451e-01,-1.301916092634201050e-01,3.112197220325469971e-01,-1.620453894138336182e-01,5.432857200503349304e-02
-6.608083844184875488e-02
-9.877840429544448853e-02,1.119440495967864990e-01,5.077444389462471008e-02,-3.333820998668670654e-01,1.421277821063995361e-01,1.960658133029937744e-01,2.871936559677124023e-01,2.027386426925659180e-01,2.871936559677124023e-01,1.960658133029937744e-01,1.421277821063995361e-01,-3.333820998668670654e-01,5.077444389462471008e-02,1.119440495967864990e-01,-9.877840429544448853e-02
6.836076825857162476e-02,-1.848344802856445312e-01,2.898556292057037354e-01,-1.098226681351661682e-01,-2.581736147403717041e-01,4.507760459091514349e-04,1.165753230452537537e-01,1.329544931650161743e-01,1.165753230452537537e-01,4.507760459091514349e-04,-2.581736147403717041e-01,-1.098226681351661682e-01,2.898556292057037354e-01,-1.848344802856445312e-01,6.836076825857162476e-02
-6.746955960988998413e-02
-8.729785680770874023e-02,9.177039563655853271e-02,7.008238136768341064e-02,-3.417502045631408691e-01,1.406351923942565918e-01,2.029640823602676392e-01,2.880946099758148193e-01,1.975783854722976685e-01,2.880946099758148193e-01,2.029640823602676392e-01,1.406351923942565918e-01,-3.417502045631408691e-01,7.008238136768341064e-02,9.177039563655853271e-02,-8.729785680770874023e-02
6.110439822077751160e-02,-1.827810704708099365e-01,3.010398745536804199e-01,-6.790892034769058228e-02,-2.683941721916198730e-01,-1.062276540324091911e-03,1.054768264293670654e-01,1.384594440460205078e-01,1.054768264293670654e-01,-1.062276540324091911e-03,-2.683941721916198730e-01,-6.790892034769058228e-02,3.010398745536804199e-01,-1.827810704708099365e-01,6.110439822077751160e-02
-6.886786967515945435e-02
-7.923781871795654297e-02,7.618711143732070923e-02,9.973360598087310791e-02,-3.471860587596893311e-01,1.212253645062446594e-01,1.987017244100570679e-01,2.896147370338439941e-01,2.005154639482498169e-01,2.896147370338439941e-01,1.987017244100570679e-01,1.212253645062446594e-01,-3.471860587596893311e-01,9.973360598087310791e-02,7.618711143732070923e-02,-7.923781871795654297e-02
8.441396802663803101e-02,-1.886508315801620483e-01,2.674925029277801514e-01,-6.424990296363830566e-02,-2.843923270702362061e-01,8.825320750474929810e-03,1.048259213566780090e-01,1.458395421504974365e-01,1.048259213566780090e-01,8.825320750474929810e-03,-2.843923270702362061e-01,-6.424990296363830566e-02,2.674925029277801514e-01,-1.886508315801620483e-01,8.441396802663803101e-02
-7.027571648359298706e-02
-2.980849891901016235e-02,8.488423377275466919e-02,1.097089946269989014e-01,-3.539068400859832764e-01,1.180573180317878723e-01,1.986498385667800903e-01,2.870434820652008057e-01,2.035628706216812134e-01,2.870434820652008057e-01,1.986498385667800903e-01,1.180573180317878723e-01,-3.539068400859832764e-01,1.097089946269989014e-01,8.488423377275466919e-02,-2.980849891901016235e-02
6.360547244548797607e-02,-1.666875928640365601e-01,2.744332253932952881e-01,-4.758018627762794495e-02,-3.142555654048919678e-01,-4.634509794414043427e-03,9.071475267410278320e-02,1.509649157524108887e-01,9.071475267410278320e-02,-4.634509794414043427e-03,-3.142555654048919678e-01,-4.758018627762794495e-02,2.744332253932952881e-01,-1.666875928640365601e-01,6.360547244548797607e-02
-7.169301807880401611e-02
-6.119761243462562561e-02,4.192744195461273193e-02,1.374184489250183105e-01,-3.466800749301910400e-01,1.055495068430900574e-01,2.074505537748336792e-01,2.888426184654235840e-01,2.038140743970870972e-01,2.888426184654235840e-01,2.074505537748336792e-01,1.055495068430900574e-01,-3.466800749301910400e-01,1.374184489250183105e-01,4.192744195461273193e-02,-6.119761243462562561e-02
8.634993433952331543e-02,-1.893945038318634033e-01,2.390324026346206665e-01,-2.143691107630729675e-02,-3.107582926750183105e-01,1.648650132119655609e-02,9.310216456651687622e-02,1.568653583526611328e-01,9.310216456651687622e-02,1.648650132119655609e-02,-3.107582926750183105e-01,-2.143691107630729675e-02,2.390324026346206665e-01,-1.893945038318634033e-01,8.634993433952331543e-02
-7.311972230672836304e-02
-5.922295153141021729e-02,1.758874207735061646e-02,1.483304351568222046e-01,-3.484350740909576416e-01,9.194718301296234131e-02,2.132694274187088013e-01,2.880936861038208008e-01,2.067007571458816528e-01,2.880936861038208008e-01,2.132694274187088013e-01,9.194718301296234131e-02,-3.484350740909576416e-01,1.483304351568222046e-01,1.758874207735061646e-02,-5.922295153141021729e-02
9.112823754549026489e-02,-1.875477284193038940e-01,2.221539020538330078e-01,-4.994669579900801182e-04,-3.248554766178131104e-01,1.569319330155849457e-02,8.639406412839889526e-02,1.621975749731063843e-01,8.639406412839889526e-02,1.569319330155849457e-02,-3.248554766178131104e-01,-4.994669579900801182e-04,2.221539020538330078e-01,-1.875477284193038940e-01,9.112823754549026489e-02
-7.455576956272125244e-02
-3.922678530216217041e-02,7.482512388378381729e-03,1.550324112176895142e-01,-3.457801342010498047e-01,8.438231050968170166e-02,2.190302312374114990e-01,2.844408452510833740e-01,2.099096328020095825e-01,2.844408452510833740e-01,2.190302312374114990e-01,8.438231050968170166e-02,-3.457801342010498047e-01,1.550324112176895142e-01,7.482512388378381729e-03,-3.922678530216217041e-02
6.807684153318405151e-02,-1.719739735126495361e-01,2.290945500135421753e-01,3.530009835958480835e-02,-3.336002230644226074e-01,1.627615839242935181e-02,8.361579477787017822e-02,1.696523725986480713e-01,8.361579477787017822e-02,1.627615839242935181e-02,-3.336002230644226074e-01,3.530009835958480835e-02,2.290945500135421753e-01,-1.719739735126495361e-01,6.807684153318405151e-02
-7.600108534097671509e-02
-1.525097992271184921e-02,1.209616474807262421e-02,1.726540178060531616e-01,-3.436557352542877197e-01,6.491436064243316650e-02,2.200258374214172363e-01,2.824440300464630127e-01,2.179785072803497314e-01,2.824440300464630127e-01,2.200258374214172363e-01,6.491436064243316650e-02,-3.436557352542877197e-01,1.726540178060531616e-01,1.209616474807262421e-02,-1.525097992271184921e-02
7.367788255214691162e-02,-1.591332256793975830e-01,2.063245922327041626e-01,4.139792546629905701e-02,-3.498736917972564697e-01,1.724063046276569366e-02,7.732443511486053467e-02,1.708428263664245605e-01,7.732443511486053467e-02,1.724063046276569366e-02,-3.498736917972564697e-01,4.139792546629905701e-02,2.063245922327041626e-01,-1.591332256793975830e-01,7.367788255214691162e-02
-7.745563238859176636e-02
-1.591986045241355896e-02,-3.953998442739248276e-03,1.844889223575592041e-01,-3.345227241516113281e-01,5.525924637913703918e-02,2.335531413555145264e-01,2.815643548965454102e-01,2.213596254587173462e-01,2.815643548965454102e-01,2.335531413555145264e-01,5.525924637913703918e-02,-3.345227241516113281e-01,1.844889223575592041e-01,-3.953998442739248276e-03,-1.591986045241355896e-02
7.259838283061981201e-02,-1.622015833854675293e-01,1.857513040304183960e-01,6.685706228017807007e-02,-3.535254597663879395e-01,1.910121552646160126e-02,7.396760582923889160e-02,1.756788045167922974e-01,7.396760582923889160e-02,1.910121552646160126e-02,-3.535254597663879395e-01,6.685706228017807007e-02,1.857513040304183960e-01,-1.622015833854675293e-01,7.259838283061981201e-02
-7.891933619976043701e-02
4.236091393977403641e-03,-1.304048579186201096e-02,1.751923114061355591e-01,-3.385991454124450684e-01,4.151414334774017334e-02,2.427464127540588379e-01,2.766752541065216064e-01,2.240047603845596313e-01,2.766752541065216064e-01,2.427464127540588379e-01,4.151414334774017334e-02,-3.385991454124450684e-01,1.751923114061355591e-01,-1.304048579186201096e-02,4.236091393977403641e-03
4.084214940667152405e-02,-1.399255990982055664e-01,1.978716254234313965e-01,1.049280092120170593e-01,-3.540122509002685547e-01,2.072294428944587708e-02,6.550034135580062866e-02,1.726749986410140991e-01,6.550034135580062866e-02,2.072294428944587708e-02,-3.540122509002685547e-01,1.049280092120170593e-01,1.978716254234313965e-01,-1.399255990982055664e-01,4.084214940667152405e-02
-8.039214462041854858e-02
-1.319133676588535309e-02,-3.772409260272979736e-02,1.878022700548171997e-01,-3.288449347019195557e-01,2.022255584597587585e-02,2.522177100181579590e-01,2.744294703006744385e-01,2.280284464359283447e-01,2.744294703006744385e-01,2.522177100181579590e-01,2.022255584597587585e-02,-3.288449347019195557e-01,1.878022700548171997e-01,-3.772409260272979736e-02,-1.319133676588535309e-02
6.175160408020019531e-02,-1.444455981254577637e-01,1.641212701797485352e-01,1.170447990298271179e-01,-3.646227121353149414e-01,1.509345136582851410e-02,6.942504644393920898e-02,1.839411407709121704e-01,6.942504644393920898e-02,1.509345136582851410e-02,-3.646227121353149414e-01,1.170447990298271179e-01,1.641212701797485352e-01,-1.444455981254577637e-01,6.175160408020019531e-02
-8.187400549650192261e-02
1.225470006465911865e-02,-2.799628116190433502e-02,1.956888735294342041e-01,-3.173129558563232422e-01,5.513754207640886307e-03,2.535589635372161865e-01,2.681802511215209961e-01,2.359109669923782349e-01,2.681802511215209961e-01,2.535589635372161865e-01,5.513754207640886307e-03,-3.173129558563232422e-01,1.956888735294342041e-01,-2.799628116190433502e-02,1.225470006465911865e-02
5.232604593038558960e-02,-1.248019859194755554e-01,1.491183638572692871e-01,1.176890060305595398e-01,-3.826468884944915771e-01,8.473713882267475128e-03,6.327813863754272461e-02,1.809628307819366455e-01,6.327813863754272461e-02,8.473713882267475128e-03,-3.826468884944915771e-01,1.176890060305595398e-01,1.491183638572692871e-01,-1.248019859194755554e-01,5.232604593038558960e-02
-8.336485922336578369e-02
-3.546004183590412140e-03,-4.698225483298301697e-02,2.060917466878890991e-01,-3.050200641155242920e-01,-1.420559175312519073e-02,2.666267156600952148e-01,2.664160430431365967e-01,2.390194684267044067e-01,2.664160430431365967e-01,2.666267156600952148e-01,-1.420559175312519073e-02,-3.050200641155242920e-01,2.060917466878890991e-01,-4.698225483298301697e-02,-3.546004183590412140e-03
6.051335111260414124e-02,-1.298770904541015625e-01,1.230299398303031921e-01,1.430919617414474487e-01,-3.737778961658477783e-01,1.331424526870250702e-02,6.600995361804962158e-02,1.849801987409591675e-01,6.600995361804962158e-02,1.331424526870250702e-02,-3.737778961658477783e-01,1.430919617414474487e-01,1.230299398303031921e-01,-1.298770904541015625e-01,6.051335111260414124e-02
-8.486464619636535645e-02
5.067255813628435135e-03,-5.071923881769180298e-02,2.074642181396484375e-01,-2.930645048618316650e-01,-2.885584160685539246e-02,2.737862467765808105e-01,2.618894577026367188e-01,2.447932958602905273e-01,2.618894577026367188e-01,2.737862467765808105e-01,-2.885584160685539246e-02,-2.930645048618316650e-01,2.074642181396484375e-01,-5.071923881769180298e-02,5.067255813628435135e-03
5.042251944541931152e-02,-1.187217310070991516e-01,1.119722798466682434e-01,1.564162969589233398e-01,-3.813242018222808838e-01,6.625724025070667267e-03,6.386827677488327026e-02,1.841959804296493530e-01,6.386827677488327026e-02,6.625724025070667267e-03,-3.813242018222808838e-01,1.564162969589233398e-01,1.119722798466682434e-01,-1.187217310070991516e-01,5.042251944541931152e-02
-8.637332916259765625e-02
3.327662125229835510e-02,-3.849394991993904114e-02,1.936306655406951904e-01,-2.884699404239654541e-01,-3.804673627018928528e-02,2.840552031993865967e-01,2.617599368095397949e-01,2.576673030853271484e-01,2.617599368095397949e-01,2.840552031993865967e-01,-3.804673627018928528e-02,-2.884699404239654541e-01,1.936306655406951904e-01,-3.849394991993904114e-02,3.327662125229835510e-02
2.480233088135719299e-02,-9.478694945573806763e-02,1.094546690583229065e-01,1.621105074882507324e-01,-3.910818397998809814e-01,1.756160287186503410e-03,6.317555159330368042e-02,1.819380521774291992e-01,6.317555159330368042e-02,1.756160287186503410e-03,-3.910818397998809814e-01,1.621105074882507324e-01,1.094546690583229065e-01,-9.478694945573806763e-02,2.480233088135719299e-02
-8.789084106683731079e-02
-3.052483778446912766e-03,-7.153759151697158813e-02,2.036350369453430176e-01,-2.716524600982666016e-01,-6.259908527135848999e-02,2.935641109943389893e-01,2.561549544334411621e-01,2.552947103977203369e-01,2.561549544334411621e-01,2.935641109943389893e-01,-6.259908527135848999e-02,-2.716524600982666016e-01,2.036350369453430176e-01,-7.153759151697158813e-02,-3.052483778446912766e-03
4.797968268394470215e-02,-1.048786863684654236e-01,7.931265234947204590e-02,1.864091306924819946e-01,-3.799767792224884033e-01,-1.867488492280244827e-03,6.646570563316345215e-02,1.863186955451965332e-01,6.646570563316345215e-02,-1.867488492280244827e-03,-3.799767792224884033e-01,1.864091306924819946e-01,7.931265234947204590e-02,-1.048786863684654236e-01,4.797968268394470215e-02
-8.941713720560073853e-02
3.579895198345184326e-02,-5.108294263482093811e-02,1.860003918409347534e-01,-2.700206637382507324e-01,-7.728915661573410034e-02,2.959138154983520508e-01,2.517162263393402100e-01,2.657709121704101562e-01,2.517162263393402100e-01,2.959138154983520508e-01,-7.728915661573410034e-02,-2.700206637382507324e-01,1.860003918409347534e-01,-5.108294263482093811e-02,3.579895198345184326e-02
3.992329351603984833e-03,-7.721206545829772949e-02,9.225656092166900635e-02,2.003649473190307617e-01,-3.837005794048309326e-01,-4.803319461643695831e-03,6.548686325550079346e-02,1.790857315063476562e-01,6.548686325550079346e-02,-4.803319461643695831e-03,-3.837005794048309326e-01,2.003649473190307617e-01,9.225656092166900635e-02,-7.721206545829772949e-02,3.992329351603984833e-03
-9.095217287540435791e-02
3.570983186364173889e-02,-5.295168235898017883e-02,1.840572953224182129e-01,-2.580620348453521729e-01,-9.395565837621688843e-02,3.044227361679077148e-01,2.480160742998123169e-01,2.692168951034545898e-01,2.480160742998123169e-01,3.044227361679077148e-01,-9.395565837621688843e-02,-2.580620348453521729e-01,1.840572953224182129e-01,-5.295168235898017883e-02,3.570983186364173889e-02
-5.025187041610479355e-03,-6.949081271886825562e-02,8.299483358860015869e-02,2.146321386098861694e-01,-3.812794685363769531e-01,-1.090260595083236694e-02,6.626901775598526001e-02,1.764311343431472778e-01,6.626901775598526001e-02,-1.090260595083236694e-02,-3.812794685363769531e-01,2.146321386098861694e-01,8.299483358860015869e-02,-6.949081271886825562e-02,-5.025187041610479355e-03
-9.249588847160339355e-02
4.198319464921951294e-02,-4.390954598784446716e-02,1.920945048332214355e-01,-2.356146872043609619e-01,-1.052680462598800659e-01,3.101882040500640869e-01,2.453979849815368652e-01,2.765152454376220703e-01,2.453979849815368652e-01,3.101882040500640869e-01,-1.052680462598800659e-01,-2.356146872043609619e-01,1.920945048332214355e-01,-4.390954598784446716e-02,4.198319464921951294e-02
-4.899770952761173248e-03,-6.019429862499237061e-02,6.587559729814529419e-02,2.128235548734664917e-01,-3.884190917015075684e-01,-2.400550618767738342e-02,6.618104875087738037e-02,1.741405278444290161e-01,6.618104875087738037e-02,-2.400550618767738342e-02,-3.884190917015075684e-01,2.128235548734664917e-01,6.587559729814529419e-02,-6.019429862499237061e-02,-4.899770952761173248e-03
-9.404823929071426392e-02
2.396156452596187592e-02,-5.822568014264106750e-02,1.949742585420608521e-01,-2.208060771226882935e-01,-1.260758042335510254e-01,3.190395832061767578e-01,2.431240677833557129e-01,2.778968513011932373e-01,2.431240677833557129e-01,3.190395832061767578e-01,-1.260758042335510254e-01,-2.208060771226882935e-01,1.949742585420608521e-01,-5.822568014264106750e-02,2.396156452596187592e-02
1.054437365382909775e-02,-5.938654020428657532e-02,4.649674519896507263e-02,2.295616716146469116e-01,-3.765522539615631104e-01,-3.017521463334560394e-02,7.259534299373626709e-02,1.773426234722137451e-01,7.259534299373626709e-02,-3.017521463334560394e-02,-3.765522539615631104e-01,2.295616716146469116e-01,4.649674519896507263e-02,-5.938654020428657532e-02,1.054437365382909775e-02
-9.560918062925338745e-02
3.965551778674125671e-02,-4.253080859780311584e-02,1.848125010728836060e-01,-2.109952867031097412e-01,-1.371480226516723633e-01,3.246395885944366455e-01,2.397177219390869141e-01,2.835789024829864502e-01,2.397177219390869141e-01,3.246395885944366455e-01,-1.371480226516723633e-01,-2.109952867031097412e-01,1.848125010728836060e-01,-4.253080859780311584e-02,3.965551778674125671e-02
-1.776058971881866455e-02,-4.406680911779403687e-02,4.658127576112747192e-02,2.305673509836196899e-01,-3.782869279384613037e-01,-3.539287671446800232e-02,7.292753458023071289e-02,1.673984974622726440e-01,7.292753458023071289e-02,-3.539287671446800232e-02,-3.782869279384613037e-01,2.305673509836196899e-01,4.658127576112747192e-02,-4.406680911779403687e-02,-1.776058971881866455e-02
-9.717866033315658569e-02
3.774130716919898987e-02,-4.971622675657272339e-02,1.705411374568939209e-01,-2.055041491985321045e-01,-1.567612588405609131e-01,3.327014446258544922e-01,2.413325905799865723e-01,2.898887395858764648e-01,2.413325905799865723e-01,3.327014446258544922e-01,-1.567612588405609131e-01,-2.055041491985321045e-01,1.705411374568939209e-01,-4.971622675657272339e-02,3.774130716919898987e-02
-1.983947679400444031e-02,-4.097799956798553467e-02,3.405708819627761841e-02,2.419466227293014526e-01,-3.685867488384246826e-01,-4.167887195944786072e-02,8.023625612258911133e-02,1.691636294126510620e-01,8.023625612258911133e-02,-4.167887195944786072e-02,-3.685867488384246826e-01,2.419466227293014526e-01,3.405708819627761841e-02,-4.097799956798553467e-02,-1.983947679400444031e-02
-9.875663369894027710e-02
2.306215278804302216e-02,-5.687838047742843628e-02,1.675906479358673096e-01,-1.826581656932830811e-01,-1.614843606948852539e-01,3.393869698047637939e-01,2.364053875207901001e-01,2.906088829040527344e-01,2.364053875207901001e-01,3.393869698047637939e-01,-1.614843606948852539e-01,-1.826581656932830811e-01,1.675906479358673096e-01,-5.687838047742843628e-02,2.306215278804302216e-02
-1.819178648293018341e-02,-3.315186128020286560e-02,2.210497111082077026e-02,2.394854873418807983e-01,-3.687342405319213867e-01,-5.378359928727149963e-02,8.425129204988479614e-02,1.663138568401336670e-01,8.425129204988479614e-02,-5.378359928727149963e-02,-3.687342405319213867e-01,2.394854873418807983e-01,2.210497111082077026e-02,-3.315186128020286560e-02,-1.819178648293018341e-02
-1.003430560231208801e-01
1.698389649391174316e-02,-5.764482915401458740e-02,1.729443669319152832e-01,-1.679281145334243774e-01,-1.827892065048217773e-01,3.433126211166381836e-01,2.361854910850524902e-01,2.920706570148468018e-01,2.361854910850524902e-01,3.433126211166381836e-01,-1.827892065048217773e-01,-1.679281145334243774e-01,1.729443669319152832e-01,-5.764482915401458740e-02,1.698389649391174316e-02
-1.176804676651954651e-02,-3.195083141326904297e-02,1.304819062352180481e-02,2.583570480346679688e-01,-3.525270521640777588e-01,-6.339783221483230591e-02,8.512056618928909302e-02,1.628510057926177979e-01,8.512056618928909302e-02,-6.339783221483230591e-02,-3.525270521640777588e-01,2.583570480346679688e-01,1.304819062352180481e-02,-3.195083141326904297e-02,-1.176804676651954651e-02
-1.019378826022148132e-01
1.306661777198314667e-02,-5.777793005108833313e-02,1.613559275865554810e-01,-1.569360047578811646e-01,-1.948143690824508667e-01,3.469473421573638916e-01,2.331240624189376831e-01,2.933970689773559570e-01,2.331240624189376831e-01,3.469473421573638916e-01,-1.948143690824508667e-01,-1.569360047578811646e-01,1.613559275865554810e-01,-5.777793005108833313e-02,1.306661777198314667e-02
-2.235409803688526154e-02,-2.288994751870632172e-02,9.088085032999515533e-03,2.585919797420501709e-01,-3.502190113067626953e-01,-7.451678812503814697e-02,8.914795517921447754e-02,1.587766259908676147e-01,8.914795517921447754e-02,-7.451678812503814697e-02,-3.502190113067626953e-01,2.585919797420501709e-01,9.088085032999515533e-03,-2.288994751870632172e-02,-2.235409803688526154e-02
-1.035410687327384949e-01
1.200164202600717545e-02,-5.228270217776298523e-02,1.606021076440811157e-01,-1.424566954374313354e-01,-2.083976566791534424e-01,3.521895408630371094e-01,2.337456792593002319e-01,2.955312132835388184e-01,2.337456792593002319e-01,3.521895408630371094e-01,-2.083976566791534424e-01,-1.424566954374313354e-01,1.606021076440811157e-01,-5.228270217776298523e-02,1.200164202600717545e-02
-2.213431894779205322e-02,-1.901473850011825562e-02,5.385937984101474285e-04,2.651465833187103271e-01,-3.393736779689788818e-01,-8.389565348625183105e-02,9.357122331857681274e-02,1.565520167350769043e-01,9.357122331857681274e-02,-8.389565348625183105e-02,-3.393736779689788818e-01,2.651465833187103271e-01,5.385937984101474285e-04,-1.901473850011825562e-02,-2.213431894779205322e-02
-1.051525771617889404e-01
1.422371622174978256e-02,-4.463025927543640137e-02,1.478755921125411987e-01,-1.330432891845703125e-01,-2.184042036533355713e-01,3.531303703784942627e-01,2.304572910070419312e-01,2.963039577007293701e-01,2.304572910070419312e-01,3.531303703784942627e-01,-2.184042036533355713e-01,-1.330432891845703125e-01,1.478755921125411987e-01,-4.463025927543640137e-02,1.422371622174978256e-02
-4.350514709949493408e-02,-7.432368118315935135e-03,7.282953709363937378e-03,2.689684033393859863e-01,-3.329899609088897705e-01,-9.190046787261962891e-02,9.646376967430114746e-02,1.476473063230514526e-01,9.646376967430114746e-02,-9.190046787261962891e-02,-3.329899609088897705e-01,2.689684033393859863e-01,7.282953709363937378e-03,-7.432368118315935135e-03,-4.350514709949493408e-02
-1.067723557353019714e-01
2.270097844302654266e-02,-3.940260782837867737e-02,1.320443600416183472e-01,-1.281382143497467041e-01,-2.337974756956100464e-01,3.540165424346923828e-01,2.348741441965103149e-01,3.048657178878784180e-01,2.348741441965103149e-01,3.540165424346923828e-01,-2.337974756956100464e-01,-1.281382143497467041e-01,1.320443600416183472e-01,-3.940260782837867737e-02,2.270097844302654266e-02
-4.606193304061889648e-02,-4.287964198738336563e-03,-7.592513691633939743e-03,2.543134689331054688e-01,-3.319994509220123291e-01,-1.003500148653984070e-01,1.040444523096084595e-01,1.437298506498336792e-01,1.040444523096084595e-01,-1.003500148653984070e-01,-3.319994509220123291e-01,2.543134689331054688e-01,-7.592513691633939743e-03,-4.287964198738336563e-03,-4.606193304061889648e-02
-1.084003672003746033e-01
1.106537133455276489e-02,-3.737896308302879333e-02,1.288587450981140137e-01,-1.132223755121231079e-01,-2.398130446672439575e-01,3.610028624534606934e-01,2.352842241525650024e-01,3.034233152866363525e-01,2.352842241525650024e-01,3.610028624534606934e-01,-2.398130446672439575e-01,-1.132223755121231079e-01,1.288587450981140137e-01,-3.737896308302879333e-02,1.106537133455276489e-02
-3.968220204114913940e-02,1.911801518872380257e-03,-1.540186349302530289e-02,2.518418431282043457e-01,-3.216282725334167480e-01,-1.076523959636688232e-01,1.110373958945274353e-01,1.400711685419082642e-01,1.110373958945274353e-01,-1.076523959636688232e-01,-3.216282725334167480e-01,2.518418431282043457e-01,-1.540186349302530289e-02,1.911801518872380257e-03,-3.968220204114913940e-02
-1.100365743041038513e-01
-2.519459230825304985e-03,-4.589289054274559021e-02,1.319810003042221069e-01,-9.660479426383972168e-02,-2.545652985572814941e-01,3.631124794483184814e-01,2.366909086704254150e-01,3.011144697666168213e-01,2.366909086704254150e-01,3.631124794483184814e-01,-2.545652985572814941e-01,-9.660479426383972168e-02,1.319810003042221069e-01,-4.589289054274559021e-02,-2.519459230825304985e-03
-3.040591068565845490e-02,1.787241664715111256e-03,-1.903516985476016998e-02,2.693448364734649658e-01,-3.044502437114715576e-01,-1.252269148826599121e-01,1.085567995905876160e-01,1.376551091670989990e-01,1.085567995905876160e-01,-1.252269148826599121e-01,-3.044502437114715576e-01,2.693448364734649658e-01,-1.903516985476016998e-02,1.787241664715111256e-03,-3.040591068565845490e-02
-1.116809248924255371e-01
-5.163156427443027496e-03,-4.052943736314773560e-02,1.226059794425964355e-01,-8.521950989961624146e-02,-2.622526586055755615e-01,3.622439205646514893e-01,2.358857691287994385e-01,3.008468449115753174e-01,2.358857691287994385e-01,3.622439205646514893e-01,-2.622526586055755615e-01,-8.521950989961624146e-02,1.226059794425964355e-01,-4.052943736314773560e-02,-5.163156427443027496e-03
-3.873748332262039185e-02,7.127057295292615891e-03,-1.818679273128509521e-02,2.695417404174804688e-01,-2.952945232391357422e-01,-1.351182460784912109e-01,1.154993176460266113e-01,1.354493051767349243e-01,1.154993176460266113e-01,-1.351182460784912109e-01,-2.952945232391357422e-01,2.695417404174804688e-01,-1.818679273128509521e-02,7.127057295292615891e-03,-3.873748332262039185e-02
-1.133333891630172729e-01
8.291194099001586437e-04,-3.007587790489196777e-02,1.123339310288429260e-01,-7.640348374843597412e-02,-2.695303857326507568e-01,3.624411523342132568e-01,2.373393625020980835e-01,3.016312420368194580e-01,2.373393625020980835e-01,3.624411523342132568e-01,-2.695303857326507568e-01,-7.640348374843597412e-02,1.123339310288429260e-01,-3.007587790489196777e-02,8.291194099001586437e-04
-5.759928375482559204e-02,1.121442951261997223e-02,-1.538632530719041824e-02,2.653692364692687988e-01,-2.895730137825012207e-01,-1.437824666500091553e-01,1.182792112231254578e-01,1.260007172822952271e-01,1.182792112231254578e-01,-1.437824666500091553e-01,-2.895730137825012207e-01,2.653692364692687988e-01,-1.538632530719041824e-02,1.121442951261997223e-02,-5.759928375482559204e-02
-1.149939149618148804e-01
-4.572562407702207565e-03,-3.048980608582496643e-02,1.035208776593208313e-01,-6.580387800931930542e-02,-2.772983908653259277e-01,3.624768853187561035e-01,2.404618710279464722e-01,3.028715252876281738e-01,2.404618710279464722e-01,3.624768853187561035e-01,-2.772983908653259277e-01,-6.580387800931930542e-02,1.035208776593208313e-01,-3.048980608582496643e-02,-4.572562407702207565e-03
-5.221169069409370422e-02,1.374902576208114624e-02,-2.082528918981552124e-02,2.627432942390441895e-01,-2.792259156703948975e-01,-1.548597961664199829e-01,1.255095303058624268e-01,1.262324303388595581e-01,1.255095303058624268e-01,-1.548597961664199829e-01,-2.792259156703948975e-01,2.627432942390441895e-01,-2.082528918981552124e-02,1.374902576208114624e-02,-5.221169069409370422e-02
-1.166624799370765686e-01
-1.175035536289215088e-02,-2.320460230112075806e-02,1.041256561875343323e-01,-5.351753160357475281e-02,-2.847135663032531738e-01,3.645232617855072021e-01,2.432604730129241943e-01,3.002909421920776367e-01,2.432604730129241943e-01,3.645232617855072021e-01,-2.847135663032531738e-01,-5.351753160357475281e-02,1.041256561875343323e-01,-2.320460230112075806e-02,-1.175035536289215088e-02
-5.542976036667823792e-02,1.532497536391019821e-02,-2.272805757820606232e-02,2.636897563934326172e-01,-2.659919261932373047e-01,-1.643459200859069824e-01,1.251348406076431274e-01,1.179146245121955872e-01,1.251348406076431274e-01,-1.643459200859069824e-01,-2.659919261932373047e-01,2.636897563934326172e-01,-2.272805757820606232e-02,1.532497536391019821e-02,-5.542976036667823792e-02
-1.183390393853187561e-01
-1.469615753740072250e-02,-2.175889723002910614e-02,9.765324741601943970e-02,-4.315706714987754822e-02,-2.926536798477172852e-01,3.626254200935363770e-01,2.475264370441436768e-01,3.015426397323608398e-01,2.475264370441436768e-01,3.626254200935363770e-01,-2.926536798477172852e-01,-4.315706714987754822e-02,9.765324741601943970e-02,-2.175889723002910614e-02,-1.469615753740072250e-02
-5.290362611413002014e-02,1.851658895611763000e-02,-2.311073988676071167e-02,2.647337615489959717e-01,-2.529288232326507568e-01,-1.740928292274475098e-01,1.330905705690383911e-01,1.186719015240669250e-01,1.330905705690383911e-01,-1.740928292274475098e-01,-2.529288232326507568e-01,2.647337615489959717e-01,-2.311073988676071167e-02,1.851658895611763000e-02,-5.290362611413002014e-02
-1.200235486030578613e-01
8.366404799744486809e-04,-3.223473578691482544e-02,6.478572636842727661e-02,-3.877618908882141113e-02,-2.930742800235748291e-01,3.630809187889099121e-01,2.496853917837142944e-01,3.026553690433502197e-01,2.496853917837142944e-01,3.630809187889099121e-01,-2.930742800235748291e-01,-3.877618908882141113e-02,6.478572636842727661e-02,-3.223473578691482544e-02,8.366404799744486809e-04
-2.910472266376018524e-02,2.900423295795917511e-02,-5.921554937958717346e-02,2.115740627050399780e-01,-2.502331733703613281e-01,-1.637499630451202393e-01,1.521466076374053955e-01,1.102738156914710999e-01,1.521466076374053955e-01,-1.637499630451202393e-01,-2.502331733703613281e-01,2.115740627050399780e-01,-5.921554937958717346e-02,2.900423295795917511e-02,-2.910472266376018524e-02
-1.217159777879714966e-01
-1.775052212178707123e-02,-1.378621160984039307e-02,8.253659307956695557e-02,-2.687471732497215271e-02,-3.041235208511352539e-01,3.601147532463073730e-01,2.559444010257720947e-01,3.019632101058959961e-01,2.559444010257720947e-01,3.601147532463073730e-01,-3.041235208511352539e-01,-2.687471732497215271e-02,8.253659307956695557e-02,-1.378621160984039307e-02,-1.775052212178707123e-02
-5.418465286493301392e-02,2.355367131531238556e-02,-2.557446248829364777e-02,2.532112002372741699e-01,-2.365030646324157715e-01,-1.956077367067337036e-01,1.398113667964935303e-01,1.096596419811248779e-01,1.398113667964935303e-01,-1.956077367067337036e-01,-2.365030646324157715e-01,2.532112002372741699e-01,-2.557446248829364777e-02,2.355367131531238556e-02,-5.418465286493301392e-02
-1.234162896871566772e-01
-1.993094570934772491e-02,-6.106585729867219925e-03,7.563826441764831543e-02,-2.155171893537044525e-02,-3.098480999469757080e-01,3.581525087356567383e-01,2.552784681320190430e-01,2.936458289623260498e-01,2.552784681320190430e-01,3.581525087356567383e-01,-3.098480999469757080e-01,-2.155171893537044525e-02,7.563826441764831543e-02,-6.106585729867219925e-03,-1.993094570934772491e-02
-6.212037429213523865e-02,2.387955039739608765e-02,-2.547462284564971924e-02,2.477972656488418579e-01,-2.267853170633316040e-01,-2.046472281217575073e-01,1.414891332387924194e-01,1.034911572933197021e-01,1.414891332387924194e-01,-2.046472281217575073e-01,-2.267853170633316040e-01,2.477972656488418579e-01,-2.547462284564971924e-02,2.387955039739608765e-02,-6.212037429213523865e-02
-1.251244395971298218e-01
-2.067819237709045410e-02,-5.937290261499583721e-04,7.344211637973785400e-02,-1.247167214751243591e-02,-3.159805834293365479e-01,3.558028936386108398e-01,2.648877799510955811e-01,2.990336120128631592e-01,2.648877799510955811e-01,3.558028936386108398e-01,-3.159805834293365479e-01,-1.247167214751243591e-02,7.344211637973785400e-02,-5.937290261499583721e-04,-2.067819237709045410e-02
-5.872495099902153015e-02,2.699562348425388336e-02,-2.328947931528091431e-02,2.452443987131118774e-01,-2.165995538234710693e-01,-2.150405049324035645e-01,1.438123285770416260e-01,9.904896467924118042e-02,1.438123285770416260e-01,-2.150405049324035645e-01,-2.165995538234710693e-01,2.452443987131118774e-01,-2.328947931528091431e-02,2.699562348425388336e-02,-5.872495099902153015e-02
-1.268403977155685425e-01
-2.934611588716506958e-02,-7.327519357204437256e-03,5.922718346118927002e-02,-6.824748590588569641e-03,-3.185945451259613037e-01,3.536898493766784668e-01,2.687650322914123535e-01,2.960392236709594727e-01,2.687650322914123535e-01,3.536898493766784668e-01,-3.185945451259613037e-01,-6.824748590588569641e-03,5.922718346118927002e-02,-7.327519357204437256e-03,-2.934611588716506958e-02
-4.868607223033905029e-02,2.222476340830326080e-02,-4.006676748394966125e-02,2.235366851091384888e-01,-2.136500626802444458e-01,-2.259402722120285034e-01,1.507301032543182373e-01,1.012132316827774048e-01,1.507301032543182373e-01,-2.259402722120285034e-01,-2.136500626802444458e-01,2.235366851091384888e-01,-4.006676748394966125e-02,2.222476340830326080e-02,-4.868607223033905029e-02
-1.285641342401504517e-01
-3.101520799100399017e-02,-3.277830779552459717e-03,5.596984922885894775e-02,3.097149892710149288e-04,-3.247503936290740967e-01,3.499192595481872559e-01,2.737752199172973633e-01,2.936054468154907227e-01,2.737752199172973633e-01,3.499192595481872559e-01,-3.247503936290740967e-01,3.097149892710149288e-04,5.596984922885894775e-02,-3.277830779552459717e-03,-3.101520799100399017e-02
-4.072309657931327820e-02,2.162211574614048004e-02,-4.781104996800422668e-02,2.146025002002716064e-01,-1.977344155311584473e-01,-2.256351411342620850e-01,1.587744504213333130e-01,9.694204479455947876e-02,1.587744504213333130e-01,-2.256351411342620850e-01,-1.977344155311584473e-01,2.146025002002716064e-01,-4.781104996800422668e-02,2.162211574614048004e-02,-4.072309657931327820e-02
-1.302956044673919678e-01
-3.673008084297180176e-02,1.588252838701009750e-03,5.581076443195343018e-02,1.189691666513681412e-02,-3.230351507663726807e-01,3.487217128276824951e-01,2.786182761192321777e-01,2.906302213668823242e-01,2.786182761192321777e-01,3.487217128276824951e-01,-3.230351507663726807e-01,1.189691666513681412e-02,5.581076443195343018e-02,1.588252838701009750e-03,-3.673008084297180176e-02
-5.436417087912559509e-02,2.841353602707386017e-02,-2.460504509508609772e-02,2.336286008358001709e-01,-1.801708340644836426e-01,-2.399419397115707397e-01,1.546221077442169189e-01,9.285455942153930664e-02,1.546221077442169189e-01,-2.399419397115707397e-01,-1.801708340644836426e-01,2.336286008358001709e-01,-2.460504509508609772e-02,2.841353602707386017e-02,-5.436417087912559509e-02
-1.320347785949707031e-01
-3.735508024692535400e-02,7.829042151570320129e-03,5.306698754429817200e-02,1.852070353925228119e-02,-3.265561759471893311e-01,3.448621332645416260e-01,2.842920124530792236e-01,2.882619500160217285e-01,2.842920124530792236e-01,3.448621332645416260e-01,-3.265561759471893311e-01,1.852070353925228119e-02,5.306698754429817200e-02,7.829042151570320129e-03,-3.735508024692535400e-02
-5.578697472810745239e-02,2.522809989750385284e-02,-2.546268701553344727e-02,2.274454236030578613e-01,-1.727891564369201660e-01,-2.518368959426879883e-01,1.528079211711883545e-01,8.793121576309204102e-02,1.528079211711883545e-01,-2.518368959426879883e-01,-1.727891564369201660e-01,2.274454236030578613e-01,-2.546268701553344727e-02,2.522809989750385284e-02,-5.578697472810745239e-02
-1.337816268205642700e-01
-3.417577594518661499e-02,1.645098440349102020e-02,4.581604152917861938e-02,1.826378703117370605e-02,-3.320878744125366211e-01,3.382444977760314941e-01,2.891159951686859131e-01,2.860354781150817871e-01,2.891159951686859131e-01,3.382444977760314941e-01,-3.320878744125366211e-01,1.826378703117370605e-02,4.581604152917861938e-02,1.645098440349102020e-02,-3.417577594518661499e-02
-5.878029018640518188e-02,2.807366661727428436e-02,-1.947460323572158813e-02,2.231215387582778931e-01,-1.635556966066360474e-01,-2.601965963840484619e-01,1.597110480070114136e-01,8.912335336208343506e-02,1.597110480070114136e-01,-2.601965963840484619e-01,-1.635556966066360474e-01,2.231215387582778931e-01,-1.947460323572158813e-02,2.807366661727428436e-02,-5.878029018640518188e-02
-1.355361044406890869e-01
-3.966029733419418335e-02,-1.878052204847335815e-02,2.939739264547824860e-02,4.031601175665855408e-02,-3.214716613292694092e-01,3.357860147953033447e-01,2.958673536777496338e-01,2.853392660617828369e-01,2.958673536777496338e-01,3.357860147953033447e-01,-3.214716613292694092e-01,4.031601175665855408e-02,2.939739264547824860e-02,-1.878052204847335815e-02,-3.966029733419418335e-02
1.428368687629699707e-02,2.795949578285217285e-02,-7.755432277917861938e-02,1.660894304513931274e-01,-1.528827846050262451e-01,-2.469703704118728638e-01,1.845396906137466431e-01,9.527882933616638184e-02,1.845396906137466431e-01,-2.469703704118728638e-01,-1.528827846050262451e-01,1.660894304513931274e-01,-7.755432277917861938e-02,2.795949578285217285e-02,1.428368687629699707e-02
-1.372981965541839600e-01
-2.796374820172786713e-02,3.546045348048210144e-02,4.204126447439193726e-02,3.269253671169281006e-02,-3.356330990791320801e-01,3.269114792346954346e-01,3.043570518493652344e-01,2.889569997787475586e-01,3.043570518493652344e-01,3.269114792346954346e-01,-3.356330990791320801e-01,3.269253671169281006e-02,4.204126447439193726e-02,3.546045348048210144e-02,-2.796374820172786713e-02
-6.984502822160720825e-02,2.433801628649234772e-02,-1.290537230670452118e-02,2.114775776863098145e-01,-1.446566134691238403e-01,-2.717713415622711182e-01,1.648548394441604614e-01,8.133773505687713623e-02,1.648548394441604614e-01,-2.717713415622711182e-01,-1.446566134691238403e-01,2.114775776863098145e-01,-1.290537230670452118e-02,2.433801628649234772e-02,-6.984502822160720825e-02
-1.390678435564041138e-01
-4.824692010879516602e-02,2.377204038202762604e-02,3.513646125793457031e-02,3.779294341802597046e-02,-3.331952393054962158e-01,3.273477554321289062e-01,3.046527802944183350e-01,2.755080759525299072e-01,3.046527802944183350e-01,3.273477554321289062e-01,-3.331952393054962158e-01,3.779294341802597046e-02,3.513646125793457031e-02,2.377204038202762604e-02,-4.824692010879516602e-02
-5.225062742829322815e-02,2.488959953188896179e-02,-2.205567993223667145e-02,1.994159072637557983e-01,-1.377304643392562866e-01,-2.837865054607391357e-01,1.630961149930953979e-01,8.185611665248870850e-02,1.630961149930953979e-01,-2.837865054607391357e-01,-1.377304643392562866e-01,1.994159072637557983e-01,-2.205567993223667145e-02,2.488959953188896179e-02,-5.225062742829322815e-02
-1.408450454473495483e-01
-4.991563409566879272e-02,2.323387563228607178e-02,3.239115327596664429e-02,4.388959333300590515e-02,-3.326001465320587158e-01,3.254081308841705322e-01,3.159314095973968506e-01,2.768955230712890625e-01,3.159314095973968506e-01,3.254081308841705322e-01,-3.326001465320587158e-01,4.388959333300590515e-02,3.239115327596664429e-02,2.323387563228607178e-02,-4.991563409566879272e-02
-4.461636766791343689e-02,2.665693499147891998e-02,-1.858727075159549713e-02,1.989958435297012329e-01,-1.226845979690551758e-01,-2.876494824886322021e-01,1.631291061639785767e-01,7.756005227565765381e-02,1.631291061639785767e-01,-2.876494824886322021e-01,-1.226845979690551758e-01,1.989958435297012329e-01,-1.858727075159549713e-02,2.665693499147891998e-02,-4.461636766791343689e-02
-1.426297426223754883e-01
-4.323694109916687012e-02,2.579586207866668701e-02,2.638333104550838470e-02,4.671871289610862732e-02,-3.323263525962829590e-01,3.189918398857116699e-01,3.234007358551025391e-01,2.754900455474853516e-01,3.234007358551025391e-01,3.189918398857116699e-01,-3.323263525962829590e-01,4.671871289610862732e-02,2.638333104550838470e-02,2.579586207866668701e-02,-4.323694109916687012e-02
-3.037454001605510712e-02,1.933431439101696014e-02,-3.535263612866401672e-02,1.764927059412002563e-01,-1.198550015687942505e-01,-2.954228222370147705e-01,1.686313301324844360e-01,8.167989552021026611e-02,1.686313301324844360e-01,-2.954228222370147705e-01,-1.198550015687942505e-01,1.764927059412002563e-01,-3.535263612866401672e-02,1.933431439101696014e-02,-3.037454001605510712e-02
-1.444219201803207397e-01
-4.980872571468353271e-02,2.761226147413253784e-02,2.499275282025337219e-02,4.953199252486228943e-02,-3.358213007450103760e-01,3.110881745815277100e-01,3.291937708854675293e-01,2.716275751590728760e-01,3.291937708854675293e-01,3.110881745815277100e-01,-3.358213007450103760e-01,4.953199252486228943e-02,2.499275282025337219e-02,2.761226147413253784e-02,-4.980872571468353271e-02
-4.494946822524070740e-02,1.590738818049430847e-02,-2.124925516545772552e-02,1.870923638343811035e-01,-1.063316240906715393e-01,-3.082458674907684326e-01,1.645669639110565186e-01,8.172917366027832031e-02,1.645669639110565186e-01,-3.082458674907684326e-01,-1.063316240906715393e-01,1.870923638343811035e-01,-2.124925516545772552e-02,1.590738818049430847e-02,-4.494946822524070740e-02
-1.462215334177017212e-01
-5.289416387677192688e-02,1.592436619102954865e-02,1.920735836029052734e-02,6.118606775999069214e-02,-3.279463648796081543e-01,3.083722293376922607e-01,3.410032689571380615e-01,2.756530940532684326e-01,3.410032689571380615e-01,3.083722293376922607e-01,-3.279463648796081543e-01,6.118606775999069214e-02,1.920735836029052734e-02,1.592436619102954865e-02,-5.289416387677192688e-02
-1.986334100365638733e-02,1.780082844197750092e-02,-3.362608328461647034e-02,1.660193502902984619e-01,-9.810674190521240234e-02,-3.078758418560028076e-01,1.785418540239334106e-01,8.870455622673034668e-02,1.785418540239334106e-01,-3.078758418560028076e-01,-9.810674190521240234e-02,1.660193502902984619e-01,-3.362608328461647034e-02,1.780082844197750092e-02,-1.986334100365638733e-02
-1.480285674333572388e-01
-5.006839707493782043e-02,3.555468469858169556e-02,1.994745433330535889e-02,5.557305365800857544e-02,-3.354359269142150879e-01,2.999476194381713867e-01,3.426429033279418945e-01,2.678443789482116699e-01,3.426429033279418945e-01,2.999476194381713867e-01,-3.354359269142150879e-01,5.557305365800857544e-02,1.994745433330535889e-02,3.555468469858169556e-02,-5.006839707493782043e-02
-3.965264931321144104e-02,1.509169768542051315e-02,-1.970741152763366699e-02,1.657285243272781372e-01,-9.122498333454132080e-02,-3.154498636722564697e-01,1.740822941064834595e-01,8.041407167911529541e-02,1.740822941064834595e-01,-3.154498636722564697e-01,-9.122498333454132080e-02,1.657285243272781372e-01,-1.970741152763366699e-02,1.509169768542051315e-02,-3.965264931321144104e-02
-1.498429775238037109e-01
-5.231626331806182861e-02,3.972885385155677795e-02,1.760687492787837982e-02,6.163981929421424866e-02,-3.313919901847839355e-01,2.958583831787109375e-01,3.477527797222137451e-01,2.635779082775115967e-01,3.477527797222137451e-01,2.958583831787109375e-01,-3.313919901847839355e-01,6.163981929421424866e-02,1.760687492787837982e-02,3.972885385155677795e-02,-5.231626331806182861e-02
-3.801374137401580811e-02,1.085403468459844589e-02,-1.769042760133743286e-02,1.618601828813552856e-01,-8.211932331323623657e-02,-3.238409757614135742e-01,1.691298037767410278e-01,7.683765143156051636e-02,1.691298037767410278e-01,-3.238409757614135742e-01,-8.211932331323623657e-02,1.618601828813552856e-01,-1.769042760133743286e-02,1.085403468459844589e-02,-3.801374137401580811e-02
-1.516647487878799438e-01
-6.188656017184257507e-02,3.593813627958297729e-02,1.596528291702270508e-02,6.646739691495895386e-02,-3.300421237945556641e-01,2.903147935867309570e-01,3.502075970172882080e-01,2.553685605525970459e-01,3.502075970172882080e-01,2.903147935867309570e-01,-3.300421237945556641e-01,6.646739691495895386e-02,1.596528291702270508e-02,3.593813627958297729e-02,-6.188656017184257507e-02
-2.616197615861892700e-02,1.346727460622787476e-02,-1.477352622896432877e-02,1.628784388303756714e-01,-6.980189681053161621e-02,-3.325438499450683594e-01,1.670264750719070435e-01,8.032904565334320068e-02,1.670264750719070435e-01,-3.325438499450683594e-01,-6.980189681053161621e-02,1.628784388303756714e-01,-1.477352622896432877e-02,1.346727460622787476e-02,-2.616197615861892700e-02
-1.534938365221023560e-01
-6.416662782430648804e-02,3.726283833384513855e-02,1.031063217669725418e-02,6.535042822360992432e-02,-3.296887576580047607e-01,2.859381735324859619e-01,3.588989675045013428e-01,2.549336254596710205e-01,3.588989675045013428e-01,2.859381735324859619e-01,-3.296887576580047607e-01,6.535042822360992432e-02,1.031063217669725418e-02,3.726283833384513855e-02,-6.416662782430648804e-02
-2.598171494901180267e-02,1.039820536971092224e-02,-1.614752225577831268e-02,1.520839184522628784e-01,-6.404791772365570068e-02,-3.356508612632751465e-01,1.673799306154251099e-01,7.926863431930541992e-02,1.673799306154251099e-01,-3.356508612632751465e-01,-6.404791772365570068e-02,1.520839184522628784e-01,-1.614752225577831268e-02,1.039820536971092224e-02,-2.598171494901180267e-02
-1.553302258253097534e-01
-6.409385055303573608e-02,4.320762306451797485e-02,1.131516601890325546e-02,7.157304883003234863e-02,-3.258210718631744385e-01,2.792797684669494629e-01,3.653764724731445312e-01,2.529073655605316162e-01,3.653764724731445312e-01,2.792797684669494629e-01,-3.258210718631744385e-01,7.157304883003234863e-02,1.131516601890325546e-02,4.320762306451797485e-02,-6.409385055303573608e-02
-3.002016432583332062e-02,7.544922642409801483e-03,-1.131504587829113007e-02,1.501948386430740356e-01,-5.430378019809722900e-02,-3.398717939853668213e-01,1.635549664497375488e-01,7.647730410099029541e-02,1.635549664497375488e-01,-3.398717939853668213e-01,-5.430378019809722900e-02,1.501948386430740356e-01,-1.131504587829113007e-02,7.544922642409801483e-03,-3.002016432583332062e-02
-1.571738719940185547e-01
-6.569676846265792847e-02,3.946802765130996704e-02,7.173167075961828232e-03,7.360703498125076294e-02,-3.197508454322814941e-01,2.770535647869110107e-01,3.728910386562347412e-01,2.486040890216827393e-01,3.728910386562347412e-01,2.770535647869110107e-01,-3.197508454322814941e-01,7.360703498125076294e-02,7.173167075961828232e-03,3.946802765130996704e-02,-6.569676846265792847e-02
-2.079724706709384918e-02,8.065866306424140930e-03,-1.157783251255750656e-02,1.460949480533599854e-01,-4.513774439692497253e-02,-3.441831767559051514e-01,1.639607548713684082e-01,8.070201426744461060e-02,1.639607548713684082e-01,-3.441831767559051514e-01,-4.513774439692497253e-02,1.460949480533599854e-01,-1.157783251255750656e-02,8.065866306424140930e-03,-2.079724706709384918e-02
-1.590247601270675659e-01
-6.357374787330627441e-02,3.359249606728553772e-02,1.315256813541054726e-03,7.749992609024047852e-02,-3.130967020988464355e-01,2.734659910202026367e-01,3.824977874755859375e-01,2.479728311300277710e-01,3.824977874755859375e-01,2.734659910202026367e-01,-3.130967020988464355e-01,7.749992609024047852e-02,1.315256813541054726e-03,3.359249606728553772e-02,-6.357374787330627441e-02
-3.830567933619022369e-03,5.021729506552219391e-03,-2.526338398456573486e-02,1.280484199523925781e-01,-3.705218806862831116e-02,-3.418681919574737549e-01,1.693500280380249023e-01,8.445121347904205322e-02,1.693500280380249023e-01,-3.418681919574737549e-01,-3.705218806862831116e-02,1.280484199523925781e-01,-2.526338398456573486e-02,5.021729506552219391e-03,-3.830567933619022369e-03
-1.608828604221343994e-01
-6.376870721578598022e-02,3.970762714743614197e-02,-9.359326213598251343e-04,7.098804414272308350e-02,-3.163103759288787842e-01,2.670380473136901855e-01,3.890016078948974609e-01,2.437456846237182617e-01,3.890016078948974609e-01,2.670380473136901855e-01,-3.163103759288787842e-01,7.098804414272308350e-02,-9.359326213598251343e-04,3.970762714743614197e-02,-6.376870721578598022e-02
-2.330391481518745422e-02,5.891224136576056480e-04,-1.016757264733314514e-02,1.396123319864273071e-01,-2.373763546347618103e-02,-3.486751317977905273e-01,1.607644855976104736e-01,8.122158050537109375e-02,1.607644855976104736e-01,-3.486751317977905273e-01,-2.373763546347618103e-02,1.396123319864273071e-01,-1.016757264733314514e-02,5.891224136576056480e-04,-2.330391481518745422e-02
-1.627481281757354736e-01
-6.440205127000808716e-02,2.009911090135574341e-02,-5.180350039154291153e-03,8.572973310947418213e-02,-3.073652386665344238e-01,2.589386403560638428e-01,3.969210088253021240e-01,2.443304210901260376e-01,3.969210088253021240e-01,2.589386403560638428e-01,-3.073652386665344238e-01,8.572973310947418213e-02,-5.180350039154291153e-03,2.009911090135574341e-02,-6.440205127000808716e-02
1.094789244234561920e-02,-4.973847419023513794e-03,-3.805644437670707703e-02,1.111990213394165039e-01,-1.879938505589962006e-02,-3.489128053188323975e-01,1.685437411069869995e-01,9.057737141847610474e-02,1.685437411069869995e-01,-3.489128053188323975e-01,-1.879938505589962006e-02,1.111990213394165039e-01,-3.805644437670707703e-02,-4.973847419023513794e-03,1.094789244234561920e-02
-1.646205633878707886e-01
-6.214610114693641663e-02,4.775419831275939941e-02,-1.132499077357351780e-03,7.125353068113327026e-02,-3.161202967166900635e-01,2.491875290870666504e-01,4.014136493206024170e-01,2.391961961984634399e-01,4.014136493206024170e-01,2.491875290870666504e-01,-3.161202967166900635e-01,7.125353068113327026e-02,-1.132499077357351780e-03,4.775419831275939941e-02,-6.214610114693641663e-02
-3.764688596129417419e-02,-5.846302956342697144e-03,3.186021232977509499e-03,1.335999071598052979e-01,-1.605243235826492310e-02,-3.628869652748107910e-01,1.606949716806411743e-01,8.972720056772232056e-02,1.606949716806411743e-01,-3.628869652748107910e-01,-1.605243235826492310e-02,1.335999071598052979e-01,3.186021232977509499e-03,-5.846302956342697144e-03,-3.764688596129417419e-02
-1.665001064538955688e-01
-7.050665467977523804e-02,-1.102891284972429276e-02,-1.983300037682056427e-02,1.020364314317703247e-01,-2.921780645847320557e-01,2.428014129400253296e-01,4.064069986343383789e-01,2.377688437700271606e-01,4.064069986343383789e-01,2.428014129400253296e-01,-2.921780645847320557e-01,1.020364314317703247e-01,-1.983300037682056427e-02,-1.102891284972429276e-02,-7.050665467977523804e-02
5.370087176561355591e-02,-1.067311619408428669e-03,-5.924710631370544434e-02,7.830285280942916870e-02,-5.711648147553205490e-03,-3.505335748195648193e-01,1.783593446016311646e-01,1.042182072997093201e-01,1.783593446016311646e-01,-3.505335748195648193e-01,-5.711648147553205490e-03,7.830285280942916870e-02,-5.924710631370544434e-02,-1.067311619408428669e-03,5.370087176561355591e-02
-1.683867722749710083e-01
-5.823988467454910278e-02,6.291092932224273682e-02,2.945467596873641014e-03,7.409346848726272583e-02,-3.142823278903961182e-01,2.306591123342514038e-01,4.147982895374298096e-01,2.385142296552658081e-01,4.147982895374298096e-01,2.306591123342514038e-01,-3.142823278903961182e-01,7.409346848726272583e-02,2.945467596873641014e-03,6.291092932224273682e-02,-5.823988467454910278e-02
-3.646893426775932312e-02,-9.013230912387371063e-03,9.346282109618186951e-03,1.166731268167495728e-01,-7.244121283292770386e-03,-3.638395965099334717e-01,1.609692573547363281e-01,8.769100904464721680e-02,1.609692573547363281e-01,-3.638395965099334717e-01,-7.244121283292770386e-03,1.166731268167495728e-01,9.346282109618186951e-03,-9.013230912387371063e-03,-3.646893426775932312e-02
-1.702805012464523315e-01
-7.528535276651382446e-02,4.613338410854339600e-02,-2.677807351574301720e-03,8.223051577806472778e-02,-2.998124957084655762e-01,2.291749119758605957e-01,4.185675680637359619e-01,2.314130961894989014e-01,4.185675680637359619e-01,2.291749119758605957e-01,-2.998124957084655762e-01,8.223051577806472778e-02,-2.677807351574301720e-03,4.613338410854339600e-02,-7.528535276651382446e-02
-1.452466566115617752e-02,-5.115910898894071579e-03,3.577980911359190941e-03,1.026700586080551147e-01,-1.618451904505491257e-03,-3.657290637493133545e-01,1.587738096714019775e-01,8.810941129922866821e-02,1.587738096714019775e-01,-3.657290637493133545e-01,-1.618451904505491257e-03,1.026700586080551147e-01,3.577980911359190941e-03,-5.115910898894071579e-03,-1.452466566115617752e-02
-1.721812635660171509e-01
-8.537673205137252808e-02,2.901865541934967041e-02,-1.042950898408889771e-02,8.470177650451660156e-02,-2.917605340480804443e-01,2.267186641693115234e-01,4.232493340969085693e-01,2.244776934385299683e-01,4.232493340969085693e-01,2.267186641693115234e-01,-2.917605340480804443e-01,8.470177650451660156e-02,-1.042950898408889771e-02,2.901865541934967041e-02,-8.537673205137252808e-02
9.750914177857339382e-04,-8.461017161607742310e-03,-4.211791791021823883e-03,9.981624782085418701e-02,1.063640974462032318e-02,-3.714741766452789307e-01,1.472694873809814453e-01,8.810771256685256958e-02,1.472694873809814453e-01,-3.714741766452789307e-01,1.063640974462032318e-02,9.981624782085418701e-02,-4.211791791021823883e-03,-8.461017161607742310e-03,9.750914177857339382e-04
-1.740890592336654663e-01
-7.471738010644912720e-02,4.741773009300231934e-02,-8.697420358657836914e-03,7.873538136482238770e-02,-2.914659082889556885e-01,2.197465896606445312e-01,4.288057088851928711e-01,2.220226675271987915e-01,4.288057088851928711e-01,2.197465896606445312e-01,-2.914659082889556885e-01,7.873538136482238770e-02,-8.697420358657836914e-03,4.741773009300231934e-02,-7.471738010644912720e-02
-1.729195937514305115e-02,-1.463013701140880585e-02,8.210643194615840912e-03,1.030748710036277771e-01,1.769560575485229492e-02,-3.738496005535125732e-01,1.417655050754547119e-01,8.533877879381179810e-02,1.417655050754547119e-01,-3.738496005535125732e-01,1.769560575485229492e-02,1.030748710036277771e-01,8.210643194615840912e-03,-1.463013701140880585e-02,-1.729195937514305115e-02
-1.760038435459136963e-01
-6.240662187337875366e-02,5.227478593587875366e-02,-7.500646635890007019e-03,7.644850015640258789e-02,-2.939954102039337158e-01,2.111500799655914307e-01,4.355751574039459229e-01,2.210320681333541870e-01,4.355751574039459229e-01,2.111500799655914307e-01,-2.939954102039337158e-01,7.644850015640258789e-02,-7.500646635890007019e-03,5.227478593587875366e-02,-6.240662187337875366e-02
-3.468467388302087784e-03,-2.515202201902866364e-02,-9.946513921022415161e-03,8.604078739881515503e-02,2.244276739656925201e-02,-3.747272193431854248e-01,1.467542052268981934e-01,9.617573767900466919e-02,1.467542052268981934e-01,-3.747272193431854248e-01,2.244276739656925201e-02,8.604078739881515503e-02,-9.946513921022415161e-03,-2.515202201902866364e-02,-3.468467388302087784e-03
-1.779256016016006470e-01
-5.966116487979888916e-02,-2.655458450317382812e-02,-4.296110942959785461e-02,1.122395470738410950e-01,-2.536211609840393066e-01,2.119922041893005371e-01,4.388434886932373047e-01,2.174528688192367554e-01,4.388434886932373047e-01,2.119922041893005371e-01,-2.536211609840393066e-01,1.122395470738410950e-01,-4.296110942959785461e-02,-2.655458450317382812e-02,-5.966116487979888916e-02
9.388656914234161377e-02,-2.453370019793510437e-03,-6.448072940111160278e-02,3.292022645473480225e-02,3.892762586474418640e-02,-3.520914614200592041e-01,1.740936636924743652e-01,1.145960465073585510e-01,1.740936636924743652e-01,-3.520914614200592041e-01,3.892762586474418640e-02,3.292022645473480225e-02,-6.448072940111160278e-02,-2.453370019793510437e-03,9.388656914234161377e-02
-1.798543035984039307e-01
-6.166155636310577393e-02,5.504673719406127930e-02,-6.473512039519846439e-04,7.945893704891204834e-02,-2.917240262031555176e-01,1.960131973028182983e-01,4.548448622226715088e-01,2.272924929857254028e-01,4.548448622226715088e-01,1.960131973028182983e-01,-2.917240262031555176e-01,7.945893704891204834e-02,-6.473512039519846439e-04,5.504673719406127930e-02,-6.166155636310577393e-02
-1.241487544029951096e-02,-2.681010589003562927e-02,1.032476406544446945e-02,9.516535699367523193e-02,3.853149712085723877e-02,-3.790997862815856934e-01,1.481226831674575806e-01,1.089143455028533936e-01,1.481226831674575806e-01,-3.790997862815856934e-01,3.853149712085723877e-02,9.516535699367523193e-02,1.032476406544446945e-02,-2.681010589003562927e-02,-1.241487544029951096e-02
-1.817899197340011597e-01
-7.149106264114379883e-02,5.334683507680892944e-02,2.032448828686028719e-04,8.444321155548095703e-02,-2.819140851497650146e-01,1.894809603691101074e-01,4.550682902336120605e-01,2.194479405879974365e-01,4.550682902336120605e-01,1.894809603691101074e-01,-2.819140851497650146e-01,8.444321155548095703e-02,2.032448828686028719e-04,5.334683507680892944e-02,-7.149106264114379883e-02
-1.656701602041721344e-02,-2.653279528021812439e-02,1.806887798011302948e-02,9.292504936456680298e-02,4.352619126439094543e-02,-3.815187513828277588e-01,1.415926516056060791e-01,1.061974987387657166e-01,1.415926516056060791e-01,-3.815187513828277588e-01,4.352619126439094543e-02,9.292504936456680298e-02,1.806887798011302948e-02,-2.653279528021812439e-02,-1.656701602041721344e-02
-1.837324351072311401e-01
-7.160510867834091187e-02,1.745050214231014252e-02,-1.459267176687717438e-02,1.000094488263130188e-01,-2.587198615074157715e-01,1.907121390104293823e-01,4.598358869552612305e-01,2.143998295068740845e-01,4.598358869552612305e-01,1.907121390104293823e-01,-2.587198615074157715e-01,1.000094488263130188e-01,-1.459267176687717438e-02,1.745050214231014252e-02,-7.160510867834091187e-02
4.767844453454017639e-02,-2.223583869636058807e-02,-2.170127443969249725e-02,5.600079149007797241e-02,4.640476033091545105e-02,-3.792887628078460693e-01,1.453838795423507690e-01,1.179329082369804382e-01,1.453838795423507690e-01,-3.792887628078460693e-01,4.640476033091545105e-02,5.600079149007797241e-02,-2.170127443969249725e-02,-2.223583869636058807e-02,4.767844453454017639e-02
-1.856818199157714844e-01
-7.127279788255691528e-02,5.128743499517440796e-02,-7.140661589801311493e-03,7.938145101070404053e-02,-2.704135477542877197e-01,1.805972754955291748e-01,4.636617004871368408e-01,2.104935199022293091e-01,4.636617004871368408e-01,1.805972754955291748e-01,-2.704135477542877197e-01,7.938145101070404053e-02,-7.140661589801311493e-03,5.128743499517440796e-02,-7.127279788255691528e-02
-5.601978860795497894e-03,-3.169953823089599609e-02,1.501989178359508514e-02,7.780160754919052124e-02,5.046856775879859924e-02,-3.844740986824035645e-01,1.305970996618270874e-01,1.069893315434455872e-01,1.305970996618270874e-01,-3.844740986824035645e-01,5.046856775879859924e-02,7.780160754919052124e-02,1.501989178359508514e-02,-3.169953823089599609e-02,-5.601978860795497894e-03
-1.876380443572998047e-01
-6.999000161886215210e-02,4.119076579809188843e-02,-1.184858009219169617e-02,7.584062218666076660e-02,-2.689399719238281250e-01,1.751143932342529297e-01,4.713162481784820557e-01,2.101613134145736694e-01,4.713162481784820557e-01,1.751143932342529297e-01,-2.689399719238281250e-01,7.584062218666076660e-02,-1.184858009219169617e-02,4.119076579809188843e-02,-6.999000161886215210e-02
8.870356716215610504e-03,-2.920019254088401794e-02,1.064663566648960114e-02,6.982494890689849854e-02,5.321086198091506958e-02,-3.884070813655853271e-01,1.284272521734237671e-01,1.166826114058494568e-01,1.284272521734237671e-01,-3.884070813655853271e-01,5.321086198091506958e-02,6.982494890689849854e-02,1.064663566648960114e-02,-2.920019254088401794e-02,8.870356716215610504e-03
-1.896010935306549072e-01
-6.922308355569839478e-02,7.175348233431577682e-03,-2.351761981844902039e-02,9.412974119186401367e-02,-2.496939301490783691e-01,1.698080897331237793e-01,4.755520820617675781e-01,2.095182389020919800e-01,4.755520820617675781e-01,1.698080897331237793e-01,-2.496939301490783691e-01,9.412974119186401367e-02,-2.351761981844902039e-02,7.175348233431577682e-03,-6.922308355569839478e-02
6.082879006862640381e-02,-2.398567646741867065e-02,-2.324428036808967590e-02,3.708955645561218262e-02,6.098921597003936768e-02,-3.780442178249359131e-01,1.414344161748886108e-01,1.303331553936004639e-01,1.414344161748886108e-01,-3.780442178249359131e-01,6.098921597003936768e-02,3.708955645561218262e-02,-2.324428036808967590e-02,-2.398567646741867065e-02,6.082879006862640381e-02
-1.915709525346755981e-01
-7.486066222190856934e-02,3.679646924138069153e-02,-1.092567108571529388e-02,7.843458652496337891e-02,-2.578774988651275635e-01,1.632814407348632812e-01,4.811354279518127441e-01,2.067714482545852661e-01,4.811354279518127441e-01,1.632814407348632812e-01,-2.578774988651275635e-01,7.843458652496337891e-02,-1.092567108571529388e-02,3.679646924138069153e-02,-7.486066222190856934e-02
1.082558743655681610e-02,-3.222274035215377808e-02,1.573545485734939575e-02,6.741540879011154175e-02,6.818859279155731201e-02,-3.850131034851074219e-01,1.267294287681579590e-01,1.253383904695510864e-01,1.267294287681579590e-01,-3.850131034851074219e-01,6.818859279155731201e-02,6.741540879011154175e-02,1.573545485734939575e-02,-3.222274035215377808e-02,1.082558743655681610e-02
-1.935475617647171021e-01
-7.117149233818054199e-02,2.300051413476467133e-02,-1.765493117272853851e-02,8.301942050457000732e-02,-2.468710839748382568e-01,1.596864163875579834e-01,4.844843149185180664e-01,2.025638073682785034e-01,4.844843149185180664e-01,1.596864163875579834e-01,-2.468710839748382568e-01,8.301942050457000732e-02,-1.765493117272853851e-02,2.300051413476467133e-02,-7.117149233818054199e-02
3.570860624313354492e-02,-3.320332616567611694e-02,-5.402335664257407188e-04,5.198910459876060486e-02,7.212555408477783203e-02,-3.860117793083190918e-01,1.215339228510856628e-01,1.307206749916076660e-01,1.215339228510856628e-01,-3.860117793083190918e-01,7.212555408477783203e-02,5.198910459876060486e-02,-5.402335664257407188e-04,-3.320332616567611694e-02,3.570860624313354492e-02
-1.955309510231018066e-01
-6.432067602872848511e-02,6.140375882387161255e-02,5.669769016094505787e-04,7.480324804782867432e-02,-2.515444159507751465e-01,1.502899229526519775e-01,4.879424870014190674e-01,2.011967748403549194e-01,4.879424870014190674e-01,1.502899229526519775e-01,-2.515444159507751465e-01,7.480324804782867432e-02,5.669769016094505787e-04,6.140375882387161255e-02,-6.432067602872848511e-02
-8.028727024793624878e-03,-4.042772203683853149e-02,3.060215897858142853e-02,6.792741268873214722e-02,7.574206590652465820e-02,-3.836684823036193848e-01,1.147608757019042969e-01,1.217146068811416626e-01,1.147608757019042969e-01,-3.836684823036193848e-01,7.574206590652465820e-02,6.792741268873214722e-02,3.060215897858142853e-02,-4.042772203683853149e-02,-8.028727024793624878e-03
-1.975210458040237427e-01
-6.235679611563682556e-02,4.679693840444087982e-03,-2.348085120320320129e-02,9.470101445913314819e-02,-2.304089367389678955e-01,1.458621919155120850e-01,4.961246252059936523e-01,2.052974849939346313e-01,4.961246252059936523e-01,1.458621919155120850e-01,-2.304089367389678955e-01,9.470101445913314819e-02,-2.348085120320320129e-02,4.679693840444087982e-03,-6.235679611563682556e-02
6.551550328731536865e-02,-2.961243875324726105e-02,-1.278662215918302536e-02,3.253390640020370483e-02,8.029950410127639771e-02,-3.818826675415039062e-01,1.287963390350341797e-01,1.510684490203857422e-01,1.287963390350341797e-01,-3.818826675415039062e-01,8.029950410127639771e-02,3.253390640020370483e-02,-1.278662215918302536e-02,-2.961243875324726105e-02,6.551550328731536865e-02
-1.995178610086441040e-01
-5.577379465103149414e-02,-1.460191793739795685e-02,-3.328562527894973755e-02,1.002746894955635071e-01,-2.216186821460723877e-01,1.373913586139678955e-01,4.981653690338134766e-01,2.035462111234664917e-01,4.981653690338134766e-01,1.373913586139678955e-01,-2.216186821460723877e-01,1.002746894955635071e-01,-3.328562527894973755e-02,-1.460191793739795685e-02,-5.577379465103149414e-02
9.385231137275695801e-02,-1.987956091761589050e-02,-2.444666996598243713e-02,1.715164445340633392e-02,8.713927865028381348e-02,-3.763127624988555908e-01,1.340307593345642090e-01,1.612222343683242798e-01,1.340307593345642090e-01,-3.763127624988555908e-01,8.713927865028381348e-02,1.715164445340633392e-02,-2.444666996598243713e-02,-1.987956091761589050e-02,9.385231137275695801e-02
-2.015213519334793091e-01
-6.489879637956619263e-02,5.972198024392127991e-02,4.503827076405286789e-03,7.062935084104537964e-02,-2.515700459480285645e-01,1.194958016276359558e-01,4.993369877338409424e-01,2.006780654191970825e-01,4.993369877338409424e-01,1.194958016276359558e-01,-2.515700459480285645e-01,7.062935084104537964e-02,4.503827076405286789e-03,5.972198024392127991e-02,-6.489879637956619263e-02
-9.192751720547676086e-03,-4.746550694108009338e-02,3.683759644627571106e-02,6.360141187906265259e-02,8.574291318655014038e-02,-3.894165158271789551e-01,1.060127094388008118e-01,1.417373269796371460e-01,1.060127094388008118e-01,-3.894165158271789551e-01,8.574291318655014038e-02,6.360141187906265259e-02,3.683759644627571106e-02,-4.746550694108009338e-02,-9.192751720547676086e-03
-2.035315036773681641e-01
-5.603370815515518188e-02,7.976618595421314240e-03,-1.903215609490871429e-02,8.930452913045883179e-02,-2.262098193168640137e-01,1.197294294834136963e-01,5.019968152046203613e-01,1.972128599882125854e-01,5.019968152046203613e-01,1.197294294834136963e-01,-2.262098193168640137e-01,8.930452913045883179e-02,-1.903215609490871429e-02,7.976618595421314240e-03,-5.603370815515518188e-02
8.239994198083877563e-02,-3.368790447711944580e-02,-1.926252059638500214e-02,1.403128635138273239e-02,8.773785084486007690e-02,-3.828998506069183350e-01,1.180625706911087036e-01,1.644732207059860229e-01,1.180625706911087036e-01,-3.828998506069183350e-01,8.773785084486007690e-02,1.403128635138273239e-02,-1.926252059638500214e-02,-3.368790447711944580e-02,8.239994198083877563e-02
-2.055483013391494751e-01
-6.616922467947006226e-02,5.155112221837043762e-02,3.511857241392135620e-03,7.014362514019012451e-02,-2.406203895807266235e-01,1.098927482962608337e-01,5.053129792213439941e-01,1.949885636568069458e-01,5.053129792213439941e-01,1.098927482962608337e-01,-2.406203895807266235e-01,7.014362514019012451e-02,3.511857241392135620e-03,5.155112221837043762e-02,-6.616922467947006226e-02
1.373127754777669907e-02,-4.427840933203697205e-02,3.449223563075065613e-02,5.587158724665641785e-02,9.487601369619369507e-02,-3.870161175727844238e-01,1.001819744706153870e-01,1.517387777566909790e-01,1.001819744706153870e-01,-3.870161175727844238e-01,9.487601369619369507e-02,5.587158724665641785e-02,3.449223563075065613e-02,-4.427840933203697205e-02,1.373127754777669907e-02
-2.075717151165008545e-01
-6.083133071660995483e-02,5.192088428884744644e-04,-2.361506968736648560e-02,8.518693596124649048e-02,-2.151916474103927612e-01,1.112530156970024109e-01,5.093919634819030762e-01,1.935062408447265625e-01,5.093919634819030762e-01,1.112530156970024109e-01,-2.151916474103927612e-01,8.518693596124649048e-02,-2.361506968736648560e-02,5.192088428884744644e-04,-6.083133071660995483e-02
8.792742341756820679e-02,-2.951428666710853577e-02,-7.688467856496572495e-03,1.536683179438114166e-02,9.672900289297103882e-02,-3.812097012996673584e-01,1.099499240517616272e-01,1.714763641357421875e-01,1.099499240517616272e-01,-3.812097012996673584e-01,9.672900289297103882e-02,1.536683179438114166e-02,-7.688467856496572495e-03,-2.951428666710853577e-02,8.792742341756820679e-02
-2.096017152070999146e-01
-6.434916704893112183e-02,3.754740208387374878e-02,-2.743952441960573196e-03,7.058104127645492554e-02,-2.276979684829711914e-01,1.001616939902305603e-01,5.115309357643127441e-01,1.914580017328262329e-01,5.115309357643127441e-01,1.001616939902305603e-01,-2.276979684829711914e-01,7.058104127645492554e-02,-2.743952441960573196e-03,3.754740208387374878e-02,-6.434916704893112183e-02
4.192063212394714355e-02,-4.430420696735382080e-02,2.206665463745594025e-02,4.010142758488655090e-02,1.014639139175415039e-01,-3.840576112270355225e-01,9.539628028869628906e-02,1.640436202287673950e-01,9.539628028869628906e-02,-3.840576112270355225e-01,1.014639139175415039e-01,4.010142758488655090e-02,2.206665463745594025e-02,-4.430420696735382080e-02,4.192063212394714355e-02
-2.116383016109466553e-01
-6.747075915336608887e-02,5.041570961475372314e-02,3.110983641818165779e-03,6.506362557411193848e-02,-2.271174043416976929e-01,9.340197592973709106e-02,5.125378370285034180e-01,1.882086992263793945e-01,5.125378370285034180e-01,9.340197592973709106e-02,-2.271174043416976929e-01,6.506362557411193848e-02,3.110983641818165779e-03,5.041570961475372314e-02,-6.747075915336608887e-02
1.999798230826854706e-02,-4.988490045070648193e-02,3.408381342887878418e-02,4.024650901556015015e-02,9.933657944202423096e-02,-3.842627704143524170e-01,8.436610549688339233e-02,1.565730869770050049e-01,8.436610549688339233e-02,-3.842627704143524170e-01,9.933657944202423096e-02,4.024650901556015015e-02,3.408381342887878418e-02,-4.988490045070648193e-02,1.999798230826854706e-02
-2.136814445257186890e-01
-6.505824625492095947e-02,5.078983679413795471e-02,4.757051356136798859e-03,6.484579294919967651e-02,-2.224661856889724731e-01,8.745975047349929810e-02,5.137579441070556641e-01,1.853433698415756226e-01,5.137579441070556641e-01,8.745975047349929810e-02,-2.224661856889724731e-01,6.484579294919967651e-02,4.757051356136798859e-03,5.078983679413795471e-02,-6.505824625492095947e-02
2.239147014915943146e-02,-5.128666758537292480e-02,3.605877235531806946e-02,4.231536388397216797e-02,1.053082570433616638e-01,-3.830937743186950684e-01,7.894740998744964600e-02,1.606337130069732666e-01,7.894740998744964600e-02,-3.830937743186950684e-01,1.053082570433616638e-01,4.231536388397216797e-02,3.605877235531806946e-02,-5.128666758537292480e-02,2.239147014915943146e-02
-2.157311141490936279e-01
-5.616138130426406860e-02,2.649675309658050537e-02,-4.788019228726625443e-03,7.519132643938064575e-02,-2.092080116271972656e-01,8.166845142841339111e-02,5.154456496238708496e-01,1.845316439867019653e-01,5.154456496238708496e-01,8.166845142841339111e-02,-2.092080116271972656e-01,7.519132643938064575e-02,-4.788019228726625443e-03,2.649675309658050537e-02,-5.616138130426406860e-02
6.939107179641723633e-02,-4.566588997840881348e-02,4.006308969110250473e-03,1.042591966688632965e-02,1.052761077880859375e-01,-3.766395449638366699e-01,8.965072035789489746e-02,1.785511076450347900e-01,8.965072035789489746e-02,-3.766395449638366699e-01,1.052761077880859375e-01,1.042591966688632965e-02,4.006308969110250473e-03,-4.566588997840881348e-02,6.939107179641723633e-02
-2.177872955799102783e-01
-5.524075403809547424e-02,-1.257941685616970062e-02,-2.729173377156257629e-02,8.154676854610443115e-02,-1.913141012191772461e-01,8.348751813173294067e-02,5.230596065521240234e-01,1.874009817838668823e-01,5.230596065521240234e-01,8.348751813173294067e-02,-1.913141012191772461e-01,8.154676854610443115e-02,-2.729173377156257629e-02,-1.257941685616970062e-02,-5.524075403809547424e-02
1.047114953398704529e-01,-2.978943847119808197e-02,-6.598899140954017639e-03,-7.343820179812610149e-04,1.119123846292495728e-01,-3.755059540271759033e-01,8.865502476692199707e-02,1.915588378906250000e-01,8.865502476692199707e-02,-3.755059540271759033e-01,1.119123846292495728e-01,-7.343820179812610149e-04,-6.598899140954017639e-03,-2.978943847119808197e-02,1.047114953398704529e-01
-2.198499590158462524e-01
-6.182029470801353455e-02,2.694082632660865784e-02,-3.375219646841287613e-03,6.340243667364120483e-02,-2.087392359972000122e-01,7.203960418701171875e-02,5.258387923240661621e-01,1.864073574542999268e-01,5.258387923240661621e-01,7.203960418701171875e-02,-2.087392359972000122e-01,6.340243667364120483e-02,-3.375219646841287613e-03,2.694082632660865784e-02,-6.182029470801353455e-02
5.251518264412879944e-02,-4.939636215567588806e-02,2.280172146856784821e-02,2.345128729939460754e-02,1.100046038627624512e-01,-3.830071389675140381e-01,7.527588307857513428e-02,1.901689171791076660e-01,7.527588307857513428e-02,-3.830071389675140381e-01,1.100046038627624512e-01,2.345128729939460754e-02,2.280172146856784821e-02,-4.939636215567588806e-02,5.251518264412879944e-02
-2.219191044569015503e-01
-5.977952107787132263e-02,6.594472378492355347e-02,1.759265549480915070e-02,5.577656999230384827e-02,-2.126220762729644775e-01,6.379266828298568726e-02,5.250780582427978516e-01,1.832286417484283447e-01,5.250780582427978516e-01,6.379266828298568726e-02,-2.126220762729644775e-01,5.577656999230384827e-02,1.759265549480915070e-02,6.594472378492355347e-02,-5.977952107787132263e-02
4.656044766306877136e-03,-6.125321611762046814e-02,5.050704255700111389e-02,3.603636473417282104e-02,1.087395027279853821e-01,-3.791214525699615479e-01,6.178202480077743530e-02,1.724147200584411621e-01,6.178202480077743530e-02,-3.791214525699615479e-01,1.087395027279853821e-01,3.603636473417282104e-02,5.050704255700111389e-02,-6.125321611762046814e-02,4.656044766306877136e-03
-2.239947021007537842e-01
-6.697317957878112793e-02,4.985494539141654968e-02,1.268791873008012772e-02,5.802353098988533020e-02,-2.075779139995574951e-01,5.626583844423294067e-02,5.271818041801452637e-01,1.834526211023330688e-01,5.271818041801452637e-01,5.626583844423294067e-02,-2.075779139995574951e-01,5.802353098988533020e-02,1.268791873008012772e-02,4.985494539141654968e-02,-6.697317957878112793e-02
1.587288826704025269e-02,-5.936418101191520691e-02,4.783855378627777100e-02,3.596041351556777954e-02,1.151832267642021179e-01,-3.794378638267517090e-01,5.721713975071907043e-02,1.811105012893676758e-01,5.721713975071907043e-02,-3.794378638267517090e-01,1.151832267642021179e-01,3.596041351556777954e-02,4.783855378627777100e-02,-5.936418101191520691e-02,1.587288826704025269e-02
-2.260767221450805664e-01
-3.360633552074432373e-02,-6.465837359428405762e-02,-5.968230590224266052e-02,9.709670394659042358e-02,-1.416461169719696045e-01,7.193954288959503174e-02,5.210927128791809082e-01,1.729713380336761475e-01,5.210927128791809082e-01,7.193954288959503174e-02,-1.416461169719696045e-01,9.709670394659042358e-02,-5.968230590224266052e-02,-6.465837359428405762e-02,-3.360633552074432373e-02
1.706819087266921997e-01,-6.266387645155191422e-04,-3.581339493393898010e-02,-5.551166459918022156e-02,1.197783499956130981e-01,-3.509808480739593506e-01,9.103494882583618164e-02,2.086581885814666748e-01,9.103494882583618164e-02,-3.509808480739593506e-01,1.197783499956130981e-01,-5.551166459918022156e-02,-3.581339493393898010e-02,-6.266387645155191422e-04,1.706819087266921997e-01
-2.281651645898818970e-01
-5.987916141748428345e-02,4.700394347310066223e-02,1.432513725012540817e-02,5.562857538461685181e-02,-2.023042142391204834e-01,4.359543323516845703e-02,5.324014425277709961e-01,1.845642775297164917e-01,5.324014425277709961e-01,4.359543323516845703e-02,-2.023042142391204834e-01,5.562857538461685181e-02,1.432513725012540817e-02,4.700394347310066223e-02,-5.987916141748428345e-02
2.710702084004878998e-02,-6.241761147975921631e-02,4.187921434640884399e-02,2.673082239925861359e-02,1.175736188888549805e-01,-3.765987455844879150e-01,5.195551738142967224e-02,1.942806392908096313e-01,5.195551738142967224e-02,-3.765987455844879150e-01,1.175736188888549805e-01,2.673082239925861359e-02,4.187921434640884399e-02,-6.241761147975921631e-02,2.710702084004878998e-02
-2.302599847316741943e-01
-5.464028567075729370e-02,1.813015155494213104e-02,-8.580748108215630054e-04,6.907784193754196167e-02,-1.773891746997833252e-01,4.624825716018676758e-02,5.309525132179260254e-01,1.801085025072097778e-01,5.309525132179260254e-01,4.624825716018676758e-02,-1.773891746997833252e-01,6.907784193754196167e-02,-8.580748108215630054e-04,1.813015155494213104e-02,-5.464028567075729370e-02
6.753947585821151733e-02,-4.893334209918975830e-02,2.386526018381118774e-02,3.270751563832163811e-03,1.261078268289566040e-01,-3.540754020214080811e-01,7.658611983060836792e-02,2.104629129171371460e-01,7.658611983060836792e-02,-3.540754020214080811e-01,1.261078268289566040e-01,3.270751563832163811e-03,2.386526018381118774e-02,-4.893334209918975830e-02,6.753947585821151733e-02
-2.323611825704574585e-01
-5.895522609353065491e-02,5.299631506204605103e-02,2.026946656405925751e-02,5.103057622909545898e-02,-1.973662525415420532e-01,3.098806738853454590e-02,5.308638215065002441e-01,1.790557652711868286e-01,5.308638215065002441e-01,3.098806738853454590e-02,-1.973662525415420532e-01,5.103057622909545898e-02,2.026946656405925751e-02,5.299631506204605103e-02,-5.895522609353065491e-02
1.703308895230293274e-02,-6.448510289192199707e-02,5.297295749187469482e-02,2.883758023381233215e-02,1.202750504016876221e-01,-3.730513751506805420e-01,4.075986519455909729e-02,1.973737180233001709e-01,4.075986519455909729e-02,-3.730513751506805420e-01,1.202750504016876221e-01,2.883758023381233215e-02,5.297295749187469482e-02,-6.448510289192199707e-02,1.703308895230293274e-02
-2.344687432050704956e-01
-5.629533901810646057e-02,4.338421672582626343e-02,1.518133468925952911e-02,5.449265986680984497e-02,-1.878145635128021240e-01,2.711927704513072968e-02,5.295701622962951660e-01,1.759268194437026978e-01,5.295701622962951660e-01,2.711927704513072968e-02,-1.878145635128021240e-01,5.449265986680984497e-02,1.518133468925952911e-02,4.338421672582626343e-02,-5.629533901810646057e-02
3.674698621034622192e-02,-6.756912916898727417e-02,3.445310145616531372e-02,9.294441901147365570e-03,1.180169284343719482e-01,-3.679738044738769531e-01,4.675572738051414490e-02,2.096816152334213257e-01,4.675572738051414490e-02,-3.679738044738769531e-01,1.180169284343719482e-01,9.294441901147365570e-03,3.445310145616531372e-02,-6.756912916898727417e-02,3.674698621034622192e-02
-2.365826219320297241e-01
-5.495782941579818726e-02,2.055761218070983887e-02,4.672792740166187286e-03,5.497113615274429321e-02,-1.803983002901077271e-01,2.425287477672100067e-02,5.334441065788269043e-01,1.775639802217483521e-01,5.334441065788269043e-01,2.425287477672100067e-02,-1.803983002901077271e-01,5.497113615274429321e-02,4.672792740166187286e-03,2.055761218070983887e-02,-5.495782941579818726e-02
6.229630485177040100e-02,-5.780465155839920044e-02,3.016231209039688110e-02,1.138519030064344406e-02,1.253983229398727417e-01,-3.700456023216247559e-01,4.135359451174736023e-02,2.239113748073577881e-01,4.135359451174736023e-02,-3.700456023216247559e-01,1.253983229398727417e-01,1.138519030064344406e-02,3.016231209039688110e-02,-5.780465155839920044e-02,6.229630485177040100e-02
-2.387028187513351440e-01
-3.414039313793182373e-02,-2.525824680924415588e-02,-2.406502701342105865e-02,7.218623906373977661e-02,-1.511445492506027222e-01,2.759024314582347870e-02,5.328226089477539062e-01,1.755245327949523926e-01,5.328226089477539062e-01,2.759024314582347870e-02,-1.511445492506027222e-01,7.218623906373977661e-02,-2.406502701342105865e-02,-2.525824680924415588e-02,-3.414039313793182373e-02
1.289819329977035522e-01,-3.583112731575965881e-02,-1.156619470566511154e-02,-3.605220839381217957e-02,1.224969327449798584e-01,-3.600945770740509033e-01,5.160258710384368896e-02,2.394455671310424805e-01,5.160258710384368896e-02,-3.600945770740509033e-01,1.224969327449798584e-01,-3.605220839381217957e-02,-1.156619470566511154e-02,-3.583112731575965881e-02,1.289819329977035522e-01
-2.408293187618255615e-01
-4.224583506584167480e-02,1.969338394701480865e-02,7.630947511643171310e-03,5.618345364928245544e-02,-1.722312420606613159e-01,1.355665549635887146e-02,5.362966060638427734e-01,1.789103448390960693e-01,5.362966060638427734e-01,1.355665549635887146e-02,-1.722312420606613159e-01,5.618345364928245544e-02,7.630947511643171310e-03,1.969338394701480865e-02,-4.224583506584167480e-02
7.453791797161102295e-02,-6.171113625168800354e-02,2.003023773431777954e-02,1.106535550206899643e-03,1.281015276908874512e-01,-3.655526041984558105e-01,3.424011543393135071e-02,2.347535938024520874e-01,3.424011543393135071e-02,-3.655526041984558105e-01,1.281015276908874512e-01,1.106535550206899643e-03,2.003023773431777954e-02,-6.171113625168800354e-02,7.453791797161102295e-02
-2.429620921611785889e-01
-4.417474567890167236e-02,6.755481660366058350e-02,3.610723838210105896e-02,4.369895160198211670e-02,-1.836651116609573364e-01,3.642259165644645691e-03,5.314506292343139648e-01,1.726116389036178589e-01,5.314506292343139648e-01,3.642259165644645691e-03,-1.836651116609573364e-01,4.369895160198211670e-02,3.610723838210105896e-02,6.755481660366058350e-02,-4.417474567890167236e-02
9.446325711905956268e-03,-7.760091125965118408e-02,5.858329311013221741e-02,2.636660821735858917e-02,1.266794651746749878e-01,-3.647022843360900879e-01,1.770392805337905884e-02,2.171843945980072021e-01,1.770392805337905884e-02,-3.647022843360900879e-01,1.266794651746749878e-01,2.636660821735858917e-02,5.858329311013221741e-02,-7.760091125965118408e-02,9.446325711905956268e-03
-2.451011240482330322e-01
-2.374636009335517883e-02,-2.525579184293746948e-02,-1.767238602042198181e-02,7.391224056482315063e-02,-1.391679495573043823e-01,1.036554016172885895e-02,5.311354994773864746e-01,1.728152334690093994e-01,5.311354994773864746e-01,1.036554016172885895e-02,-1.391679495573043823e-01,7.391224056482315063e-02,-1.767238602042198181e-02,-2.525579184293746948e-02,-2.374636009335517883e-02
1.324133723974227905e-01,-3.763533011078834534e-02,-1.466164179146289825e-02,-4.871893674135208130e-02,1.223949790000915527e-01,-3.523843288421630859e-01,4.079781100153923035e-02,2.516320049762725830e-01,4.079781100153923035e-02,-3.523843288421630859e-01,1.223949790000915527e-01,-4.871893674135208130e-02,-1.466164179146289825e-02,-3.763533011078834534e-02,1.324133723974227905e-01
-2.472463995218276978e-01
-3.525058925151824951e-02,-8.119316771626472473e-03,-5.332514643669128418e-03,6.006314978003501892e-02,-1.504909247159957886e-01,3.094015875831246376e-03,5.360545516014099121e-01,1.761230081319808960e-01,5.360545516014099121e-01,3.094015875831246376e-03,-1.504909247159957886e-01,6.006314978003501892e-02,-5.332514643669128418e-03,-8.119316771626472473e-03,-3.525058925151824951e-02
1.003284603357315063e-01,-5.266339704394340515e-02,5.223366897553205490e-03,-2.716092392802238464e-02,1.225461065769195557e-01,-3.594176769256591797e-01,2.789304219186306000e-02,2.548808455467224121e-01,2.789304219186306000e-02,-3.594176769256591797e-01,1.225461065769195557e-01,-2.716092392802238464e-02,5.223366897553205490e-03,-5.266339704394340515e-02,1.003284603357315063e-01
-2.493978887796401978e-01
-4.093846678733825684e-02,1.367616001516580582e-02,1.058826874941587448e-02,4.999496787786483765e-02,-1.593325883150100708e-01,-5.383806303143501282e-03,5.355611443519592285e-01,1.746292263269424438e-01,5.355611443519592285e-01,-5.383806303143501282e-03,-1.593325883150100708e-01,4.999496787786483765e-02,1.058826874941587448e-02,1.367616001516580582e-02,-4.093846678733825684e-02
6.749589741230010986e-02,-6.520963460206985474e-02,2.446356229484081268e-02,-6.108859088271856308e-03,1.265167593955993652e-01,-3.602733910083770752e-01,1.709016039967536926e-02,2.529563903808593750e-01,1.709016039967536926e-02,-3.602733910083770752e-01,1.265167593955993652e-01,-6.108859088271856308e-03,2.446356229484081268e-02,-6.520963460206985474e-02,6.749589741230010986e-02
-2.515555918216705322e-01
-3.999864310026168823e-02,3.187076374888420105e-02,2.404429204761981964e-02,4.665305465459823608e-02,-1.627539694309234619e-01,-1.486968155950307846e-02,5.321831703186035156e-01,1.720236837863922119e-01,5.321831703186035156e-01,-1.486968155950307846e-02,-1.627539694309234619e-01,4.665305465459823608e-02,2.404429204761981964e-02,3.187076374888420105e-02,-3.999864310026168823e-02
4.427839443087577820e-02,-7.316364347934722900e-02,3.921617940068244934e-02,7.476796861737966537e-03,1.313121318817138672e-01,-3.570514023303985596e-01,6.763476412743330002e-03,2.464530169963836670e-01,6.763476412743330002e-03,-3.570514023303985596e-01,1.313121318817138672e-01,7.476796861737966537e-03,3.921617940068244934e-02,-7.316364347934722900e-02,4.427839443087577820e-02
-2.537194788455963135e-01
-2.574995346367359161e-02,-8.714538067579269409e-03,-3.465882735326886177e-03,5.445647239685058594e-02,-1.417309641838073730e-01,-1.213647890836000443e-02,5.303591489791870117e-01,1.690730452537536621e-01,5.303591489791870117e-01,-1.213647890836000443e-02,-1.417309641838073730e-01,5.445647239685058594e-02,-3.465882735326886177e-03,-8.714538067579269409e-03,-2.574995346367359161e-02
9.440577030181884766e-02,-5.824942886829376221e-02,7.796007674187421799e-03,-2.557925507426261902e-02,1.269029676914215088e-01,-3.541985154151916504e-01,1.349066291004419327e-02,2.678698897361755371e-01,1.349066291004419327e-02,-3.541985154151916504e-01,1.269029676914215088e-01,-2.557925507426261902e-02,7.796007674187421799e-03,-5.824942886829376221e-02,9.440577030181884766e-02
-2.558895349502563477e-01
-3.292231634259223938e-02,1.447339169681072235e-02,1.380612980574369431e-02,4.724206030368804932e-02,-1.485770493745803833e-01,-2.046024985611438751e-02,5.304222106933593750e-01,1.695229709148406982e-01,5.304222106933593750e-01,-2.046024985611438751e-02,-1.485770493745803833e-01,4.724206030368804932e-02,1.380612980574369431e-02,1.447339169681072235e-02,-3.292231634259223938e-02
6.289559602737426758e-02,-6.884150207042694092e-02,2.831986732780933380e-02,-1.008285116404294968e-02,1.270242780447006226e-01,-3.513799607753753662e-01,4.499041009694337845e-03,2.587440013885498047e-01,4.499041009694337845e-03,-3.513799607753753662e-01,1.270242780447006226e-01,-1.008285116404294968e-02,2.831986732780933380e-02,-6.884150207042694092e-02,6.289559602737426758e-02
-2.580657303333282471e-01
-2.951812185347080231e-02,2.195311523973941803e-02,1.675372570753097534e-02,4.061936587095260620e-02,-1.496949940919876099e-01,-2.608305774629116058e-02,5.271885395050048828e-01,1.655221432447433472e-01,5.271885395050048828e-01,-2.608305774629116058e-02,-1.496949940919876099e-01,4.061936587095260620e-02,1.675372570753097534e-02,2.195311523973941803e-02,-2.951812185347080231e-02
4.714785143733024597e-02,-7.820687443017959595e-02,3.299019858241081238e-02,-4.223094787448644638e-03,1.274883300065994263e-01,-3.526642024517059326e-01,-6.073301192373037338e-03,2.586487531661987305e-01,-6.073301192373037338e-03,-3.526642024517059326e-01,1.274883300065994263e-01,-4.223094787448644638e-03,3.299019858241081238e-02,-7.820687443017959595e-02,4.714785143733024597e-02
-2.602480649948120117e-01
-3.386477753520011902e-02,5.172307416796684265e-02,3.485488519072532654e-02,3.062033094465732574e-02,-1.576615124940872192e-01,-3.493837267160415649e-02,5.205488801002502441e-01,1.580936312675476074e-01,5.205488801002502441e-01,-3.493837267160415649e-02,-1.576615124940872192e-01,3.062033094465732574e-02,3.485488519072532654e-02,5.172307416796684265e-02,-3.386477753520011902e-02
-2.340674400329589844e-03,-8.806428313255310059e-02,6.607457995414733887e-02,2.178805693984031677e-02,1.312507539987564087e-01,-3.509191870689392090e-01,-1.976999826729297638e-02,2.429306954145431519e-01,-1.976999826729297638e-02,-3.509191870689392090e-01,1.312507539987564087e-01,2.178805693984031677e-02,6.607457995414733887e-02,-8.806428313255310059e-02,-2.340674400329589844e-03
-2.624365389347076416e-01
-2.772566489875316620e-02,4.740713536739349365e-02,3.314115107059478760e-02,3.188436105847358704e-02,-1.512108445167541504e-01,-3.754667565226554871e-02,5.184335112571716309e-01,1.559973359107971191e-01,5.184335112571716309e-01,-3.754667565226554871e-02,-1.512108445167541504e-01,3.188436105847358704e-02,3.314115107059478760e-02,4.740713536739349365e-02,-2.772566489875316620e-02
5.462719593197107315e-03,-9.305688738822937012e-02,5.461941286921501160e-02,1.336193177849054337e-02,1.287639588117599487e-01,-3.499187231063842773e-01,-2.059872448444366455e-02,2.533860802650451660e-01,-2.059872448444366455e-02,-3.499187231063842773e-01,1.287639588117599487e-01,1.336193177849054337e-02,5.461941286921501160e-02,-9.305688738822937012e-02,5.462719593197107315e-03
-2.646310925483703613e-01
-2.636587619781494141e-02,5.485927220433950424e-03,1.402843371033668518e-02,4.307021945714950562e-02,-1.354549676179885864e-01,-3.737128525972366333e-02,5.249587893486022949e-01,1.642787456512451172e-01,5.249587893486022949e-01,-3.737128525972366333e-02,-1.354549676179885864e-01,4.307021945714950562e-02,1.402843371033668518e-02,5.485927220433950424e-03,-2.636587619781494141e-02
4.696592316031455994e-02,-8.538299053907394409e-02,2.611054293811321259e-02,-1.047527650371193886e-03,1.342867761850357056e-01,-3.502158820629119873e-01,-1.809950731694698334e-02,2.793299555778503418e-01,-1.809950731694698334e-02,-3.502158820629119873e-01,1.342867761850357056e-01,-1.047527650371193886e-03,2.611054293811321259e-02,-8.538299053907394409e-02,4.696592316031455994e-02
-2.668317258358001709e-01
-1.665081083774566650e-02,-2.626714669167995453e-02,1.212563598528504372e-03,6.031094864010810852e-02,-1.184629052877426147e-01,-3.958640992641448975e-02,5.332914590835571289e-01,1.766235083341598511e-01,5.332914590835571289e-01,-3.958640992641448975e-02,-1.184629052877426147e-01,6.031094864010810852e-02,1.212563598528504372e-03,-2.626714669167995453e-02,-1.665081083774566650e-02
8.290011435747146606e-02,-7.037691771984100342e-02,-8.913824567571282387e-04,-3.505206108093261719e-02,1.284503489732742310e-01,-3.437996804714202881e-01,-1.024376321583986282e-02,2.968429923057556152e-01,-1.024376321583986282e-02,-3.437996804714202881e-01,1.284503489732742310e-01,-3.505206108093261719e-02,-8.913824567571282387e-04,-7.037691771984100342e-02,8.290011435747146606e-02
-2.690384387969970703e-01
-3.784766793251037598e-02,-1.888916631287429482e-05,2.476552873849868774e-02,4.423522204160690308e-02,-1.393101215362548828e-01,-5.215204507112503052e-02,5.356286168098449707e-01,1.796731948852539062e-01,5.356286168098449707e-01,-5.215204507112503052e-02,-1.393101215362548828e-01,4.423522204160690308e-02,2.476552873849868774e-02,-1.888916631287429482e-05,-3.784766793251037598e-02
2.824863605201244354e-02,-8.685664087533950806e-02,3.005727753043174744e-02,-1.051083393394947052e-02,1.201228201389312744e-01,-3.538989126682281494e-01,-2.339770086109638214e-02,2.968508005142211914e-01,-2.339770086109638214e-02,-3.538989126682281494e-01,1.201228201389312744e-01,-1.051083393394947052e-02,3.005727753043174744e-02,-8.685664087533950806e-02,2.824863605201244354e-02
-2.712512016296386719e-01
4.306743294000625610e-02,-1.223590224981307983e-01,-9.612060338258743286e-02,8.206682652235031128e-02,-2.504821307957172394e-02,-7.555301766842603683e-03,5.193071365356445312e-01,1.553776115179061890e-01,5.193071365356445312e-01,-7.555301766842603683e-03,-2.504821307957172394e-02,8.206682652235031128e-02,-9.612060338258743286e-02,-1.223590224981307983e-01,4.306743294000625610e-02
1.730389147996902466e-01,4.474980384111404419e-02,-2.185011841356754303e-02,-1.210706457495689392e-01,1.286655962467193604e-01,-2.932946979999542236e-01,5.061892420053482056e-02,3.200502991676330566e-01,5.061892420053482056e-02,-2.932946979999542236e-01,1.286655962467193604e-01,-1.210706457495689392e-01,-2.185011841356754303e-02,4.474980384111404419e-02,1.730389147996902466e-01
-2.734699845314025879e-01
-3.831290453672409058e-02,1.381310448050498962e-02,4.172819852828979492e-02,3.962298110127449036e-02,-1.461091190576553345e-01,-6.707301735877990723e-02,5.401939749717712402e-01,1.886678934097290039e-01,5.401939749717712402e-01,-6.707301735877990723e-02,-1.461091190576553345e-01,3.962298110127449036e-02,4.172819852828979492e-02,1.381310448050498962e-02,-3.831290453672409058e-02
7.969226688146591187e-03,-9.344033896923065186e-02,4.293819144368171692e-02,6.138992030173540115e-04,1.198086515069007874e-01,-3.519338667392730713e-01,-3.323093801736831665e-02,3.021000921726226807e-01,-3.323093801736831665e-02,-3.519338667392730713e-01,1.198086515069007874e-01,6.138992030173540115e-04,4.293819144368171692e-02,-9.344033896923065186e-02,7.969226688146591187e-03
-2.756947875022888184e-01
-3.384053707122802734e-02,5.492548644542694092e-02,6.090307235717773438e-02,2.452205121517181396e-02,-1.580420136451721191e-01,-7.623247802257537842e-02,5.307570099830627441e-01,1.786495149135589600e-01,5.307570099830627441e-01,-7.623247802257537842e-02,-1.580420136451721191e-01,2.452205121517181396e-02,6.090307235717773438e-02,5.492548644542694092e-02,-3.384053707122802734e-02
-4.828862473368644714e-02,-1.002939864993095398e-01,8.574666082859039307e-02,3.095338679850101471e-02,1.211960092186927795e-01,-3.506993055343627930e-01,-5.494467914104461670e-02,2.742438614368438721e-01,-5.494467914104461670e-02,-3.506993055343627930e-01,1.211960092186927795e-01,3.095338679850101471e-02,8.574666082859039307e-02,-1.002939864993095398e-01,-4.828862473368644714e-02
-2.779256105422973633e-01
-3.916368260979652405e-02,-1.352392788976430893e-02,3.226933628320693970e-02,4.836871102452278137e-02,-1.298625171184539795e-01,-7.146933674812316895e-02,5.388836264610290527e-01,1.896593272686004639e-01,5.388836264610290527e-01,-7.146933674812316895e-02,-1.298625171184539795e-01,4.836871102452278137e-02,3.226933628320693970e-02,-1.352392788976430893e-02,-3.916368260979652405e-02
1.905822381377220154e-02,-9.079314023256301880e-02,2.941971085965633392e-02,-1.296762190759181976e-02,1.221672147512435913e-01,-3.432382345199584961e-01,-3.626889362931251526e-02,3.139770627021789551e-01,-3.626889362931251526e-02,-3.432382345199584961e-01,1.221672147512435913e-01,-1.296762190759181976e-02,2.941971085965633392e-02,-9.079314023256301880e-02,1.905822381377220154e-02
-2.801623940467834473e-01
-2.914367616176605225e-02,6.937215477228164673e-02,7.647687941789627075e-02,2.348293550312519073e-02,-1.587586551904678345e-01,-9.359731525182723999e-02,5.156051516532897949e-01,1.672463566064834595e-01,5.156051516532897949e-01,-9.359731525182723999e-02,-1.587586551904678345e-01,2.348293550312519073e-02,7.647687941789627075e-02,6.937215477228164673e-02,-2.914367616176605225e-02
-6.872709095478057861e-02,-9.854619950056076050e-02,1.057991534471511841e-01,4.486094042658805847e-02,1.221006661653518677e-01,-3.468820452690124512e-01,-6.607048213481903076e-02,2.748594582080841064e-01,-6.607048213481903076e-02,-3.468820452690124512e-01,1.221006661653518677e-01,4.486094042658805847e-02,1.057991534471511841e-01,-9.854619950056076050e-02,-6.872709095478057861e-02
-2.824051678180694580e-01
1.385702341794967651e-01,-7.923270016908645630e-02,-1.019001677632331848e-01,6.624265015125274658e-02,-5.585321690887212753e-03,-4.280721396207809448e-02,4.738311469554901123e-01,1.323943585157394409e-01,4.738311469554901123e-01,-4.280721396207809448e-02,-5.585321690887212753e-03,6.624265015125274658e-02,-1.019001677632331848e-01,-7.923270016908645630e-02,1.385702341794967651e-01
8.392335474491119385e-02,9.334359318017959595e-02,5.100782029330730438e-03,-1.585572659969329834e-01,1.028453856706619263e-01,-2.756010293960571289e-01,6.101919710636138916e-02,3.221785426139831543e-01,6.101919710636138916e-02,-2.756010293960571289e-01,1.028453856706619263e-01,-1.585572659969329834e-01,5.100782029330730438e-03,9.334359318017959595e-02,8.392335474491119385e-02
-2.846538722515106201e-01
-1.724331825971603394e-02,-7.312435656785964966e-02,1.318923779763281345e-03,7.856421172618865967e-02,-8.183944225311279297e-02,-7.432023435831069946e-02,5.348790884017944336e-01,1.944788843393325806e-01,5.348790884017944336e-01,-7.432023435831069946e-02,-8.183944225311279297e-02,7.856421172618865967e-02,1.318923779763281345e-03,-7.312435656785964966e-02,-1.724331825971603394e-02
8.088983595371246338e-02,-4.393829405307769775e-02,-9.158198721706867218e-03,-6.007621809840202332e-02,1.490276753902435303e-01,-2.926152646541595459e-01,-2.433489821851253510e-02,3.128192722797393799e-01,-2.433489821851253510e-02,-2.926152646541595459e-01,1.490276753902435303e-01,-6.007621809840202332e-02,-9.158198721706867218e-03,-4.393829405307769775e-02,8.088983595371246338e-02
-2.869085371494293213e-01
-3.267210721969604492e-02,-8.686500368639826775e-04,4.262549802660942078e-02,3.110744059085845947e-02,-1.296079158782958984e-01,-8.210072666406631470e-02,5.358230471611022949e-01,1.885718852281570435e-01,5.358230471611022949e-01,-8.210072666406631470e-02,-1.296079158782958984e-01,3.110744059085845947e-02,4.262549802660942078e-02,-8.686500368639826775e-04,-3.267210721969604492e-02
-4.328439943492412567e-03,-8.266089111566543579e-02,4.959244653582572937e-02,-9.501777589321136475e-03,1.163648664951324463e-01,-3.353848159313201904e-01,-6.307937204837799072e-02,3.096646368503570557e-01,-6.307937204837799072e-02,-3.353848159313201904e-01,1.163648664951324463e-01,-9.501777589321136475e-03,4.959244653582572937e-02,-8.266089111566543579e-02,-4.328439943492412567e-03
-2.891691029071807861e-01
-8.002648130059242249e-03,-7.325779646635055542e-02,-5.823866929858922958e-03,6.359696388244628906e-02,-7.178570330142974854e-02,-6.149965524673461914e-02,5.459501743316650391e-01,1.989971697330474854e-01,5.459501743316650391e-01,-6.149965524673461914e-02,-7.178570330142974854e-02,6.359696388244628906e-02,-5.823866929858922958e-03,-7.325779646635055542e-02,-8.002648130059242249e-03
9.500785917043685913e-02,-2.921422570943832397e-02,-5.385192576795816422e-03,-6.942153722047805786e-02,1.409408152103424072e-01,-2.893049418926239014e-01,-3.656397759914398193e-02,3.133123517036437988e-01,-3.656397759914398193e-02,-2.893049418926239014e-01,1.409408152103424072e-01,-6.942153722047805786e-02,-5.385192576795816422e-03,-2.921422570943832397e-02,9.500785917043685913e-02
-2.914355695247650146e-01
-2.751898765563964844e-02,-3.405226161703467369e-03,3.757753595709800720e-02,2.096441946923732758e-02,-1.180526465177536011e-01,-7.004705071449279785e-02,5.494064688682556152e-01,1.993448138236999512e-01,5.494064688682556152e-01,-7.004705071449279785e-02,-1.180526465177536011e-01,2.096441946923732758e-02,3.757753595709800720e-02,-3.405226161703467369e-03,-2.751898765563964844e-02
8.665834553539752960e-03,-6.997890770435333252e-02,5.129251256585121155e-02,-1.964268460869789124e-02,1.129881516098976135e-01,-3.237684369087219238e-01,-7.698900997638702393e-02,2.935419082641601562e-01,-7.698900997638702393e-02,-3.237684369087219238e-01,1.129881516098976135e-01,-1.964268460869789124e-02,5.129251256585121155e-02,-6.997890770435333252e-02,8.665834553539752960e-03
-2.937079370021820068e-01
-2.423239685595035553e-02,4.331129789352416992e-02,5.744430050253868103e-02,-1.718667917884886265e-03,-1.333601176738739014e-01,-7.457000762224197388e-02,5.400809049606323242e-01,1.886148005723953247e-01,5.400809049606323242e-01,-7.457000762224197388e-02,-1.333601176738739014e-01,-1.718667917884886265e-03,5.744430050253868103e-02,4.331129789352416992e-02,-2.423239685595035553e-02
-5.589076504111289978e-02,-6.842026114463806152e-02,1.135196164250373840e-01,2.067392691969871521e-02,1.101527363061904907e-01,-3.297944068908691406e-01,-1.194905042648315430e-01,2.389222681522369385e-01,-1.194905042648315430e-01,-3.297944068908691406e-01,1.101527363061904907e-01,2.067392691969871521e-02,1.135196164250373840e-01,-6.842026114463806152e-02,-5.589076504111289978e-02
-2.959862053394317627e-01
-2.111126109957695007e-02,3.251030808314681053e-03,3.945529088377952576e-02,9.946134872734546661e-03,-1.164353042840957642e-01,-7.476920634508132935e-02,5.414289236068725586e-01,1.927832216024398804e-01,5.414289236068725586e-01,-7.476920634508132935e-02,-1.164353042840957642e-01,9.946134872734546661e-03,3.945529088377952576e-02,3.251030808314681053e-03,-2.111126109957695007e-02
4.753196146339178085e-03,-6.792473793029785156e-02,6.033757701516151428e-02,-2.362806722521781921e-02,1.050611436367034912e-01,-3.204559981822967529e-01,-9.612273424863815308e-02,2.786271572113037109e-01,-9.612273424863815308e-02,-3.204559981822967529e-01,1.050611436367034912e-01,-2.362806722521781921e-02,6.033757701516151428e-02,-6.792473793029785156e-02,4.753196146339178085e-03
-2.982703149318695068e-01
-1.562116853892803192e-02,2.249611169099807739e-02,4.678884893655776978e-02,-1.724982634186744690e-03,-1.216973662376403809e-01,-8.124610036611557007e-02,5.262484550476074219e-01,1.774176955223083496e-01,5.262484550476074219e-01,-8.124610036611557007e-02,-1.216973662376403809e-01,-1.724982634186744690e-03,4.678884893655776978e-02,2.249611169099807739e-02,-1.562116853892803192e-02
-2.404825016856193542e-02,-6.901317834854125977e-02,8.969663083553314209e-02,2.081779763102531433e-03,1.062418147921562195e-01,-3.284651339054107666e-01,-1.226706504821777344e-01,2.604752480983734131e-01,-1.226706504821777344e-01,-3.284651339054107666e-01,1.062418147921562195e-01,2.081779763102531433e-03,8.969663083553314209e-02,-6.901317834854125977e-02,-2.404825016856193542e-02
-3.005602359771728516e-01
-2.478485740721225739e-02,-1.318393554538488388e-02,2.890441752970218658e-02,5.397671367973089218e-03,-1.028386056423187256e-01,-7.430935651063919067e-02,5.272961258888244629e-01,1.782713383436203003e-01,5.272961258888244629e-01,-7.430935651063919067e-02,-1.028386056423187256e-01,5.397671367973089218e-03,2.890441752970218658e-02,-1.318393554538488388e-02,-2.478485740721225739e-02
8.455134928226470947e-03,-7.070043683052062988e-02,5.394694581627845764e-02,-2.341217175126075745e-02,1.044725105166435242e-01,-3.280746042728424072e-01,-1.210278794169425964e-01,2.856440544128417969e-01,-1.210278794169425964e-01,-3.280746042728424072e-01,1.044725105166435242e-01,-2.341217175126075745e-02,5.394694581627845764e-02,-7.070043683052062988e-02,8.455134928226470947e-03
-3.028560280799865723e-01
-5.776620935648679733e-03,-9.459148347377777100e-02,-2.070716582238674164e-02,4.927831515669822693e-02,-3.281293809413909912e-02,-5.418739467859268188e-02,5.311055779457092285e-01,1.830839514732360840e-01,5.311055779457092285e-01,-5.418739467859268188e-02,-3.281293809413909912e-02,4.927831515669822693e-02,-2.070716582238674164e-02,-9.459148347377777100e-02,-5.776620935648679733e-03
1.197703629732131958e-01,-3.010364435613155365e-02,-3.788269683718681335e-02,-1.088421344757080078e-01,1.319393813610076904e-01,-2.747083306312561035e-01,-9.019542485475540161e-02,3.022675514221191406e-01,-9.019542485475540161e-02,-2.747083306312561035e-01,1.319393813610076904e-01,-1.088421344757080078e-01,-3.788269683718681335e-02,-3.010364435613155365e-02,1.197703629732131958e-01
-3.051576316356658936e-01
-1.514287758618593216e-02,5.134376138448715210e-02,6.541630625724792480e-02,-1.892409101128578186e-02,-1.275719702243804932e-01,-9.146093577146530151e-02,5.190052986145019531e-01,1.736288964748382568e-01,5.190052986145019531e-01,-9.146093577146530151e-02,-1.275719702243804932e-01,-1.892409101128578186e-02,6.541630625724792480e-02,5.134376138448715210e-02,-1.514287758618593216e-02
-3.602537885308265686e-02,-5.863290652632713318e-02,1.089467257261276245e-01,1.427913643419742584e-02,1.149553135037422180e-01,-3.186666369438171387e-01,-1.559250354766845703e-01,2.321953475475311279e-01,-1.559250354766845703e-01,-3.186666369438171387e-01,1.149553135037422180e-01,1.427913643419742584e-02,1.089467257261276245e-01,-5.863290652632713318e-02,-3.602537885308265686e-02
-3.074650168418884277e-01
-2.595164999365806580e-02,4.751803725957870483e-02,6.455335021018981934e-02,-2.200282551348209381e-02,-1.219457909464836121e-01,-8.954072743654251099e-02,5.166385769844055176e-01,1.711725592613220215e-01,5.166385769844055176e-01,-8.954072743654251099e-02,-1.219457909464836121e-01,-2.200282551348209381e-02,6.455335021018981934e-02,4.751803725957870483e-02,-2.595164999365806580e-02
-3.880526125431060791e-02,-5.940884351730346680e-02,1.061881333589553833e-01,3.581896657124161720e-03,1.097575798630714417e-01,-3.137552440166473389e-01,-1.622203439474105835e-01,2.247887700796127319e-01,-1.622203439474105835e-01,-3.137552440166473389e-01,1.097575798630714417e-01,3.581896657124161720e-03,1.061881333589553833e-01,-5.940884351730346680e-02,-3.880526125431060791e-02
-3.097782135009765625e-01
-4.904241487383842468e-02,-2.480260655283927917e-02,3.426781296730041504e-02,1.080185873433947563e-03,-8.698765188455581665e-02,-7.623647153377532959e-02,5.254920721054077148e-01,1.814510226249694824e-01,5.254920721054077148e-01,-7.623647153377532959e-02,-8.698765188455581665e-02,1.080185873433947563e-03,3.426781296730041504e-02,-2.480260655283927917e-02,-4.904241487383842468e-02
3.579061850905418396e-02,-7.015024125576019287e-02,2.054547891020774841e-02,-5.553669482469558716e-02,1.063125208020210266e-01,-3.088969886302947998e-01,-1.425726115703582764e-01,2.805294394493103027e-01,-1.425726115703582764e-01,-3.088969886302947998e-01,1.063125208020210266e-01,-5.553669482469558716e-02,2.054547891020774841e-02,-7.015024125576019287e-02,3.579061850905418396e-02
-3.120971620082855225e-01
-3.040927276015281677e-02,6.248051300644874573e-02,8.040552586317062378e-02,-3.019458241760730743e-02,-1.312118023633956909e-01,-1.003229767084121704e-01,5.159335136413574219e-01,1.756545752286911011e-01,5.159335136413574219e-01,-1.003229767084121704e-01,-1.312118023633956909e-01,-3.019458241760730743e-02,8.040552586317062378e-02,6.248051300644874573e-02,-3.040927276015281677e-02
-1.621953211724758148e-02,-5.623286217451095581e-02,8.341663330793380737e-02,-1.693093776702880859e-02,1.102086603641510010e-01,-2.990252673625946045e-01,-1.530275791883468628e-01,2.386970818042755127e-01,-1.530275791883468628e-01,-2.990252673625946045e-01,1.102086603641510010e-01,-1.693093776702880859e-02,8.341663330793380737e-02,-5.623286217451095581e-02,-1.621953211724758148e-02
-3.144218921661376953e-01
9.817663580179214478e-02,-9.372354298830032349e-02,-1.015406847000122070e-01,1.694124937057495117e-02,5.474537983536720276e-02,-1.297210250049829483e-02,4.703387916088104248e-01,1.248937770724296570e-01,4.703387916088104248e-01,-1.297210250049829483e-02,5.474537983536720276e-02,1.694124937057495117e-02,-1.015406847000122070e-01,-9.372354298830032349e-02,9.817663580179214478e-02
6.288929283618927002e-02,4.265466332435607910e-02,-1.147225266322493553e-03,-1.316817253828048706e-01,1.053354069590568542e-01,-2.674297690391540527e-01,-4.278161376714706421e-02,3.890868127346038818e-01,-4.278161376714706421e-02,-2.674297690391540527e-01,1.053354069590568542e-01,-1.316817253828048706e-01,-1.147225266322493553e-03,4.265466332435607910e-02,6.288929283618927002e-02
-3.167523443698883057e-01
-6.213779374957084656e-02,2.400656975805759430e-02,6.941431015729904175e-02,-1.928252726793289185e-02,-1.040352433919906616e-01,-8.801364898681640625e-02,5.247905254364013672e-01,1.855221390724182129e-01,5.247905254364013672e-01,-8.801364898681640625e-02,-1.040352433919906616e-01,-1.928252726793289185e-02,6.941431015729904175e-02,2.400656975805759430e-02,-6.213779374957084656e-02
9.989634156227111816e-03,-5.522430688142776489e-02,5.143956840038299561e-02,-3.117229789495468140e-02,1.232447773218154907e-01,-2.906364500522613525e-01,-1.577746272087097168e-01,2.598654031753540039e-01,-1.577746272087097168e-01,-2.906364500522613525e-01,1.232447773218154907e-01,-3.117229789495468140e-02,5.143956840038299561e-02,-5.522430688142776489e-02,9.989634156227111816e-03
-3.190885186195373535e-01
-5.562571808695793152e-02,2.941487357020378113e-02,7.086766511201858521e-02,-2.105553634464740753e-02,-1.047757491469383240e-01,-9.731580317020416260e-02,5.153417587280273438e-01,1.807331889867782593e-01,5.153417587280273438e-01,-9.731580317020416260e-02,-1.047757491469383240e-01,-2.105553634464740753e-02,7.086766511201858521e-02,2.941487357020378113e-02,-5.562571808695793152e-02
-6.481802091002464294e-03,-5.040520802140235901e-02,6.394222378730773926e-02,-1.636461354792118073e-02,1.269969791173934937e-01,-3.003583848476409912e-01,-1.817277818918228149e-01,2.513035535812377930e-01,-1.817277818918228149e-01,-3.003583848476409912e-01,1.269969791173934937e-01,-1.636461354792118073e-02,6.394222378730773926e-02,-5.040520802140235901e-02,-6.481802091002464294e-03
-3.214304149150848389e-01
-6.736420840024948120e-02,-1.694756373763084412e-02,4.779126867651939392e-02,-7.984092459082603455e-03,-7.972073554992675781e-02,-8.893132954835891724e-02,5.168057084083557129e-01,1.851805597543716431e-01,5.168057084083557129e-01,-8.893132954835891724e-02,-7.972073554992675781e-02,-7.984092459082603455e-03,4.779126867651939392e-02,-1.694756373763084412e-02,-6.736420840024948120e-02
1.887759752571582794e-02,-5.564597994089126587e-02,2.362319082021713257e-02,-4.237634316086769104e-02,1.242090165615081787e-01,-3.017536401748657227e-01,-1.741609722375869751e-01,2.885259091854095459e-01,-1.741609722375869751e-01,-3.017536401748657227e-01,1.242090165615081787e-01,-4.237634316086769104e-02,2.362319082021713257e-02,-5.564597994089126587e-02,1.887759752571582794e-02
-3.237780332565307617e-01
-6.377589702606201172e-02,-3.942131623625755310e-02,3.713120892643928528e-02,9.530200622975826263e-03,-5.905571207404136658e-02,-9.157082438468933105e-02,5.115962624549865723e-01,1.877709925174713135e-01,5.115962624549865723e-01,-9.157082438468933105e-02,-5.905571207404136658e-02,9.530200622975826263e-03,3.713120892643928528e-02,-3.942131623625755310e-02,-6.377589702606201172e-02
5.150674283504486084e-02,-6.239861994981765747e-02,-2.707458660006523132e-02,-6.795950978994369507e-02,1.387984752655029297e-01,-2.875442206859588623e-01,-1.646123081445693970e-01,3.109411895275115967e-01,-1.646123081445693970e-01,-2.875442206859588623e-01,1.387984752655029297e-01,-6.795950978994369507e-02,-2.707458660006523132e-02,-6.239861994981765747e-02,5.150674283504486084e-02
-3.261313140392303467e-01
-4.777542874217033386e-02,1.138584967702627182e-02,6.664726138114929199e-02,-5.000441800802946091e-03,-8.678596466779708862e-02,-1.224929764866828918e-01,4.877619445323944092e-01,1.715575307607650757e-01,4.877619445323944092e-01,-1.224929764866828918e-01,-8.678596466779708862e-02,-5.000441800802946091e-03,6.664726138114929199e-02,1.138584967702627182e-02,-4.777542874217033386e-02
-2.280614525079727173e-02,-6.976655125617980957e-02,6.225742772221565247e-02,4.310661926865577698e-02,1.545600891113281250e-01,-3.430664539337158203e-01,-2.121131569147109985e-01,3.376268446445465088e-01,-2.121131569147109985e-01,-3.430664539337158203e-01,1.545600891113281250e-01,4.310661926865577698e-02,6.225742772221565247e-02,-6.976655125617980957e-02,-2.280614525079727173e-02
-3.284902870655059814e-01
1.476092785596847534e-01,-8.806708455085754395e-02,-7.617265917360782623e-03,1.551308017224073410e-02,5.539745837450027466e-02,-1.527678221464157104e-01,1.961596161127090454e-01,6.579260230064392090e-01,1.961596161127090454e-01,-1.527678221464157104e-01,5.539745837450027466e-02,1.551308017224073410e-02,-7.617265917360782623e-03,-8.806708455085754395e-02,1.476092785596847534e-01
1.205870136618614197e-01,2.160911820828914642e-02,-7.881615310907363892e-02,2.139174938201904297e-02,4.994539543986320496e-02,-6.600358337163925171e-02,-2.784686982631683350e-01,6.892015933990478516e-01,-2.784686982631683350e-01,-6.600358337163925171e-02,4.994539543986320496e-02,2.139174938201904297e-02,-7.881615310907363892e-02,2.160911820828914642e-02,1.205870136618614197e-01
-0.000000000000000000e+00
