1.735540330410003662e-01,-2.848909795284271240e-01,-5.532488226890563965e-03,2.318320274353027344e-01,1.679209619760513306e-01,1.047076210379600525e-01,1.240652799606323242e-01,1.047076210379600525e-01,1.679209619760513306e-01,2.318320274353027344e-01,-5.532488226890563965e-03,-2.848909795284271240e-01,1.735540330410003662e-01
3.142169713973999023e-01,3.452146425843238831e-02,-1.821724921464920044e-01,-1.681097000837326050e-01,1.031169518828392029e-01,7.813534140586853027e-02,1.444436162710189819e-01,7.813534140586853027e-02,1.031169518828392029e-01,-1.681097000837326050e-01,-1.821724921464920044e-01,3.452146425843238831e-02,3.142169713973999023e-01
-3.271071612834930420e-01
-1.028349846601486206e-01,1.995957344770431519e-01,1.410787701606750488e-01,1.156205534934997559e-01,1.089289039373397827e-01,1.766331046819686890e-01,1.308877021074295044e-01,1.766331046819686890e-01,1.089289039373397827e-01,1.156205534934997559e-01,1.410787701606750488e-01,1.995957344770431519e-01,-1.028349846601486206e-01
-4.835502058267593384e-02,-2.591984868049621582e-01,-2.578859589993953705e-02,-1.180008053779602051e-03,-3.405217826366424561e-02,5.132114142179489136e-02,1.651939302682876587e-01,5.132114142179489136e-02,-3.405217826366424561e-02,-1.180008053779602051e-03,-2.578859589993953705e-02,-2.591984868049621582e-01,-4.835502058267593384e-02
-4.067060351371765137e-01
-1.180663481354713440e-01,9.080202318727970123e-03,9.787725657224655151e-02,1.486168354749679565e-01,2.084821462631225586e-01,1.496976912021636963e-01,1.042122468352317810e-01,1.496976912021636963e-01,2.084821462631225586e-01,1.486168354749679565e-01,9.787725657224655151e-02,9.080202318727970123e-03,-1.180663481354713440e-01
-3.112316131591796875e-02,-2.942179143428802490e-01,-9.683556854724884033e-02,9.577570855617523193e-02,-2.624202892184257507e-02,9.033147245645523071e-02,1.435126662254333496e-01,9.033147245645523071e-02,-2.624202892184257507e-02,9.577570855617523193e-02,-9.683556854724884033e-02,-2.942179143428802490e-01,-3.112316131591796875e-02
-4.918165504932403564e-01
-1.737593114376068115e-01,-1.163811907172203064e-01,1.095307469367980957e-01,1.975344866514205933e-01,1.246578395366668701e-01,1.334587931632995605e-01,1.223926544189453125e-01,1.334587931632995605e-01,1.246578395366668701e-01,1.975344866514205933e-01,1.095307469367980957e-01,-1.163811907172203064e-01,-1.737593114376068115e-01
8.564329147338867188e-02,-3.028064072132110596e-01,-7.752224802970886230e-02,5.171043425798416138e-02,1.514623686671257019e-02,5.296109989285469055e-02,1.793045699596405029e-01,5.296109989285469055e-02,1.514623686671257019e-02,5.171043425798416138e-02,-7.752224802970886230e-02,-3.028064072132110596e-01,8.564329147338867188e-02
-5.821056365966796875e-01
-1.304620951414108276e-01,-2.715512812137603760e-01,1.301871389150619507e-01,1.913312524557113647e-01,1.536362171173095703e-01,9.101554751396179199e-02,1.761722713708877563e-01,9.101554751396179199e-02,1.536362171173095703e-01,1.913312524557113647e-01,1.301871389150619507e-01,-2.715512812137603760e-01,-1.304620951414108276e-01
1.511669605970382690e-01,-1.951936036348342896e-01,-1.619169563055038452e-01,1.709242723882198334e-02,2.930776029825210571e-02,1.009673625230789185e-01,1.482083201408386230e-01,1.009673625230789185e-01,2.930776029825210571e-02,1.709242723882198334e-02,-1.619169563055038452e-01,-1.951936036348342896e-01,1.511669605970382690e-01
-6.772937774658203125e-01
-1.093436479568481445e-01,-2.756432890892028809e-01,5.099258944392204285e-02,2.422779500484466553e-01,1.262402832508087158e-01,1.243469938635826111e-01,1.345933973789215088e-01,1.243469938635826111e-01,1.262402832508087158e-01,2.422779500484466553e-01,5.099258944392204285e-02,-2.756432890892028809e-01,-1.093436479568481445e-01
2.023813873529434204e-01,-9.114620834589004517e-02,-2.191045284271240234e-01,-1.170616503804922104e-02,4.405567049980163574e-02,1.416883021593093872e-01,1.253934204578399658e-01,1.416883021593093872e-01,4.405567049980163574e-02,-1.170616503804922104e-02,-2.191045284271240234e-01,-9.114620834589004517e-02,2.023813873529434204e-01
-7.771421670913696289e-01
-3.327365219593048096e-02,-2.799266278743743896e-01,2.709052059799432755e-03,2.691951990127563477e-01,1.207511797547340393e-01,1.299342811107635498e-01,1.015504971146583557e-01,1.299342811107635498e-01,1.207511797547340393e-01,2.691951990127563477e-01,2.709052059799432755e-03,-2.799266278743743896e-01,-3.327365219593048096e-02
3.082385063171386719e-01,-3.043589740991592407e-02,-2.022206634283065796e-01,-1.294133514165878296e-01,5.609600618481636047e-02,1.239977553486824036e-01,1.775628626346588135e-01,1.239977553486824036e-01,5.609600618481636047e-02,-1.294133514165878296e-01,-2.022206634283065796e-01,-3.043589740991592407e-02,3.082385063171386719e-01
-8.814436793327331543e-01
1.429248154163360596e-01,-3.132714629173278809e-01,-2.663733437657356262e-02,2.192567437887191772e-01,1.858410835266113281e-01,1.261505037546157837e-01,1.422404050827026367e-01,1.261505037546157837e-01,1.858410835266113281e-01,2.192567437887191772e-01,-2.663733437657356262e-02,-3.132714629173278809e-01,1.429248154163360596e-01
3.136070072650909424e-01,2.762491069734096527e-02,-1.958613693714141846e-01,-1.833205074071884155e-01,8.678597956895828247e-02,7.553867995738983154e-02,1.450465619564056396e-01,7.553867995738983154e-02,8.678597956895828247e-02,-1.833205074071884155e-01,-1.958613693714141846e-01,2.762491069734096527e-02,3.136070072650909424e-01
-9.900165200233459473e-01
2.708931565284729004e-01,-3.169901371002197266e-01,-5.546998977661132812e-02,1.645433902740478516e-01,2.447932362556457520e-01,1.175955608487129211e-01,1.673287302255630493e-01,1.175955608487129211e-01,2.447932362556457520e-01,1.645433902740478516e-01,-5.546998977661132812e-02,-3.169901371002197266e-01,2.708931565284729004e-01
2.269905805587768555e-01,1.383098214864730835e-01,-2.205745279788970947e-01,-1.853671520948410034e-01,7.807514816522598267e-02,1.225914061069488525e-01,1.363646239042282104e-01,1.225914061069488525e-01,7.807514816522598267e-02,-1.853671520948410034e-01,-2.205745279788970947e-01,1.383098214864730835e-01,2.269905805587768555e-01
-1.102699279785156250e+00
3.415673673152923584e-01,-2.530324757099151611e-01,-1.396428644657135010e-01,1.241054385900497437e-01,2.561389803886413574e-01,1.360053271055221558e-01,1.622574776411056519e-01,1.360053271055221558e-01,2.561389803886413574e-01,1.241054385900497437e-01,-1.396428644657135010e-01,-2.530324757099151611e-01,3.415673673152923584e-01
8.354807645082473755e-02,2.663755416870117188e-01,-2.442293465137481689e-01,-1.853982806205749512e-01,1.680228300392627716e-02,1.604671180248260498e-01,1.111840456724166870e-01,1.604671180248260498e-01,1.680228300392627716e-02,-1.853982806205749512e-01,-2.442293465137481689e-01,2.663755416870117188e-01,8.354807645082473755e-02
-1.219347834587097168e+00
3.194178044795989990e-01,-1.327809542417526245e-01,-2.168448716402053833e-01,1.341369301080703735e-01,2.477752566337585449e-01,1.795952469110488892e-01,1.403984576463699341e-01,1.795952469110488892e-01,2.477752566337585449e-01,1.341369301080703735e-01,-2.168448716402053833e-01,-1.327809542417526245e-01,3.194178044795989990e-01
-6.827598065137863159e-02,3.340164124965667725e-01,-2.484299689531326294e-01,-2.047732919454574585e-01,-2.761742286384105682e-02,1.756385713815689087e-01,1.028139963746070862e-01,1.756385713815689087e-01,-2.761742286384105682e-02,-2.047732919454574585e-01,-2.484299689531326294e-01,3.340164124965667725e-01,-6.827598065137863159e-02
-1.339831829071044922e+00
2.497618794441223145e-01,-1.246753963641822338e-03,-2.919636070728302002e-01,1.453221142292022705e-01,2.416596263647079468e-01,2.311030924320220947e-01,1.256477534770965576e-01,2.311030924320220947e-01,2.416596263647079468e-01,1.453221142292022705e-01,-2.919636070728302002e-01,-1.246753963641822338e-03,2.497618794441223145e-01
-1.634748280048370361e-01,3.628937005996704102e-01,-1.858942657709121704e-01,-2.272724360227584839e-01,-3.635507449507713318e-02,1.640272140502929688e-01,1.150633096694946289e-01,1.640272140502929688e-01,-3.635507449507713318e-02,-2.272724360227584839e-01,-1.858942657709121704e-01,3.628937005996704102e-01,-1.634748280048370361e-01
-1.464033246040344238e+00
1.583940535783767700e-01,1.164443567395210266e-01,-3.447737097740173340e-01,1.350816488265991211e-01,2.431103736162185669e-01,2.644453942775726318e-01,1.213911548256874084e-01,2.644453942775726318e-01,2.431103736162185669e-01,1.350816488265991211e-01,-3.447737097740173340e-01,1.164443567395210266e-01,1.583940535783767700e-01
-2.137499898672103882e-01,3.316467404365539551e-01,-1.010835170745849609e-01,-2.691375315189361572e-01,-3.082280047237873077e-02,1.349103599786758423e-01,1.430064886808395386e-01,1.349103599786758423e-01,-3.082280047237873077e-02,-2.691375315189361572e-01,-1.010835170745849609e-01,3.316467404365539551e-01,-2.137499898672103882e-01
-1.591844081878662109e+00
6.293754279613494873e-02,2.036046087741851807e-01,-3.665874898433685303e-01,9.556280076503753662e-02,2.526419460773468018e-01,2.779683768749237061e-01,1.341297626495361328e-01,2.779683768749237061e-01,2.526419460773468018e-01,9.556280076503753662e-02,-3.665874898433685303e-01,2.036046087741851807e-01,6.293754279613494873e-02
-2.308861315250396729e-01,2.670265138149261475e-01,2.772345906123518944e-03,-3.057454228401184082e-01,-1.076018903404474258e-02,1.198084875941276550e-01,1.875485777854919434e-01,1.198084875941276550e-01,-1.076018903404474258e-02,-3.057454228401184082e-01,2.772345906123518944e-03,2.670265138149261475e-01,-2.308861315250396729e-01
-1.723165392875671387e+00
-3.414586558938026428e-02,2.542373836040496826e-01,-3.486623764038085938e-01,5.023155361413955688e-02,2.847653031349182129e-01,2.775424122810363770e-01,1.549000889062881470e-01,2.775424122810363770e-01,2.847653031349182129e-01,5.023155361413955688e-02,-3.486623764038085938e-01,2.542373836040496826e-01,-3.414586558938026428e-02
-2.317627519369125366e-01,1.688822954893112183e-01,8.975841850042343140e-02,-3.389776945114135742e-01,-4.312716890126466751e-03,1.007463857531547546e-01,2.205279916524887085e-01,1.007463857531547546e-01,-4.312716890126466751e-03,-3.389776945114135742e-01,8.975841850042343140e-02,1.688822954893112183e-01,-2.317627519369125366e-01
-1.857905864715576172e+00
-1.823719292879104614e-01,2.784620523452758789e-01,-2.524921894073486328e-01,3.004776686429977417e-02,3.249744176864624023e-01,2.538340985774993896e-01,1.663813889026641846e-01,2.538340985774993896e-01,3.249744176864624023e-01,3.004776686429977417e-02,-2.524921894073486328e-01,2.784620523452758789e-01,-1.823719292879104614e-01
-2.466591298580169678e-01,8.974856697022914886e-03,1.354028433561325073e-01,-3.472460210323333740e-01,1.440202444791793823e-02,1.126684397459030151e-01,2.523725032806396484e-01,1.126684397459030151e-01,1.440202444791793823e-02,-3.472460210323333740e-01,1.354028433561325073e-01,8.974856697022914886e-03,-2.466591298580169678e-01
-1.995981097221374512e+00
-1.038933917880058289e-01,2.884555757045745850e-01,-2.583342790603637695e-01,-9.663202613592147827e-02,3.233116865158081055e-01,2.453840970993041992e-01,2.128016650676727295e-01,2.453840970993041992e-01,3.233116865158081055e-01,-9.663202613592147827e-02,-2.583342790603637695e-01,2.884555757045745850e-01,-1.038933917880058289e-01
-1.657054424285888672e-01,2.156778983771800995e-02,2.306013703346252441e-01,-3.617056906223297119e-01,-3.523233532905578613e-02,1.020740717649459839e-01,2.621912658214569092e-01,1.020740717649459839e-01,-3.523233532905578613e-02,-3.617056906223297119e-01,2.306013703346252441e-01,2.156778983771800995e-02,-1.657054424285888672e-01
-2.137312412261962891e+00
-2.532806694507598877e-01,2.668250799179077148e-01,-8.932955563068389893e-02,-6.294579803943634033e-02,3.668141365051269531e-01,2.067470997571945190e-01,2.034208327531814575e-01,2.067470997571945190e-01,3.668141365051269531e-01,-6.294579803943634033e-02,-8.932955563068389893e-02,2.668250799179077148e-01,-2.532806694507598877e-01
-2.107031494379043579e-01,-1.697060614824295044e-01,2.349990755319595337e-01,-3.013409972190856934e-01,-3.670626785606145859e-03,1.011172831058502197e-01,2.358231097459793091e-01,1.011172831058502197e-01,-3.670626785606145859e-03,-3.013409972190856934e-01,2.349990755319595337e-01,-1.697060614824295044e-01,-2.107031494379043579e-01
-2.281826257705688477e+00
-1.293992400169372559e-01,2.514005303382873535e-01,-1.275174617767333984e-01,-2.122636139392852783e-01,3.588823676109313965e-01,2.227326929569244385e-01,2.572561204433441162e-01,2.227326929569244385e-01,3.588823676109313965e-01,-2.122636139392852783e-01,-1.275174617767333984e-01,2.514005303382873535e-01,-1.293992400169372559e-01
-1.138495430350303650e-01,-9.257437288761138916e-02,2.885720729827880859e-01,-3.220454752445220947e-01,-1.083189770579338074e-01,1.225345283746719360e-01,2.558709383010864258e-01,1.225345283746719360e-01,-1.083189770579338074e-01,-3.220454752445220947e-01,2.885720729827880859e-01,-9.257437288761138916e-02,-1.138495430350303650e-01
-2.429454565048217773e+00
-7.124772667884826660e-02,2.370175421237945557e-01,-8.205960690975189209e-02,-2.731878161430358887e-01,3.579579591751098633e-01,2.195926904678344727e-01,2.719612717628479004e-01,2.195926904678344727e-01,3.579579591751098633e-01,-2.731878161430358887e-01,-8.205960690975189209e-02,2.370175421237945557e-01,-7.124772667884826660e-02
-9.193310141563415527e-02,-9.259972721338272095e-02,3.168766200542449951e-01,-2.846814095973968506e-01,-1.568481028079986572e-01,1.301867514848709106e-01,2.380034625530242920e-01,1.301867514848709106e-01,-1.568481028079986572e-01,-2.846814095973968506e-01,3.168766200542449951e-01,-9.259972721338272095e-02,-9.193310141563415527e-02
-2.580132961273193359e+00
-1.744897365570068359e-01,-2.738099694252014160e-01,9.969956427812576294e-02,1.846628934144973755e-01,1.726544797420501709e-01,1.330621838569641113e-01,1.774115711450576782e-01,1.330621838569641113e-01,1.726544797420501709e-01,1.846628934144973755e-01,9.969956427812576294e-02,-2.738099694252014160e-01,-1.744897365570068359e-01
1.063570752739906311e-01,-1.805554181337356567e-01,-2.039596140384674072e-01,-1.612144522368907928e-02,1.758683659136295319e-02,1.372736543416976929e-01,1.407518833875656128e-01,1.372736543416976929e-01,1.758683659136295319e-02,-1.612144522368907928e-02,-2.039596140384674072e-01,-1.805554181337356567e-01,1.063570752739906311e-01
-3.271071612834930420e-01
-1.314464956521987915e-01,1.482974886894226074e-01,2.042732685804367065e-01,1.687281876802444458e-01,1.228764057159423828e-01,1.545620709657669067e-01,1.225002184510231018e-01,1.545620709657669067e-01,1.228764057159423828e-01,1.687281876802444458e-01,2.042732685804367065e-01,1.482974886894226074e-01,-1.314464956521987915e-01
-6.226518750190734863e-02,-2.397933453321456909e-01,-5.457985401153564453e-02,-3.716690093278884888e-02,-2.460924722254276276e-02,1.158237159252166748e-01,2.093069553375244141e-01,1.158237159252166748e-01,-2.460924722254276276e-02,-3.716690093278884888e-02,-5.457985401153564453e-02,-2.397933453321456909e-01,-6.226518750190734863e-02
-4.067060351371765137e-01
-1.592690795660018921e-01,-2.863713540136814117e-02,1.495579779148101807e-01,1.964121609926223755e-01,2.140758633613586426e-01,1.481766551733016968e-01,1.168570965528488159e-01,1.481766551733016968e-01,2.140758633613586426e-01,1.964121609926223755e-01,1.495579779148101807e-01,-2.863713540136814117e-02,-1.592690795660018921e-01
-8.709325641393661499e-02,-3.132523298263549805e-01,-1.214497834444046021e-01,6.112264841794967651e-02,-1.663041859865188599e-02,1.232907846570014954e-01,1.542630940675735474e-01,1.232907846570014954e-01,-1.663041859865188599e-02,6.112264841794967651e-02,-1.214497834444046021e-01,-3.132523298263549805e-01,-8.709325641393661499e-02
-4.918165504932403564e-01
-2.159386128187179565e-01,-1.484100967645645142e-01,9.847416728734970093e-02,2.231512367725372314e-01,1.655248403549194336e-01,1.374012529850006104e-01,9.673856943845748901e-02,1.374012529850006104e-01,1.655248403549194336e-01,2.231512367725372314e-01,9.847416728734970093e-02,-1.484100967645645142e-01,-2.159386128187179565e-01
5.009673908352851868e-02,-2.890138924121856689e-01,-8.893823623657226562e-02,3.599330550059676170e-03,2.246022783219814301e-02,1.043352186679840088e-01,2.125382870435714722e-01,1.043352186679840088e-01,2.246022783219814301e-02,3.599330550059676170e-03,-8.893823623657226562e-02,-2.890138924121856689e-01,5.009673908352851868e-02
-5.821056365966796875e-01
-1.638904511928558350e-01,-2.768357098102569580e-01,1.369722187519073486e-01,2.095512300729751587e-01,1.929400712251663208e-01,1.099999248981475830e-01,1.659422516822814941e-01,1.099999248981475830e-01,1.929400712251663208e-01,2.095512300729751587e-01,1.369722187519073486e-01,-2.768357098102569580e-01,-1.638904511928558350e-01
1.595316678285598755e-01,-1.867692768573760986e-01,-2.020666152238845825e-01,-3.168223798274993896e-02,6.523105502128601074e-02,1.446659713983535767e-01,1.591233909130096436e-01,1.446659713983535767e-01,6.523105502128601074e-02,-3.168223798274993896e-02,-2.020666152238845825e-01,-1.867692768573760986e-01,1.595316678285598755e-01
-6.772937774658203125e-01
-1.629262268543243408e-01,-2.809043228626251221e-01,5.991013348102569580e-02,2.578661143779754639e-01,1.748505234718322754e-01,1.625501662492752075e-01,1.362814307212829590e-01,1.625501662492752075e-01,1.748505234718322754e-01,2.578661143779754639e-01,5.991013348102569580e-02,-2.809043228626251221e-01,-1.629262268543243408e-01
2.009537369012832642e-01,-7.783372700214385986e-02,-2.355829328298568726e-01,-6.688122451305389404e-02,2.543844282627105713e-02,1.833835691213607788e-01,1.645046770572662354e-01,1.833835691213607788e-01,2.543844282627105713e-02,-6.688122451305389404e-02,-2.355829328298568726e-01,-7.783372700214385986e-02,2.009537369012832642e-01
-7.771421670913696289e-01
-7.194566726684570312e-02,-2.942180037498474121e-01,-3.249143436551094055e-02,2.492749840021133423e-01,1.547417342662811279e-01,1.606498807668685913e-01,1.004540845751762390e-01,1.606498807668685913e-01,1.547417342662811279e-01,2.492749840021133423e-01,-3.249143436551094055e-02,-2.942180037498474121e-01,-7.194566726684570312e-02
3.181982934474945068e-01,-3.586814180016517639e-02,-2.185494452714920044e-01,-1.320987790822982788e-01,1.049060970544815063e-01,1.540723145008087158e-01,1.863272339105606079e-01,1.540723145008087158e-01,1.049060970544815063e-01,-1.320987790822982788e-01,-2.185494452714920044e-01,-3.586814180016517639e-02,3.181982934474945068e-01
-8.814436793327331543e-01
1.155550703406333923e-01,-3.211958110332489014e-01,-4.248896613717079163e-02,2.000162452459335327e-01,2.001017481088638306e-01,1.372685134410858154e-01,1.345386952161788940e-01,1.372685134410858154e-01,2.001017481088638306e-01,2.000162452459335327e-01,-4.248896613717079163e-02,-3.211958110332489014e-01,1.155550703406333923e-01
3.447915613651275635e-01,3.559019044041633606e-02,-2.037475109100341797e-01,-1.917152702808380127e-01,1.075672805309295654e-01,1.260868161916732788e-01,1.936122924089431763e-01,1.260868161916732788e-01,1.075672805309295654e-01,-1.917152702808380127e-01,-2.037475109100341797e-01,3.559019044041633606e-02,3.447915613651275635e-01
-9.900165200233459473e-01
2.824694216251373291e-01,-3.103778660297393799e-01,-6.602494418621063232e-02,1.525976806879043579e-01,2.532489001750946045e-01,1.210681945085525513e-01,1.597755849361419678e-01,1.210681945085525513e-01,2.532489001750946045e-01,1.525976806879043579e-01,-6.602494418621063232e-02,-3.103778660297393799e-01,2.824694216251373291e-01
2.534135580062866211e-01,1.485873311758041382e-01,-2.282003313302993774e-01,-1.997264176607131958e-01,7.180283218622207642e-02,1.451475322246551514e-01,1.641232371330261230e-01,1.451475322246551514e-01,7.180283218622207642e-02,-1.997264176607131958e-01,-2.282003313302993774e-01,1.485873311758041382e-01,2.534135580062866211e-01
-1.102699279785156250e+00
3.441957235336303711e-01,-2.463777512311935425e-01,-1.290929019451141357e-01,1.361280977725982666e-01,2.711552083492279053e-01,1.453434377908706665e-01,1.659488081932067871e-01,1.453434377908706665e-01,2.711552083492279053e-01,1.361280977725982666e-01,-1.290929019451141357e-01,-2.463777512311935425e-01,3.441957235336303711e-01
9.265322983264923096e-02,2.617351114749908447e-01,-2.517447769641876221e-01,-1.920258104801177979e-01,1.115684676915407181e-02,1.680632829666137695e-01,1.248854696750640869e-01,1.680632829666137695e-01,1.115684676915407181e-02,-1.920258104801177979e-01,-2.517447769641876221e-01,2.617351114749908447e-01,9.265322983264923096e-02
-1.219347834587097168e+00
3.261448442935943604e-01,-1.313024163246154785e-01,-2.115929573774337769e-01,1.322010904550552368e-01,2.454829216003417969e-01,1.820968240499496460e-01,1.457809954881668091e-01,1.820968240499496460e-01,2.454829216003417969e-01,1.322010904550552368e-01,-2.115929573774337769e-01,-1.313024163246154785e-01,3.261448442935943604e-01
-4.358818754553794861e-02,3.379175662994384766e-01,-2.535161972045898438e-01,-2.140070945024490356e-01,-4.236733540892601013e-02,1.742957383394241333e-01,1.105021834373474121e-01,1.742957383394241333e-01,-4.236733540892601013e-02,-2.140070945024490356e-01,-2.535161972045898438e-01,3.379175662994384766e-01,-4.358818754553794861e-02
-1.339831829071044922e+00
2.677828073501586914e-01,1.154121756553649902e-02,-2.880380153656005859e-01,1.433237195014953613e-01,2.414273172616958618e-01,2.339352071285247803e-01,1.300429999828338623e-01,2.339352071285247803e-01,2.414273172616958618e-01,1.433237195014953613e-01,-2.880380153656005859e-01,1.154121756553649902e-02,2.677828073501586914e-01
-1.645134389400482178e-01,3.608212471008300781e-01,-1.879791915416717529e-01,-2.332608699798583984e-01,-4.384679719805717468e-02,1.717312932014465332e-01,1.290545314550399780e-01,1.717312932014465332e-01,-4.384679719805717468e-02,-2.332608699798583984e-01,-1.879791915416717529e-01,3.608212471008300781e-01,-1.645134389400482178e-01
-1.464033246040344238e+00
1.698959320783615112e-01,1.227066963911056519e-01,-3.463886976242065430e-01,1.271462440490722656e-01,2.381512373685836792e-01,2.683025300502777100e-01,1.291991919279098511e-01,2.683025300502777100e-01,2.381512373685836792e-01,1.271462440490722656e-01,-3.463886976242065430e-01,1.227066963911056519e-01,1.698959320783615112e-01
-2.045467644929885864e-01,3.363361358642578125e-01,-9.954854100942611694e-02,-2.703603506088256836e-01,-2.850982174277305603e-02,1.521686464548110962e-01,1.608247756958007812e-01,1.521686464548110962e-01,-2.850982174277305603e-02,-2.703603506088256836e-01,-9.954854100942611694e-02,3.363361358642578125e-01,-2.045467644929885864e-01
-1.591844081878662109e+00
8.421871066093444824e-02,2.017081826925277710e-01,-3.751156628131866455e-01,9.391196817159652710e-02,2.570199072360992432e-01,2.832478582859039307e-01,1.387176215648651123e-01,2.832478582859039307e-01,2.570199072360992432e-01,9.391196817159652710e-02,-3.751156628131866455e-01,2.017081826925277710e-01,8.421871066093444824e-02
-2.181551456451416016e-01,2.761240899562835693e-01,-6.016419501975178719e-04,-3.155499696731567383e-01,-2.131762541830539703e-02,1.185158416628837585e-01,1.907388716936111450e-01,1.185158416628837585e-01,-2.131762541830539703e-02,-3.155499696731567383e-01,-6.016419501975178719e-04,2.761240899562835693e-01,-2.181551456451416016e-01
-1.723165392875671387e+00
-3.860913589596748352e-02,2.623170912265777588e-01,-3.416528105735778809e-01,5.152841657400131226e-02,2.861362397670745850e-01,2.806586027145385742e-01,1.584134399890899658e-01,2.806586027145385742e-01,2.861362397670745850e-01,5.152841657400131226e-02,-3.416528105735778809e-01,2.623170912265777588e-01,-3.860913589596748352e-02
-2.352791875600814819e-01,1.587275266647338867e-01,8.102344721555709839e-02,-3.459711670875549316e-01,-8.342572487890720367e-03,1.096564084291458130e-01,2.310705184936523438e-01,1.096564084291458130e-01,-8.342572487890720367e-03,-3.459711670875549316e-01,8.102344721555709839e-02,1.587275266647338867e-01,-2.352791875600814819e-01
-1.857905864715576172e+00
-5.937578529119491577e-02,2.880304753780364990e-01,-3.161267340183258057e-01,-2.904810756444931030e-02,3.008254170417785645e-01,2.643099427223205566e-01,1.868554353713989258e-01,2.643099427223205566e-01,3.008254170417785645e-01,-2.904810756444931030e-02,-3.161267340183258057e-01,2.880304753780364990e-01,-5.937578529119491577e-02
-1.939508914947509766e-01,1.005204543471336365e-01,1.716831326484680176e-01,-3.638755381107330322e-01,-1.805057935416698456e-02,1.024291217327117920e-01,2.543742656707763672e-01,1.024291217327117920e-01,-1.805057935416698456e-02,-3.638755381107330322e-01,1.716831326484680176e-01,1.005204543471336365e-01,-1.939508914947509766e-01
-1.995981097221374512e+00
-1.895178258419036865e-01,2.799308300018310547e-01,-2.138703763484954834e-01,-5.486425012350082397e-02,3.404812812805175781e-01,2.394468933343887329e-01,2.006007432937622070e-01,2.394468933343887329e-01,3.404812812805175781e-01,-5.486425012350082397e-02,-2.138703763484954834e-01,2.799308300018310547e-01,-1.895178258419036865e-01
-1.968319267034530640e-01,-4.544977098703384399e-02,1.996916830539703369e-01,-3.563812375068664551e-01,-1.809682883322238922e-02,1.157564893364906311e-01,2.691346704959869385e-01,1.157564893364906311e-01,-1.809682883322238922e-02,-3.563812375068664551e-01,1.996916830539703369e-01,-4.544977098703384399e-02,-1.968319267034530640e-01
-2.137312412261962891e+00
-1.121515780687332153e-01,2.790853381156921387e-01,-1.929137259721755981e-01,-1.591848731040954590e-01,3.429583609104156494e-01,2.301733195781707764e-01,2.368707209825515747e-01,2.301733195781707764e-01,3.429583609104156494e-01,-1.591848731040954590e-01,-1.929137259721755981e-01,2.790853381156921387e-01,-1.121515780687332153e-01
-1.363227218389511108e-01,-4.130854830145835876e-02,2.661873996257781982e-01,-3.537034690380096436e-01,-7.439351081848144531e-02,1.072287186980247498e-01,2.633396685123443604e-01,1.072287186980247498e-01,-7.439351081848144531e-02,-3.537034690380096436e-01,2.661873996257781982e-01,-4.130854830145835876e-02,-1.363227218389511108e-01
-2.281826257705688477e+00
-3.115097582340240479e-01,1.813879162073135376e-01,-1.981484005227684975e-03,-3.625082969665527344e-02,4.494176506996154785e-01,1.672800332307815552e-01,1.763477176427841187e-01,1.672800332307815552e-01,4.494176506996154785e-01,-3.625082969665527344e-02,-1.981484005227684975e-03,1.813879162073135376e-01,-3.115097582340240479e-01
-1.877834647893905640e-01,-3.138120174407958984e-01,2.099937945604324341e-01,-2.361263632774353027e-01,4.131961241364479065e-02,1.020645350217819214e-01,1.904299110174179077e-01,1.020645350217819214e-01,4.131961241364479065e-02,-2.361263632774353027e-01,2.099937945604324341e-01,-3.138120174407958984e-01,-1.877834647893905640e-01
-2.429454565048217773e+00
-7.883720099925994873e-02,2.343315929174423218e-01,-8.350714296102523804e-02,-2.740688025951385498e-01,3.581930100917816162e-01,2.215124219655990601e-01,2.744949758052825928e-01,2.215124219655990601e-01,3.581930100917816162e-01,-2.740688025951385498e-01,-8.350714296102523804e-02,2.343315929174423218e-01,-7.883720099925994873e-02
-9.391965717077255249e-02,-9.890492260456085205e-02,3.141785264015197754e-01,-2.843123376369476318e-01,-1.551729291677474976e-01,1.363514959812164307e-01,2.438450306653976440e-01,1.363514959812164307e-01,-1.551729291677474976e-01,-2.843123376369476318e-01,3.141785264015197754e-01,-9.890492260456085205e-02,-9.391965717077255249e-02
-2.580132961273193359e+00
-1.581786870956420898e-01,-2.862842381000518799e-01,1.119196116924285889e-01,2.173603624105453491e-01,1.873813420534133911e-01,1.194729432463645935e-01,1.572127044200897217e-01,1.194729432463645935e-01,1.873813420534133911e-01,2.173603624105453491e-01,1.119196116924285889e-01,-2.862842381000518799e-01,-1.581786870956420898e-01
1.622081547975540161e-01,-1.397511065006256104e-01,-2.175254970788955688e-01,-4.858452081680297852e-02,3.003544639796018600e-03,1.498099416494369507e-01,1.534771174192428589e-01,1.498099416494369507e-01,3.003544639796018600e-03,-4.858452081680297852e-02,-2.175254970788955688e-01,-1.397511065006256104e-01,1.622081547975540161e-01
-3.271071612834930420e-01
-7.200968265533447266e-02,2.173282802104949951e-01,1.140665411949157715e-01,1.458052545785903931e-01,1.839933991432189941e-01,1.750281155109405518e-01,9.000501781702041626e-02,1.750281155109405518e-01,1.839933991432189941e-01,1.458052545785903931e-01,1.140665411949157715e-01,2.173282802104949951e-01,-7.200968265533447266e-02
-8.899902552366256714e-02,-3.127096295356750488e-01,-1.093139573931694031e-01,1.585995033383369446e-02,4.934247583150863647e-02,1.049211099743843079e-01,1.588959693908691406e-01,1.049211099743843079e-01,4.934247583150863647e-02,1.585995033383369446e-02,-1.093139573931694031e-01,-3.127096295356750488e-01,-8.899902552366256714e-02
-4.067060351371765137e-01
-1.400436311960220337e-01,-1.268486492335796356e-02,9.897176921367645264e-02,1.922616660594940186e-01,2.646968960762023926e-01,1.325746923685073853e-01,5.396123975515365601e-02,1.325746923685073853e-01,2.646968960762023926e-01,1.922616660594940186e-01,9.897176921367645264e-02,-1.268486492335796356e-02,-1.400436311960220337e-01
-2.441534213721752167e-02,-2.930305600166320801e-01,-1.469825655221939087e-01,5.763627216219902039e-02,1.475270371884107590e-02,1.385369002819061279e-01,1.456169039011001587e-01,1.385369002819061279e-01,1.475270371884107590e-02,5.763627216219902039e-02,-1.469825655221939087e-01,-2.930305600166320801e-01,-2.441534213721752167e-02
-4.918165504932403564e-01
-2.280842959880828857e-01,-1.399723738431930542e-01,1.538402885198593140e-01,2.273750454187393188e-01,1.300698965787887573e-01,1.440451592206954956e-01,1.416341662406921387e-01,1.440451592206954956e-01,1.300698965787887573e-01,2.273750454187393188e-01,1.538402885198593140e-01,-1.399723738431930542e-01,-2.280842959880828857e-01
1.076608449220657349e-01,-2.960378825664520264e-01,-1.545595079660415649e-01,5.062889773398637772e-03,1.093907281756401062e-01,1.118989959359169006e-01,1.700614541769027710e-01,1.118989959359169006e-01,1.093907281756401062e-01,5.062889773398637772e-03,-1.545595079660415649e-01,-2.960378825664520264e-01,1.076608449220657349e-01
-5.821056365966796875e-01
-1.541606932878494263e-01,-2.672899067401885986e-01,1.354744434356689453e-01,2.015703618526458740e-01,1.864125430583953857e-01,1.100859791040420532e-01,1.699155122041702271e-01,1.100859791040420532e-01,1.864125430583953857e-01,2.015703618526458740e-01,1.354744434356689453e-01,-2.672899067401885986e-01,-1.541606932878494263e-01
1.816425174474716187e-01,-1.910694241523742676e-01,-2.269224375486373901e-01,-3.108779713511466980e-02,1.050030663609504700e-01,1.450805962085723877e-01,1.402706354856491089e-01,1.450805962085723877e-01,1.050030663609504700e-01,-3.108779713511466980e-02,-2.269224375486373901e-01,-1.910694241523742676e-01,1.816425174474716187e-01
-6.772937774658203125e-01
-1.528933495283126831e-01,-2.769402861595153809e-01,4.238353297114372253e-02,2.379312366247177124e-01,1.597135663032531738e-01,1.487451046705245972e-01,1.252647936344146729e-01,1.487451046705245972e-01,1.597135663032531738e-01,2.379312366247177124e-01,4.238353297114372253e-02,-2.769402861595153809e-01,-1.528933495283126831e-01
1.999693214893341064e-01,-8.579491078853607178e-02,-2.386705875396728516e-01,-5.270724743604660034e-02,4.824498295783996582e-02,1.710610091686248779e-01,1.430811285972595215e-01,1.710610091686248779e-01,4.824498295783996582e-02,-5.270724743604660034e-02,-2.386705875396728516e-01,-8.579491078853607178e-02,1.999693214893341064e-01
-7.771421670913696289e-01
-7.913938909769058228e-02,-2.795458436012268066e-01,-5.166580667719244957e-04,2.685529589653015137e-01,1.597836464643478394e-01,1.646886765956878662e-01,1.046374589204788208e-01,1.646886765956878662e-01,1.597836464643478394e-01,2.685529589653015137e-01,-5.166580667719244957e-04,-2.795458436012268066e-01,-7.913938909769058228e-02
3.197435736656188965e-01,-2.986445464193820953e-02,-2.241599261760711670e-01,-1.657608002424240112e-01,5.166259407997131348e-02,1.510161012411117554e-01,1.993343085050582886e-01,1.510161012411117554e-01,5.166259407997131348e-02,-1.657608002424240112e-01,-2.241599261760711670e-01,-2.986445464193820953e-02,3.197435736656188965e-01
-8.814436793327331543e-01
1.160489544272422791e-01,-3.173349201679229736e-01,-3.782500699162483215e-02,2.107326537370681763e-01,2.119922488927841187e-01,1.474751532077789307e-01,1.428613364696502686e-01,1.474751532077789307e-01,2.119922488927841187e-01,2.107326537370681763e-01,-3.782500699162483215e-02,-3.173349201679229736e-01,1.160489544272422791e-01
3.426098227500915527e-01,3.003196418285369873e-02,-2.160546332597732544e-01,-2.101671099662780762e-01,7.639295607805252075e-02,9.754204750061035156e-02,1.692295968532562256e-01,9.754204750061035156e-02,7.639295607805252075e-02,-2.101671099662780762e-01,-2.160546332597732544e-01,3.003196418285369873e-02,3.426098227500915527e-01
-9.900165200233459473e-01
2.836478054523468018e-01,-3.148666620254516602e-01,-7.127507776021957397e-02,1.593105494976043701e-01,2.720617651939392090e-01,1.461668014526367188e-01,1.831543892621994019e-01,1.461668014526367188e-01,2.720617651939392090e-01,1.593105494976043701e-01,-7.127507776021957397e-02,-3.148666620254516602e-01,2.836478054523468018e-01
2.449990361928939819e-01,1.435308158397674561e-01,-2.363063395023345947e-01,-2.068027257919311523e-01,6.252752989530563354e-02,1.296987384557723999e-01,1.491198986768722534e-01,1.296987384557723999e-01,6.252752989530563354e-02,-2.068027257919311523e-01,-2.363063395023345947e-01,1.435308158397674561e-01,2.449990361928939819e-01
-1.102699279785156250e+00
3.554290235042572021e-01,-2.471890896558761597e-01,-1.379164755344390869e-01,1.240696161985397339e-01,2.638380825519561768e-01,1.415342986583709717e-01,1.634075641632080078e-01,1.415342986583709717e-01,2.638380825519561768e-01,1.240696161985397339e-01,-1.379164755344390869e-01,-2.471890896558761597e-01,3.554290235042572021e-01
1.072531864047050476e-01,2.679278850555419922e-01,-2.511188089847564697e-01,-1.923575103282928467e-01,8.608498610556125641e-03,1.652021110057830811e-01,1.234298497438430786e-01,1.652021110057830811e-01,8.608498610556125641e-03,-1.923575103282928467e-01,-2.511188089847564697e-01,2.679278850555419922e-01,1.072531864047050476e-01
-1.219347834587097168e+00
3.371003270149230957e-01,-1.234862580895423889e-01,-2.151394337415695190e-01,1.395593434572219849e-01,2.636108398437500000e-01,1.956726759672164917e-01,1.535114496946334839e-01,1.956726759672164917e-01,2.636108398437500000e-01,1.395593434572219849e-01,-2.151394337415695190e-01,-1.234862580895423889e-01,3.371003270149230957e-01
-6.540559232234954834e-02,3.325408995151519775e-01,-2.455514073371887207e-01,-1.995701044797897339e-01,-2.402959391474723816e-02,1.859271526336669922e-01,1.172937974333763123e-01,1.859271526336669922e-01,-2.402959391474723816e-02,-1.995701044797897339e-01,-2.455514073371887207e-01,3.325408995151519775e-01,-6.540559232234954834e-02
-1.339831829071044922e+00
2.720049321651458740e-01,1.445290073752403259e-02,-2.892555296421051025e-01,1.403945535421371460e-01,2.395884543657302856e-01,2.316171675920486450e-01,1.273897439241409302e-01,2.316171675920486450e-01,2.395884543657302856e-01,1.403945535421371460e-01,-2.892555296421051025e-01,1.445290073752403259e-02,2.720049321651458740e-01
-1.638989150524139404e-01,3.591887950897216797e-01,-1.893203407526016235e-01,-2.344446331262588501e-01,-4.464585334062576294e-02,1.741086542606353760e-01,1.322661191225051880e-01,1.741086542606353760e-01,-4.464585334062576294e-02,-2.344446331262588501e-01,-1.893203407526016235e-01,3.591887950897216797e-01,-1.638989150524139404e-01
-1.464033246040344238e+00
1.741227805614471436e-01,1.175906360149383545e-01,-3.510979413986206055e-01,1.295282542705535889e-01,2.416401654481887817e-01,2.661137580871582031e-01,1.245212927460670471e-01,2.661137580871582031e-01,2.416401654481887817e-01,1.295282542705535889e-01,-3.510979413986206055e-01,1.175906360149383545e-01,1.741227805614471436e-01
-1.985752284526824951e-01,3.350243568420410156e-01,-1.092915832996368408e-01,-2.822947800159454346e-01,-4.395597800612449646e-02,1.354116797447204590e-01,1.498275399208068848e-01,1.354116797447204590e-01,-4.395597800612449646e-02,-2.822947800159454346e-01,-1.092915832996368408e-01,3.350243568420410156e-01,-1.985752284526824951e-01
-1.591844081878662109e+00
7.811249047517776489e-02,2.063272148370742798e-01,-3.693579733371734619e-01,9.554510563611984253e-02,2.561885118484497070e-01,2.805434167385101318e-01,1.359731703996658325e-01,2.805434167385101318e-01,2.561885118484497070e-01,9.554510563611984253e-02,-3.693579733371734619e-01,2.063272148370742798e-01,7.811249047517776489e-02
-2.232988625764846802e-01,2.667970061302185059e-01,-6.221944466233253479e-03,-3.181011378765106201e-01,-2.407057955861091614e-02,1.170051097869873047e-01,1.913056373596191406e-01,1.170051097869873047e-01,-2.407057955861091614e-02,-3.181011378765106201e-01,-6.221944466233253479e-03,2.667970061302185059e-01,-2.232988625764846802e-01
-1.723165392875671387e+00
-1.820833235979080200e-02,2.636827528476715088e-01,-3.503858447074890137e-01,4.367322847247123718e-02,2.806836068630218506e-01,2.767399251461029053e-01,1.558536589145660400e-01,2.767399251461029053e-01,2.806836068630218506e-01,4.367322847247123718e-02,-3.503858447074890137e-01,2.636827528476715088e-01,-1.820833235979080200e-02
-2.268987596035003662e-01,1.704097241163253784e-01,8.612067252397537231e-02,-3.472127020359039307e-01,-1.247954647988080978e-02,1.080508232116699219e-01,2.312998175621032715e-01,1.080508232116699219e-01,-1.247954647988080978e-02,-3.472127020359039307e-01,8.612067252397537231e-02,1.704097241163253784e-01,-2.268987596035003662e-01
-1.857905864715576172e+00
-5.377754941582679749e-02,2.894499897956848145e-01,-3.187720179557800293e-01,-3.171703591942787170e-02,2.965605556964874268e-01,2.588850259780883789e-01,1.819015890359878540e-01,2.588850259780883789e-01,2.965605556964874268e-01,-3.171703591942787170e-02,-3.187720179557800293e-01,2.894499897956848145e-01,-5.377754941582679749e-02
-1.915171295404434204e-01,1.030884087085723877e-01,1.733880490064620972e-01,-3.638388216495513916e-01,-1.931309886276721954e-02,1.026718690991401672e-01,2.555502355098724365e-01,1.026718690991401672e-01,-1.931309886276721954e-02,-3.638388216495513916e-01,1.733880490064620972e-01,1.030884087085723877e-01,-1.915171295404434204e-01
-1.995981097221374512e+00
-2.547536492347717285e-01,2.775914371013641357e-01,-1.326966434717178345e-01,1.175404805690050125e-02,3.580116331577301025e-01,2.110016196966171265e-01,1.689323186874389648e-01,2.110016196966171265e-01,3.580116331577301025e-01,1.175404805690050125e-02,-1.326966434717178345e-01,2.775914371013641357e-01,-2.547536492347717285e-01
-2.642979025840759277e-01,-1.429952085018157959e-01,1.926539689302444458e-01,-3.064689040184020996e-01,4.402500391006469727e-02,9.055990725755691528e-02,2.320017516613006592e-01,9.055990725755691528e-02,4.402500391006469727e-02,-3.064689040184020996e-01,1.926539689302444458e-01,-1.429952085018157959e-01,-2.642979025840759277e-01
-2.137312412261962891e+00
-1.503908932209014893e-01,2.702440023422241211e-01,-1.822000592947006226e-01,-1.455068141222000122e-01,3.501774966716766357e-01,2.288537174463272095e-01,2.329647988080978394e-01,2.288537174463272095e-01,3.501774966716766357e-01,-1.455068141222000122e-01,-1.822000592947006226e-01,2.702440023422241211e-01,-1.503908932209014893e-01
-1.462240517139434814e-01,-6.386192142963409424e-02,2.589577734470367432e-01,-3.483856022357940674e-01,-6.624468415975570679e-02,1.152349263429641724e-01,2.686264216899871826e-01,1.152349263429641724e-01,-6.624468415975570679e-02,-3.483856022357940674e-01,2.589577734470367432e-01,-6.386192142963409424e-02,-1.462240517139434814e-01
-2.281826257705688477e+00
-2.069399207830429077e-01,2.345819473266601562e-01,-9.427832812070846558e-02,-1.744497716426849365e-01,3.738865554332733154e-01,2.140578627586364746e-01,2.438036203384399414e-01,2.140578627586364746e-01,3.738865554332733154e-01,-1.744497716426849365e-01,-9.427832812070846558e-02,2.345819473266601562e-01,-2.069399207830429077e-01
-1.333173811435699463e-01,-1.462170779705047607e-01,2.671248614788055420e-01,-3.118399679660797119e-01,-9.042628854513168335e-02,1.366038024425506592e-01,2.631968259811401367e-01,1.366038024425506592e-01,-9.042628854513168335e-02,-3.118399679660797119e-01,2.671248614788055420e-01,-1.462170779705047607e-01,-1.333173811435699463e-01
-2.429454565048217773e+00
-2.993911802768707275e-01,1.145415157079696655e-01,7.634074240922927856e-02,-6.310388445854187012e-02,4.971050024032592773e-01,1.258210390806198120e-01,1.438649594783782959e-01,1.258210390806198120e-01,4.971050024032592773e-01,-6.310388445854187012e-02,7.634074240922927856e-02,1.145415157079696655e-01,-2.993911802768707275e-01
-1.438657343387603760e-01,-3.498268425464630127e-01,2.002536356449127197e-01,-1.788603663444519043e-01,3.803657740354537964e-02,1.007291600108146667e-01,1.523449122905731201e-01,1.007291600108146667e-01,3.803657740354537964e-02,-1.788603663444519043e-01,2.002536356449127197e-01,-3.498268425464630127e-01,-1.438657343387603760e-01
-2.580132961273193359e+00
-1.749631762504577637e-01,-2.878970205783843994e-01,1.119382977485656738e-01,2.126450389623641968e-01,1.841918528079986572e-01,1.190831214189529419e-01,1.574364304542541504e-01,1.190831214189529419e-01,1.841918528079986572e-01,2.126450389623641968e-01,1.119382977485656738e-01,-2.878970205783843994e-01,-1.749631762504577637e-01
1.491809040307998657e-01,-1.467133164405822754e-01,-2.172908037900924683e-01,-3.004080988466739655e-02,4.879936203360557556e-02,1.746239215135574341e-01,1.631688624620437622e-01,1.746239215135574341e-01,4.879936203360557556e-02,-3.004080988466739655e-02,-2.172908037900924683e-01,-1.467133164405822754e-01,1.491809040307998657e-01
-3.271071612834930420e-01
-8.269047737121582031e-02,1.969738006591796875e-01,1.251709014177322388e-01,1.679351925849914551e-01,1.992071121931076050e-01,1.607688218355178833e-01,6.950881332159042358e-02,1.607688218355178833e-01,1.992071121931076050e-01,1.679351925849914551e-01,1.251709014177322388e-01,1.969738006591796875e-01,-8.269047737121582031e-02
-8.615348488092422485e-02,-3.165905177593231201e-01,-1.018273010849952698e-01,2.070583030581474304e-02,4.553573206067085266e-02,9.326802939176559448e-02,1.523967087268829346e-01,9.326802939176559448e-02,4.553573206067085266e-02,2.070583030581474304e-02,-1.018273010849952698e-01,-3.165905177593231201e-01,-8.615348488092422485e-02
-4.067060351371765137e-01
-1.786501407623291016e-01,-3.967844694852828979e-02,1.973465681076049805e-01,1.856932193040847778e-01,1.477390229701995850e-01,1.435568183660507202e-01,1.608241945505142212e-01,1.435568183660507202e-01,1.477390229701995850e-01,1.856932193040847778e-01,1.973465681076049805e-01,-3.967844694852828979e-02,-1.786501407623291016e-01
-2.535651065409183502e-02,-3.076674938201904297e-01,-1.525176912546157837e-01,6.650158762931823730e-02,2.873270586133003235e-02,1.373190730810165405e-01,1.441005021333694458e-01,1.373190730810165405e-01,2.873270586133003235e-02,6.650158762931823730e-02,-1.525176912546157837e-01,-3.076674938201904297e-01,-2.535651065409183502e-02
-4.918165504932403564e-01
-2.284793406724929810e-01,-1.428146213293075562e-01,1.172242984175682068e-01,2.476975470781326294e-01,1.870807409286499023e-01,1.375879794359207153e-01,8.501165360212326050e-02,1.375879794359207153e-01,1.870807409286499023e-01,2.476975470781326294e-01,1.172242984175682068e-01,-1.428146213293075562e-01,-2.284793406724929810e-01
5.380478873848915100e-02,-2.707607448101043701e-01,-8.318774402141571045e-02,-2.053683809936046600e-02,-2.222575247287750244e-02,1.110793873667716980e-01,2.344150990247726440e-01,1.110793873667716980e-01,-2.222575247287750244e-02,-2.053683809936046600e-02,-8.318774402141571045e-02,-2.707607448101043701e-01,5.380478873848915100e-02
-5.821056365966796875e-01
-1.563600748777389526e-01,-2.675366997718811035e-01,1.483732759952545166e-01,2.097871154546737671e-01,1.910823583602905273e-01,1.175742000341415405e-01,1.767997294664382935e-01,1.175742000341415405e-01,1.910823583602905273e-01,2.097871154546737671e-01,1.483732759952545166e-01,-2.675366997718811035e-01,-1.563600748777389526e-01
1.663456261157989502e-01,-2.027379721403121948e-01,-2.116377502679824829e-01,-2.577642723917961121e-02,7.845070958137512207e-02,1.397836953401565552e-01,1.497505903244018555e-01,1.397836953401565552e-01,7.845070958137512207e-02,-2.577642723917961121e-02,-2.116377502679824829e-01,-2.027379721403121948e-01,1.663456261157989502e-01
-6.772937774658203125e-01
-1.545528322458267212e-01,-2.744122147560119629e-01,5.040097236633300781e-02,2.451492995023727417e-01,1.655307412147521973e-01,1.490425467491149902e-01,1.232535466551780701e-01,1.490425467491149902e-01,1.655307412147521973e-01,2.451492995023727417e-01,5.040097236633300781e-02,-2.744122147560119629e-01,-1.545528322458267212e-01
2.121655344963073730e-01,-8.007325977087020874e-02,-2.433655858039855957e-01,-5.222972109913825989e-02,6.642358750104904175e-02,1.853476613759994507e-01,1.501736193895339966e-01,1.853476613759994507e-01,6.642358750104904175e-02,-5.222972109913825989e-02,-2.433655858039855957e-01,-8.007325977087020874e-02,2.121655344963073730e-01
-7.771421670913696289e-01
-6.721979379653930664e-02,-2.777201831340789795e-01,-7.844197563827037811e-03,2.644250690937042236e-01,1.612364351749420166e-01,1.629202514886856079e-01,1.004860922694206238e-01,1.629202514886856079e-01,1.612364351749420166e-01,2.644250690937042236e-01,-7.844197563827037811e-03,-2.777201831340789795e-01,-6.721979379653930664e-02
3.142044544219970703e-01,-3.438349813222885132e-02,-2.227489650249481201e-01,-1.526865363121032715e-01,7.035651803016662598e-02,1.473331004381179810e-01,1.881679296493530273e-01,1.473331004381179810e-01,7.035651803016662598e-02,-1.526865363121032715e-01,-2.227489650249481201e-01,-3.438349813222885132e-02,3.142044544219970703e-01
-8.814436793327331543e-01
1.107766181230545044e-01,-3.196009993553161621e-01,-3.917162865400314331e-02,2.101377397775650024e-01,2.113539874553680420e-01,1.434131860733032227e-01,1.367408782243728638e-01,1.434131860733032227e-01,2.113539874553680420e-01,2.101377397775650024e-01,-3.917162865400314331e-02,-3.196009993553161621e-01,1.107766181230545044e-01
3.440420031547546387e-01,3.362918272614479065e-02,-2.124570459127426147e-01,-2.028988003730773926e-01,1.031001508235931396e-01,1.334598064422607422e-01,2.005825489759445190e-01,1.334598064422607422e-01,1.031001508235931396e-01,-2.028988003730773926e-01,-2.124570459127426147e-01,3.362918272614479065e-02,3.440420031547546387e-01
-9.900165200233459473e-01
2.793132960796356201e-01,-3.137767910957336426e-01,-6.800511479377746582e-02,1.524849683046340942e-01,2.535872161388397217e-01,1.224903017282485962e-01,1.616253554821014404e-01,1.224903017282485962e-01,2.535872161388397217e-01,1.524849683046340942e-01,-6.800511479377746582e-02,-3.137767910957336426e-01,2.793132960796356201e-01
2.596232295036315918e-01,1.519194394350051880e-01,-2.291961163282394409e-01,-2.008169293403625488e-01,7.258443534374237061e-02,1.461009234189987183e-01,1.653738021850585938e-01,1.461009234189987183e-01,7.258443534374237061e-02,-2.008169293403625488e-01,-2.291961163282394409e-01,1.519194394350051880e-01,2.596232295036315918e-01
-1.102699279785156250e+00
3.474833071231842041e-01,-2.495480924844741821e-01,-1.365064084529876709e-01,1.323270499706268311e-01,2.727487087249755859e-01,1.488807648420333862e-01,1.692895591259002686e-01,1.488807648420333862e-01,2.727487087249755859e-01,1.323270499706268311e-01,-1.365064084529876709e-01,-2.495480924844741821e-01,3.474833071231842041e-01
9.700390696525573730e-02,2.603656053543090820e-01,-2.563151121139526367e-01,-1.934257596731185913e-01,1.150224637240171432e-02,1.670173257589340210e-01,1.233878582715988159e-01,1.670173257589340210e-01,1.150224637240171432e-02,-1.934257596731185913e-01,-2.563151121139526367e-01,2.603656053543090820e-01,9.700390696525573730e-02
-1.219347834587097168e+00
3.285319209098815918e-01,-1.336961835622787476e-01,-2.186769098043441772e-01,1.310204416513442993e-01,2.494792640209197998e-01,1.848555207252502441e-01,1.468503624200820923e-01,1.848555207252502441e-01,2.494792640209197998e-01,1.310204416513442993e-01,-2.186769098043441772e-01,-1.336961835622787476e-01,3.285319209098815918e-01
-3.989063203334808350e-02,3.382614552974700928e-01,-2.549182176589965820e-01,-2.142825871706008911e-01,-4.254267364740371704e-02,1.732809841632843018e-01,1.094203814864158630e-01,1.732809841632843018e-01,-4.254267364740371704e-02,-2.142825871706008911e-01,-2.549182176589965820e-01,3.382614552974700928e-01,-3.989063203334808350e-02
-1.339831829071044922e+00
2.697784900665283203e-01,1.423936989158391953e-02,-2.889784276485443115e-01,1.432659327983856201e-01,2.425496131181716919e-01,2.324609011411666870e-01,1.270075589418411255e-01,2.324609011411666870e-01,2.425496131181716919e-01,1.432659327983856201e-01,-2.889784276485443115e-01,1.423936989158391953e-02,2.697784900665283203e-01
-1.747846007347106934e-01,3.552979230880737305e-01,-1.832500398159027100e-01,-2.269364893436431885e-01,-4.216191172599792480e-02,1.670060455799102783e-01,1.250347346067428589e-01,1.670060455799102783e-01,-4.216191172599792480e-02,-2.269364893436431885e-01,-1.832500398159027100e-01,3.552979230880737305e-01,-1.747846007347106934e-01
-1.464033246040344238e+00
1.703609824180603027e-01,1.181331723928451538e-01,-3.513703346252441406e-01,1.296377629041671753e-01,2.446232736110687256e-01,2.720431685447692871e-01,1.310470551252365112e-01,2.720431685447692871e-01,2.446232736110687256e-01,1.296377629041671753e-01,-3.513703346252441406e-01,1.181331723928451538e-01,1.703609824180603027e-01
-2.079622000455856323e-01,3.345242440700531006e-01,-9.744528681039810181e-02,-2.676480412483215332e-01,-2.805759944021701813e-02,1.508867144584655762e-01,1.601723283529281616e-01,1.508867144584655762e-01,-2.805759944021701813e-02,-2.676480412483215332e-01,-9.744528681039810181e-02,3.345242440700531006e-01,-2.079622000455856323e-01
-1.591844081878662109e+00
7.512861490249633789e-02,2.070080488920211792e-01,-3.716043233871459961e-01,9.282216429710388184e-02,2.563972175121307373e-01,2.829310894012451172e-01,1.387019604444503784e-01,2.829310894012451172e-01,2.563972175121307373e-01,9.282216429710388184e-02,-3.716043233871459961e-01,2.070080488920211792e-01,7.512861490249633789e-02
-2.269520461559295654e-01,2.676908969879150391e-01,5.439006490632891655e-04,-3.129353225231170654e-01,-2.101421914994716644e-02,1.195923537015914917e-01,1.927825510501861572e-01,1.195923537015914917e-01,-2.101421914994716644e-02,-3.129353225231170654e-01,5.439006490632891655e-04,2.676908969879150391e-01,-2.269520461559295654e-01
-1.723165392875671387e+00
-7.398105808533728123e-04,2.597967684268951416e-01,-3.597991764545440674e-01,3.859667107462882996e-02,2.778876423835754395e-01,2.773455679416656494e-01,1.578172743320465088e-01,2.773455679416656494e-01,2.778876423835754395e-01,3.859667107462882996e-02,-3.597991764545440674e-01,2.597967684268951416e-01,-7.398105808533728123e-04
-2.172081470489501953e-01,1.869084239006042480e-01,9.595230966806411743e-02,-3.434947431087493896e-01,-9.864900261163711548e-03,1.094523966312408447e-01,2.305866479873657227e-01,1.094523966312408447e-01,-9.864900261163711548e-03,-3.434947431087493896e-01,9.595230966806411743e-02,1.869084239006042480e-01,-2.172081470489501953e-01
-1.857905864715576172e+00
-7.136108726263046265e-02,2.891493439674377441e-01,-3.106037378311157227e-01,-2.579144388437271118e-02,2.995822429656982422e-01,2.599999010562896729e-01,1.824211180210113525e-01,2.599999010562896729e-01,2.995822429656982422e-01,-2.579144388437271118e-02,-3.106037378311157227e-01,2.891493439674377441e-01,-7.136108726263046265e-02
-1.987525969743728638e-01,8.998196572065353394e-02,1.663041412830352783e-01,-3.655093312263488770e-01,-1.896743848919868469e-02,1.043667271733283997e-01,2.570025920867919922e-01,1.043667271733283997e-01,-1.896743848919868469e-02,-3.655093312263488770e-01,1.663041412830352783e-01,8.998196572065353394e-02,-1.987525969743728638e-01
-1.995981097221374512e+00
-9.918075054883956909e-02,2.877535223960876465e-01,-2.617973089218139648e-01,-9.556623548269271851e-02,3.261415660381317139e-01,2.457985728979110718e-01,2.128809392452239990e-01,2.457985728979110718e-01,3.261415660381317139e-01,-9.556623548269271851e-02,-2.617973089218139648e-01,2.877535223960876465e-01,-9.918075054883956909e-02
-1.682670712471008301e-01,2.320851758122444153e-02,2.352275252342224121e-01,-3.615140318870544434e-01,-3.887234255671501160e-02,1.015471220016479492e-01,2.645561397075653076e-01,1.015471220016479492e-01,-3.887234255671501160e-02,-3.615140318870544434e-01,2.352275252342224121e-01,2.320851758122444153e-02,-1.682670712471008301e-01
-2.137312412261962891e+00
-1.991335153579711914e-01,2.591313719749450684e-01,-1.605980396270751953e-01,-1.181375458836555481e-01,3.644697070121765137e-01,2.263375967741012573e-01,2.258470207452774048e-01,2.263375967741012573e-01,3.644697070121765137e-01,-1.181375458836555481e-01,-1.605980396270751953e-01,2.591313719749450684e-01,-1.991335153579711914e-01
-1.640844792127609253e-01,-9.763827174901962280e-02,2.475890964269638062e-01,-3.388514816761016846e-01,-5.071346089243888855e-02,1.224815547466278076e-01,2.692284286022186279e-01,1.224815547466278076e-01,-5.071346089243888855e-02,-3.388514816761016846e-01,2.475890964269638062e-01,-9.763827174901962280e-02,-1.640844792127609253e-01
-2.281826257705688477e+00
-1.083867922425270081e-01,2.536406517028808594e-01,-1.377300173044204712e-01,-2.183831930160522461e-01,3.588378429412841797e-01,2.251552343368530273e-01,2.608856856822967529e-01,2.251552343368530273e-01,3.588378429412841797e-01,-2.183831930160522461e-01,-1.377300173044204712e-01,2.536406517028808594e-01,-1.083867922425270081e-01
-1.143140122294425964e-01,-7.841844856739044189e-02,3.002692461013793945e-01,-3.196663558483123779e-01,-1.101607531309127808e-01,1.207463815808296204e-01,2.553669512271881104e-01,1.207463815808296204e-01,-1.101607531309127808e-01,-3.196663558483123779e-01,3.002692461013793945e-01,-7.841844856739044189e-02,-1.143140122294425964e-01
-2.429454565048217773e+00
-9.129121899604797363e-02,2.290154397487640381e-01,-8.224200457334518433e-02,-2.681328058242797852e-01,3.631684184074401855e-01,2.219783365726470947e-01,2.734601497650146484e-01,2.219783365726470947e-01,3.631684184074401855e-01,-2.681328058242797852e-01,-8.224200457334518433e-02,2.290154397487640381e-01,-9.129121899604797363e-02
-9.616161882877349854e-02,-1.028627976775169373e-01,3.134852945804595947e-01,-2.829772531986236572e-01,-1.539164781570434570e-01,1.379265934228897095e-01,2.450947910547256470e-01,1.379265934228897095e-01,-1.539164781570434570e-01,-2.829772531986236572e-01,3.134852945804595947e-01,-1.028627976775169373e-01,-9.616161882877349854e-02
-2.580132961273193359e+00
-1.468964368104934692e-01,-2.761630713939666748e-01,1.186172366142272949e-01,2.158681452274322510e-01,1.866895705461502075e-01,1.258069872856140137e-01,1.656193882226943970e-01,1.258069872856140137e-01,1.866895705461502075e-01,2.158681452274322510e-01,1.186172366142272949e-01,-2.761630713939666748e-01,-1.468964368104934692e-01
1.686747670173645020e-01,-1.519229412078857422e-01,-2.284834086894989014e-01,-2.561113052070140839e-02,6.220695748925209045e-02,1.608159989118576050e-01,1.418400257825851440e-01,1.608159989118576050e-01,6.220695748925209045e-02,-2.561113052070140839e-02,-2.284834086894989014e-01,-1.519229412078857422e-01,1.686747670173645020e-01
-3.271071612834930420e-01
-9.298970550298690796e-02,1.986872851848602295e-01,1.260326504707336426e-01,1.655464619398117065e-01,1.998820304870605469e-01,1.669955402612686157e-01,7.459653168916702271e-02,1.669955402612686157e-01,1.998820304870605469e-01,1.655464619398117065e-01,1.260326504707336426e-01,1.986872851848602295e-01,-9.298970550298690796e-02
-7.136948406696319580e-02,-3.082072734832763672e-01,-1.367698013782501221e-01,8.093980140984058380e-03,6.908771395683288574e-02,9.842651337385177612e-02,1.374708712100982666e-01,9.842651337385177612e-02,6.908771395683288574e-02,8.093980140984058380e-03,-1.367698013782501221e-01,-3.082072734832763672e-01,-7.136948406696319580e-02
-4.067060351371765137e-01
-1.702407896518707275e-01,-1.777800917625427246e-02,8.942811191082000732e-02,1.971661001443862915e-01,2.908838093280792236e-01,1.235320791602134705e-01,2.092344127595424652e-02,1.235320791602134705e-01,2.908838093280792236e-01,1.971661001443862915e-01,8.942811191082000732e-02,-1.777800917625427246e-02,-1.702407896518707275e-01
3.499945625662803650e-02,-2.689295113086700439e-01,-1.607958674430847168e-01,5.691612139344215393e-02,5.030516162514686584e-02,1.596633195877075195e-01,1.505000740289688110e-01,1.596633195877075195e-01,5.030516162514686584e-02,5.691612139344215393e-02,-1.607958674430847168e-01,-2.689295113086700439e-01,3.499945625662803650e-02
-4.918165504932403564e-01
-2.326373159885406494e-01,-1.544470191001892090e-01,1.208991035819053650e-01,2.449095249176025391e-01,1.736056059598922729e-01,1.309617012739181519e-01,8.989987522363662720e-02,1.309617012739181519e-01,1.736056059598922729e-01,2.449095249176025391e-01,1.208991035819053650e-01,-1.544470191001892090e-01,-2.326373159885406494e-01
5.224692821502685547e-02,-2.793728411197662354e-01,-9.132391214370727539e-02,-3.606323618441820145e-03,2.070036157965660095e-02,1.225385069847106934e-01,2.284318655729293823e-01,1.225385069847106934e-01,2.070036157965660095e-02,-3.606323618441820145e-03,-9.132391214370727539e-02,-2.793728411197662354e-01,5.224692821502685547e-02
-5.821056365966796875e-01
-1.618177443742752075e-01,-2.694950401782989502e-01,1.450682431459426880e-01,2.095442265272140503e-01,1.936449855566024780e-01,1.190278157591819763e-01,1.759012341499328613e-01,1.190278157591819763e-01,1.936449855566024780e-01,2.095442265272140503e-01,1.450682431459426880e-01,-2.694950401782989502e-01,-1.618177443742752075e-01
1.534589082002639771e-01,-2.020197957754135132e-01,-1.987095028162002563e-01,-2.657145634293556213e-02,6.328882277011871338e-02,1.409961134195327759e-01,1.615155786275863647e-01,1.409961134195327759e-01,6.328882277011871338e-02,-2.657145634293556213e-02,-1.987095028162002563e-01,-2.020197957754135132e-01,1.534589082002639771e-01
-6.772937774658203125e-01
-1.646091043949127197e-01,-2.769693136215209961e-01,5.803408473730087280e-02,2.535554766654968262e-01,1.714545488357543945e-01,1.530167460441589355e-01,1.250560879707336426e-01,1.530167460441589355e-01,1.714545488357543945e-01,2.535554766654968262e-01,5.803408473730087280e-02,-2.769693136215209961e-01,-1.646091043949127197e-01
2.036348432302474976e-01,-8.505472540855407715e-02,-2.470308691263198853e-01,-6.788181513547897339e-02,3.763597458600997925e-02,1.812355816364288330e-01,1.555222868919372559e-01,1.812355816364288330e-01,3.763597458600997925e-02,-6.788181513547897339e-02,-2.470308691263198853e-01,-8.505472540855407715e-02,2.036348432302474976e-01
-7.771421670913696289e-01
-7.492361217737197876e-02,-2.845570445060729980e-01,-1.907936856150627136e-02,2.559809982776641846e-01,1.583482474088668823e-01,1.652450263500213623e-01,1.041513755917549133e-01,1.652450263500213623e-01,1.583482474088668823e-01,2.559809982776641846e-01,-1.907936856150627136e-02,-2.845570445060729980e-01,-7.492361217737197876e-02
3.161016702651977539e-01,-3.131506964564323425e-02,-2.216436862945556641e-01,-1.539233326911926270e-01,6.433686614036560059e-02,1.413249373435974121e-01,1.843649595975875854e-01,1.413249373435974121e-01,6.433686614036560059e-02,-1.539233326911926270e-01,-2.216436862945556641e-01,-3.131506964564323425e-02,3.161016702651977539e-01
-8.814436793327331543e-01
1.019048169255256653e-01,-3.279549181461334229e-01,-4.290675744414329529e-02,2.089245915412902832e-01,2.148653566837310791e-01,1.542251408100128174e-01,1.495761126279830933e-01,1.542251408100128174e-01,2.148653566837310791e-01,2.089245915412902832e-01,-4.290675744414329529e-02,-3.279549181461334229e-01,1.019048169255256653e-01
3.360096514225006104e-01,1.958106830716133118e-02,-2.151030302047729492e-01,-2.004281431436538696e-01,9.325926005840301514e-02,1.150244846940040588e-01,1.836818307638168335e-01,1.150244846940040588e-01,9.325926005840301514e-02,-2.004281431436538696e-01,-2.151030302047729492e-01,1.958106830716133118e-02,3.360096514225006104e-01
-9.900165200233459473e-01
2.811577916145324707e-01,-3.145785629749298096e-01,-7.524683326482772827e-02,1.448331326246261597e-01,2.537141442298889160e-01,1.251304894685745239e-01,1.636824607849121094e-01,1.251304894685745239e-01,2.537141442298889160e-01,1.448331326246261597e-01,-7.524683326482772827e-02,-3.145785629749298096e-01,2.811577916145324707e-01
2.568548321723937988e-01,1.519618928432464600e-01,-2.280567735433578491e-01,-2.029135525226593018e-01,6.415553390979766846e-02,1.401114165782928467e-01,1.614556759595870972e-01,1.401114165782928467e-01,6.415553390979766846e-02,-2.029135525226593018e-01,-2.280567735433578491e-01,1.519618928432464600e-01,2.568548321723937988e-01
-1.102699279785156250e+00
3.440844714641571045e-01,-2.542437314987182617e-01,-1.362237632274627686e-01,1.333872675895690918e-01,2.736344933509826660e-01,1.521543115377426147e-01,1.737078130245208740e-01,1.521543115377426147e-01,2.736344933509826660e-01,1.333872675895690918e-01,-1.362237632274627686e-01,-2.542437314987182617e-01,3.440844714641571045e-01
1.043581292033195496e-01,2.637057006359100342e-01,-2.553691565990447998e-01,-1.935495883226394653e-01,7.892462424933910370e-03,1.601804345846176147e-01,1.179791018366813660e-01,1.601804345846176147e-01,7.892462424933910370e-03,-1.935495883226394653e-01,-2.553691565990447998e-01,2.637057006359100342e-01,1.043581292033195496e-01
-1.219347834587097168e+00
3.257593512535095215e-01,-1.333247870206832886e-01,-2.179721742868423462e-01,1.365088224411010742e-01,2.566015124320983887e-01,1.899871081113815308e-01,1.500416100025177002e-01,1.899871081113815308e-01,2.566015124320983887e-01,1.365088224411010742e-01,-2.179721742868423462e-01,-1.333247870206832886e-01,3.257593512535095215e-01
-4.801504313945770264e-02,3.359562158584594727e-01,-2.500191628932952881e-01,-2.066687792539596558e-01,-3.441143780946731567e-02,1.758046746253967285e-01,1.102112382650375366e-01,1.758046746253967285e-01,-3.441143780946731567e-02,-2.066687792539596558e-01,-2.500191628932952881e-01,3.359562158584594727e-01,-4.801504313945770264e-02
-1.339831829071044922e+00
2.546138167381286621e-01,-2.423515310510993004e-03,-2.953746318817138672e-01,1.430564224720001221e-01,2.442867755889892578e-01,2.393917143344879150e-01,1.365268826484680176e-01,2.393917143344879150e-01,2.442867755889892578e-01,1.430564224720001221e-01,-2.953746318817138672e-01,-2.423515310510993004e-03,2.546138167381286621e-01
-1.477894335985183716e-01,3.612911105155944824e-01,-1.928281188011169434e-01,-2.339990586042404175e-01,-4.440776258707046509e-02,1.632224470376968384e-01,1.205380558967590332e-01,1.632224470376968384e-01,-4.440776258707046509e-02,-2.339990586042404175e-01,-1.928281188011169434e-01,3.612911105155944824e-01,-1.477894335985183716e-01
-1.464033246040344238e+00
1.659034788608551025e-01,1.158888712525367737e-01,-3.528876602649688721e-01,1.281021535396575928e-01,2.440569400787353516e-01,2.740076184272766113e-01,1.338920444250106812e-01,2.740076184272766113e-01,2.440569400787353516e-01,1.281021535396575928e-01,-3.528876602649688721e-01,1.158888712525367737e-01,1.659034788608551025e-01
-2.040686905384063721e-01,3.363510668277740479e-01,-9.901574254035949707e-02,-2.707678079605102539e-01,-3.171426057815551758e-02,1.455086767673492432e-01,1.555996239185333252e-01,1.455086767673492432e-01,-3.171426057815551758e-02,-2.707678079605102539e-01,-9.901574254035949707e-02,3.363510668277740479e-01,-2.040686905384063721e-01
-1.591844081878662109e+00
6.864617764949798584e-02,1.996835172176361084e-01,-3.730441033840179443e-01,9.867597371339797974e-02,2.633463144302368164e-01,2.877849042415618896e-01,1.422021090984344482e-01,2.877849042415618896e-01,2.633463144302368164e-01,9.867597371339797974e-02,-3.730441033840179443e-01,1.996835172176361084e-01,6.864617764949798584e-02
-2.267100512981414795e-01,2.670568525791168213e-01,-1.471760333515703678e-03,-3.118992149829864502e-01,-1.730159483850002289e-02,1.194430813193321228e-01,1.913778930902481079e-01,1.194430813193321228e-01,-1.730159483850002289e-02,-3.118992149829864502e-01,-1.471760333515703678e-03,2.670568525791168213e-01,-2.267100512981414795e-01
-1.723165392875671387e+00
6.804198957979679108e-03,2.587818801403045654e-01,-3.630087375640869141e-01,3.587730228900909424e-02,2.764278352260589600e-01,2.803350985050201416e-01,1.626250147819519043e-01,2.803350985050201416e-01,2.764278352260589600e-01,3.587730228900909424e-02,-3.630087375640869141e-01,2.587818801403045654e-01,6.804198957979679108e-03
-2.091477364301681519e-01,1.933147758245468140e-01,9.421028196811676025e-02,-3.480157554149627686e-01,-1.322883926331996918e-02,1.084010526537895203e-01,2.298439592123031616e-01,1.084010526537895203e-01,-1.322883926331996918e-02,-3.480157554149627686e-01,9.421028196811676025e-02,1.933147758245468140e-01,-2.091477364301681519e-01
-1.857905864715576172e+00
-5.661280825734138489e-02,2.847634851932525635e-01,-3.212679028511047363e-01,-2.984086982905864716e-02,3.014821410179138184e-01,2.661715745925903320e-01,1.893383115530014038e-01,2.661715745925903320e-01,3.014821410179138184e-01,-2.984086982905864716e-02,-3.212679028511047363e-01,2.847634851932525635e-01,-5.661280825734138489e-02
-1.900059878826141357e-01,1.047064140439033508e-01,1.740947514772415161e-01,-3.627112805843353271e-01,-1.740314438939094543e-02,1.021375656127929688e-01,2.536647617816925049e-01,1.021375656127929688e-01,-1.740314438939094543e-02,-3.627112805843353271e-01,1.740947514772415161e-01,1.047064140439033508e-01,-1.900059878826141357e-01
-1.995981097221374512e+00
-2.047618478536605835e-01,2.813218533992767334e-01,-2.015195488929748535e-01,-4.260155931115150452e-02,3.459095358848571777e-01,2.390968650579452515e-01,1.997049152851104736e-01,2.390968650579452515e-01,3.459095358848571777e-01,-4.260155931115150452e-02,-2.015195488929748535e-01,2.813218533992767334e-01,-2.047618478536605835e-01
-2.030639946460723877e-01,-5.843501910567283630e-02,1.923196166753768921e-01,-3.537956774234771729e-01,-9.420599788427352905e-03,1.229659467935562134e-01,2.723361253738403320e-01,1.229659467935562134e-01,-9.420599788427352905e-03,-3.537956774234771729e-01,1.923196166753768921e-01,-5.843501910567283630e-02,-2.030639946460723877e-01
-2.137312412261962891e+00
-1.441624611616134644e-01,2.719007134437561035e-01,-1.864079982042312622e-01,-1.493726372718811035e-01,3.501559793949127197e-01,2.352367192506790161e-01,2.407965660095214844e-01,2.352367192506790161e-01,3.501559793949127197e-01,-1.493726372718811035e-01,-1.864079982042312622e-01,2.719007134437561035e-01,-1.441624611616134644e-01
-1.400469243526458740e-01,-5.788482353091239929e-02,2.582486569881439209e-01,-3.490237891674041748e-01,-6.239073723554611206e-02,1.224940195679664612e-01,2.725546061992645264e-01,1.224940195679664612e-01,-6.239073723554611206e-02,-3.490237891674041748e-01,2.582486569881439209e-01,-5.788482353091239929e-02,-1.400469243526458740e-01
-2.281826257705688477e+00
-2.822466790676116943e-01,1.999580115079879761e-01,-1.165532041341066360e-02,-8.883051574230194092e-02,4.139566719532012939e-01,1.845180243253707886e-01,2.068276852369308472e-01,1.845180243253707886e-01,4.139566719532012939e-01,-8.883051574230194092e-02,-1.165532041341066360e-02,1.999580115079879761e-01,-2.822466790676116943e-01
-1.903974413871765137e-01,-2.550283670425415039e-01,2.360107749700546265e-01,-2.594335675239562988e-01,-1.634255051612854004e-02,1.140913888812065125e-01,2.186304032802581787e-01,1.140913888812065125e-01,-1.634255051612854004e-02,-2.594335675239562988e-01,2.360107749700546265e-01,-2.550283670425415039e-01,-1.903974413871765137e-01
-2.429454565048217773e+00
-1.151852086186408997e-01,2.257927656173706055e-01,-7.479338347911834717e-02,-2.646069228649139404e-01,3.634135127067565918e-01,2.256826907396316528e-01,2.781044244766235352e-01,2.256826907396316528e-01,3.634135127067565918e-01,-2.646069228649139404e-01,-7.479338347911834717e-02,2.257927656173706055e-01,-1.151852086186408997e-01
-9.136062860488891602e-02,-1.167141050100326538e-01,3.019470870494842529e-01,-2.845347821712493896e-01,-1.492580026388168335e-01,1.468221843242645264e-01,2.512354254722595215e-01,1.468221843242645264e-01,-1.492580026388168335e-01,-2.845347821712493896e-01,3.019470870494842529e-01,-1.167141050100326538e-01,-9.136062860488891602e-02
-2.580132961273193359e+00
-1.589084267616271973e-01,-2.833134829998016357e-01,1.149804815649986267e-01,2.177388519048690796e-01,1.908078789710998535e-01,1.268606334924697876e-01,1.642749607563018799e-01,1.268606334924697876e-01,1.908078789710998535e-01,2.177388519048690796e-01,1.149804815649986267e-01,-2.833134829998016357e-01,-1.589084267616271973e-01
1.742112934589385986e-01,-1.507389396429061890e-01,-2.337348163127899170e-01,-2.588539011776447296e-02,7.161987572908401489e-02,1.752639859914779663e-01,1.511361151933670044e-01,1.752639859914779663e-01,7.161987572908401489e-02,-2.588539011776447296e-02,-2.337348163127899170e-01,-1.507389396429061890e-01,1.742112934589385986e-01
-3.271071612834930420e-01
-9.902138262987136841e-02,1.895276606082916260e-01,1.718911677598953247e-01,1.566091924905776978e-01,1.400289982557296753e-01,1.636986732482910156e-01,1.124847158789634705e-01,1.636986732482910156e-01,1.400289982557296753e-01,1.566091924905776978e-01,1.718911677598953247e-01,1.895276606082916260e-01,-9.902138262987136841e-02
-6.162250414490699768e-02,-2.472179383039474487e-01,-7.395611703395843506e-02,-4.505021497607231140e-02,-2.814100123941898346e-02,1.150426119565963745e-01,2.079468220472335815e-01,1.150426119565963745e-01,-2.814100123941898346e-02,-4.505021497607231140e-02,-7.395611703395843506e-02,-2.472179383039474487e-01,-6.162250414490699768e-02
-4.067060351371765137e-01
-1.520975828170776367e-01,-1.039605680853128433e-02,1.385711133480072021e-01,1.722379922866821289e-01,1.934927850961685181e-01,1.504161655902862549e-01,1.277076900005340576e-01,1.504161655902862549e-01,1.934927850961685181e-01,1.722379922866821289e-01,1.385711133480072021e-01,-1.039605680853128433e-02,-1.520975828170776367e-01
-7.344786822795867920e-02,-3.194490969181060791e-01,-1.243866086006164551e-01,6.825190782546997070e-02,8.655934594571590424e-03,1.492792665958404541e-01,1.707019209861755371e-01,1.492792665958404541e-01,8.655934594571590424e-03,6.825190782546997070e-02,-1.243866086006164551e-01,-3.194490969181060791e-01,-7.344786822795867920e-02
-4.918165504932403564e-01
-2.209203839302062988e-01,-1.376389712095260620e-01,1.512611806392669678e-01,2.465745508670806885e-01,1.608622223138809204e-01,1.428156346082687378e-01,1.174838617444038391e-01,1.428156346082687378e-01,1.608622223138809204e-01,2.465745508670806885e-01,1.512611806392669678e-01,-1.376389712095260620e-01,-2.209203839302062988e-01
7.901205122470855713e-02,-3.112939298152923584e-01,-1.311765164136886597e-01,4.608215764164924622e-03,6.367492675781250000e-02,1.087419316172599792e-01,1.944057196378707886e-01,1.087419316172599792e-01,6.367492675781250000e-02,4.608215764164924622e-03,-1.311765164136886597e-01,-3.112939298152923584e-01,7.901205122470855713e-02
-5.821056365966796875e-01
-1.616578251123428345e-01,-2.757120430469512939e-01,1.125852391123771667e-01,1.860231608152389526e-01,1.844774931669235229e-01,1.145772486925125122e-01,1.713225990533828735e-01,1.145772486925125122e-01,1.844774931669235229e-01,1.860231608152389526e-01,1.125852391123771667e-01,-2.757120430469512939e-01,-1.616578251123428345e-01
1.350720077753067017e-01,-1.969117075204849243e-01,-1.752121299505233765e-01,-3.349405899643898010e-02,4.952985327690839767e-03,1.133008301258087158e-01,1.589356362819671631e-01,1.133008301258087158e-01,4.952985327690839767e-03,-3.349405899643898010e-02,-1.752121299505233765e-01,-1.969117075204849243e-01,1.350720077753067017e-01
-6.772937774658203125e-01
-1.501371264457702637e-01,-2.792849540710449219e-01,4.405425488948822021e-02,2.425390928983688354e-01,1.672965288162231445e-01,1.557638049125671387e-01,1.308165341615676880e-01,1.557638049125671387e-01,1.672965288162231445e-01,2.425390928983688354e-01,4.405425488948822021e-02,-2.792849540710449219e-01,-1.501371264457702637e-01
2.209415137767791748e-01,-8.962017297744750977e-02,-2.545576691627502441e-01,-4.673701897263526917e-02,8.309993147850036621e-02,1.844493299722671509e-01,1.411783248186111450e-01,1.844493299722671509e-01,8.309993147850036621e-02,-4.673701897263526917e-02,-2.545576691627502441e-01,-8.962017297744750977e-02,2.209415137767791748e-01
-7.771421670913696289e-01
-7.246904820203781128e-02,-2.860897481441497803e-01,-2.009063027799129486e-02,2.569648325443267822e-01,1.631850749254226685e-01,1.718039661645889282e-01,1.106663644313812256e-01,1.718039661645889282e-01,1.631850749254226685e-01,2.569648325443267822e-01,-2.009063027799129486e-02,-2.860897481441497803e-01,-7.246904820203781128e-02
3.010589480400085449e-01,-5.073529481887817383e-02,-2.232828885316848755e-01,-1.383495181798934937e-01,8.731266856193542480e-02,1.441205739974975586e-01,1.805332899093627930e-01,1.441205739974975586e-01,8.731266856193542480e-02,-1.383495181798934937e-01,-2.232828885316848755e-01,-5.073529481887817383e-02,3.010589480400085449e-01
-8.814436793327331543e-01
9.601484984159469604e-02,-3.218742012977600098e-01,-3.159112483263015747e-02,2.138392925262451172e-01,2.112843394279479980e-01,1.439929753541946411e-01,1.381064206361770630e-01,1.439929753541946411e-01,2.112843394279479980e-01,2.138392925262451172e-01,-3.159112483263015747e-02,-3.218742012977600098e-01,9.601484984159469604e-02
3.480770885944366455e-01,2.993745729327201843e-02,-2.133599221706390381e-01,-2.091257572174072266e-01,8.524103462696075439e-02,1.269444227218627930e-01,1.995184123516082764e-01,1.269444227218627930e-01,8.524103462696075439e-02,-2.091257572174072266e-01,-2.133599221706390381e-01,2.993745729327201843e-02,3.480770885944366455e-01
-9.900165200233459473e-01
2.771606147289276123e-01,-3.139919638633728027e-01,-6.822656095027923584e-02,1.512745767831802368e-01,2.532445192337036133e-01,1.215766891837120056e-01,1.599460244178771973e-01,1.215766891837120056e-01,2.532445192337036133e-01,1.512745767831802368e-01,-6.822656095027923584e-02,-3.139919638633728027e-01,2.771606147289276123e-01
2.605641484260559082e-01,1.479547321796417236e-01,-2.323372662067413330e-01,-2.052492201328277588e-01,6.362507492303848267e-02,1.403434872627258301e-01,1.622564941644668579e-01,1.403434872627258301e-01,6.362507492303848267e-02,-2.052492201328277588e-01,-2.323372662067413330e-01,1.479547321796417236e-01,2.605641484260559082e-01
-1.102699279785156250e+00
3.437111079692840576e-01,-2.504020035266876221e-01,-1.323403120040893555e-01,1.223999485373497009e-01,2.546683847904205322e-01,1.372341513633728027e-01,1.637029349803924561e-01,1.372341513633728027e-01,2.546683847904205322e-01,1.223999485373497009e-01,-1.323403120040893555e-01,-2.504020035266876221e-01,3.437111079692840576e-01
1.115237101912498474e-01,2.698948085308074951e-01,-2.547481954097747803e-01,-2.015577405691146851e-01,-2.065364969894289970e-03,1.667555123567581177e-01,1.282241791486740112e-01,1.667555123567581177e-01,-2.065364969894289970e-03,-2.015577405691146851e-01,-2.547481954097747803e-01,2.698948085308074951e-01,1.115237101912498474e-01
-1.219347834587097168e+00
3.288586139678955078e-01,-1.272238343954086304e-01,-2.126832753419876099e-01,1.392568796873092651e-01,2.582268714904785156e-01,1.935944855213165283e-01,1.542870998382568359e-01,1.935944855213165283e-01,2.582268714904785156e-01,1.392568796873092651e-01,-2.126832753419876099e-01,-1.272238343954086304e-01,3.288586139678955078e-01
-5.306007713079452515e-02,3.338269591331481934e-01,-2.480071038007736206e-01,-2.021922469139099121e-01,-2.824338339269161224e-02,1.813921779394149780e-01,1.145479679107666016e-01,1.813921779394149780e-01,-2.824338339269161224e-02,-2.021922469139099121e-01,-2.480071038007736206e-01,3.338269591331481934e-01,-5.306007713079452515e-02
-1.339831829071044922e+00
2.627734243869781494e-01,9.159823879599571228e-03,-2.893256545066833496e-01,1.432642638683319092e-01,2.442372441291809082e-01,2.407446950674057007e-01,1.381319165229797363e-01,2.407446950674057007e-01,2.442372441291809082e-01,1.432642638683319092e-01,-2.893256545066833496e-01,9.159823879599571228e-03,2.627734243869781494e-01
-1.610602736473083496e-01,3.590070903301239014e-01,-1.882365047931671143e-01,-2.289593517780303955e-01,-3.546464815735816956e-02,1.808399558067321777e-01,1.357153356075286865e-01,1.808399558067321777e-01,-3.546464815735816956e-02,-2.289593517780303955e-01,-1.882365047931671143e-01,3.590070903301239014e-01,-1.610602736473083496e-01
-1.464033246040344238e+00
1.750567257404327393e-01,1.176319569349288940e-01,-3.566274344921112061e-01,1.224117651581764221e-01,2.377407848834991455e-01,2.692251503467559814e-01,1.300619691610336304e-01,2.692251503467559814e-01,2.377407848834991455e-01,1.224117651581764221e-01,-3.566274344921112061e-01,1.176319569349288940e-01,1.750567257404327393e-01
-2.007790207862854004e-01,3.413893282413482666e-01,-9.402274340391159058e-02,-2.737540006637573242e-01,-4.230886325240135193e-02,1.353693306446075439e-01,1.502605825662612915e-01,1.353693306446075439e-01,-4.230886325240135193e-02,-2.737540006637573242e-01,-9.402274340391159058e-02,3.413893282413482666e-01,-2.007790207862854004e-01
-1.591844081878662109e+00
9.017895907163619995e-02,2.039186060428619385e-01,-3.790827691555023193e-01,8.616906404495239258e-02,2.495538592338562012e-01,2.824919819831848145e-01,1.413755118846893311e-01,2.824919819831848145e-01,2.495538592338562012e-01,8.616906404495239258e-02,-3.790827691555023193e-01,2.039186060428619385e-01,9.017895907163619995e-02
-2.099400311708450317e-01,2.820158004760742188e-01,1.189575763419270515e-03,-3.181259632110595703e-01,-2.425092272460460663e-02,1.218871027231216431e-01,1.949712336063385010e-01,1.218871027231216431e-01,-2.425092272460460663e-02,-3.181259632110595703e-01,1.189575763419270515e-03,2.820158004760742188e-01,-2.099400311708450317e-01
-1.723165392875671387e+00
-4.521760717034339905e-02,2.570270895957946777e-01,-3.444608747959136963e-01,5.006856843829154968e-02,2.836492061614990234e-01,2.805054783821105957e-01,1.601753532886505127e-01,2.805054783821105957e-01,2.836492061614990234e-01,5.006856843829154968e-02,-3.444608747959136963e-01,2.570270895957946777e-01,-4.521760717034339905e-02
-2.328365594148635864e-01,1.595999598503112793e-01,8.526974916458129883e-02,-3.406187891960144043e-01,-3.822517348453402519e-03,1.095847338438034058e-01,2.298146337270736694e-01,1.095847338438034058e-01,-3.822517348453402519e-03,-3.406187891960144043e-01,8.526974916458129883e-02,1.595999598503112793e-01,-2.328365594148635864e-01
-1.857905864715576172e+00
-1.217275783419609070e-01,2.802708446979522705e-01,-2.931726872920989990e-01,-4.440189339220523834e-03,3.138806819915771484e-01,2.655421495437622070e-01,1.842901408672332764e-01,2.655421495437622070e-01,3.138806819915771484e-01,-4.440189339220523834e-03,-2.931726872920989990e-01,2.802708446979522705e-01,-1.217275783419609070e-01
-2.143272012472152710e-01,6.012379750609397888e-02,1.536960303783416748e-01,-3.603599369525909424e-01,-6.966985296458005905e-03,1.111139357089996338e-01,2.590692341327667236e-01,1.111139357089996338e-01,-6.966985296458005905e-03,-3.603599369525909424e-01,1.536960303783416748e-01,6.012379750609397888e-02,-2.143272012472152710e-01
-1.995981097221374512e+00
-1.938342601060867310e-01,2.751041650772094727e-01,-2.158769071102142334e-01,-5.002352595329284668e-02,3.456293344497680664e-01,2.418284565210342407e-01,2.029287815093994141e-01,2.418284565210342407e-01,3.456293344497680664e-01,-5.002352595329284668e-02,-2.158769071102142334e-01,2.751041650772094727e-01,-1.938342601060867310e-01
-1.954473108053207397e-01,-4.365544393658638000e-02,2.022713124752044678e-01,-3.524645864963531494e-01,-1.414883043617010117e-02,1.157613396644592285e-01,2.679333686828613281e-01,1.157613396644592285e-01,-1.414883043617010117e-02,-3.524645864963531494e-01,2.022713124752044678e-01,-4.365544393658638000e-02,-1.954473108053207397e-01
-2.137312412261962891e+00
-1.671870499849319458e-01,2.652437686920166016e-01,-1.779294013977050781e-01,-1.365954577922821045e-01,3.566600978374481201e-01,2.323882281780242920e-01,2.355509847402572632e-01,2.323882281780242920e-01,3.566600978374481201e-01,-1.365954577922821045e-01,-1.779294013977050781e-01,2.652437686920166016e-01,-1.671870499849319458e-01
-1.470077633857727051e-01,-7.130856066942214966e-02,2.547316551208496094e-01,-3.451387584209442139e-01,-5.830234289169311523e-02,1.213796138763427734e-01,2.701618075370788574e-01,1.213796138763427734e-01,-5.830234289169311523e-02,-3.451387584209442139e-01,2.547316551208496094e-01,-7.130856066942214966e-02,-1.470077633857727051e-01
-2.281826257705688477e+00
-1.838279068470001221e-01,2.390290200710296631e-01,-1.083323732018470764e-01,-1.880048662424087524e-01,3.704380989074707031e-01,2.224176824092864990e-01,2.546260356903076172e-01,2.224176824092864990e-01,3.704380989074707031e-01,-1.880048662424087524e-01,-1.083323732018470764e-01,2.390290200710296631e-01,-1.838279068470001221e-01
-1.217886433005332947e-01,-1.267243772745132446e-01,2.721817791461944580e-01,-3.158928155899047852e-01,-9.395921230316162109e-02,1.357734948396682739e-01,2.623566389083862305e-01,1.357734948396682739e-01,-9.395921230316162109e-02,-3.158928155899047852e-01,2.721817791461944580e-01,-1.267243772745132446e-01,-1.217886433005332947e-01
-2.429454565048217773e+00
-1.051420196890830994e-01,2.263347208499908447e-01,-7.637433707714080811e-02,-2.628278434276580811e-01,3.664709329605102539e-01,2.263652831315994263e-01,2.779939770698547363e-01,2.263652831315994263e-01,3.664709329605102539e-01,-2.628278434276580811e-01,-7.637433707714080811e-02,2.263347208499908447e-01,-1.051420196890830994e-01
-9.346768260002136230e-02,-1.113377138972282410e-01,3.084541261196136475e-01,-2.828893065452575684e-01,-1.521414071321487427e-01,1.385837495326995850e-01,2.447999268770217896e-01,1.385837495326995850e-01,-1.521414071321487427e-01,-2.828893065452575684e-01,3.084541261196136475e-01,-1.113377138972282410e-01,-9.346768260002136230e-02
-2.580132961273193359e+00
-1.645158976316452026e-01,-2.823473513126373291e-01,1.097808778285980225e-01,2.133144885301589966e-01,1.890149265527725220e-01,1.270715445280075073e-01,1.640880852937698364e-01,1.270715445280075073e-01,1.890149265527725220e-01,2.133144885301589966e-01,1.097808778285980225e-01,-2.823473513126373291e-01,-1.645158976316452026e-01
1.524670273065567017e-01,-1.521615087985992432e-01,-2.202401310205459595e-01,-2.856650203466415405e-02,4.775874689221382141e-02,1.666484773159027100e-01,1.555893719196319580e-01,1.666484773159027100e-01,4.775874689221382141e-02,-2.856650203466415405e-02,-2.202401310205459595e-01,-1.521615087985992432e-01,1.524670273065567017e-01
-3.271071612834930420e-01
-9.282260388135910034e-02,2.065915316343307495e-01,1.674000471830368042e-01,1.497251838445663452e-01,1.368786245584487915e-01,1.760255694389343262e-01,1.230965852737426758e-01,1.760255694389343262e-01,1.368786245584487915e-01,1.497251838445663452e-01,1.674000471830368042e-01,2.065915316343307495e-01,-9.282260388135910034e-02
-6.699831038713455200e-02,-2.662416100502014160e-01,-8.359249681234359741e-02,-3.326476737856864929e-02,-1.480346452444791794e-02,1.126738190650939941e-01,2.010600417852401733e-01,1.126738190650939941e-01,-1.480346452444791794e-02,-3.326476737856864929e-02,-8.359249681234359741e-02,-2.662416100502014160e-01,-6.699831038713455200e-02
-4.067060351371765137e-01
-2.127989083528518677e-01,-2.702258341014385223e-02,1.629550755023956299e-01,1.927106976509094238e-01,1.970126181840896606e-01,1.290745884180068970e-01,1.055647209286689758e-01,1.290745884180068970e-01,1.970126181840896606e-01,1.927106976509094238e-01,1.629550755023956299e-01,-2.702258341014385223e-02,-2.127989083528518677e-01
-8.214242756366729736e-02,-2.589770555496215820e-01,-8.885664492845535278e-02,6.225615739822387695e-02,-1.421000901609659195e-02,1.633068621158599854e-01,1.871054917573928833e-01,1.633068621158599854e-01,-1.421000901609659195e-02,6.225615739822387695e-02,-8.885664492845535278e-02,-2.589770555496215820e-01,-8.214242756366729736e-02
-4.918165504932403564e-01
-2.173893451690673828e-01,-1.468137353658676147e-01,9.245839715003967285e-02,2.284266501665115356e-01,1.790440678596496582e-01,1.389873623847961426e-01,8.745177835226058960e-02,1.389873623847961426e-01,1.790440678596496582e-01,2.284266501665115356e-01,9.245839715003967285e-02,-1.468137353658676147e-01,-2.173893451690673828e-01
5.007947236299514771e-02,-2.793553769588470459e-01,-8.437204360961914062e-02,-3.124348353594541550e-03,8.158848620951175690e-03,1.119838282465934753e-01,2.251814156770706177e-01,1.119838282465934753e-01,8.158848620951175690e-03,-3.124348353594541550e-03,-8.437204360961914062e-02,-2.793553769588470459e-01,5.007947236299514771e-02
-5.821056365966796875e-01
-1.732836812734603882e-01,-2.778549194335937500e-01,1.169489994645118713e-01,1.973238587379455566e-01,1.936928927898406982e-01,1.127357259392738342e-01,1.628248989582061768e-01,1.127357259392738342e-01,1.936928927898406982e-01,1.973238587379455566e-01,1.169489994645118713e-01,-2.778549194335937500e-01,-1.732836812734603882e-01
1.369389146566390991e-01,-1.797182112932205200e-01,-1.733988374471664429e-01,-4.308722168207168579e-02,1.056423690170049667e-02,1.339657008647918701e-01,1.776862591505050659e-01,1.339657008647918701e-01,1.056423690170049667e-02,-4.308722168207168579e-02,-1.733988374471664429e-01,-1.797182112932205200e-01,1.369389146566390991e-01
-6.772937774658203125e-01
-1.523128151893615723e-01,-2.779344022274017334e-01,4.854443296790122986e-02,2.486865669488906860e-01,1.724753230810165405e-01,1.586656421422958374e-01,1.309793740510940552e-01,1.586656421422958374e-01,1.724753230810165405e-01,2.486865669488906860e-01,4.854443296790122986e-02,-2.779344022274017334e-01,-1.523128151893615723e-01
2.174187004566192627e-01,-7.900404930114746094e-02,-2.440345734357833862e-01,-5.229424312710762024e-02,6.963517516851425171e-02,1.934169530868530273e-01,1.572713553905487061e-01,1.934169530868530273e-01,6.963517516851425171e-02,-5.229424312710762024e-02,-2.440345734357833862e-01,-7.900404930114746094e-02,2.174187004566192627e-01
-7.771421670913696289e-01
-6.107302755117416382e-02,-2.836502194404602051e-01,-2.211639843881130219e-02,2.584628760814666748e-01,1.640991419553756714e-01,1.696820408105850220e-01,1.065871939063072205e-01,1.696820408105850220e-01,1.640991419553756714e-01,2.584628760814666748e-01,-2.211639843881130219e-02,-2.836502194404602051e-01,-6.107302755117416382e-02
3.149879574775695801e-01,-3.634414449334144592e-02,-2.197107672691345215e-01,-1.369837969541549683e-01,9.267783910036087036e-02,1.469741910696029663e-01,1.809320151805877686e-01,1.469741910696029663e-01,9.267783910036087036e-02,-1.369837969541549683e-01,-2.197107672691345215e-01,-3.634414449334144592e-02,3.149879574775695801e-01
-8.814436793327331543e-01
1.042805090546607971e-01,-3.237567245960235596e-01,-4.473234713077545166e-02,2.038166522979736328e-01,2.098850160837173462e-01,1.471321880817413330e-01,1.409463882446289062e-01,1.471321880817413330e-01,2.098850160837173462e-01,2.038166522979736328e-01,-4.473234713077545166e-02,-3.237567245960235596e-01,1.042805090546607971e-01
3.485316336154937744e-01,2.895435690879821777e-02,-2.096197903156280518e-01,-1.950635910034179688e-01,1.051182523369789124e-01,1.289795935153961182e-01,1.956108361482620239e-01,1.289795935153961182e-01,1.051182523369789124e-01,-1.950635910034179688e-01,-2.096197903156280518e-01,2.895435690879821777e-02,3.485316336154937744e-01
-9.900165200233459473e-01
2.760181427001953125e-01,-3.259627819061279297e-01,-7.465083152055740356e-02,1.593898832798004150e-01,2.739661931991577148e-01,1.524226814508438110e-01,1.909909397363662720e-01,1.524226814508438110e-01,2.739661931991577148e-01,1.593898832798004150e-01,-7.465083152055740356e-02,-3.259627819061279297e-01,2.760181427001953125e-01
2.549036145210266113e-01,1.371064484119415283e-01,-2.344508022069931030e-01,-1.930863857269287109e-01,7.387100160121917725e-02,1.247491613030433655e-01,1.423914730548858643e-01,1.247491613030433655e-01,7.387100160121917725e-02,-1.930863857269287109e-01,-2.344508022069931030e-01,1.371064484119415283e-01,2.549036145210266113e-01
-1.102699279785156250e+00
3.501167893409729004e-01,-2.476918399333953857e-01,-1.385186761617660522e-01,1.241472959518432617e-01,2.624715566635131836e-01,1.411018371582031250e-01,1.637219935655593872e-01,1.411018371582031250e-01,2.624715566635131836e-01,1.241472959518432617e-01,-1.385186761617660522e-01,-2.476918399333953857e-01,3.501167893409729004e-01
1.094514280557632446e-01,2.648827731609344482e-01,-2.538670897483825684e-01,-1.930669695138931274e-01,8.487188257277011871e-03,1.649758368730545044e-01,1.233307942748069763e-01,1.649758368730545044e-01,8.487188257277011871e-03,-1.930669695138931274e-01,-2.538670897483825684e-01,2.648827731609344482e-01,1.094514280557632446e-01
-1.219347834587097168e+00
3.287849128246307373e-01,-1.342010051012039185e-01,-2.165197730064392090e-01,1.355841457843780518e-01,2.501865625381469727e-01,1.855535954236984253e-01,1.482727974653244019e-01,1.855535954236984253e-01,2.501865625381469727e-01,1.355841457843780518e-01,-2.165197730064392090e-01,-1.342010051012039185e-01,3.287849128246307373e-01
-3.750754147768020630e-02,3.417485058307647705e-01,-2.501864433288574219e-01,-2.090734839439392090e-01,-3.715849295258522034e-02,1.710491031408309937e-01,1.062876209616661072e-01,1.710491031408309937e-01,-3.715849295258522034e-02,-2.090734839439392090e-01,-2.501864433288574219e-01,3.417485058307647705e-01,-3.750754147768020630e-02
-1.339831829071044922e+00
2.617377340793609619e-01,-2.200816525146365166e-03,-2.924750745296478271e-01,1.449871659278869629e-01,2.396256476640701294e-01,2.337745577096939087e-01,1.322812288999557495e-01,2.337745577096939087e-01,2.396256476640701294e-01,1.449871659278869629e-01,-2.924750745296478271e-01,-2.200816525146365166e-03,2.617377340793609619e-01
-1.358099132776260376e-01,3.623764812946319580e-01,-2.027009725570678711e-01,-2.459663599729537964e-01,-5.636889114975929260e-02,1.548728346824645996e-01,1.153226345777511597e-01,1.548728346824645996e-01,-5.636889114975929260e-02,-2.459663599729537964e-01,-2.027009725570678711e-01,3.623764812946319580e-01,-1.358099132776260376e-01
-1.464033246040344238e+00
1.917373239994049072e-01,1.696436256170272827e-01,-3.155058026313781738e-01,1.279950588941574097e-01,2.269945740699768066e-01,2.591836750507354736e-01,1.224213689565658569e-01,2.591836750507354736e-01,2.269945740699768066e-01,1.279950588941574097e-01,-3.155058026313781738e-01,1.696436256170272827e-01,1.917373239994049072e-01
-2.479053735733032227e-01,3.242278695106506348e-01,-8.355182409286499023e-02,-2.529287040233612061e-01,-1.530850585550069809e-02,1.665846556425094604e-01,1.730942428112030029e-01,1.665846556425094604e-01,-1.530850585550069809e-02,-2.529287040233612061e-01,-8.355182409286499023e-02,3.242278695106506348e-01,-2.479053735733032227e-01
-1.591844081878662109e+00
9.090644121170043945e-02,1.995425373315811157e-01,-3.803496956825256348e-01,9.132166951894760132e-02,2.546412646770477295e-01,2.849667966365814209e-01,1.424174457788467407e-01,2.849667966365814209e-01,2.546412646770477295e-01,9.132166951894760132e-02,-3.803496956825256348e-01,1.995425373315811157e-01,9.090644121170043945e-02
-2.105629742145538330e-01,2.810133397579193115e-01,2.499002497643232346e-03,-3.144550919532775879e-01,-2.130174823105335236e-02,1.193563640117645264e-01,1.914011836051940918e-01,1.193563640117645264e-01,-2.130174823105335236e-02,-3.144550919532775879e-01,2.499002497643232346e-03,2.810133397579193115e-01,-2.105629742145538330e-01
-1.723165392875671387e+00
-1.498129963874816895e-02,2.570904493331909180e-01,-3.531736433506011963e-01,4.927394911646842957e-02,2.876121699810028076e-01,2.847735285758972168e-01,1.639210283756256104e-01,2.847735285758972168e-01,2.876121699810028076e-01,4.927394911646842957e-02,-3.531736433506011963e-01,2.570904493331909180e-01,-1.498129963874816895e-02
-2.228465974330902100e-01,1.768972426652908325e-01,9.193003922700881958e-02,-3.415031135082244873e-01,-8.114011958241462708e-03,1.017940789461135864e-01,2.236119210720062256e-01,1.017940789461135864e-01,-8.114011958241462708e-03,-3.415031135082244873e-01,9.193003922700881958e-02,1.768972426652908325e-01,-2.228465974330902100e-01
-1.857905864715576172e+00
-7.390671968460083008e-02,2.817752659320831299e-01,-3.125261068344116211e-01,-1.688630133867263794e-02,3.116249442100524902e-01,2.704043388366699219e-01,1.911294907331466675e-01,2.704043388366699219e-01,3.116249442100524902e-01,-1.688630133867263794e-02,-3.125261068344116211e-01,2.817752659320831299e-01,-7.390671968460083008e-02
-1.991558969020843506e-01,9.086294472217559814e-02,1.697244644165039062e-01,-3.595393300056457520e-01,-1.378886867314577103e-02,9.804663062095642090e-02,2.490944564342498779e-01,9.804663062095642090e-02,-1.378886867314577103e-02,-3.595393300056457520e-01,1.697244644165039062e-01,9.086294472217559814e-02,-1.991558969020843506e-01
-1.995981097221374512e+00
-1.765519529581069946e-01,2.744242548942565918e-01,-2.267335802316665649e-01,-5.619424208998680115e-02,3.468684256076812744e-01,2.473951578140258789e-01,2.085324078798294067e-01,2.473951578140258789e-01,3.468684256076812744e-01,-5.619424208998680115e-02,-2.267335802316665649e-01,2.744242548942565918e-01,-1.765519529581069946e-01
-1.901453733444213867e-01,-3.126971796154975891e-02,2.088406234979629517e-01,-3.524388670921325684e-01,-1.683770306408405304e-02,1.118667423725128174e-01,2.653999030590057373e-01,1.118667423725128174e-01,-1.683770306408405304e-02,-3.524388670921325684e-01,2.088406234979629517e-01,-3.126971796154975891e-02,-1.901453733444213867e-01
-2.137312412261962891e+00
-1.948726624250411987e-01,2.604485750198364258e-01,-1.604478806257247925e-01,-1.166341453790664673e-01,3.669774532318115234e-01,2.303936034440994263e-01,2.302559465169906616e-01,2.303936034440994263e-01,3.669774532318115234e-01,-1.166341453790664673e-01,-1.604478806257247925e-01,2.604485750198364258e-01,-1.948726624250411987e-01
-1.591345965862274170e-01,-9.419716894626617432e-02,2.454789429903030396e-01,-3.408888876438140869e-01,-5.069037526845932007e-02,1.223637983202934265e-01,2.680824100971221924e-01,1.223637983202934265e-01,-5.069037526845932007e-02,-3.408888876438140869e-01,2.454789429903030396e-01,-9.419716894626617432e-02,-1.591345965862274170e-01
-2.281826257705688477e+00
-9.264654666185379028e-02,2.563276886940002441e-01,-1.416197419166564941e-01,-2.198449969291687012e-01,3.584831655025482178e-01,2.256518304347991943e-01,2.620102465152740479e-01,2.256518304347991943e-01,3.584831655025482178e-01,-2.198449969291687012e-01,-1.416197419166564941e-01,2.563276886940002441e-01,-9.264654666185379028e-02
-1.087989807128906250e-01,-6.785020232200622559e-02,3.051828444004058838e-01,-3.203038275241851807e-01,-1.117267683148384094e-01,1.172179803252220154e-01,2.514729499816894531e-01,1.172179803252220154e-01,-1.117267683148384094e-01,-3.203038275241851807e-01,3.051828444004058838e-01,-6.785020232200622559e-02,-1.087989807128906250e-01
-2.429454565048217773e+00
-1.266643553972244263e-01,2.185883671045303345e-01,-7.274417579174041748e-02,-2.560648620128631592e-01,3.700366914272308350e-01,2.253592163324356079e-01,2.755302190780639648e-01,2.253592163324356079e-01,3.700366914272308350e-01,-2.560648620128631592e-01,-7.274417579174041748e-02,2.185883671045303345e-01,-1.266643553972244263e-01
-9.530727565288543701e-02,-1.213898509740829468e-01,3.063941895961761475e-01,-2.784459292888641357e-01,-1.473559141159057617e-01,1.414137482643127441e-01,2.461075931787490845e-01,1.414137482643127441e-01,-1.473559141159057617e-01,-2.784459292888641357e-01,3.063941895961761475e-01,-1.213898509740829468e-01,-9.530727565288543701e-02
-2.580132961273193359e+00
-1.572826653718948364e-01,-2.804228663444519043e-01,1.073030754923820496e-01,2.086032629013061523e-01,1.844497621059417725e-01,1.233936250209808350e-01,1.613604426383972168e-01,1.233936250209808350e-01,1.844497621059417725e-01,2.086032629013061523e-01,1.073030754923820496e-01,-2.804228663444519043e-01,-1.572826653718948364e-01
1.529169976711273193e-01,-1.437215656042098999e-01,-2.118287831544876099e-01,-3.356456384062767029e-02,2.650550939142704010e-02,1.588752269744873047e-01,1.562073826789855957e-01,1.588752269744873047e-01,2.650550939142704010e-02,-3.356456384062767029e-02,-2.118287831544876099e-01,-1.437215656042098999e-01,1.529169976711273193e-01
-3.271071612834930420e-01
-9.079330414533615112e-02,1.872233450412750244e-01,1.389431655406951904e-01,1.697492599487304688e-01,1.812723726034164429e-01,1.596661806106567383e-01,8.278020471334457397e-02,1.596661806106567383e-01,1.812723726034164429e-01,1.697492599487304688e-01,1.389431655406951904e-01,1.872233450412750244e-01,-9.079330414533615112e-02
-9.153812378644943237e-02,-3.119907677173614502e-01,-8.731611818075180054e-02,2.498405613005161285e-02,3.794291615486145020e-02,8.579975366592407227e-02,1.527953594923019409e-01,8.579975366592407227e-02,3.794291615486145020e-02,2.498405613005161285e-02,-8.731611818075180054e-02,-3.119907677173614502e-01,-9.153812378644943237e-02
-4.067060351371765137e-01
-1.433118283748626709e-01,-1.572349108755588531e-02,1.256307959556579590e-01,1.893144547939300537e-01,2.279253453016281128e-01,1.508470326662063599e-01,1.034249663352966309e-01,1.508470326662063599e-01,2.279253453016281128e-01,1.893144547939300537e-01,1.256307959556579590e-01,-1.572349108755588531e-02,-1.433118283748626709e-01
-6.493931263685226440e-02,-3.056695759296417236e-01,-1.259486675262451172e-01,5.981383100152015686e-02,-8.380461484193801880e-03,1.416211575269699097e-01,1.660574674606323242e-01,1.416211575269699097e-01,-8.380461484193801880e-03,5.981383100152015686e-02,-1.259486675262451172e-01,-3.056695759296417236e-01,-6.493931263685226440e-02
-4.918165504932403564e-01
-2.075898200273513794e-01,-1.314328461885452271e-01,1.208641752600669861e-01,2.233622223138809204e-01,1.562630385160446167e-01,1.491518616676330566e-01,1.202759444713592529e-01,1.491518616676330566e-01,1.562630385160446167e-01,2.233622223138809204e-01,1.208641752600669861e-01,-1.314328461885452271e-01,-2.075898200273513794e-01
6.545977294445037842e-02,-3.086526393890380859e-01,-1.132766157388687134e-01,7.686755154281854630e-03,5.098761990666389465e-02,1.115857884287834167e-01,2.065139412879943848e-01,1.115857884287834167e-01,5.098761990666389465e-02,7.686755154281854630e-03,-1.132766157388687134e-01,-3.086526393890380859e-01,6.545977294445037842e-02
-5.821056365966796875e-01
-1.732034683227539062e-01,-2.705600261688232422e-01,1.272195577621459961e-01,1.960261315107345581e-01,1.847212016582489014e-01,1.035412475466728210e-01,1.572217792272567749e-01,1.035412475466728210e-01,1.847212016582489014e-01,1.960261315107345581e-01,1.272195577621459961e-01,-2.705600261688232422e-01,-1.732034683227539062e-01
1.365485489368438721e-01,-1.954715996980667114e-01,-1.835285723209381104e-01,-2.543224580585956573e-02,4.682729765772819519e-02,1.365960091352462769e-01,1.656044125556945801e-01,1.365960091352462769e-01,4.682729765772819519e-02,-2.543224580585956573e-02,-1.835285723209381104e-01,-1.954715996980667114e-01,1.365485489368438721e-01
-6.772937774658203125e-01
-1.540029048919677734e-01,-2.762451767921447754e-01,5.092779919505119324e-02,2.450573742389678955e-01,1.692520529031753540e-01,1.638536155223846436e-01,1.397820413112640381e-01,1.638536155223846436e-01,1.692520529031753540e-01,2.450573742389678955e-01,5.092779919505119324e-02,-2.762451767921447754e-01,-1.540029048919677734e-01
2.000879049301147461e-01,-9.733752161264419556e-02,-2.458156794309616089e-01,-4.759838432073593140e-02,6.403251737356185913e-02,1.810409724712371826e-01,1.477063894271850586e-01,1.810409724712371826e-01,6.403251737356185913e-02,-4.759838432073593140e-02,-2.458156794309616089e-01,-9.733752161264419556e-02,2.000879049301147461e-01
-7.771421670913696289e-01
-7.027389854192733765e-02,-2.894336581230163574e-01,-3.141043335199356079e-02,2.470727115869522095e-01,1.546222269535064697e-01,1.623939126729965210e-01,1.012419015169143677e-01,1.623939126729965210e-01,1.546222269535064697e-01,2.470727115869522095e-01,-3.141043335199356079e-02,-2.894336581230163574e-01,-7.027389854192733765e-02
3.275122940540313721e-01,-3.640105947852134705e-02,-2.253703474998474121e-01,-1.346825808286666870e-01,1.071761772036552429e-01,1.540258377790451050e-01,1.831270307302474976e-01,1.540258377790451050e-01,1.071761772036552429e-01,-1.346825808286666870e-01,-2.253703474998474121e-01,-3.640105947852134705e-02,3.275122940540313721e-01
-8.814436793327331543e-01
1.060772761702537537e-01,-3.273874521255493164e-01,-4.375613108277320862e-02,2.049118876457214355e-01,2.101152539253234863e-01,1.541504114866256714e-01,1.522152572870254517e-01,1.541504114866256714e-01,2.101152539253234863e-01,2.049118876457214355e-01,-4.375613108277320862e-02,-3.273874521255493164e-01,1.060772761702537537e-01
3.442328572273254395e-01,2.089498378336429596e-02,-2.151118814945220947e-01,-1.916736513376235962e-01,1.024334356188774109e-01,1.056237891316413879e-01,1.717416793107986450e-01,1.056237891316413879e-01,1.024334356188774109e-01,-1.916736513376235962e-01,-2.151118814945220947e-01,2.089498378336429596e-02,3.442328572273254395e-01
-9.900165200233459473e-01
2.728721201419830322e-01,-3.233756422996520996e-01,-7.068206369876861572e-02,1.510625183582305908e-01,2.600650191307067871e-01,1.424183994531631470e-01,1.851166933774948120e-01,1.424183994531631470e-01,2.600650191307067871e-01,1.510625183582305908e-01,-7.068206369876861572e-02,-3.233756422996520996e-01,2.728721201419830322e-01
2.594725191593170166e-01,1.444319337606430054e-01,-2.316993027925491333e-01,-1.964930295944213867e-01,6.874732673168182373e-02,1.304967999458312988e-01,1.502001881599426270e-01,1.304967999458312988e-01,6.874732673168182373e-02,-1.964930295944213867e-01,-2.316993027925491333e-01,1.444319337606430054e-01,2.594725191593170166e-01
-1.102699279785156250e+00
3.520926833152770996e-01,-2.497130483388900757e-01,-1.378401964902877808e-01,1.342372447252273560e-01,2.779410481452941895e-01,1.564832925796508789e-01,1.766228526830673218e-01,1.564832925796508789e-01,2.779410481452941895e-01,1.342372447252273560e-01,-1.378401964902877808e-01,-2.497130483388900757e-01,3.520926833152770996e-01
9.972450137138366699e-02,2.596178650856018066e-01,-2.560354471206665039e-01,-1.891252845525741577e-01,1.503843627870082855e-02,1.632092595100402832e-01,1.180433481931686401e-01,1.632092595100402832e-01,1.503843627870082855e-02,-1.891252845525741577e-01,-2.560354471206665039e-01,2.596178650856018066e-01,9.972450137138366699e-02
-1.219347834587097168e+00
3.316114842891693115e-01,-1.339044272899627686e-01,-2.229203283786773682e-01,1.303702741861343384e-01,2.512599825859069824e-01,1.860172301530838013e-01,1.466964483261108398e-01,1.860172301530838013e-01,2.512599825859069824e-01,1.303702741861343384e-01,-2.229203283786773682e-01,-1.339044272899627686e-01,3.316114842891693115e-01
-3.470000252127647400e-02,3.419143855571746826e-01,-2.500442564487457275e-01,-2.090869247913360596e-01,-4.085806012153625488e-02,1.673369705677032471e-01,1.028692200779914856e-01,1.673369705677032471e-01,-4.085806012153625488e-02,-2.090869247913360596e-01,-2.500442564487457275e-01,3.419143855571746826e-01,-3.470000252127647400e-02
-1.339831829071044922e+00
2.596270740032196045e-01,7.832365226931869984e-04,-2.922845184803009033e-01,1.476516276597976685e-01,2.471752613782882690e-01,2.388502955436706543e-01,1.345334202051162720e-01,2.388502955436706543e-01,2.471752613782882690e-01,1.476516276597976685e-01,-2.922845184803009033e-01,7.832365226931869984e-04,2.596270740032196045e-01
-1.492191553115844727e-01,3.599013686180114746e-01,-1.915910392999649048e-01,-2.320311069488525391e-01,-4.609787091612815857e-02,1.567097455263137817e-01,1.149467602372169495e-01,1.567097455263137817e-01,-4.609787091612815857e-02,-2.320311069488525391e-01,-1.915910392999649048e-01,3.599013686180114746e-01,-1.492191553115844727e-01
-1.464033246040344238e+00
1.689941883087158203e-01,1.157220527529716492e-01,-3.519974946975708008e-01,1.313789486885070801e-01,2.447137534618377686e-01,2.715477943420410156e-01,1.306403130292892456e-01,2.715477943420410156e-01,2.447137534618377686e-01,1.313789486885070801e-01,-3.519974946975708008e-01,1.157220527529716492e-01,1.689941883087158203e-01
-2.001546919345855713e-01,3.374435901641845703e-01,-9.750176221132278442e-02,-2.687721848487854004e-01,-3.262559324502944946e-02,1.378995329141616821e-01,1.489931195974349976e-01,1.378995329141616821e-01,-3.262559324502944946e-02,-2.687721848487854004e-01,-9.750176221132278442e-02,3.374435901641845703e-01,-2.001546919345855713e-01
-1.591844081878662109e+00
8.082030713558197021e-02,2.015323638916015625e-01,-3.721060156822204590e-01,9.827847033739089966e-02,2.582717239856719971e-01,2.828155457973480225e-01,1.387240737676620483e-01,2.828155457973480225e-01,2.582717239856719971e-01,9.827847033739089966e-02,-3.721060156822204590e-01,2.015323638916015625e-01,8.082030713558197021e-02
-2.156252264976501465e-01,2.738501727581024170e-01,5.429220618680119514e-04,-3.123587965965270996e-01,-2.070304937660694122e-02,1.115384772419929504e-01,1.846463531255722046e-01,1.115384772419929504e-01,-2.070304937660694122e-02,-3.123587965965270996e-01,5.429220618680119514e-04,2.738501727581024170e-01,-2.156252264976501465e-01
-1.723165392875671387e+00
-2.474295208230614662e-03,2.577364742755889893e-01,-3.592864871025085449e-01,4.251026362180709839e-02,2.800307571887969971e-01,2.777959704399108887e-01,1.581887453794479370e-01,2.777959704399108887e-01,2.800307571887969971e-01,4.251026362180709839e-02,-3.592864871025085449e-01,2.577364742755889893e-01,-2.474295208230614662e-03
-2.161037325859069824e-01,1.865445673465728760e-01,9.803611785173416138e-02,-3.396458327770233154e-01,-7.396496832370758057e-03,1.036753281950950623e-01,2.246136218309402466e-01,1.036753281950950623e-01,-7.396496832370758057e-03,-3.396458327770233154e-01,9.803611785173416138e-02,1.865445673465728760e-01,-2.161037325859069824e-01
-1.857905864715576172e+00
-3.865369781851768494e-02,2.896569669246673584e-01,-3.205739557743072510e-01,-3.228043764829635620e-02,2.931892871856689453e-01,2.566745579242706299e-01,1.815659552812576294e-01,2.566745579242706299e-01,2.931892871856689453e-01,-3.228043764829635620e-02,-3.205739557743072510e-01,2.896569669246673584e-01,-3.865369781851768494e-02
-1.819742023944854736e-01,1.133952438831329346e-01,1.771676242351531982e-01,-3.646472394466400146e-01,-2.283089794218540192e-02,9.462197870016098022e-02,2.478982657194137573e-01,9.462197870016098022e-02,-2.283089794218540192e-02,-3.646472394466400146e-01,1.771676242351531982e-01,1.133952438831329346e-01,-1.819742023944854736e-01
-1.995981097221374512e+00
-9.620929509401321411e-02,2.845951318740844727e-01,-2.625261545181274414e-01,-9.105377644300460815e-02,3.296656608581542969e-01,2.465090602636337280e-01,2.132466286420822144e-01,2.465090602636337280e-01,3.296656608581542969e-01,-9.105377644300460815e-02,-2.625261545181274414e-01,2.845951318740844727e-01,-9.620929509401321411e-02
-1.651885360479354858e-01,2.632270008325576782e-02,2.379932850599288940e-01,-3.579026162624359131e-01,-3.638552501797676086e-02,9.490396082401275635e-02,2.567886710166931152e-01,9.490396082401275635e-02,-3.638552501797676086e-02,-3.579026162624359131e-01,2.379932850599288940e-01,2.632270008325576782e-02,-1.651885360479354858e-01
-2.137312412261962891e+00
-2.479279488325119019e-01,2.583222091197967529e-01,-1.148999556899070740e-01,-7.757943123579025269e-02,3.753117620944976807e-01,2.084684967994689941e-01,2.066366672515869141e-01,2.084684967994689941e-01,3.753117620944976807e-01,-7.757943123579025269e-02,-1.148999556899070740e-01,2.583222091197967529e-01,-2.479279488325119019e-01
-1.905687898397445679e-01,-1.457109004259109497e-01,2.375598698854446411e-01,-3.176140785217285156e-01,-2.321547083556652069e-02,1.124797090888023376e-01,2.510911226272583008e-01,1.124797090888023376e-01,-2.321547083556652069e-02,-3.176140785217285156e-01,2.375598698854446411e-01,-1.457109004259109497e-01,-1.905687898397445679e-01
-2.281826257705688477e+00
-1.046332269906997681e-01,2.540999054908752441e-01,-1.345685124397277832e-01,-2.143913954496383667e-01,3.575518429279327393e-01,2.189205586910247803e-01,2.546761929988861084e-01,2.189205586910247803e-01,3.575518429279327393e-01,-2.143913954496383667e-01,-1.345685124397277832e-01,2.540999054908752441e-01,-1.046332269906997681e-01
-1.095361188054084778e-01,-7.617451250553131104e-02,3.005501329898834229e-01,-3.208111226558685303e-01,-1.132135689258575439e-01,1.119714975357055664e-01,2.476316988468170166e-01,1.119714975357055664e-01,-1.132135689258575439e-01,-3.208111226558685303e-01,3.005501329898834229e-01,-7.617451250553131104e-02,-1.095361188054084778e-01
-2.429454565048217773e+00
-7.894711941480636597e-02,2.306510508060455322e-01,-8.396980911493301392e-02,-2.677189409732818604e-01,3.621052503585815430e-01,2.188042253255844116e-01,2.707143127918243408e-01,2.188042253255844116e-01,3.621052503585815430e-01,-2.677189409732818604e-01,-8.396980911493301392e-02,2.306510508060455322e-01,-7.894711941480636597e-02
-9.202781319618225098e-02,-9.483212232589721680e-02,3.184864819049835205e-01,-2.814999818801879883e-01,-1.539639234542846680e-01,1.304365992546081543e-01,2.364077568054199219e-01,1.304365992546081543e-01,-1.539639234542846680e-01,-2.814999818801879883e-01,3.184864819049835205e-01,-9.483212232589721680e-02,-9.202781319618225098e-02
-2.580132961273193359e+00
-1.580883115530014038e-01,-2.776207029819488525e-01,1.148037165403366089e-01,2.096874713897705078e-01,1.852135956287384033e-01,1.325857788324356079e-01,1.740251630544662476e-01,1.325857788324356079e-01,1.852135956287384033e-01,2.096874713897705078e-01,1.148037165403366089e-01,-2.776207029819488525e-01,-1.580883115530014038e-01
1.658830046653747559e-01,-1.532853245735168457e-01,-2.264897674322128296e-01,-2.287840843200683594e-02,6.549458950757980347e-02,1.629566699266433716e-01,1.431360542774200439e-01,1.629566699266433716e-01,6.549458950757980347e-02,-2.287840843200683594e-02,-2.264897674322128296e-01,-1.532853245735168457e-01,1.658830046653747559e-01
-3.271071612834930420e-01
-1.202339380979537964e-01,1.741722822189331055e-01,1.235623434185981750e-01,1.749376505613327026e-01,2.167874127626419067e-01,1.594285219907760620e-01,6.164060533046722412e-02,1.594285219907760620e-01,2.167874127626419067e-01,1.749376505613327026e-01,1.235623434185981750e-01,1.741722822189331055e-01,-1.202339380979537964e-01
-5.798047780990600586e-02,-2.911022901535034180e-01,-1.290581971406936646e-01,1.416177023202180862e-02,8.236701041460037231e-02,9.490414708852767944e-02,1.251855492591857910e-01,9.490414708852767944e-02,8.236701041460037231e-02,1.416177023202180862e-02,-1.290581971406936646e-01,-2.911022901535034180e-01,-5.798047780990600586e-02
-4.067060351371765137e-01
-1.349394470453262329e-01,-7.048587780445814133e-03,9.624892473220825195e-02,1.728107333183288574e-01,2.343803495168685913e-01,1.471885442733764648e-01,8.649648725986480713e-02,1.471885442733764648e-01,2.343803495168685913e-01,1.728107333183288574e-01,9.624892473220825195e-02,-7.048587780445814133e-03,-1.349394470453262329e-01
-6.035810708999633789e-02,-2.975789010524749756e-01,-1.228789687156677246e-01,6.541450321674346924e-02,6.800488103181123734e-03,1.466732472181320190e-01,1.631438732147216797e-01,1.466732472181320190e-01,6.800488103181123734e-03,6.541450321674346924e-02,-1.228789687156677246e-01,-2.975789010524749756e-01,-6.035810708999633789e-02
-4.918165504932403564e-01
-2.174546867609024048e-01,-1.339737623929977417e-01,1.176030039787292480e-01,2.139256745576858521e-01,1.469530463218688965e-01,1.526405215263366699e-01,1.300782263278961182e-01,1.526405215263366699e-01,1.469530463218688965e-01,2.139256745576858521e-01,1.176030039787292480e-01,-1.339737623929977417e-01,-2.174546867609024048e-01
6.007841601967811584e-02,-3.104830086231231689e-01,-1.137361228466033936e-01,4.380001220852136612e-03,6.080897152423858643e-02,1.112391874194145203e-01,2.032981514930725098e-01,1.112391874194145203e-01,6.080897152423858643e-02,4.380001220852136612e-03,-1.137361228466033936e-01,-3.104830086231231689e-01,6.007841601967811584e-02
-5.821056365966796875e-01
-1.624631434679031372e-01,-2.698950767517089844e-01,1.345364898443222046e-01,2.008867114782333374e-01,1.871843934059143066e-01,1.132368296384811401e-01,1.708313971757888794e-01,1.132368296384811401e-01,1.871843934059143066e-01,2.008867114782333374e-01,1.345364898443222046e-01,-2.698950767517089844e-01,-1.624631434679031372e-01
1.570592224597930908e-01,-1.887495666742324829e-01,-1.919340044260025024e-01,-2.922737970948219299e-02,5.914636701345443726e-02,1.432632952928543091e-01,1.654149889945983887e-01,1.432632952928543091e-01,5.914636701345443726e-02,-2.922737970948219299e-02,-1.919340044260025024e-01,-1.887495666742324829e-01,1.570592224597930908e-01
-6.772937774658203125e-01
-1.553084552288055420e-01,-2.758329510688781738e-01,4.280956834554672241e-02,2.358066290616989136e-01,1.622033566236495972e-01,1.581996381282806396e-01,1.355639249086380005e-01,1.581996381282806396e-01,1.622033566236495972e-01,2.358066290616989136e-01,4.280956834554672241e-02,-2.758329510688781738e-01,-1.553084552288055420e-01
2.113118171691894531e-01,-9.254871308803558350e-02,-2.486640214920043945e-01,-4.056680202484130859e-02,8.790307492017745972e-02,1.857092231512069702e-01,1.426738649606704712e-01,1.857092231512069702e-01,8.790307492017745972e-02,-4.056680202484130859e-02,-2.486640214920043945e-01,-9.254871308803558350e-02,2.113118171691894531e-01
-7.771421670913696289e-01
-7.575125247240066528e-02,-2.705171704292297363e-01,9.932287037372589111e-03,2.719225585460662842e-01,1.604810804128646851e-01,1.667461991310119629e-01,1.068948432803153992e-01,1.667461991310119629e-01,1.604810804128646851e-01,2.719225585460662842e-01,9.932287037372589111e-03,-2.705171704292297363e-01,-7.575125247240066528e-02
3.198588490486145020e-01,-3.551334515213966370e-02,-2.264481633901596069e-01,-1.643813699483871460e-01,4.444661363959312439e-02,1.390354931354522705e-01,1.864267289638519287e-01,1.390354931354522705e-01,4.444661363959312439e-02,-1.643813699483871460e-01,-2.264481633901596069e-01,-3.551334515213966370e-02,3.198588490486145020e-01
-8.814436793327331543e-01
1.093005314469337463e-01,-3.183994293212890625e-01,-4.634734615683555603e-02,1.998044252395629883e-01,2.060585618019104004e-01,1.399984806776046753e-01,1.330250054597854614e-01,1.399984806776046753e-01,2.060585618019104004e-01,1.998044252395629883e-01,-4.634734615683555603e-02,-3.183994293212890625e-01,1.093005314469337463e-01
3.468863964080810547e-01,2.915714122354984283e-02,-2.118807882070541382e-01,-1.984208226203918457e-01,1.024098098278045654e-01,1.257380843162536621e-01,1.918290406465530396e-01,1.257380843162536621e-01,1.024098098278045654e-01,-1.984208226203918457e-01,-2.118807882070541382e-01,2.915714122354984283e-02,3.468863964080810547e-01
-9.900165200233459473e-01
2.801992297172546387e-01,-3.102201819419860840e-01,-6.765808165073394775e-02,1.462268382310867310e-01,2.480125874280929565e-01,1.199952140450477600e-01,1.602299511432647705e-01,1.199952140450477600e-01,2.480125874280929565e-01,1.462268382310867310e-01,-6.765808165073394775e-02,-3.102201819419860840e-01,2.801992297172546387e-01
2.612220346927642822e-01,1.497691124677658081e-01,-2.270731925964355469e-01,-1.949658095836639404e-01,7.389388978481292725e-02,1.398761421442031860e-01,1.584849953651428223e-01,1.398761421442031860e-01,7.389388978481292725e-02,-1.949658095836639404e-01,-2.270731925964355469e-01,1.497691124677658081e-01,2.612220346927642822e-01
-1.102699279785156250e+00
3.441958129405975342e-01,-2.481231540441513062e-01,-1.351484209299087524e-01,1.327754855155944824e-01,2.763060629367828369e-01,1.581871062517166138e-01,1.786818653345108032e-01,1.581871062517166138e-01,2.763060629367828369e-01,1.327754855155944824e-01,-1.351484209299087524e-01,-2.481231540441513062e-01,3.441958129405975342e-01
9.231075644493103027e-02,2.569869160652160645e-01,-2.505767941474914551e-01,-1.816220581531524658e-01,1.959708891808986664e-02,1.595428436994552612e-01,1.134043782949447632e-01,1.595428436994552612e-01,1.959708891808986664e-02,-1.816220581531524658e-01,-2.505767941474914551e-01,2.569869160652160645e-01,9.231075644493103027e-02
-1.219347834587097168e+00
3.325497508049011230e-01,-1.161919087171554565e-01,-2.068857699632644653e-01,1.435752511024475098e-01,2.594590187072753906e-01,1.880765408277511597e-01,1.456813812255859375e-01,1.880765408277511597e-01,2.594590187072753906e-01,1.435752511024475098e-01,-2.068857699632644653e-01,-1.161919087171554565e-01,3.325497508049011230e-01
-7.794117182493209839e-02,3.282651603221893311e-01,-2.376205921173095703e-01,-1.897836774587631226e-01,-2.045369707047939301e-02,1.791795343160629272e-01,1.108889132738113403e-01,1.791795343160629272e-01,-2.045369707047939301e-02,-1.897836774587631226e-01,-2.376205921173095703e-01,3.282651603221893311e-01,-7.794117182493209839e-02
-1.339831829071044922e+00
2.653685510158538818e-01,1.018125005066394806e-02,-2.904481589794158936e-01,1.447913795709609985e-01,2.439947724342346191e-01,2.331762164831161499e-01,1.274610906839370728e-01,2.331762164831161499e-01,2.439947724342346191e-01,1.447913795709609985e-01,-2.904481589794158936e-01,1.018125005066394806e-02,2.653685510158538818e-01
-1.635676324367523193e-01,3.573178052902221680e-01,-1.856709867715835571e-01,-2.275458574295043945e-01,-4.445825889706611633e-02,1.581860482692718506e-01,1.163312643766403198e-01,1.581860482692718506e-01,-4.445825889706611633e-02,-2.275458574295043945e-01,-1.856709867715835571e-01,3.573178052902221680e-01,-1.635676324367523193e-01
-1.464033246040344238e+00
1.726213097572326660e-01,1.172396391630172729e-01,-3.522839844226837158e-01,1.307522207498550415e-01,2.427389323711395264e-01,2.662511169910430908e-01,1.242222860455513000e-01,2.662511169910430908e-01,2.427389323711395264e-01,1.307522207498550415e-01,-3.522839844226837158e-01,1.172396391630172729e-01,1.726213097572326660e-01
-2.017963528633117676e-01,3.366923928260803223e-01,-9.692879766225814819e-02,-2.690751254558563232e-01,-3.611709177494049072e-02,1.311727017164230347e-01,1.438575983047485352e-01,1.311727017164230347e-01,-3.611709177494049072e-02,-2.690751254558563232e-01,-9.692879766225814819e-02,3.366923928260803223e-01,-2.017963528633117676e-01
-1.591844081878662109e+00
7.838654518127441406e-02,2.036142349243164062e-01,-3.729653060436248779e-01,9.674508124589920044e-02,2.577376365661621094e-01,2.805900573730468750e-01,1.356472522020339966e-01,2.805900573730468750e-01,2.577376365661621094e-01,9.674508124589920044e-02,-3.729653060436248779e-01,2.036142349243164062e-01,7.838654518127441406e-02
-2.191092967987060547e-01,2.696851193904876709e-01,-1.600114745087921619e-03,-3.118185400962829590e-01,-1.826647482812404633e-02,1.143634840846061707e-01,1.865777820348739624e-01,1.143634840846061707e-01,-1.826647482812404633e-02,-3.118185400962829590e-01,-1.600114745087921619e-03,2.696851193904876709e-01,-2.191092967987060547e-01
-1.723165392875671387e+00
-1.265890244394540787e-02,2.589181065559387207e-01,-3.559096455574035645e-01,4.453562200069427490e-02,2.824039757251739502e-01,2.782134413719177246e-01,1.576475948095321655e-01,2.782134413719177246e-01,2.824039757251739502e-01,4.453562200069427490e-02,-3.559096455574035645e-01,2.589181065559387207e-01,-1.265890244394540787e-02
-2.198780477046966553e-01,1.770327389240264893e-01,9.236808121204376221e-02,-3.412067592144012451e-01,-8.545045740902423859e-03,1.001366153359413147e-01,2.224424183368682861e-01,1.001366153359413147e-01,-8.545045740902423859e-03,-3.412067592144012451e-01,9.236808121204376221e-02,1.770327389240264893e-01,-2.198780477046966553e-01
-1.857905864715576172e+00
-6.793414801359176636e-02,2.827009558677673340e-01,-3.184834420680999756e-01,-2.582659013569355011e-02,3.025897741317749023e-01,2.629675865173339844e-01,1.851387470960617065e-01,2.629675865173339844e-01,3.025897741317749023e-01,-2.582659013569355011e-02,-3.184834420680999756e-01,2.827009558677673340e-01,-6.793414801359176636e-02
-1.937460750341415405e-01,9.459782391786575317e-02,1.741731464862823486e-01,-3.571532368659973145e-01,-1.409817766398191452e-02,9.615963697433471680e-02,2.480890452861785889e-01,9.615963697433471680e-02,-1.409817766398191452e-02,-3.571532368659973145e-01,1.741731464862823486e-01,9.459782391786575317e-02,-1.937460750341415405e-01
-1.995981097221374512e+00
-1.706739217042922974e-01,2.758892178535461426e-01,-2.320101708173751831e-01,-6.084220483899116516e-02,3.419866859912872314e-01,2.430877387523651123e-01,2.048539519309997559e-01,2.430877387523651123e-01,3.419866859912872314e-01,-6.084220483899116516e-02,-2.320101708173751831e-01,2.758892178535461426e-01,-1.706739217042922974e-01
-1.855400651693344116e-01,-3.015452064573764801e-02,2.083565592765808105e-01,-3.545915186405181885e-01,-1.938580721616744995e-02,1.119463369250297546e-01,2.669685184955596924e-01,1.119463369250297546e-01,-1.938580721616744995e-02,-3.545915186405181885e-01,2.083565592765808105e-01,-3.015452064573764801e-02,-1.855400651693344116e-01
-2.137312412261962891e+00
-2.853489816188812256e-01,2.307054847478866577e-01,-6.155203655362129211e-02,-1.624252460896968842e-02,4.061398208141326904e-01,1.852215081453323364e-01,1.773742735385894775e-01,1.852215081453323364e-01,4.061398208141326904e-01,-1.624252460896968842e-02,-6.155203655362129211e-02,2.307054847478866577e-01,-2.853489816188812256e-01
-2.164082229137420654e-01,-2.577711343765258789e-01,2.010017931461334229e-01,-2.752870917320251465e-01,5.692412331700325012e-02,9.543487429618835449e-02,2.149159312248229980e-01,9.543487429618835449e-02,5.692412331700325012e-02,-2.752870917320251465e-01,2.010017931461334229e-01,-2.577711343765258789e-01,-2.164082229137420654e-01
-2.281826257705688477e+00
-1.492908298969268799e-01,2.430164664983749390e-01,-1.254207044839859009e-01,-2.036207467317581177e-01,3.627595007419586182e-01,2.207330465316772461e-01,2.547631561756134033e-01,2.207330465316772461e-01,3.627595007419586182e-01,-2.036207467317581177e-01,-1.254207044839859009e-01,2.430164664983749390e-01,-1.492908298969268799e-01
-1.134074851870536804e-01,-1.059805005788803101e-01,2.861942052841186523e-01,-3.176196217536926270e-01,-1.038115024566650391e-01,1.268811374902725220e-01,2.595717310905456543e-01,1.268811374902725220e-01,-1.038115024566650391e-01,-3.176196217536926270e-01,2.861942052841186523e-01,-1.059805005788803101e-01,-1.134074851870536804e-01
-2.429454565048217773e+00
-1.835146397352218628e-01,2.082136124372482300e-01,-4.624731466174125671e-02,-2.315734475851058960e-01,3.737348020076751709e-01,2.142710238695144653e-01,2.623869180679321289e-01,2.142710238695144653e-01,3.737348020076751709e-01,-2.315734475851058960e-01,-4.624731466174125671e-02,2.082136124372482300e-01,-1.835146397352218628e-01
-9.743136912584304810e-02,-1.651991009712219238e-01,2.755327522754669189e-01,-2.794615030288696289e-01,-1.355711817741394043e-01,1.526555120944976807e-01,2.511789202690124512e-01,1.526555120944976807e-01,-1.355711817741394043e-01,-2.794615030288696289e-01,2.755327522754669189e-01,-1.651991009712219238e-01,-9.743136912584304810e-02
-2.580132961273193359e+00
-1.594254672527313232e-01,-2.822156250476837158e-01,1.101908236742019653e-01,2.070135772228240967e-01,1.832120418548583984e-01,1.297156065702438354e-01,1.715312004089355469e-01,1.297156065702438354e-01,1.832120418548583984e-01,2.070135772228240967e-01,1.101908236742019653e-01,-2.822156250476837158e-01,-1.594254672527313232e-01
1.740924865007400513e-01,-1.445585042238235474e-01,-2.276469022035598755e-01,-2.692632935941219330e-02,6.849713623523712158e-02,1.712557077407836914e-01,1.491092890501022339e-01,1.712557077407836914e-01,6.849713623523712158e-02,-2.692632935941219330e-02,-2.276469022035598755e-01,-1.445585042238235474e-01,1.740924865007400513e-01
-3.271071612834930420e-01
-1.296992450952529907e-01,1.936847567558288574e-01,1.353577375411987305e-01,1.665913909673690796e-01,2.051792293787002563e-01,1.519440859556198120e-01,6.162448599934577942e-02,1.519440859556198120e-01,2.051792293787002563e-01,1.665913909673690796e-01,1.353577375411987305e-01,1.936847567558288574e-01,-1.296992450952529907e-01
-5.111316964030265808e-02,-2.660886943340301514e-01,-1.400367468595504761e-01,-7.492470322176814079e-04,8.865039795637130737e-02,1.024548634886741638e-01,1.220093667507171631e-01,1.024548634886741638e-01,8.865039795637130737e-02,-7.492470322176814079e-04,-1.400367468595504761e-01,-2.660886943340301514e-01,-5.111316964030265808e-02
-4.067060351371765137e-01
-1.467212885618209839e-01,-1.948795281350612640e-02,1.126560568809509277e-01,1.845431178808212280e-01,2.282678931951522827e-01,1.453253179788589478e-01,9.540969133377075195e-02,1.453253179788589478e-01,2.282678931951522827e-01,1.845431178808212280e-01,1.126560568809509277e-01,-1.948795281350612640e-02,-1.467212885618209839e-01
-6.881149113178253174e-02,-2.984076440334320068e-01,-1.169534400105476379e-01,6.487078219652175903e-02,-2.011075383052229881e-03,1.506392657756805420e-01,1.725708842277526855e-01,1.506392657756805420e-01,-2.011075383052229881e-03,6.487078219652175903e-02,-1.169534400105476379e-01,-2.984076440334320068e-01,-6.881149113178253174e-02
-4.918165504932403564e-01
-2.134083509445190430e-01,-1.326160579919815063e-01,1.165276393294334412e-01,2.230508476495742798e-01,1.602597981691360474e-01,1.478075087070465088e-01,1.149016320705413818e-01,1.478075087070465088e-01,1.602597981691360474e-01,2.230508476495742798e-01,1.165276393294334412e-01,-1.326160579919815063e-01,-2.134083509445190430e-01
5.865469947457313538e-02,-3.068779110908508301e-01,-1.076989769935607910e-01,-4.635991994291543961e-03,3.038572333753108978e-02,9.846869111061096191e-02,2.019768953323364258e-01,9.846869111061096191e-02,3.038572333753108978e-02,-4.635991994291543961e-03,-1.076989769935607910e-01,-3.068779110908508301e-01,5.865469947457313538e-02
-5.821056365966796875e-01
-1.592435687780380249e-01,-2.628110647201538086e-01,1.445871144533157349e-01,2.016879320144653320e-01,1.865082681179046631e-01,1.190889254212379456e-01,1.800279617309570312e-01,1.190889254212379456e-01,1.865082681179046631e-01,2.016879320144653320e-01,1.445871144533157349e-01,-2.628110647201538086e-01,-1.592435687780380249e-01
1.671487390995025635e-01,-1.969532072544097900e-01,-2.050553113222122192e-01,-2.665391936898231506e-02,7.798213511705398560e-02,1.427801400423049927e-01,1.549574881792068481e-01,1.427801400423049927e-01,7.798213511705398560e-02,-2.665391936898231506e-02,-2.050553113222122192e-01,-1.969532072544097900e-01,1.671487390995025635e-01
-6.772937774658203125e-01
-1.438884586095809937e-01,-2.685068547725677490e-01,5.250733345746994019e-02,2.380312830209732056e-01,1.605670303106307983e-01,1.595458984375000000e-01,1.402919888496398926e-01,1.595458984375000000e-01,1.605670303106307983e-01,2.380312830209732056e-01,5.250733345746994019e-02,-2.685068547725677490e-01,-1.438884586095809937e-01
2.074758261442184448e-01,-9.623269736766815186e-02,-2.467946857213973999e-01,-4.520391672849655151e-02,6.772501766681671143e-02,1.699209660291671753e-01,1.341761201620101929e-01,1.699209660291671753e-01,6.772501766681671143e-02,-4.520391672849655151e-02,-2.467946857213973999e-01,-9.623269736766815186e-02,2.074758261442184448e-01
-7.771421670913696289e-01
-6.058812141418457031e-02,-2.838267982006072998e-01,-3.962424769997596741e-02,2.392032295465469360e-01,1.511146724224090576e-01,1.555025130510330200e-01,9.282428771257400513e-02,1.555025130510330200e-01,1.511146724224090576e-01,2.392032295465469360e-01,-3.962424769997596741e-02,-2.838267982006072998e-01,-6.058812141418457031e-02
3.226373195648193359e-01,-4.378597065806388855e-02,-2.275943309068679810e-01,-1.269904524087905884e-01,1.205975115299224854e-01,1.497348546981811523e-01,1.731736660003662109e-01,1.497348546981811523e-01,1.205975115299224854e-01,-1.269904524087905884e-01,-2.275943309068679810e-01,-4.378597065806388855e-02,3.226373195648193359e-01
-8.814436793327331543e-01
1.058693006634712219e-01,-3.225631713867187500e-01,-5.442555248737335205e-02,1.932048499584197998e-01,2.041606605052947998e-01,1.420863866806030273e-01,1.367367208003997803e-01,1.420863866806030273e-01,2.041606605052947998e-01,1.932048499584197998e-01,-5.442555248737335205e-02,-3.225631713867187500e-01,1.058693006634712219e-01
3.420906364917755127e-01,2.727366052567958832e-02,-2.100048363208770752e-01,-1.953967213630676270e-01,1.051426380872726440e-01,1.264536529779434204e-01,1.940805315971374512e-01,1.264536529779434204e-01,1.051426380872726440e-01,-1.953967213630676270e-01,-2.100048363208770752e-01,2.727366052567958832e-02,3.420906364917755127e-01
-9.900165200233459473e-01
2.732805311679840088e-01,-3.129897117614746094e-01,-7.065248489379882812e-02,1.457604020833969116e-01,2.518149018287658691e-01,1.260991841554641724e-01,1.657678484916687012e-01,1.260991841554641724e-01,2.518149018287658691e-01,1.457604020833969116e-01,-7.065248489379882812e-02,-3.129897117614746094e-01,2.732805311679840088e-01
2.613127529621124268e-01,1.470152288675308228e-01,-2.311753779649734497e-01,-2.018248736858367920e-01,6.515534222126007080e-02,1.358107775449752808e-01,1.566716730594635010e-01,1.358107775449752808e-01,6.515534222126007080e-02,-2.018248736858367920e-01,-2.311753779649734497e-01,1.470152288675308228e-01,2.613127529621124268e-01
-1.102699279785156250e+00
3.434885740280151367e-01,-2.532239854335784912e-01,-1.373664736747741699e-01,1.269480139017105103e-01,2.682226598262786865e-01,1.538658887147903442e-01,1.769330501556396484e-01,1.538658887147903442e-01,2.682226598262786865e-01,1.269480139017105103e-01,-1.373664736747741699e-01,-2.532239854335784912e-01,3.434885740280151367e-01
1.110856607556343079e-01,2.636127769947052002e-01,-2.542759478092193604e-01,-1.894793063402175903e-01,1.044914405792951584e-02,1.592310070991516113e-01,1.167301461100578308e-01,1.592310070991516113e-01,1.044914405792951584e-02,-1.894793063402175903e-01,-2.542759478092193604e-01,2.636127769947052002e-01,1.110856607556343079e-01
-1.219347834587097168e+00
3.248166441917419434e-01,-1.322169154882431030e-01,-2.158754020929336548e-01,1.389262825250625610e-01,2.606189846992492676e-01,1.995610296726226807e-01,1.610922068357467651e-01,1.995610296726226807e-01,2.606189846992492676e-01,1.389262825250625610e-01,-2.158754020929336548e-01,-1.322169154882431030e-01,3.248166441917419434e-01
-4.823535308241844177e-02,3.330302834510803223e-01,-2.477592378854751587e-01,-1.965611129999160767e-01,-2.312799729406833649e-02,1.760218292474746704e-01,1.073941811919212341e-01,1.760218292474746704e-01,-2.312799729406833649e-02,-1.965611129999160767e-01,-2.477592378854751587e-01,3.330302834510803223e-01,-4.823535308241844177e-02
-1.339831829071044922e+00
2.590312957763671875e-01,1.859869225881993771e-03,-2.962796092033386230e-01,1.412823498249053955e-01,2.434412986040115356e-01,2.394055575132369995e-01,1.364471465349197388e-01,2.394055575132369995e-01,2.434412986040115356e-01,1.412823498249053955e-01,-2.962796092033386230e-01,1.859869225881993771e-03,2.590312957763671875e-01
-1.505057066679000854e-01,3.602768480777740479e-01,-1.910869330167770386e-01,-2.322992980480194092e-01,-4.495516419410705566e-02,1.592937111854553223e-01,1.172608807682991028e-01,1.592937111854553223e-01,-4.495516419410705566e-02,-2.322992980480194092e-01,-1.910869330167770386e-01,3.602768480777740479e-01,-1.505057066679000854e-01
-1.464033246040344238e+00
1.676359176635742188e-01,1.102079823613166809e-01,-3.540638387203216553e-01,1.317183822393417358e-01,2.436568289995193481e-01,2.722112834453582764e-01,1.325180977582931519e-01,2.722112834453582764e-01,2.436568289995193481e-01,1.317183822393417358e-01,-3.540638387203216553e-01,1.102079823613166809e-01,1.676359176635742188e-01
-1.933440268039703369e-01,3.361737728118896484e-01,-1.061712354421615601e-01,-2.753127217292785645e-01,-3.702109679579734802e-02,1.311459243297576904e-01,1.437122821807861328e-01,1.311459243297576904e-01,-3.702109679579734802e-02,-2.753127217292785645e-01,-1.061712354421615601e-01,3.361737728118896484e-01,-1.933440268039703369e-01
-1.591844081878662109e+00
7.879330217838287354e-02,2.037832736968994141e-01,-3.743526935577392578e-01,9.292759746313095093e-02,2.556463181972503662e-01,2.855410575866699219e-01,1.429151147603988647e-01,2.855410575866699219e-01,2.556463181972503662e-01,9.292759746313095093e-02,-3.743526935577392578e-01,2.037832736968994141e-01,7.879330217838287354e-02
-2.165507525205612183e-01,2.695250511169433594e-01,-4.303940106183290482e-03,-3.161118328571319580e-01,-2.213193848729133606e-02,1.140966489911079407e-01,1.874492168426513672e-01,1.140966489911079407e-01,-2.213193848729133606e-02,-3.161118328571319580e-01,-4.303940106183290482e-03,2.695250511169433594e-01,-2.165507525205612183e-01
-1.723165392875671387e+00
-1.278418675065040588e-02,2.562289237976074219e-01,-3.577422201633453369e-01,4.412757977843284607e-02,2.824816107749938965e-01,2.831010818481445312e-01,1.641179025173187256e-01,2.831010818481445312e-01,2.824816107749938965e-01,4.412757977843284607e-02,-3.577422201633453369e-01,2.562289237976074219e-01,-1.278418675065040588e-02
-2.156883925199508667e-01,1.769029349088668823e-01,8.723590523004531860e-02,-3.428447544574737549e-01,-5.801243707537651062e-03,1.024044528603553772e-01,2.224619835615158081e-01,1.024044528603553772e-01,-5.801243707537651062e-03,-3.428447544574737549e-01,8.723590523004531860e-02,1.769029349088668823e-01,-2.156883925199508667e-01
-1.857905864715576172e+00
-1.208342313766479492e-01,2.752669453620910645e-01,-3.001540005207061768e-01,-7.930948399007320404e-03,3.124210536479949951e-01,2.661444842815399170e-01,1.854869723320007324e-01,2.661444842815399170e-01,3.124210536479949951e-01,-7.930948399007320404e-03,-3.001540005207061768e-01,2.752669453620910645e-01,-1.208342313766479492e-01
-2.107713967561721802e-01,5.901915952563285828e-02,1.570566147565841675e-01,-3.548704981803894043e-01,-3.068829653784632683e-03,1.071289479732513428e-01,2.540978789329528809e-01,1.071289479732513428e-01,-3.068829653784632683e-03,-3.548704981803894043e-01,1.570566147565841675e-01,5.901915952563285828e-02,-2.107713967561721802e-01
-1.995981097221374512e+00
-2.388616800308227539e-01,2.796899974346160889e-01,-1.673239022493362427e-01,-9.071869775652885437e-03,3.566145896911621094e-01,2.240065932273864746e-01,1.832955330610275269e-01,2.240065932273864746e-01,3.566145896911621094e-01,-9.071869775652885437e-03,-1.673239022493362427e-01,2.796899974346160889e-01,-2.388616800308227539e-01
-2.300192266702651978e-01,-9.855482727289199829e-02,1.897741705179214478e-01,-3.302927613258361816e-01,1.645882613956928253e-02,1.064920276403427124e-01,2.502649426460266113e-01,1.064920276403427124e-01,1.645882613956928253e-02,-3.302927613258361816e-01,1.897741705179214478e-01,-9.855482727289199829e-02,-2.300192266702651978e-01
-2.137312412261962891e+00
-2.617732807993888855e-02,2.781283855438232422e-01,-2.201983928680419922e-01,-1.754710972309112549e-01,3.290969133377075195e-01,2.269302904605865479e-01,2.409160584211349487e-01,2.269302904605865479e-01,3.290969133377075195e-01,-1.754710972309112549e-01,-2.201983928680419922e-01,2.781283855438232422e-01,-2.617732807993888855e-02
-9.025276452302932739e-02,1.789044030010700226e-02,2.866308391094207764e-01,-3.583299815654754639e-01,-8.216714859008789062e-02,9.769436717033386230e-02,2.517820298671722412e-01,9.769436717033386230e-02,-8.216714859008789062e-02,-3.583299815654754639e-01,2.866308391094207764e-01,1.789044030010700226e-02,-9.025276452302932739e-02
-2.281826257705688477e+00
-1.292575597763061523e-01,2.445822656154632568e-01,-1.357282251119613647e-01,-2.110490202903747559e-01,3.630439043045043945e-01,2.261274755001068115e-01,2.606699168682098389e-01,2.261274755001068115e-01,3.630439043045043945e-01,-2.110490202903747559e-01,-1.357282251119613647e-01,2.445822656154632568e-01,-1.292575597763061523e-01
-1.099692881107330322e-01,-9.085839986801147461e-02,2.928761839866638184e-01,-3.173204064369201660e-01,-1.038058176636695862e-01,1.225702688097953796e-01,2.536149322986602783e-01,1.225702688097953796e-01,-1.038058176636695862e-01,-3.173204064369201660e-01,2.928761839866638184e-01,-9.085839986801147461e-02,-1.099692881107330322e-01
-2.429454565048217773e+00
-1.214327812194824219e-01,2.181909233331680298e-01,-7.699678838253021240e-02,-2.584870457649230957e-01,3.683241903781890869e-01,2.247830033302307129e-01,2.751882672309875488e-01,2.247830033302307129e-01,3.683241903781890869e-01,-2.584870457649230957e-01,-7.699678838253021240e-02,2.181909233331680298e-01,-1.214327812194824219e-01
-9.003008157014846802e-02,-1.212453171610832214e-01,3.009119033813476562e-01,-2.797287702560424805e-01,-1.433099210262298584e-01,1.414333283901214600e-01,2.423692643642425537e-01,1.414333283901214600e-01,-1.433099210262298584e-01,-2.797287702560424805e-01,3.009119033813476562e-01,-1.212453171610832214e-01,-9.003008157014846802e-02
-2.580132961273193359e+00
-1.709891706705093384e-01,-2.831349372863769531e-01,1.056406795978546143e-01,2.055430859327316284e-01,1.827947795391082764e-01,1.240601092576980591e-01,1.628847867250442505e-01,1.240601092576980591e-01,1.827947795391082764e-01,2.055430859327316284e-01,1.056406795978546143e-01,-2.831349372863769531e-01,-1.709891706705093384e-01
1.455570012331008911e-01,-1.528894901275634766e-01,-2.122961431741714478e-01,-2.646214142441749573e-02,3.885498642921447754e-02,1.597160547971725464e-01,1.534681767225265503e-01,1.597160547971725464e-01,3.885498642921447754e-02,-2.646214142441749573e-02,-2.122961431741714478e-01,-1.528894901275634766e-01,1.455570012331008911e-01
-3.271071612834930420e-01
-1.189084798097610474e-01,1.823871582746505737e-01,1.760397851467132568e-01,1.529093831777572632e-01,1.206663176417350769e-01,1.758817285299301147e-01,1.368017941713333130e-01,1.758817285299301147e-01,1.206663176417350769e-01,1.529093831777572632e-01,1.760397851467132568e-01,1.823871582746505737e-01,-1.189084798097610474e-01
-6.052506342530250549e-02,-2.806842923164367676e-01,-8.344557881355285645e-02,-2.299785241484642029e-02,-1.557631604373455048e-02,1.049816161394119263e-01,1.945523768663406372e-01,1.049816161394119263e-01,-1.557631604373455048e-02,-2.299785241484642029e-02,-8.344557881355285645e-02,-2.806842923164367676e-01,-6.052506342530250549e-02
-4.067060351371765137e-01
-1.452173292636871338e-01,-1.178140565752983093e-02,1.323885172605514526e-01,1.833520382642745972e-01,2.133713364601135254e-01,1.537321060895919800e-01,1.161155551671981812e-01,1.537321060895919800e-01,2.133713364601135254e-01,1.833520382642745972e-01,1.323885172605514526e-01,-1.178140565752983093e-02,-1.452173292636871338e-01
-6.691594421863555908e-02,-3.069918751716613770e-01,-1.212068945169448853e-01,6.200531125068664551e-02,-1.909435610286891460e-03,1.474043726921081543e-01,1.731010079383850098e-01,1.474043726921081543e-01,-1.909435610286891460e-03,6.200531125068664551e-02,-1.212068945169448853e-01,-3.069918751716613770e-01,-6.691594421863555908e-02
-4.918165504932403564e-01
-2.194699645042419434e-01,-1.373369246721267700e-01,1.457712799310684204e-01,2.428173571825027466e-01,1.589958965778350830e-01,1.430904716253280640e-01,1.171370297670364380e-01,1.430904716253280640e-01,1.589958965778350830e-01,2.428173571825027466e-01,1.457712799310684204e-01,-1.373369246721267700e-01,-2.194699645042419434e-01
8.444380760192871094e-02,-2.983110249042510986e-01,-1.259476244449615479e-01,-8.307037060149013996e-04,5.476889386773109436e-02,1.067301854491233826e-01,1.947364807128906250e-01,1.067301854491233826e-01,5.476889386773109436e-02,-8.307037060149013996e-04,-1.259476244449615479e-01,-2.983110249042510986e-01,8.444380760192871094e-02
-5.821056365966796875e-01
-1.606645733118057251e-01,-2.580307722091674805e-01,1.407829523086547852e-01,1.990856677293777466e-01,1.821648031473159790e-01,1.029390618205070496e-01,1.592090129852294922e-01,1.029390618205070496e-01,1.821648031473159790e-01,1.990856677293777466e-01,1.407829523086547852e-01,-2.580307722091674805e-01,-1.606645733118057251e-01
1.474842429161071777e-01,-2.027321308851242065e-01,-1.915208995342254639e-01,-2.251649647951126099e-02,5.407148227095603943e-02,1.327440738677978516e-01,1.577839702367782593e-01,1.327440738677978516e-01,5.407148227095603943e-02,-2.251649647951126099e-02,-1.915208995342254639e-01,-2.027321308851242065e-01,1.474842429161071777e-01
-6.772937774658203125e-01
-1.558062583208084106e-01,-2.790159285068511963e-01,4.530001059174537659e-02,2.393975406885147095e-01,1.644066423177719116e-01,1.620699763298034668e-01,1.397078186273574829e-01,1.620699763298034668e-01,1.644066423177719116e-01,2.393975406885147095e-01,4.530001059174537659e-02,-2.790159285068511963e-01,-1.558062583208084106e-01
2.089698761701583862e-01,-8.442927151918411255e-02,-2.384283840656280518e-01,-4.670025035738945007e-02,6.800013035535812378e-02,1.898102313280105591e-01,1.559821963310241699e-01,1.898102313280105591e-01,6.800013035535812378e-02,-4.670025035738945007e-02,-2.384283840656280518e-01,-8.442927151918411255e-02,2.089698761701583862e-01
-7.771421670913696289e-01
-7.234974205493927002e-02,-2.859241068363189697e-01,-1.970987021923065186e-02,2.542934119701385498e-01,1.569029092788696289e-01,1.643517315387725830e-01,1.040132418274879456e-01,1.643517315387725830e-01,1.569029092788696289e-01,2.542934119701385498e-01,-1.970987021923065186e-02,-2.859241068363189697e-01,-7.234974205493927002e-02
3.277412950992584229e-01,-4.010914638638496399e-02,-2.278501987457275391e-01,-1.343345046043395996e-01,1.048935651779174805e-01,1.519708633422851562e-01,1.806405782699584961e-01,1.519708633422851562e-01,1.048935651779174805e-01,-1.343345046043395996e-01,-2.278501987457275391e-01,-4.010914638638496399e-02,3.277412950992584229e-01
-8.814436793327331543e-01
1.120331063866615295e-01,-3.161995708942413330e-01,-4.789161309599876404e-02,2.006284892559051514e-01,2.159489244222640991e-01,1.665760427713394165e-01,1.633832603693008423e-01,1.665760427713394165e-01,2.159489244222640991e-01,2.006284892559051514e-01,-4.789161309599876404e-02,-3.161995708942413330e-01,1.120331063866615295e-01
3.365439474582672119e-01,2.492757514119148254e-02,-2.120630145072937012e-01,-2.001668363809585571e-01,7.895498722791671753e-02,8.273762464523315430e-02,1.534093320369720459e-01,8.273762464523315430e-02,7.895498722791671753e-02,-2.001668363809585571e-01,-2.120630145072937012e-01,2.492757514119148254e-02,3.365439474582672119e-01
-9.900165200233459473e-01
2.758315801620483398e-01,-3.135031461715698242e-01,-6.941311061382293701e-02,1.405286937952041626e-01,2.435726672410964966e-01,1.227511242032051086e-01,1.662677377462387085e-01,1.227511242032051086e-01,2.435726672410964966e-01,1.405286937952041626e-01,-6.941311061382293701e-02,-3.135031461715698242e-01,2.758315801620483398e-01
2.647024989128112793e-01,1.496744602918624878e-01,-2.293636649847030640e-01,-1.992322057485580444e-01,7.006849348545074463e-02,1.451778560876846313e-01,1.650579124689102173e-01,1.451778560876846313e-01,7.006849348545074463e-02,-1.992322057485580444e-01,-2.293636649847030640e-01,1.496744602918624878e-01,2.647024989128112793e-01
-1.102699279785156250e+00
3.448967933654785156e-01,-2.443693578243255615e-01,-1.312325000762939453e-01,1.300931423902511597e-01,2.678217887878417969e-01,1.495642662048339844e-01,1.713111996650695801e-01,1.495642662048339844e-01,2.678217887878417969e-01,1.300931423902511597e-01,-1.312325000762939453e-01,-2.443693578243255615e-01,3.448967933654785156e-01
1.006003618240356445e-01,2.604104578495025635e-01,-2.521587908267974854e-01,-1.875650435686111450e-01,1.245359890162944794e-02,1.589462906122207642e-01,1.153570786118507385e-01,1.589462906122207642e-01,1.245359890162944794e-02,-1.875650435686111450e-01,-2.521587908267974854e-01,2.604104578495025635e-01,1.006003618240356445e-01
-1.219347834587097168e+00
3.248034417629241943e-01,-1.335696130990982056e-01,-2.177505493164062500e-01,1.292962282896041870e-01,2.471315115690231323e-01,1.871469467878341675e-01,1.510492563247680664e-01,1.871469467878341675e-01,2.471315115690231323e-01,1.292962282896041870e-01,-2.177505493164062500e-01,-1.335696130990982056e-01,3.248034417629241943e-01
-3.647613152861595154e-02,3.384599685668945312e-01,-2.496667206287384033e-01,-2.055349200963973999e-01,-3.710665181279182434e-02,1.673567891120910645e-01,1.019034683704376221e-01,1.673567891120910645e-01,-3.710665181279182434e-02,-2.055349200963973999e-01,-2.496667206287384033e-01,3.384599685668945312e-01,-3.647613152861595154e-02
-1.339831829071044922e+00
2.608667314052581787e-01,8.564220624975860119e-04,-2.921443879604339600e-01,1.409567594528198242e-01,2.351831793785095215e-01,2.312785238027572632e-01,1.305789202451705933e-01,2.312785238027572632e-01,2.351831793785095215e-01,1.409567594528198242e-01,-2.921443879604339600e-01,8.564220624975860119e-04,2.608667314052581787e-01
-1.377099156379699707e-01,3.606675863265991211e-01,-1.997255384922027588e-01,-2.407211512327194214e-01,-5.228549242019653320e-02,1.520840674638748169e-01,1.112339422106742859e-01,1.520840674638748169e-01,-5.228549242019653320e-02,-2.407211512327194214e-01,-1.997255384922027588e-01,3.606675863265991211e-01,-1.377099156379699707e-01
-1.464033246040344238e+00
1.690651774406433105e-01,1.168836206197738647e-01,-3.508831560611724854e-01,1.307473331689834595e-01,2.427104562520980835e-01,2.703681886196136475e-01,1.299980282783508301e-01,2.703681886196136475e-01,2.427104562520980835e-01,1.307473331689834595e-01,-3.508831560611724854e-01,1.168836206197738647e-01,1.690651774406433105e-01
-2.010132819414138794e-01,3.351529836654663086e-01,-9.909112006425857544e-02,-2.675228118896484375e-01,-3.042463771998882294e-02,1.358153522014617920e-01,1.460373848676681519e-01,1.358153522014617920e-01,-3.042463771998882294e-02,-2.675228118896484375e-01,-9.909112006425857544e-02,3.351529836654663086e-01,-2.010132819414138794e-01
-1.591844081878662109e+00
7.809576392173767090e-02,2.019595354795455933e-01,-3.724702894687652588e-01,9.718822687864303589e-02,2.568590342998504639e-01,2.835682332515716553e-01,1.404686570167541504e-01,2.835682332515716553e-01,2.568590342998504639e-01,9.718822687864303589e-02,-3.724702894687652588e-01,2.019595354795455933e-01,7.809576392173767090e-02
-2.158479541540145874e-01,2.699664235115051270e-01,-1.533540547825396061e-03,-3.097877502441406250e-01,-1.651772670447826385e-02,1.094885692000389099e-01,1.810967922210693359e-01,1.094885692000389099e-01,-1.651772670447826385e-02,-3.097877502441406250e-01,-1.533540547825396061e-03,2.699664235115051270e-01,-2.158479541540145874e-01
-1.723165392875671387e+00
7.705772295594215393e-03,2.582143843173980713e-01,-3.637981712818145752e-01,3.628668934106826782e-02,2.745618224143981934e-01,2.785458266735076904e-01,1.615020930767059326e-01,2.785458266735076904e-01,2.745618224143981934e-01,3.628668934106826782e-02,-3.637981712818145752e-01,2.582143843173980713e-01,7.705772295594215393e-03
-2.057523131370544434e-01,1.926780492067337036e-01,9.828144311904907227e-02,-3.393762707710266113e-01,-5.702041555196046829e-03,1.021380871534347534e-01,2.209861278533935547e-01,1.021380871534347534e-01,-5.702041555196046829e-03,-3.393762707710266113e-01,9.828144311904907227e-02,1.926780492067337036e-01,-2.057523131370544434e-01
-1.857905864715576172e+00
-1.003603190183639526e-01,2.960199415683746338e-01,-2.817500829696655273e-01,-5.414501763880252838e-03,2.885663807392120361e-01,2.482868283987045288e-01,1.743686199188232422e-01,2.482868283987045288e-01,2.885663807392120361e-01,-5.414501763880252838e-03,-2.817500829696655273e-01,2.960199415683746338e-01,-1.003603190183639526e-01
-1.991172730922698975e-01,6.540664285421371460e-02,1.548601090908050537e-01,-3.585872948169708252e-01,-8.754529990255832672e-03,1.053454503417015076e-01,2.521312832832336426e-01,1.053454503417015076e-01,-8.754529990255832672e-03,-3.585872948169708252e-01,1.548601090908050537e-01,6.540664285421371460e-02,-1.991172730922698975e-01
-1.995981097221374512e+00
-1.867761909961700439e-01,2.735858559608459473e-01,-2.211374789476394653e-01,-5.040037631988525391e-02,3.466918468475341797e-01,2.425745725631713867e-01,2.032310813665390015e-01,2.425745725631713867e-01,3.466918468475341797e-01,-5.040037631988525391e-02,-2.211374789476394653e-01,2.735858559608459473e-01,-1.867761909961700439e-01
-1.905539035797119141e-01,-4.238675907254219055e-02,2.016369551420211792e-01,-3.504990041255950928e-01,-1.036569476127624512e-02,1.110466197133064270e-01,2.612214088439941406e-01,1.110466197133064270e-01,-1.036569476127624512e-02,-3.504990041255950928e-01,2.016369551420211792e-01,-4.238675907254219055e-02,-1.905539035797119141e-01
-2.137312412261962891e+00
-1.027747914195060730e-01,2.731540501117706299e-01,-2.042935192584991455e-01,-1.597637087106704712e-01,3.463209569454193115e-01,2.336665987968444824e-01,2.403951436281204224e-01,2.336665987968444824e-01,3.463209569454193115e-01,-1.597637087106704712e-01,-2.042935192584991455e-01,2.731540501117706299e-01,-1.027747914195060730e-01
-1.289789527654647827e-01,-3.118654526770114899e-02,2.754217982292175293e-01,-3.434522151947021484e-01,-6.336423754692077637e-02,1.040952429175376892e-01,2.537795901298522949e-01,1.040952429175376892e-01,-6.336423754692077637e-02,-3.434522151947021484e-01,2.754217982292175293e-01,-3.118654526770114899e-02,-1.289789527654647827e-01
-2.281826257705688477e+00
-2.020556330680847168e-01,2.317601740360260010e-01,-9.840808063745498657e-02,-1.746902465820312500e-01,3.754610717296600342e-01,2.169629782438278198e-01,2.469941675662994385e-01,2.169629782438278198e-01,3.754610717296600342e-01,-1.746902465820312500e-01,-9.840808063745498657e-02,2.317601740360260010e-01,-2.020556330680847168e-01
-1.239362955093383789e-01,-1.434874981641769409e-01,2.645223736763000488e-01,-3.098894059658050537e-01,-8.344338834285736084e-02,1.339789032936096191e-01,2.551075518131256104e-01,1.339789032936096191e-01,-8.344338834285736084e-02,-3.098894059658050537e-01,2.645223736763000488e-01,-1.434874981641769409e-01,-1.239362955093383789e-01
-2.429454565048217773e+00
-1.470130532979965210e-01,2.129189074039459229e-01,-6.497850269079208374e-02,-2.455797791481018066e-01,3.742954432964324951e-01,2.221313714981079102e-01,2.700961530208587646e-01,2.221313714981079102e-01,3.742954432964324951e-01,-2.455797791481018066e-01,-6.497850269079208374e-02,2.129189074039459229e-01,-1.470130532979965210e-01
-9.273660928010940552e-02,-1.385687738656997681e-01,2.918468415737152100e-01,-2.784543037414550781e-01,-1.405985504388809204e-01,1.427765935659408569e-01,2.431299388408660889e-01,1.427765935659408569e-01,-1.405985504388809204e-01,-2.784543037414550781e-01,2.918468415737152100e-01,-1.385687738656997681e-01,-9.273660928010940552e-02
-2.580132961273193359e+00
-1.591156572103500366e-01,-2.796183824539184570e-01,1.116647794842720032e-01,2.074951380491256714e-01,1.858972609043121338e-01,1.357989311218261719e-01,1.768894344568252563e-01,1.357989311218261719e-01,1.858972609043121338e-01,2.074951380491256714e-01,1.116647794842720032e-01,-2.796183824539184570e-01,-1.591156572103500366e-01
1.533195227384567261e-01,-1.525003015995025635e-01,-2.128891348838806152e-01,-2.293355204164981842e-02,4.839038848876953125e-02,1.661406159400939941e-01,1.567158699035644531e-01,1.661406159400939941e-01,4.839038848876953125e-02,-2.293355204164981842e-02,-2.128891348838806152e-01,-1.525003015995025635e-01,1.533195227384567261e-01
-3.271071612834930420e-01
-9.120734035968780518e-02,2.109264135360717773e-01,1.426595747470855713e-01,1.562610417604446411e-01,1.672997325658798218e-01,1.776685714721679688e-01,1.053759530186653137e-01,1.776685714721679688e-01,1.672997325658798218e-01,1.562610417604446411e-01,1.426595747470855713e-01,2.109264135360717773e-01,-9.120734035968780518e-02
-7.324080169200897217e-02,-2.900703549385070801e-01,-9.541881829500198364e-02,-9.646901860833168030e-03,8.246473036706447601e-03,1.056645512580871582e-01,1.816875338554382324e-01,1.056645512580871582e-01,8.246473036706447601e-03,-9.646901860833168030e-03,-9.541881829500198364e-02,-2.900703549385070801e-01,-7.324080169200897217e-02
-4.067060351371765137e-01
-1.720051169395446777e-01,-5.424712970852851868e-02,1.169820800423622131e-01,1.926860958337783813e-01,2.194763273000717163e-01,1.281807571649551392e-01,8.388487994670867920e-02,1.281807571649551392e-01,2.194763273000717163e-01,1.926860958337783813e-01,1.169820800423622131e-01,-5.424712970852851868e-02,-1.720051169395446777e-01
-7.001040875911712646e-02,-2.795788943767547607e-01,-9.726963192224502563e-02,8.735175430774688721e-02,1.730898022651672363e-02,1.580893546342849731e-01,1.739594042301177979e-01,1.580893546342849731e-01,1.730898022651672363e-02,8.735175430774688721e-02,-9.726963192224502563e-02,-2.795788943767547607e-01,-7.001040875911712646e-02
-4.918165504932403564e-01
-2.165133357048034668e-01,-1.465184837579727173e-01,1.073132976889610291e-01,2.247672528028488159e-01,1.655232310295104980e-01,1.548863202333450317e-01,1.214829012751579285e-01,1.548863202333450317e-01,1.655232310295104980e-01,2.247672528028488159e-01,1.073132976889610291e-01,-1.465184837579727173e-01,-2.165133357048034668e-01
6.444892287254333496e-02,-2.972224950790405273e-01,-1.081925034523010254e-01,-5.046118982136249542e-03,4.488776251673698425e-02,1.188949644565582275e-01,2.176759093999862671e-01,1.188949644565582275e-01,4.488776251673698425e-02,-5.046118982136249542e-03,-1.081925034523010254e-01,-2.972224950790405273e-01,6.444892287254333496e-02
-5.821056365966796875e-01
-1.695461571216583252e-01,-2.745083868503570557e-01,1.195443198084831238e-01,1.933561861515045166e-01,1.893480718135833740e-01,1.176647245883941650e-01,1.724407672882080078e-01,1.176647245883941650e-01,1.893480718135833740e-01,1.933561861515045166e-01,1.195443198084831238e-01,-2.745083868503570557e-01,-1.695461571216583252e-01
1.393787264823913574e-01,-1.836974173784255981e-01,-1.753426343202590942e-01,-3.193762153387069702e-02,3.809707611799240112e-02,1.457065194845199585e-01,1.801348775625228882e-01,1.457065194845199585e-01,3.809707611799240112e-02,-3.193762153387069702e-02,-1.753426343202590942e-01,-1.836974173784255981e-01,1.393787264823913574e-01
-6.772937774658203125e-01
-1.364244371652603149e-01,-2.679905295372009277e-01,4.408569261431694031e-02,2.387609928846359253e-01,1.663976162672042847e-01,1.601574420928955078e-01,1.356441974639892578e-01,1.601574420928955078e-01,1.663976162672042847e-01,2.387609928846359253e-01,4.408569261431694031e-02,-2.679905295372009277e-01,-1.364244371652603149e-01
2.336711138486862183e-01,-9.017170965671539307e-02,-2.605751156806945801e-01,-4.334378987550735474e-02,9.452092647552490234e-02,1.804431825876235962e-01,1.303855329751968384e-01,1.804431825876235962e-01,9.452092647552490234e-02,-4.334378987550735474e-02,-2.605751156806945801e-01,-9.017170965671539307e-02,2.336711138486862183e-01
-7.771421670913696289e-01
-6.771196424961090088e-02,-2.719174027442932129e-01,-3.674785373732447624e-03,2.636053264141082764e-01,1.605215519666671753e-01,1.707236766815185547e-01,1.105950698256492615e-01,1.707236766815185547e-01,1.605215519666671753e-01,2.636053264141082764e-01,-3.674785373732447624e-03,-2.719174027442932129e-01,-6.771196424961090088e-02
3.198915123939514160e-01,-3.572409972548484802e-02,-2.221986949443817139e-01,-1.534742712974548340e-01,5.747498944401741028e-02,1.354281306266784668e-01,1.800308078527450562e-01,1.354281306266784668e-01,5.747498944401741028e-02,-1.534742712974548340e-01,-2.221986949443817139e-01,-3.572409972548484802e-02,3.198915123939514160e-01
-8.814436793327331543e-01
1.059425324201583862e-01,-3.188963532447814941e-01,-3.335201367735862732e-02,2.085319906473159790e-01,2.098053544759750366e-01,1.532322466373443604e-01,1.506226956844329834e-01,1.532322466373443604e-01,2.098053544759750366e-01,2.085319906473159790e-01,-3.335201367735862732e-02,-3.188963532447814941e-01,1.059425324201583862e-01
3.427628278732299805e-01,1.878467574715614319e-02,-2.140940725803375244e-01,-1.966115981340408325e-01,8.921387046575546265e-02,1.018010377883911133e-01,1.712546050548553467e-01,1.018010377883911133e-01,8.921387046575546265e-02,-1.966115981340408325e-01,-2.140940725803375244e-01,1.878467574715614319e-02,3.427628278732299805e-01
-9.900165200233459473e-01
2.829042673110961914e-01,-3.044466078281402588e-01,-6.433345377445220947e-02,1.508871316909790039e-01,2.554059326648712158e-01,1.284468919038772583e-01,1.666959077119827271e-01,1.284468919038772583e-01,2.554059326648712158e-01,1.508871316909790039e-01,-6.433345377445220947e-02,-3.044466078281402588e-01,2.829042673110961914e-01
2.590919137001037598e-01,1.458467543125152588e-01,-2.293907254934310913e-01,-1.994819790124893188e-01,6.514770537614822388e-02,1.318456083536148071e-01,1.515410691499710083e-01,1.318456083536148071e-01,6.514770537614822388e-02,-1.994819790124893188e-01,-2.293907254934310913e-01,1.458467543125152588e-01,2.590919137001037598e-01
-1.102699279785156250e+00
3.527084290981292725e-01,-2.424731701612472534e-01,-1.335130631923675537e-01,1.322863698005676270e-01,2.752384245395660400e-01,1.578427106142044067e-01,1.781159937381744385e-01,1.578427106142044067e-01,2.752384245395660400e-01,1.322863698005676270e-01,-1.335130631923675537e-01,-2.424731701612472534e-01,3.527084290981292725e-01
9.983535856008529663e-02,2.615506052970886230e-01,-2.506264150142669678e-01,-1.844506263732910156e-01,1.613846980035305023e-02,1.575915813446044922e-01,1.120031848549842834e-01,1.575915813446044922e-01,1.613846980035305023e-02,-1.844506263732910156e-01,-2.506264150142669678e-01,2.615506052970886230e-01,9.983535856008529663e-02
-1.219347834587097168e+00
3.319961726665496826e-01,-1.234307214617729187e-01,-2.106662839651107788e-01,1.419066786766052246e-01,2.604763805866241455e-01,1.953215152025222778e-01,1.536246985197067261e-01,1.953215152025222778e-01,2.604763805866241455e-01,1.419066786766052246e-01,-2.106662839651107788e-01,-1.234307214617729187e-01,3.319961726665496826e-01
-5.218691751360893250e-02,3.330820500850677490e-01,-2.466861158609390259e-01,-1.968086957931518555e-01,-2.510990761220455170e-02,1.728322952985763550e-01,1.036513671278953552e-01,1.728322952985763550e-01,-2.510990761220455170e-02,-1.968086957931518555e-01,-2.466861158609390259e-01,3.330820500850677490e-01,-5.218691751360893250e-02
-1.339831829071044922e+00
2.621679306030273438e-01,5.652836407534778118e-04,-2.910404205322265625e-01,1.451733708381652832e-01,2.388929426670074463e-01,2.318108230829238892e-01,1.294269263744354248e-01,2.318108230829238892e-01,2.388929426670074463e-01,1.451733708381652832e-01,-2.910404205322265625e-01,5.652836407534778118e-04,2.621679306030273438e-01
-1.356000900268554688e-01,3.617575168609619141e-01,-1.988781690597534180e-01,-2.389816790819168091e-01,-5.230971798300743103e-02,1.471730172634124756e-01,1.063081547617912292e-01,1.471730172634124756e-01,-5.230971798300743103e-02,-2.389816790819168091e-01,-1.988781690597534180e-01,3.617575168609619141e-01,-1.356000900268554688e-01
-1.464033246040344238e+00
1.674894243478775024e-01,1.187270954251289368e-01,-3.469641208648681641e-01,1.342773735523223877e-01,2.442181557416915894e-01,2.706294357776641846e-01,1.299916207790374756e-01,2.706294357776641846e-01,2.442181557416915894e-01,1.342773735523223877e-01,-3.469641208648681641e-01,1.187270954251289368e-01,1.674894243478775024e-01
-1.993240565061569214e-01,3.324648439884185791e-01,-1.028173267841339111e-01,-2.687965333461761475e-01,-3.068957291543483734e-02,1.327334046363830566e-01,1.429155170917510986e-01,1.327334046363830566e-01,-3.068957291543483734e-02,-2.687965333461761475e-01,-1.028173267841339111e-01,3.324648439884185791e-01,-1.993240565061569214e-01
-1.591844081878662109e+00
7.888230681419372559e-02,2.021145820617675781e-01,-3.690066933631896973e-01,1.030045822262763977e-01,2.600590586662292480e-01,2.820650935173034668e-01,1.373368203639984131e-01,2.820650935173034668e-01,2.600590586662292480e-01,1.030045822262763977e-01,-3.690066933631896973e-01,2.021145820617675781e-01,7.888230681419372559e-02
-2.157030403614044189e-01,2.695254683494567871e-01,-2.138175535947084427e-03,-3.092355430126190186e-01,-1.604105532169342041e-02,1.062325984239578247e-01,1.779352128505706787e-01,1.062325984239578247e-01,-1.604105532169342041e-02,-3.092355430126190186e-01,-2.138175535947084427e-03,2.695254683494567871e-01,-2.157030403614044189e-01
-1.723165392875671387e+00
-5.723287817090749741e-03,2.634974420070648193e-01,-3.549832105636596680e-01,4.110990092158317566e-02,2.777018845081329346e-01,2.772683203220367432e-01,1.587394624948501587e-01,2.772683203220367432e-01,2.777018845081329346e-01,4.110990092158317566e-02,-3.549832105636596680e-01,2.634974420070648193e-01,-5.723287817090749741e-03
-2.145438641309738159e-01,1.822817325592041016e-01,9.611918032169342041e-02,-3.384807705879211426e-01,-6.227117963135242462e-03,9.942997992038726807e-02,2.197197526693344116e-01,9.942997992038726807e-02,-6.227117963135242462e-03,-3.384807705879211426e-01,9.611918032169342041e-02,1.822817325592041016e-01,-2.145438641309738159e-01
-1.857905864715576172e+00
-1.231495365500450134e-01,2.791620790958404541e-01,-2.910316288471221924e-01,3.229758003726601601e-03,3.199483156204223633e-01,2.652342021465301514e-01,1.820433735847473145e-01,2.652342021465301514e-01,3.199483156204223633e-01,3.229758003726601601e-03,-2.910316288471221924e-01,2.791620790958404541e-01,-1.231495365500450134e-01
-2.136309891939163208e-01,5.478187277913093567e-02,1.540812700986862183e-01,-3.529898226261138916e-01,2.915576333180069923e-04,1.014851778745651245e-01,2.475214749574661255e-01,1.014851778745651245e-01,2.915576333180069923e-04,-3.529898226261138916e-01,1.540812700986862183e-01,5.478187277913093567e-02,-2.136309891939163208e-01
-1.995981097221374512e+00
-1.614829897880554199e-01,2.789624929428100586e-01,-2.335460931062698364e-01,-6.154985725879669189e-02,3.433013260364532471e-01,2.440925985574722290e-01,2.056610286235809326e-01,2.440925985574722290e-01,3.433013260364532471e-01,-6.154985725879669189e-02,-2.335460931062698364e-01,2.789624929428100586e-01,-1.614829897880554199e-01
-1.805694699287414551e-01,-2.208960615098476410e-02,2.111279517412185669e-01,-3.541034162044525146e-01,-1.905298978090286255e-02,1.060799509286880493e-01,2.602979838848114014e-01,1.060799509286880493e-01,-1.905298978090286255e-02,-3.541034162044525146e-01,2.111279517412185669e-01,-2.208960615098476410e-02,-1.805694699287414551e-01
-2.137312412261962891e+00
-1.937002986669540405e-01,2.596259117126464844e-01,-1.609858870506286621e-01,-1.152847483754158020e-01,3.664142191410064697e-01,2.248290330171585083e-01,2.248637974262237549e-01,2.248290330171585083e-01,3.664142191410064697e-01,-1.152847483754158020e-01,-1.609858870506286621e-01,2.596259117126464844e-01,-1.937002986669540405e-01
-1.543188691139221191e-01,-9.483544528484344482e-02,2.458552122116088867e-01,-3.382823169231414795e-01,-4.837641119956970215e-02,1.158318445086479187e-01,2.608096897602081299e-01,1.158318445086479187e-01,-4.837641119956970215e-02,-3.382823169231414795e-01,2.458552122116088867e-01,-9.483544528484344482e-02,-1.543188691139221191e-01
-2.281826257705688477e+00
-1.442483365535736084e-01,2.435828000307083130e-01,-1.246475949883460999e-01,-1.990502774715423584e-01,3.684650659561157227e-01,2.216603457927703857e-01,2.536179423332214355e-01,2.216603457927703857e-01,3.684650659561157227e-01,-1.990502774715423584e-01,-1.246475949883460999e-01,2.435828000307083130e-01,-1.442483365535736084e-01
-1.121265664696693420e-01,-1.005086675286293030e-01,2.891456186771392822e-01,-3.142829835414886475e-01,-9.965369850397109985e-02,1.209818497300148010e-01,2.503826022148132324e-01,1.209818497300148010e-01,-9.965369850397109985e-02,-3.142829835414886475e-01,2.891456186771392822e-01,-1.005086675286293030e-01,-1.121265664696693420e-01
-2.429454565048217773e+00
-9.677277505397796631e-02,2.275028973817825317e-01,-7.598473876714706421e-02,-2.592858076095581055e-01,3.679306209087371826e-01,2.211806178092956543e-01,2.710994780063629150e-01,2.211806178092956543e-01,3.679306209087371826e-01,-2.592858076095581055e-01,-7.598473876714706421e-02,2.275028973817825317e-01,-9.677277505397796631e-02
-8.857491612434387207e-02,-1.072894707322120667e-01,3.103940784931182861e-01,-2.805965840816497803e-01,-1.506080925464630127e-01,1.287640929222106934e-01,2.331900149583816528e-01,1.287640929222106934e-01,-1.506080925464630127e-01,-2.805965840816497803e-01,3.103940784931182861e-01,-1.072894707322120667e-01,-8.857491612434387207e-02
-2.580132961273193359e+00
-1.559567004442214966e-01,-2.720968425273895264e-01,1.110315024852752686e-01,2.057728618383407593e-01,1.776139587163925171e-01,1.176844835281372070e-01,1.582994759082794189e-01,1.176844835281372070e-01,1.776139587163925171e-01,2.057728618383407593e-01,1.110315024852752686e-01,-2.720968425273895264e-01,-1.559567004442214966e-01
1.670065969228744507e-01,-1.465496569871902466e-01,-2.213673740625381470e-01,-2.322585880756378174e-02,5.496516451239585876e-02,1.618925780057907104e-01,1.462401151657104492e-01,1.618925780057907104e-01,5.496516451239585876e-02,-2.322585880756378174e-02,-2.213673740625381470e-01,-1.465496569871902466e-01,1.670065969228744507e-01
-3.271071612834930420e-01
-7.619118690490722656e-02,2.172810882329940796e-01,1.071206256747245789e-01,1.426467597484588623e-01,1.849263757467269897e-01,1.624791026115417480e-01,7.780428975820541382e-02,1.624791026115417480e-01,1.849263757467269897e-01,1.426467597484588623e-01,1.071206256747245789e-01,2.172810882329940796e-01,-7.619118690490722656e-02
-5.706915631890296936e-02,-2.587738633155822754e-01,-1.116277948021888733e-01,-1.809290959499776363e-03,4.762127250432968140e-02,1.147932410240173340e-01,1.641504764556884766e-01,1.147932410240173340e-01,4.762127250432968140e-02,-1.809290959499776363e-03,-1.116277948021888733e-01,-2.587738633155822754e-01,-5.706915631890296936e-02
-4.067060351371765137e-01
-1.486969143152236938e-01,-8.540441282093524933e-03,1.407944262027740479e-01,1.774187684059143066e-01,1.989578604698181152e-01,1.562368869781494141e-01,1.289679855108261108e-01,1.562368869781494141e-01,1.989578604698181152e-01,1.774187684059143066e-01,1.407944262027740479e-01,-8.540441282093524933e-03,-1.486969143152236938e-01
-6.159672141075134277e-02,-3.073646724224090576e-01,-1.193479895591735840e-01,6.745606660842895508e-02,2.079282887279987335e-03,1.479195207357406616e-01,1.728274077177047729e-01,1.479195207357406616e-01,2.079282887279987335e-03,6.745606660842895508e-02,-1.193479895591735840e-01,-3.073646724224090576e-01,-6.159672141075134277e-02
-4.918165504932403564e-01
-2.334289401769638062e-01,-1.495664566755294800e-01,1.191616654396057129e-01,2.186026275157928467e-01,1.423338502645492554e-01,1.436223089694976807e-01,1.260787397623062134e-01,1.436223089694976807e-01,1.423338502645492554e-01,2.186026275157928467e-01,1.191616654396057129e-01,-1.495664566755294800e-01,-2.334289401769638062e-01
7.292757183313369751e-02,-2.899727821350097656e-01,-1.123256832361221313e-01,1.376117952167987823e-02,7.717181742191314697e-02,1.195745170116424561e-01,1.999866068363189697e-01,1.195745170116424561e-01,7.717181742191314697e-02,1.376117952167987823e-02,-1.123256832361221313e-01,-2.899727821350097656e-01,7.292757183313369751e-02
-5.821056365966796875e-01
-1.677738279104232788e-01,-2.704857885837554932e-01,1.257641315460205078e-01,1.971764564514160156e-01,1.886146664619445801e-01,1.105744019150733948e-01,1.631596684455871582e-01,1.105744019150733948e-01,1.886146664619445801e-01,1.971764564514160156e-01,1.257641315460205078e-01,-2.704857885837554932e-01,-1.677738279104232788e-01
1.362582892179489136e-01,-1.792444437742233276e-01,-1.658939123153686523e-01,-3.145610913634300232e-02,1.797016523778438568e-02,1.344560980796813965e-01,1.774309277534484863e-01,1.344560980796813965e-01,1.797016523778438568e-02,-3.145610913634300232e-02,-1.658939123153686523e-01,-1.792444437742233276e-01,1.362582892179489136e-01
-6.772937774658203125e-01
-1.607441157102584839e-01,-2.696674764156341553e-01,6.255071610212326050e-02,2.518446147441864014e-01,1.680445969104766846e-01,1.548018604516983032e-01,1.283298134803771973e-01,1.548018604516983032e-01,1.680445969104766846e-01,2.518446147441864014e-01,6.255071610212326050e-02,-2.696674764156341553e-01,-1.607441157102584839e-01
2.093357592821121216e-01,-7.714760303497314453e-02,-2.370560765266418457e-01,-6.473261117935180664e-02,2.838392183184623718e-02,1.801190823316574097e-01,1.589517444372177124e-01,1.801190823316574097e-01,2.838392183184623718e-02,-6.473261117935180664e-02,-2.370560765266418457e-01,-7.714760303497314453e-02,2.093357592821121216e-01
-7.771421670913696289e-01
-6.846766173839569092e-02,-2.801734507083892822e-01,-1.395350228995084763e-02,2.559747695922851562e-01,1.555012911558151245e-01,1.636908501386642456e-01,1.031208336353302002e-01,1.636908501386642456e-01,1.555012911558151245e-01,2.559747695922851562e-01,-1.395350228995084763e-02,-2.801734507083892822e-01,-6.846766173839569092e-02
3.274829387664794922e-01,-2.560305595397949219e-02,-2.161159664392471313e-01,-1.463424265384674072e-01,7.587178796529769897e-02,1.529065072536468506e-01,1.932691782712936401e-01,1.529065072536468506e-01,7.587178796529769897e-02,-1.463424265384674072e-01,-2.161159664392471313e-01,-2.560305595397949219e-02,3.274829387664794922e-01
-8.814436793327331543e-01
1.099692359566688538e-01,-3.137760460376739502e-01,-4.028974846005439758e-02,2.023996114730834961e-01,2.040600180625915527e-01,1.390775442123413086e-01,1.327245980501174927e-01,1.390775442123413086e-01,2.040600180625915527e-01,2.023996114730834961e-01,-4.028974846005439758e-02,-3.137760460376739502e-01,1.099692359566688538e-01
3.509685397148132324e-01,3.154025971889495850e-02,-2.109032571315765381e-01,-1.960524171590805054e-01,1.055425181984901428e-01,1.231724172830581665e-01,1.888490766286849976e-01,1.231724172830581665e-01,1.055425181984901428e-01,-1.960524171590805054e-01,-2.109032571315765381e-01,3.154025971889495850e-02,3.509685397148132324e-01
-9.900165200233459473e-01
2.642079293727874756e-01,-3.209893703460693359e-01,-6.432449817657470703e-02,1.606876254081726074e-01,2.714859545230865479e-01,1.593796312808990479e-01,2.013466209173202515e-01,1.593796312808990479e-01,2.714859545230865479e-01,1.606876254081726074e-01,-6.432449817657470703e-02,-3.209893703460693359e-01,2.642079293727874756e-01
2.559824287891387939e-01,1.297483146190643311e-01,-2.402241528034210205e-01,-1.934771090745925903e-01,7.352740317583084106e-02,1.176841035485267639e-01,1.347600966691970825e-01,1.176841035485267639e-01,7.352740317583084106e-02,-1.934771090745925903e-01,-2.402241528034210205e-01,1.297483146190643311e-01,2.559824287891387939e-01
-1.102699279785156250e+00
3.462483286857604980e-01,-2.490791231393814087e-01,-1.310387700796127319e-01,1.353189647197723389e-01,2.735578417778015137e-01,1.559552252292633057e-01,1.772712469100952148e-01,1.559552252292633057e-01,2.735578417778015137e-01,1.353189647197723389e-01,-1.310387700796127319e-01,-2.490791231393814087e-01,3.462483286857604980e-01
1.071692258119583130e-01,2.593048214912414551e-01,-2.538233399391174316e-01,-1.831776201725006104e-01,1.592035591602325439e-02,1.504502743482589722e-01,1.048422232270240784e-01,1.504502743482589722e-01,1.592035591602325439e-02,-1.831776201725006104e-01,-2.538233399391174316e-01,2.593048214912414551e-01,1.071692258119583130e-01
-1.219347834587097168e+00
3.308738470077514648e-01,-1.217489242553710938e-01,-2.095945924520492554e-01,1.454712301492691040e-01,2.657670080661773682e-01,2.004400193691253662e-01,1.578602343797683716e-01,2.004400193691253662e-01,2.657670080661773682e-01,1.454712301492691040e-01,-2.095945924520492554e-01,-1.217489242553710938e-01,3.308738470077514648e-01
-6.255526840686798096e-02,3.299483358860015869e-01,-2.443064898252487183e-01,-1.920737028121948242e-01,-2.054036781191825867e-02,1.730447411537170410e-01,1.023023426532745361e-01,1.730447411537170410e-01,-2.054036781191825867e-02,-1.920737028121948242e-01,-2.443064898252487183e-01,3.299483358860015869e-01,-6.255526840686798096e-02
-1.339831829071044922e+00
2.579052150249481201e-01,-1.721110311336815357e-03,-2.939956784248352051e-01,1.451408863067626953e-01,2.407687604427337646e-01,2.348323464393615723e-01,1.309314519166946411e-01,2.348323464393615723e-01,2.407687604427337646e-01,1.451408863067626953e-01,-2.939956784248352051e-01,-1.721110311336815357e-03,2.579052150249481201e-01
-1.356955468654632568e-01,3.638230562210083008e-01,-1.948724836111068726e-01,-2.349651902914047241e-01,-4.913675040006637573e-02,1.462254226207733154e-01,1.040305420756340027e-01,1.462254226207733154e-01,-4.913675040006637573e-02,-2.349651902914047241e-01,-1.948724836111068726e-01,3.638230562210083008e-01,-1.356955468654632568e-01
-1.464033246040344238e+00
1.758768409490585327e-01,1.149448975920677185e-01,-3.551769852638244629e-01,1.313738524913787842e-01,2.431118190288543701e-01,2.691852152347564697e-01,1.280564814805984497e-01,2.691852152347564697e-01,2.431118190288543701e-01,1.313738524913787842e-01,-3.551769852638244629e-01,1.149448975920677185e-01,1.758768409490585327e-01
-1.935120820999145508e-01,3.426712453365325928e-01,-9.629762917757034302e-02,-2.668475210666656494e-01,-2.997986227273941040e-02,1.361921876668930054e-01,1.446570605039596558e-01,1.361921876668930054e-01,-2.997986227273941040e-02,-2.668475210666656494e-01,-9.629762917757034302e-02,3.426712453365325928e-01,-1.935120820999145508e-01
-1.591844081878662109e+00
7.672956585884094238e-02,2.054534405469894409e-01,-3.699578046798706055e-01,1.012874618172645569e-01,2.617358863353729248e-01,2.841123342514038086e-01,1.389251202344894409e-01,2.841123342514038086e-01,2.617358863353729248e-01,1.012874618172645569e-01,-3.699578046798706055e-01,2.054534405469894409e-01,7.672956585884094238e-02
-2.207437157630920410e-01,2.686378359794616699e-01,9.395896340720355511e-04,-3.056567013263702393e-01,-1.149440370500087738e-02,1.122036650776863098e-01,1.814257800579071045e-01,1.122036650776863098e-01,-1.149440370500087738e-02,-3.056567013263702393e-01,9.395896340720355511e-04,2.686378359794616699e-01,-2.207437157630920410e-01
-1.723165392875671387e+00
-1.733388938009738922e-02,2.584103047847747803e-01,-3.515090346336364746e-01,5.280879512429237366e-02,2.891746759414672852e-01,2.812900245189666748e-01,1.596232354640960693e-01,2.812900245189666748e-01,2.891746759414672852e-01,5.280879512429237366e-02,-3.515090346336364746e-01,2.584103047847747803e-01,-1.733388938009738922e-02
-2.215695679187774658e-01,1.746659874916076660e-01,9.444473683834075928e-02,-3.335463404655456543e-01,1.028941987897269428e-04,9.565550088882446289e-02,2.145566195249557495e-01,9.565550088882446289e-02,1.028941987897269428e-04,-3.335463404655456543e-01,9.444473683834075928e-02,1.746659874916076660e-01,-2.215695679187774658e-01
-1.857905864715576172e+00
-8.216404169797897339e-02,2.838309705257415771e-01,-3.091488182544708252e-01,-1.419241726398468018e-02,3.108995556831359863e-01,2.637048661708831787e-01,1.835583448410034180e-01,2.637048661708831787e-01,3.108995556831359863e-01,-1.419241726398468018e-02,-3.091488182544708252e-01,2.838309705257415771e-01,-8.216404169797897339e-02
-1.989135891199111938e-01,8.561035990715026855e-02,1.700489372014999390e-01,-3.546045422554016113e-01,-9.553018026053905487e-03,9.254903346300125122e-02,2.422308176755905151e-01,9.254903346300125122e-02,-9.553018026053905487e-03,-3.546045422554016113e-01,1.700489372014999390e-01,8.561035990715026855e-02,-1.989135891199111938e-01
-1.995981097221374512e+00
-1.796236932277679443e-01,2.760330736637115479e-01,-2.245874404907226562e-01,-5.230898037552833557e-02,3.472841382026672363e-01,2.410099804401397705e-01,2.012115567922592163e-01,2.410099804401397705e-01,3.472841382026672363e-01,-5.230898037552833557e-02,-2.245874404907226562e-01,2.760330736637115479e-01,-1.796236932277679443e-01
-1.884166300296783447e-01,-3.514877706766128540e-02,2.084299474954605103e-01,-3.496604263782501221e-01,-1.377918664366006851e-02,1.054205223917961121e-01,2.578755617141723633e-01,1.054205223917961121e-01,-1.377918664366006851e-02,-3.496604263782501221e-01,2.084299474954605103e-01,-3.514877706766128540e-02,-1.884166300296783447e-01
-2.137312412261962891e+00
-1.326951086521148682e-01,2.703574895858764648e-01,-1.909297704696655273e-01,-1.461550444364547729e-01,3.534240424633026123e-01,2.303018718957901001e-01,2.350189387798309326e-01,2.303018718957901001e-01,3.534240424633026123e-01,-1.461550444364547729e-01,-1.909297704696655273e-01,2.703574895858764648e-01,-1.326951086521148682e-01
-1.359665989875793457e-01,-4.835440218448638916e-02,2.694725990295410156e-01,-3.410243093967437744e-01,-6.067076325416564941e-02,1.039505377411842346e-01,2.535961866378784180e-01,1.039505377411842346e-01,-6.067076325416564941e-02,-3.410243093967437744e-01,2.694725990295410156e-01,-4.835440218448638916e-02,-1.359665989875793457e-01
-2.281826257705688477e+00
-1.117973029613494873e-01,2.528059780597686768e-01,-1.312396228313446045e-01,-2.095001786947250366e-01,3.610533177852630615e-01,2.189896851778030396e-01,2.532648444175720215e-01,2.189896851778030396e-01,3.610533177852630615e-01,-2.095001786947250366e-01,-1.312396228313446045e-01,2.528059780597686768e-01,-1.117973029613494873e-01
-1.058376505970954895e-01,-8.009541779756546021e-02,2.990494668483734131e-01,-3.169672787189483643e-01,-1.082837060093879700e-01,1.080353632569313049e-01,2.408396452665328979e-01,1.080353632569313049e-01,-1.082837060093879700e-01,-3.169672787189483643e-01,2.990494668483734131e-01,-8.009541779756546021e-02,-1.058376505970954895e-01
-2.429454565048217773e+00
-1.017720922827720642e-01,2.252122163772583008e-01,-7.641161233186721802e-02,-2.589339315891265869e-01,3.669420182704925537e-01,2.177398353815078735e-01,2.673929035663604736e-01,2.177398353815078735e-01,3.669420182704925537e-01,-2.589339315891265869e-01,-7.641161233186721802e-02,2.252122163772583008e-01,-1.017720922827720642e-01
-8.911392092704772949e-02,-1.073880046606063843e-01,3.131224215030670166e-01,-2.766966819763183594e-01,-1.476717144250869751e-01,1.283181607723236084e-01,2.312542200088500977e-01,1.283181607723236084e-01,-1.476717144250869751e-01,-2.766966819763183594e-01,3.131224215030670166e-01,-1.073880046606063843e-01,-8.911392092704772949e-02
-2.580132961273193359e+00
-1.582873463630676270e-01,-2.815214693546295166e-01,1.067515686154365540e-01,2.080934792757034302e-01,1.832381188869476318e-01,1.254740953445434570e-01,1.651056855916976929e-01,1.254740953445434570e-01,1.832381188869476318e-01,2.080934792757034302e-01,1.067515686154365540e-01,-2.815214693546295166e-01,-1.582873463630676270e-01
1.609411835670471191e-01,-1.326959282159805298e-01,-2.071216702461242676e-01,-3.986218944191932678e-02,6.817553192377090454e-03,1.487409472465515137e-01,1.526626795530319214e-01,1.487409472465515137e-01,6.817553192377090454e-03,-3.986218944191932678e-02,-2.071216702461242676e-01,-1.326959282159805298e-01,1.609411835670471191e-01
-3.271071612834930420e-01
-7.246822863817214966e-02,2.005610764026641846e-01,9.235125780105590820e-02,1.362087726593017578e-01,1.772300302982330322e-01,1.742146164178848267e-01,8.649680763483047485e-02,1.742146164178848267e-01,1.772300302982330322e-01,1.362087726593017578e-01,9.235125780105590820e-02,2.005610764026641846e-01,-7.246822863817214966e-02
-7.694739103317260742e-02,-2.835497558116912842e-01,-9.947226941585540771e-02,1.758870109915733337e-02,5.764405801892280579e-02,1.134365126490592957e-01,1.624453514814376831e-01,1.134365126490592957e-01,5.764405801892280579e-02,1.758870109915733337e-02,-9.947226941585540771e-02,-2.835497558116912842e-01,-7.694739103317260742e-02
-4.067060351371765137e-01
-1.579867750406265259e-01,-3.578904271125793457e-02,1.402949988842010498e-01,1.835792064666748047e-01,1.948449015617370605e-01,1.493207812309265137e-01,1.266603469848632812e-01,1.493207812309265137e-01,1.948449015617370605e-01,1.835792064666748047e-01,1.402949988842010498e-01,-3.578904271125793457e-02,-1.579867750406265259e-01
-5.448029562830924988e-02,-2.994036376476287842e-01,-1.133305206894874573e-01,7.261479645967483521e-02,2.641016151756048203e-03,1.492463797330856323e-01,1.753030419349670410e-01,1.492463797330856323e-01,2.641016151756048203e-03,7.261479645967483521e-02,-1.133305206894874573e-01,-2.994036376476287842e-01,-5.448029562830924988e-02
-4.918165504932403564e-01
-2.069522440433502197e-01,-1.349380463361740112e-01,1.353876590728759766e-01,2.319644838571548462e-01,1.584299951791763306e-01,1.616837680339813232e-01,1.389302611351013184e-01,1.616837680339813232e-01,1.584299951791763306e-01,2.319644838571548462e-01,1.353876590728759766e-01,-1.349380463361740112e-01,-2.069522440433502197e-01
8.065178990364074707e-02,-3.040862679481506348e-01,-1.207805871963500977e-01,-1.632461440749466419e-03,5.407439172267913818e-02,1.086015775799751282e-01,2.009617835283279419e-01,1.086015775799751282e-01,5.407439172267913818e-02,-1.632461440749466419e-03,-1.207805871963500977e-01,-3.040862679481506348e-01,8.065178990364074707e-02
-5.821056365966796875e-01
-1.470577418804168701e-01,-2.575791776180267334e-01,1.417724788188934326e-01,1.993746161460876465e-01,1.825117468833923340e-01,1.153306439518928528e-01,1.771818697452545166e-01,1.153306439518928528e-01,1.825117468833923340e-01,1.993746161460876465e-01,1.417724788188934326e-01,-2.575791776180267334e-01,-1.470577418804168701e-01
1.721527576446533203e-01,-1.915154308080673218e-01,-1.997353136539459229e-01,-2.155026793479919434e-02,7.591776549816131592e-02,1.402256041765213013e-01,1.546095162630081177e-01,1.402256041765213013e-01,7.591776549816131592e-02,-2.155026793479919434e-02,-1.997353136539459229e-01,-1.915154308080673218e-01,1.721527576446533203e-01
-6.772937774658203125e-01
-1.516486406326293945e-01,-2.768549919128417969e-01,4.318642988801002502e-02,2.361017912626266479e-01,1.576720178127288818e-01,1.512707024812698364e-01,1.301368921995162964e-01,1.512707024812698364e-01,1.576720178127288818e-01,2.361017912626266479e-01,4.318642988801002502e-02,-2.768549919128417969e-01,-1.516486406326293945e-01
2.240046560764312744e-01,-7.588250190019607544e-02,-2.435182482004165649e-01,-4.684557020664215088e-02,7.194904983043670654e-02,1.858021616935729980e-01,1.476683467626571655e-01,1.858021616935729980e-01,7.194904983043670654e-02,-4.684557020664215088e-02,-2.435182482004165649e-01,-7.588250190019607544e-02,2.240046560764312744e-01
-7.771421670913696289e-01
-6.973399221897125244e-02,-2.754162549972534180e-01,-9.304019622504711151e-03,2.593249380588531494e-01,1.587408632040023804e-01,1.725565344095230103e-01,1.141640320420265198e-01,1.725565344095230103e-01,1.587408632040023804e-01,2.593249380588531494e-01,-9.304019622504711151e-03,-2.754162549972534180e-01,-6.973399221897125244e-02
3.153818249702453613e-01,-4.051706939935684204e-02,-2.218166291713714600e-01,-1.437529325485229492e-01,7.164203375577926636e-02,1.338472962379455566e-01,1.737820059061050415e-01,1.338472962379455566e-01,7.164203375577926636e-02,-1.437529325485229492e-01,-2.218166291713714600e-01,-4.051706939935684204e-02,3.153818249702453613e-01
-8.814436793327331543e-01
9.764967113733291626e-02,-3.173167705535888672e-01,-3.276189416646957397e-02,2.079345285892486572e-01,2.075831592082977295e-01,1.506595015525817871e-01,1.480732113122940063e-01,1.506595015525817871e-01,2.075831592082977295e-01,2.079345285892486572e-01,-3.276189416646957397e-02,-3.173167705535888672e-01,9.764967113733291626e-02
3.407733440399169922e-01,2.359469234943389893e-02,-2.098605334758758545e-01,-1.940435916185379028e-01,1.023363992571830750e-01,1.243540123105049133e-01,1.911129951477050781e-01,1.243540123105049133e-01,1.023363992571830750e-01,-1.940435916185379028e-01,-2.098605334758758545e-01,2.359469234943389893e-02,3.407733440399169922e-01
-9.900165200233459473e-01
2.668138146400451660e-01,-3.206737041473388672e-01,-6.503266096115112305e-02,1.544923037290573120e-01,2.573805451393127441e-01,1.395541280508041382e-01,1.823308616876602173e-01,1.395541280508041382e-01,2.573805451393127441e-01,1.544923037290573120e-01,-6.503266096115112305e-02,-3.206737041473388672e-01,2.668138146400451660e-01
2.594428360462188721e-01,1.393496096134185791e-01,-2.344907820224761963e-01,-1.953566968441009521e-01,6.862161308526992798e-02,1.202840059995651245e-01,1.384365856647491455e-01,1.202840059995651245e-01,6.862161308526992798e-02,-1.953566968441009521e-01,-2.344907820224761963e-01,1.393496096134185791e-01,2.594428360462188721e-01
-1.102699279785156250e+00
3.440309464931488037e-01,-2.501443326473236084e-01,-1.336558759212493896e-01,1.238738074898719788e-01,2.564517557621002197e-01,1.404997408390045166e-01,1.651170253753662109e-01,1.404997408390045166e-01,2.564517557621002197e-01,1.238738074898719788e-01,-1.336558759212493896e-01,-2.501443326473236084e-01,3.440309464931488037e-01
1.161699071526527405e-01,2.721542119979858398e-01,-2.477540522813796997e-01,-1.871209591627120972e-01,1.075938623398542404e-02,1.545823663473129272e-01,1.096947938203811646e-01,1.545823663473129272e-01,1.075938623398542404e-02,-1.871209591627120972e-01,-2.477540522813796997e-01,2.721542119979858398e-01,1.161699071526527405e-01
-1.219347834587097168e+00
3.253760039806365967e-01,-1.241535320878028870e-01,-2.128552198410034180e-01,1.393455266952514648e-01,2.569907009601593018e-01,1.910042911767959595e-01,1.494298577308654785e-01,1.910042911767959595e-01,2.569907009601593018e-01,1.393455266952514648e-01,-2.128552198410034180e-01,-1.241535320878028870e-01,3.253760039806365967e-01
-5.719450861215591431e-02,3.376231193542480469e-01,-2.400501966476440430e-01,-1.946157366037368774e-01,-2.803884819149971008e-02,1.650378108024597168e-01,9.616965055465698242e-02,1.650378108024597168e-01,-2.803884819149971008e-02,-1.946157366037368774e-01,-2.400501966476440430e-01,3.376231193542480469e-01,-5.719450861215591431e-02
-1.339831829071044922e+00
2.519754469394683838e-01,-2.425822662189602852e-03,-2.926096320152282715e-01,1.471705883741378784e-01,2.435592412948608398e-01,2.374893873929977417e-01,1.346251368522644043e-01,2.374893873929977417e-01,2.435592412948608398e-01,1.471705883741378784e-01,-2.926096320152282715e-01,-2.425822662189602852e-03,2.519754469394683838e-01
-1.388118416070938110e-01,3.625620603561401367e-01,-1.949374675750732422e-01,-2.312241643667221069e-01,-4.283333197236061096e-02,1.473680287599563599e-01,1.023486331105232239e-01,1.473680287599563599e-01,-4.283333197236061096e-02,-2.312241643667221069e-01,-1.949374675750732422e-01,3.625620603561401367e-01,-1.388118416070938110e-01
-1.464033246040344238e+00
1.707309037446975708e-01,1.129861921072006226e-01,-3.569532930850982666e-01,1.307248622179031372e-01,2.437889426946640015e-01,2.709986567497253418e-01,1.301658898591995239e-01,2.709986567497253418e-01,2.437889426946640015e-01,1.307248622179031372e-01,-3.569532930850982666e-01,1.129861921072006226e-01,1.707309037446975708e-01
-1.967004686594009399e-01,3.396714627742767334e-01,-9.864357858896255493e-02,-2.648602724075317383e-01,-2.411176264286041260e-02,1.399726271629333496e-01,1.453470885753631592e-01,1.399726271629333496e-01,-2.411176264286041260e-02,-2.648602724075317383e-01,-9.864357858896255493e-02,3.396714627742767334e-01,-1.967004686594009399e-01
-1.591844081878662109e+00
7.273311167955398560e-02,2.005100101232528687e-01,-3.696394860744476318e-01,1.039800569415092468e-01,2.611946463584899902e-01,2.825482189655303955e-01,1.379221826791763306e-01,2.825482189655303955e-01,2.611946463584899902e-01,1.039800569415092468e-01,-3.696394860744476318e-01,2.005100101232528687e-01,7.273311167955398560e-02
-2.179567217826843262e-01,2.676170766353607178e-01,-1.637136214412748814e-03,-3.051972091197967529e-01,-1.068308390676975250e-02,1.062588393688201904e-01,1.749330610036849976e-01,1.062588393688201904e-01,-1.068308390676975250e-02,-3.051972091197967529e-01,-1.637136214412748814e-03,2.676170766353607178e-01,-2.179567217826843262e-01
-1.723165392875671387e+00
-2.748521603643894196e-02,2.569313347339630127e-01,-3.501583337783813477e-01,5.251371860504150391e-02,2.878866493701934814e-01,2.801272869110107422e-01,1.589105725288391113e-01,2.801272869110107422e-01,2.878866493701934814e-01,5.251371860504150391e-02,-3.501583337783813477e-01,2.569313347339630127e-01,-2.748521603643894196e-02
-2.243509292602539062e-01,1.699165999889373779e-01,9.259473532438278198e-02,-3.316037654876708984e-01,3.815639298409223557e-03,9.648430347442626953e-02,2.133961319923400879e-01,9.648430347442626953e-02,3.815639298409223557e-03,-3.316037654876708984e-01,9.259473532438278198e-02,1.699165999889373779e-01,-2.243509292602539062e-01
-1.857905864715576172e+00
-1.112663224339485168e-01,2.771274745464324951e-01,-3.018167316913604736e-01,-2.709410386160016060e-03,3.199883401393890381e-01,2.661164104938507080e-01,1.833330690860748291e-01,2.661164104938507080e-01,3.199883401393890381e-01,-2.709410386160016060e-03,-3.018167316913604736e-01,2.771274745464324951e-01,-1.112663224339485168e-01
-2.099802494049072266e-01,6.640970706939697266e-02,1.634301692247390747e-01,-3.478114306926727295e-01,1.917328336276113987e-03,9.509858489036560059e-02,2.405708879232406616e-01,9.509858489036560059e-02,1.917328336276113987e-03,-3.478114306926727295e-01,1.634301692247390747e-01,6.640970706939697266e-02,-2.099802494049072266e-01
-1.995981097221374512e+00
-1.518268287181854248e-01,2.799811661243438721e-01,-2.427338808774948120e-01,-6.882535666227340698e-02,3.423967957496643066e-01,2.460649013519287109e-01,2.084041535854339600e-01,2.460649013519287109e-01,3.423967957496643066e-01,-6.882535666227340698e-02,-2.427338808774948120e-01,2.799811661243438721e-01,-1.518268287181854248e-01
-1.779182106256484985e-01,-1.334175560623407364e-02,2.157972007989883423e-01,-3.511413037776947021e-01,-1.633207313716411591e-02,1.037413850426673889e-01,2.560386955738067627e-01,1.037413850426673889e-01,-1.633207313716411591e-02,-3.511413037776947021e-01,2.157972007989883423e-01,-1.334175560623407364e-02,-1.779182106256484985e-01
-2.137312412261962891e+00
-2.413059920072555542e-01,2.556802034378051758e-01,-1.287783533334732056e-01,-8.483813703060150146e-02,3.787479102611541748e-01,2.124112546443939209e-01,2.097780555486679077e-01,2.124112546443939209e-01,3.787479102611541748e-01,-8.483813703060150146e-02,-1.287783533334732056e-01,2.556802034378051758e-01,-2.413059920072555542e-01
-1.813678294420242310e-01,-1.366112381219863892e-01,2.380699962377548218e-01,-3.191184699535369873e-01,-2.375003136694431305e-02,1.134454756975173950e-01,2.504134476184844971e-01,1.134454756975173950e-01,-2.375003136694431305e-02,-3.191184699535369873e-01,2.380699962377548218e-01,-1.366112381219863892e-01,-1.813678294420242310e-01
-2.281826257705688477e+00
-1.016667410731315613e-01,2.542902231216430664e-01,-1.402258276939392090e-01,-2.151421159505844116e-01,3.617171645164489746e-01,2.205175608396530151e-01,2.540361285209655762e-01,2.205175608396530151e-01,3.617171645164489746e-01,-2.151421159505844116e-01,-1.402258276939392090e-01,2.542902231216430664e-01,-1.016667410731315613e-01
-1.075047403573989868e-01,-7.241469621658325195e-02,3.046903312206268311e-01,-3.151180446147918701e-01,-1.069711372256278992e-01,1.099168360233306885e-01,2.411397397518157959e-01,1.099168360233306885e-01,-1.069711372256278992e-01,-3.151180446147918701e-01,3.046903312206268311e-01,-7.241469621658325195e-02,-1.075047403573989868e-01
-2.429454565048217773e+00
-1.060323566198348999e-01,2.244738489389419556e-01,-7.899580150842666626e-02,-2.588450610637664795e-01,3.718584179878234863e-01,2.221531867980957031e-01,2.701942324638366699e-01,2.221531867980957031e-01,3.718584179878234863e-01,-2.588450610637664795e-01,-7.899580150842666626e-02,2.244738489389419556e-01,-1.060323566198348999e-01
-9.401533752679824829e-02,-1.104838624596595764e-01,3.128052949905395508e-01,-2.759352326393127441e-01,-1.473805010318756104e-01,1.298890262842178345e-01,2.333080321550369263e-01,1.298890262842178345e-01,-1.473805010318756104e-01,-2.759352326393127441e-01,3.128052949905395508e-01,-1.104838624596595764e-01,-9.401533752679824829e-02
-2.580132961273193359e+00
-1.776751279830932617e-01,-2.824536263942718506e-01,1.340581327676773071e-01,2.255296260118484497e-01,1.802039891481399536e-01,1.140952855348587036e-01,1.582424193620681763e-01,1.140952855348587036e-01,1.802039891481399536e-01,2.255296260118484497e-01,1.340581327676773071e-01,-2.824536263942718506e-01,-1.776751279830932617e-01
1.592047214508056641e-01,-1.443350762128829956e-01,-2.124404311180114746e-01,-2.262186259031295776e-02,4.490694031119346619e-02,1.680665910243988037e-01,1.621056050062179565e-01,1.680665910243988037e-01,4.490694031119346619e-02,-2.262186259031295776e-02,-2.124404311180114746e-01,-1.443350762128829956e-01,1.592047214508056641e-01
-3.271071612834930420e-01
-1.272622346878051758e-01,2.157058417797088623e-01,1.294707059860229492e-01,1.626409441232681274e-01,2.189377248287200928e-01,1.786930114030838013e-01,6.801594048738479614e-02,1.786930114030838013e-01,2.189377248287200928e-01,1.626409441232681274e-01,1.294707059860229492e-01,2.157058417797088623e-01,-1.272622346878051758e-01
-5.093187466263771057e-02,-2.922363877296447754e-01,-1.291728317737579346e-01,5.609087180346250534e-03,6.517684459686279297e-02,1.020644903182983398e-01,1.431407481431961060e-01,1.020644903182983398e-01,6.517684459686279297e-02,5.609087180346250534e-03,-1.291728317737579346e-01,-2.922363877296447754e-01,-5.093187466263771057e-02
-4.067060351371765137e-01
-1.407333910465240479e-01,-4.692979156970977783e-03,1.114260777831077576e-01,1.521219611167907715e-01,1.915320754051208496e-01,1.542136222124099731e-01,1.250058114528656006e-01,1.542136222124099731e-01,1.915320754051208496e-01,1.521219611167907715e-01,1.114260777831077576e-01,-4.692979156970977783e-03,-1.407333910465240479e-01
-6.739463657140731812e-02,-3.107553720474243164e-01,-1.029035151004791260e-01,8.133777976036071777e-02,-3.297812072560191154e-03,1.459639817476272583e-01,1.821748316287994385e-01,1.459639817476272583e-01,-3.297812072560191154e-03,8.133777976036071777e-02,-1.029035151004791260e-01,-3.107553720474243164e-01,-6.739463657140731812e-02
-4.918165504932403564e-01
-2.341162413358688354e-01,-1.485576182603836060e-01,1.357342451810836792e-01,2.325913757085800171e-01,1.493362188339233398e-01,1.442386209964752197e-01,1.251851320266723633e-01,1.442386209964752197e-01,1.493362188339233398e-01,2.325913757085800171e-01,1.357342451810836792e-01,-1.485576182603836060e-01,-2.341162413358688354e-01
6.765770167112350464e-02,-3.016672432422637939e-01,-1.050861179828643799e-01,1.646404527127742767e-02,5.551742389798164368e-02,1.163027137517929077e-01,2.140474617481231689e-01,1.163027137517929077e-01,5.551742389798164368e-02,1.646404527127742767e-02,-1.050861179828643799e-01,-3.016672432422637939e-01,6.765770167112350464e-02
-5.821056365966796875e-01
-1.772159785032272339e-01,-2.906085550785064697e-01,1.229092031717300415e-01,1.975464522838592529e-01,1.849825084209442139e-01,1.264755874872207642e-01,1.925580799579620361e-01,1.264755874872207642e-01,1.849825084209442139e-01,1.975464522838592529e-01,1.229092031717300415e-01,-2.906085550785064697e-01,-1.772159785032272339e-01
1.470033079385757446e-01,-1.856727749109268188e-01,-1.746143251657485962e-01,-3.462090343236923218e-02,3.870800370350480080e-03,1.269138753414154053e-01,1.765533238649368286e-01,1.269138753414154053e-01,3.870800370350480080e-03,-3.462090343236923218e-02,-1.746143251657485962e-01,-1.856727749109268188e-01,1.470033079385757446e-01
-6.772937774658203125e-01
-1.524704694747924805e-01,-2.803572714328765869e-01,4.083588346838951111e-02,2.346766442060470581e-01,1.507893800735473633e-01,1.532637476921081543e-01,1.397576779127120972e-01,1.532637476921081543e-01,1.507893800735473633e-01,2.346766442060470581e-01,4.083588346838951111e-02,-2.803572714328765869e-01,-1.524704694747924805e-01
2.229428887367248535e-01,-8.647444844245910645e-02,-2.486441880464553833e-01,-3.539846464991569519e-02,8.269292861223220825e-02,1.709762662649154663e-01,1.303297877311706543e-01,1.709762662649154663e-01,8.269292861223220825e-02,-3.539846464991569519e-02,-2.486441880464553833e-01,-8.647444844245910645e-02,2.229428887367248535e-01
-7.771421670913696289e-01
-6.394296139478683472e-02,-2.851724028587341309e-01,-2.818512357771396637e-02,2.490698099136352539e-01,1.524147987365722656e-01,1.704782843589782715e-01,1.165799945592880249e-01,1.704782843589782715e-01,1.524147987365722656e-01,2.490698099136352539e-01,-2.818512357771396637e-02,-2.851724028587341309e-01,-6.394296139478683472e-02
3.109802305698394775e-01,-4.354261606931686401e-02,-2.212935984134674072e-01,-1.220205053687095642e-01,1.021029427647590637e-01,1.225259751081466675e-01,1.509402096271514893e-01,1.225259751081466675e-01,1.021029427647590637e-01,-1.220205053687095642e-01,-2.212935984134674072e-01,-4.354261606931686401e-02,3.109802305698394775e-01
-8.814436793327331543e-01
1.043870449066162109e-01,-3.312242627143859863e-01,-5.801841989159584045e-02,2.064105570316314697e-01,2.191148102283477783e-01,1.619650870561599731e-01,1.564551442861557007e-01,1.619650870561599731e-01,2.191148102283477783e-01,2.064105570316314697e-01,-5.801841989159584045e-02,-3.312242627143859863e-01,1.043870449066162109e-01
3.382824957370758057e-01,1.721557602286338806e-02,-2.185248136520385742e-01,-1.844499707221984863e-01,1.264860779047012329e-01,1.157183423638343811e-01,1.708580851554870605e-01,1.157183423638343811e-01,1.264860779047012329e-01,-1.844499707221984863e-01,-2.185248136520385742e-01,1.721557602286338806e-02,3.382824957370758057e-01
-9.900165200233459473e-01
2.532120048999786377e-01,-3.371940553188323975e-01,-8.634880930185317993e-02,1.530182957649230957e-01,2.652665376663208008e-01,1.468046158552169800e-01,1.895017921924591064e-01,1.468046158552169800e-01,2.652665376663208008e-01,1.530182957649230957e-01,-8.634880930185317993e-02,-3.371940553188323975e-01,2.532120048999786377e-01
2.710581421852111816e-01,1.463726162910461426e-01,-2.410957813262939453e-01,-1.971573978662490845e-01,8.427701145410537720e-02,1.290549337863922119e-01,1.386526226997375488e-01,1.290549337863922119e-01,8.427701145410537720e-02,-1.971573978662490845e-01,-2.410957813262939453e-01,1.463726162910461426e-01,2.710581421852111816e-01
-1.102699279785156250e+00
3.373051583766937256e-01,-2.651089429855346680e-01,-1.520194560289382935e-01,1.374381482601165771e-01,2.874700725078582764e-01,1.679750382900238037e-01,1.870657354593276978e-01,1.679750382900238037e-01,2.874700725078582764e-01,1.374381482601165771e-01,-1.520194560289382935e-01,-2.651089429855346680e-01,3.373051583766937256e-01
1.150483042001724243e-01,2.685150504112243652e-01,-2.562896311283111572e-01,-1.830773949623107910e-01,3.091118298470973969e-02,1.559692770242691040e-01,1.002720370888710022e-01,1.559692770242691040e-01,3.091118298470973969e-02,-1.830773949623107910e-01,-2.562896311283111572e-01,2.685150504112243652e-01,1.150483042001724243e-01
-1.219347834587097168e+00
3.138836622238159180e-01,-1.505878120660781860e-01,-2.431409955024719238e-01,1.394253373146057129e-01,2.780811488628387451e-01,2.115184068679809570e-01,1.681812405586242676e-01,2.115184068679809570e-01,2.780811488628387451e-01,1.394253373146057129e-01,-2.431409955024719238e-01,-1.505878120660781860e-01,3.138836622238159180e-01
-3.939613327383995056e-02,3.474784791469573975e-01,-2.506147623062133789e-01,-2.034443318843841553e-01,-2.265865914523601532e-02,1.676376163959503174e-01,8.980259299278259277e-02,1.676376163959503174e-01,-2.265865914523601532e-02,-2.034443318843841553e-01,-2.506147623062133789e-01,3.474784791469573975e-01,-3.939613327383995056e-02
-1.339831829071044922e+00
2.445566058158874512e-01,-1.767618395388126373e-02,-3.178298473358154297e-01,1.496845483779907227e-01,2.688721418380737305e-01,2.580436766147613525e-01,1.493212431669235229e-01,2.580436766147613525e-01,2.688721418380737305e-01,1.496845483779907227e-01,-3.178298473358154297e-01,-1.767618395388126373e-02,2.445566058158874512e-01
-1.418917030096054077e-01,3.681151270866394043e-01,-1.975138336420059204e-01,-2.352674305438995361e-01,-3.543611243367195129e-02,1.601026803255081177e-01,1.069079712033271790e-01,1.601026803255081177e-01,-3.543611243367195129e-02,-2.352674305438995361e-01,-1.975138336420059204e-01,3.681151270866394043e-01,-1.418917030096054077e-01
-1.464033246040344238e+00
1.584490388631820679e-01,1.071045175194740295e-01,-3.687306046485900879e-01,1.376553475856781006e-01,2.700511217117309570e-01,2.916084825992584229e-01,1.444645673036575317e-01,2.916084825992584229e-01,2.700511217117309570e-01,1.376553475856781006e-01,-3.687306046485900879e-01,1.071045175194740295e-01,1.584490388631820679e-01
-2.057129889726638794e-01,3.377952873706817627e-01,-1.030258238315582275e-01,-2.680909335613250732e-01,-1.758236438035964966e-02,1.484439671039581299e-01,1.476219743490219116e-01,1.484439671039581299e-01,-1.758236438035964966e-02,-2.680909335613250732e-01,-1.030258238315582275e-01,3.377952873706817627e-01,-2.057129889726638794e-01
-1.591844081878662109e+00
6.150192394852638245e-02,1.975524127483367920e-01,-3.876985907554626465e-01,9.871421009302139282e-02,2.816736996173858643e-01,3.017074167728424072e-01,1.505505591630935669e-01,3.017074167728424072e-01,2.816736996173858643e-01,9.871421009302139282e-02,-3.876985907554626465e-01,1.975524127483367920e-01,6.150192394852638245e-02
-2.293333411216735840e-01,2.702170610427856445e-01,6.882945308461785316e-04,-3.088549971580505371e-01,-6.964025087654590607e-03,1.276770532131195068e-01,1.906311213970184326e-01,1.276770532131195068e-01,-6.964025087654590607e-03,-3.088549971580505371e-01,6.882945308461785316e-04,2.702170610427856445e-01,-2.293333411216735840e-01
-1.723165392875671387e+00
-1.527734799310564995e-03,2.558584511280059814e-01,-3.818033635616302490e-01,3.237563744187355042e-02,2.954706251621246338e-01,2.939857244491577148e-01,1.693629175424575806e-01,2.939857244491577148e-01,2.954706251621246338e-01,3.237563744187355042e-02,-3.818033635616302490e-01,2.558584511280059814e-01,-1.527734799310564995e-03
-2.137304544448852539e-01,1.973883807659149170e-01,9.921200573444366455e-02,-3.440002501010894775e-01,-4.630009178072214127e-03,1.183398887515068054e-01,2.326785176992416382e-01,1.183398887515068054e-01,-4.630009178072214127e-03,-3.440002501010894775e-01,9.921200573444366455e-02,1.973883807659149170e-01,-2.137304544448852539e-01
-1.857905864715576172e+00
-5.177351832389831543e-02,2.859072685241699219e-01,-3.413982391357421875e-01,-3.282424435019493103e-02,3.212807774543762207e-01,2.813665568828582764e-01,1.974425613880157471e-01,2.813665568828582764e-01,3.212807774543762207e-01,-3.282424435019493103e-02,-3.413982391357421875e-01,2.859072685241699219e-01,-5.177351832389831543e-02
-1.931274235248565674e-01,1.134611889719963074e-01,1.772501021623611450e-01,-3.652353286743164062e-01,-1.688264869153499603e-02,1.104379817843437195e-01,2.587591111660003662e-01,1.104379817843437195e-01,-1.688264869153499603e-02,-3.652353286743164062e-01,1.772501021623611450e-01,1.134611889719963074e-01,-1.931274235248565674e-01
-1.995981097221374512e+00
-1.253447979688644409e-01,2.901052832603454590e-01,-2.701290547847747803e-01,-9.587251394987106323e-02,3.475252985954284668e-01,2.678718566894531250e-01,2.282611876726150513e-01,2.678718566894531250e-01,3.475252985954284668e-01,-9.587251394987106323e-02,-2.701290547847747803e-01,2.901052832603454590e-01,-1.253447979688644409e-01
-1.814904808998107910e-01,8.202482946217060089e-03,2.313369512557983398e-01,-3.579483628273010254e-01,-3.007837571203708649e-02,1.196223869919776917e-01,2.781085371971130371e-01,1.196223869919776917e-01,-3.007837571203708649e-02,-3.579483628273010254e-01,2.313369512557983398e-01,8.202482946217060089e-03,-1.814904808998107910e-01
-2.137312412261962891e+00
-7.401283830404281616e-02,2.847101390361785889e-01,-2.323518991470336914e-01,-1.777858287096023560e-01,3.613595366477966309e-01,2.542694211006164551e-01,2.550351619720458984e-01,2.542694211006164551e-01,3.613595366477966309e-01,-1.777858287096023560e-01,-2.323518991470336914e-01,2.847101390361785889e-01,-7.401283830404281616e-02
-1.320355385541915894e-01,-6.404160521924495697e-03,2.826346457004547119e-01,-3.559171259403228760e-01,-7.407386600971221924e-02,1.283246576786041260e-01,2.817524671554565430e-01,1.283246576786041260e-01,-7.407386600971221924e-02,-3.559171259403228760e-01,2.826346457004547119e-01,-6.404160521924495697e-03,-1.320355385541915894e-01
-2.281826257705688477e+00
-4.640203341841697693e-02,2.726357877254486084e-01,-1.788113564252853394e-01,-2.496099025011062622e-01,3.674547672271728516e-01,2.457642406225204468e-01,2.775216996669769287e-01,2.457642406225204468e-01,3.674547672271728516e-01,-2.496099025011062622e-01,-1.788113564252853394e-01,2.726357877254486084e-01,-4.640203341841697693e-02
-9.791766107082366943e-02,-3.368378430604934692e-02,3.053041696548461914e-01,-3.441816866397857666e-01,-1.281302124261856079e-01,1.431202143430709839e-01,2.824240922927856445e-01,1.431202143430709839e-01,-1.281302124261856079e-01,-3.441816866397857666e-01,3.053041696548461914e-01,-3.368378430604934692e-02,-9.791766107082366943e-02
-2.429454565048217773e+00
-2.747633308172225952e-02,2.622357606887817383e-01,-1.259917765855789185e-01,-3.127738237380981445e-01,3.722453713417053223e-01,2.526452541351318359e-01,2.990924119949340820e-01,2.526452541351318359e-01,3.722453713417053223e-01,-3.127738237380981445e-01,-1.259917765855789185e-01,2.622357606887817383e-01,-2.747633308172225952e-02
-8.918905258178710938e-02,-5.902691930532455444e-02,3.248569369316101074e-01,-3.146238923072814941e-01,-1.872448027133941650e-01,1.701029837131500244e-01,2.963863015174865723e-01,1.701029837131500244e-01,-1.872448027133941650e-01,-3.146238923072814941e-01,3.248569369316101074e-01,-5.902691930532455444e-02,-8.918905258178710938e-02
-2.580132961273193359e+00
-3.129324913024902344e-01,-2.807210981845855713e-01,1.462167799472808838e-01,3.156678080558776855e-01,1.538172513246536255e-01,4.001459479331970215e-01,2.164988592267036438e-02,4.001459479331970215e-01,1.538172513246536255e-01,3.156678080558776855e-01,1.462167799472808838e-01,-2.807210981845855713e-01,-3.129324913024902344e-01
-5.160687491297721863e-03,-2.395517230033874512e-01,-1.978549063205718994e-01,1.675228476524353027e-01,-2.597134709358215332e-01,1.029660925269126892e-01,5.619271993637084961e-01,1.029660925269126892e-01,-2.597134709358215332e-01,1.675228476524353027e-01,-1.978549063205718994e-01,-2.395517230033874512e-01,-5.160687491297721863e-03
-0.000000000000000000e+00
