-6.416638195514678955e-02,3.080908358097076416e-01,6.027949228882789612e-02,-4.212836176156997681e-02,3.186614066362380981e-02,6.114743649959564209e-03,-4.023710265755653381e-02,6.114743649959564209e-03,3.186614066362380981e-02,-4.212836176156997681e-02,6.027949228882789612e-02,3.080908358097076416e-01,-6.416638195514678955e-02
-2.652647495269775391e-01,-3.421780094504356384e-02,1.216257512569427490e-01,6.262186914682388306e-02,7.741885632276535034e-02,9.399978816509246826e-02,1.070630475878715515e-01,9.399978816509246826e-02,7.741885632276535034e-02,6.262186914682388306e-02,1.216257512569427490e-01,-3.421780094504356384e-02,-2.652647495269775391e-01
-3.248978871852159500e-03
2.070378214120864868e-01,6.793369352817535400e-02,-8.575004339218139648e-02,1.179195195436477661e-02,1.437450796365737915e-01,9.664494544267654419e-02,3.714222833514213562e-02,9.664494544267654419e-02,1.437450796365737915e-01,1.179195195436477661e-02,-8.575004339218139648e-02,6.793369352817535400e-02,2.070378214120864868e-01
-1.463370025157928467e-01,1.704017370939254761e-01,1.738011986017227173e-01,4.243730381131172180e-02,2.382542379200458527e-02,7.373316586017608643e-02,8.670411258935928345e-02,7.373316586017608643e-02,2.382542379200458527e-02,4.243730381131172180e-02,1.738011986017227173e-01,1.704017370939254761e-01,-1.463370025157928467e-01
-3.769710194319486618e-03
1.923508346080780029e-01,7.824515551328659058e-02,-7.600389420986175537e-02,-7.180026918649673462e-02,1.232210174202919006e-02,9.799443185329437256e-02,1.107030063867568970e-01,9.799443185329437256e-02,1.232210174202919006e-02,-7.180026918649673462e-02,-7.600389420986175537e-02,7.824515551328659058e-02,1.923508346080780029e-01
-5.757829174399375916e-03,2.206127494573593140e-01,1.032515838742256165e-01,-5.236674565821886063e-03,1.110418215394020081e-01,9.443676471710205078e-02,7.412421703338623047e-02,9.443676471710205078e-02,1.110418215394020081e-01,-5.236674565821886063e-03,1.032515838742256165e-01,2.206127494573593140e-01,-5.757829174399375916e-03
-4.315481521189212799e-03
1.571820676326751709e-01,1.607521772384643555e-01,2.506697736680507660e-02,-9.827673435211181641e-02,-7.247214019298553467e-02,1.448972225189208984e-01,1.893057972192764282e-01,1.448972225189208984e-01,-7.247214019298553467e-02,-9.827673435211181641e-02,2.506697736680507660e-02,1.607521772384643555e-01,1.571820676326751709e-01
-1.207935884594917297e-01,1.867878139019012451e-01,1.040220335125923157e-01,2.419063821434974670e-02,1.546576768159866333e-01,7.605020701885223389e-02,2.035324648022651672e-02,7.605020701885223389e-02,1.546576768159866333e-01,2.419063821434974670e-02,1.040220335125923157e-01,1.867878139019012451e-01,-1.207935884594917297e-01
-4.885198082774877548e-03
1.652668565511703491e-01,1.237919777631759644e-01,-5.829785764217376709e-02,-2.221419662237167358e-02,8.834949880838394165e-02,1.097962558269500732e-01,7.864934951066970825e-02,1.097962558269500732e-01,8.834949880838394165e-02,-2.221419662237167358e-02,-5.829785764217376709e-02,1.237919777631759644e-01,1.652668565511703491e-01
-1.713179349899291992e-01,2.084392905235290527e-01,1.827255040407180786e-01,4.827244952321052551e-02,1.351545751094818115e-02,5.886744707822799683e-02,7.091204077005386353e-02,5.886744707822799683e-02,1.351545751094818115e-02,4.827244952321052551e-02,1.827255040407180786e-01,2.084392905235290527e-01,-1.713179349899291992e-01
-5.477896425873041153e-03
1.396357417106628418e-01,2.606586515903472900e-01,7.439574599266052246e-02,2.775122039020061493e-02,9.320452064275741577e-02,2.647837810218334198e-02,2.050517871975898743e-02,2.647837810218334198e-02,9.320452064275741577e-02,2.775122039020061493e-02,7.439574599266052246e-02,2.606586515903472900e-01,1.396357417106628418e-01
-1.595047116279602051e-01,2.724872231483459473e-01,8.775104582309722900e-02,3.928022459149360657e-02,1.269066929817199707e-01,1.020429432392120361e-01,2.489912323653697968e-02,1.020429432392120361e-01,1.269066929817199707e-01,3.928022459149360657e-02,8.775104582309722900e-02,2.724872231483459473e-01,-1.595047116279602051e-01
-6.092720665037631989e-03
1.666890233755111694e-01,1.931838989257812500e-01,-5.589244887232780457e-02,-1.017499193549156189e-01,3.393184393644332886e-02,1.041110381484031677e-01,1.076737269759178162e-01,1.041110381484031677e-01,3.393184393644332886e-02,-1.017499193549156189e-01,-5.589244887232780457e-02,1.931838989257812500e-01,1.666890233755111694e-01
-2.048868983983993530e-01,1.899383366107940674e-01,1.339609920978546143e-01,5.084238573908805847e-02,1.274015307426452637e-01,3.925637528300285339e-02,1.429674495011568069e-02,3.925637528300285339e-02,1.274015307426452637e-01,5.084238573908805847e-02,1.339609920978546143e-01,1.899383366107940674e-01,-2.048868983983993530e-01
-6.728903856128454208e-03
1.486799418926239014e-01,1.249888986349105835e-01,-9.980931878089904785e-02,-8.352681994438171387e-02,3.619566932320594788e-02,6.942662596702575684e-02,6.198406592011451721e-02,6.942662596702575684e-02,3.619566932320594788e-02,-8.352681994438171387e-02,-9.980931878089904785e-02,1.249888986349105835e-01,1.486799418926239014e-01
-2.492153197526931763e-01,2.119816541671752930e-01,1.635748744010925293e-01,3.493931889533996582e-02,-7.129973964765667915e-04,5.142148584127426147e-02,4.792913421988487244e-02,5.142148584127426147e-02,-7.129973964765667915e-04,3.493931889533996582e-02,1.635748744010925293e-01,2.119816541671752930e-01,-2.492153197526931763e-01
-7.385753560811281204e-03
1.221334934234619141e-01,2.253642976284027100e-01,3.445260226726531982e-03,-4.335759207606315613e-02,4.425616562366485596e-02,1.282964600250124931e-03,2.027187263593077660e-03,1.282964600250124931e-03,4.425616562366485596e-02,-4.335759207606315613e-02,3.445260226726531982e-03,2.253642976284027100e-01,1.221334934234619141e-01
-1.574611961841583252e-01,2.524717450141906738e-01,1.236650273203849792e-01,1.217000465840101242e-02,1.127398163080215454e-01,5.641126632690429688e-02,3.214183077216148376e-02,5.641126632690429688e-02,1.127398163080215454e-01,1.217000465840101242e-02,1.236650273203849792e-01,2.524717450141906738e-01,-1.574611961841583252e-01
-8.062640205025672913e-03
4.510839283466339111e-02,2.386410832405090332e-01,1.938967593014240265e-02,-1.007059812545776367e-01,-4.172358661890029907e-02,-7.899531722068786621e-02,-6.325135380029678345e-02,-7.899531722068786621e-02,-4.172358661890029907e-02,-1.007059812545776367e-01,1.938967593014240265e-02,2.386410832405090332e-01,4.510839283466339111e-02
-2.901207804679870605e-01,-3.442791104316711426e-02,1.050619930028915405e-01,1.898195594549179077e-01,1.411134451627731323e-01,-3.410304198041558266e-03,-7.091163843870162964e-02,-3.410304198041558266e-03,1.411134451627731323e-01,1.898195594549179077e-01,1.050619930028915405e-01,-3.442791104316711426e-02,-2.901207804679870605e-01
-8.758988231420516968e-03
-2.223742567002773285e-02,3.069591522216796875e-01,1.359994411468505859e-01,7.578928023576736450e-02,1.325032860040664673e-01,1.002798750996589661e-01,2.737579680979251862e-02,1.002798750996589661e-01,1.325032860040664673e-01,7.578928023576736450e-02,1.359994411468505859e-01,3.069591522216796875e-01,-2.223742567002773285e-02
-2.652732729911804199e-01,6.646110117435455322e-02,2.148705869913101196e-01,2.293547429144382477e-02,-6.190316006541252136e-02,6.717658042907714844e-02,1.470903307199478149e-01,6.717658042907714844e-02,-6.190316006541252136e-02,2.293547429144382477e-02,2.148705869913101196e-01,6.646110117435455322e-02,-2.652732729911804199e-01
-9.474270045757293701e-03
-4.319516196846961975e-02,3.465660512447357178e-01,1.593434661626815796e-01,-9.727838449180126190e-03,8.768586069345474243e-02,4.019511118531227112e-02,2.732614427804946899e-02,4.019511118531227112e-02,8.768586069345474243e-02,-9.727838449180126190e-03,1.593434661626815796e-01,3.465660512447357178e-01,-4.319516196846961975e-02
-2.220397293567657471e-01,-9.491875767707824707e-02,8.256956189870834351e-02,3.912484273314476013e-03,1.915761083364486694e-02,1.838350296020507812e-01,2.255139648914337158e-01,1.838350296020507812e-01,1.915761083364486694e-02,3.912484273314476013e-03,8.256956189870834351e-02,-9.491875767707824707e-02,-2.220397293567657471e-01
-1.020799670368432999e-02
-2.735115028917789459e-02,3.661664426326751709e-01,1.339226216077804565e-01,2.655592374503612518e-02,1.765496432781219482e-01,8.871662616729736328e-02,2.961581945419311523e-02,8.871662616729736328e-02,1.765496432781219482e-01,2.655592374503612518e-02,1.339226216077804565e-01,3.661664426326751709e-01,-2.735115028917789459e-02
-1.816905289888381958e-01,-2.875297702848911285e-02,2.527252957224845886e-02,2.758732438087463379e-02,1.929735951125621796e-02,6.012548878788948059e-02,4.546640813350677490e-02,6.012548878788948059e-02,1.929735951125621796e-02,2.758732438087463379e-02,2.527252957224845886e-02,-2.875297702848911285e-02,-1.816905289888381958e-01
-1.095971744507551193e-02
-8.373886346817016602e-02,3.025196194648742676e-01,1.428411006927490234e-01,5.641697347164154053e-02,9.662467241287231445e-02,1.199877560138702393e-01,5.510501936078071594e-02,1.199877560138702393e-01,9.662467241287231445e-02,5.641697347164154053e-02,1.428411006927490234e-01,3.025196194648742676e-01,-8.373886346817016602e-02
-2.634935975074768066e-01,-9.292478114366531372e-02,8.355738967657089233e-02,-2.604109793901443481e-02,-7.070272415876388550e-02,1.615700274705886841e-01,2.159175574779510498e-01,1.615700274705886841e-01,-7.070272415876388550e-02,-2.604109793901443481e-02,8.355738967657089233e-02,-9.292478114366531372e-02,-2.634935975074768066e-01
-1.172901038080453873e-02
-1.838322430849075317e-01,2.838384509086608887e-01,1.262877881526947021e-01,9.163313359022140503e-02,2.332752794027328491e-01,6.692788749933242798e-02,-5.677260085940361023e-02,6.692788749933242798e-02,2.332752794027328491e-01,9.163313359022140503e-02,1.262877881526947021e-01,2.838384509086608887e-01,-1.838322430849075317e-01
-1.776228845119476318e-01,-2.203049212694168091e-01,5.450888723134994507e-02,1.752813756465911865e-01,1.607501655817031860e-01,-3.036058694124221802e-02,-3.492697328329086304e-02,-3.036058694124221802e-02,1.607501655817031860e-01,1.752813756465911865e-01,5.450888723134994507e-02,-2.203049212694168091e-01,-1.776228845119476318e-01
-1.251548528671264648e-02
-1.934859603643417358e-01,2.424782365560531616e-01,1.466522216796875000e-01,3.343974053859710693e-02,1.481441855430603027e-01,1.974394172430038452e-02,-1.089801080524921417e-02,1.974394172430038452e-02,1.481441855430603027e-01,3.343974053859710693e-02,1.466522216796875000e-01,2.424782365560531616e-01,-1.934859603643417358e-01
-2.209107428789138794e-01,-2.665167748928070068e-01,9.835013002157211304e-02,1.988767832517623901e-01,1.132992431521415710e-01,4.897774755954742432e-02,7.292646914720535278e-02,4.897774755954742432e-02,1.132992431521415710e-01,1.988767832517623901e-01,9.835013002157211304e-02,-2.665167748928070068e-01,-2.209107428789138794e-01
-1.331877429038286209e-02
-2.349077910184860229e-01,3.128026723861694336e-01,2.823082506656646729e-01,9.575723856687545776e-02,1.109453141689300537e-01,9.613682329654693604e-02,9.697718173265457153e-02,9.613682329654693604e-02,1.109453141689300537e-01,9.575723856687545776e-02,2.823082506656646729e-01,3.128026723861694336e-01,-2.349077910184860229e-01
-2.040641754865646362e-01,-2.052144408226013184e-01,8.411628007888793945e-02,1.111260578036308289e-01,-5.429978668689727783e-02,3.581369994208216667e-03,4.188084602355957031e-02,3.581369994208216667e-03,-5.429978668689727783e-02,1.111260578036308289e-01,8.411628007888793945e-02,-2.052144408226013184e-01,-2.040641754865646362e-01
-1.413853280246257782e-02
-3.376475572586059570e-01,1.875869780778884888e-01,1.823079735040664673e-01,5.317835509777069092e-02,1.701965741813182831e-02,1.265175044536590576e-01,1.387222409248352051e-01,1.265175044536590576e-01,1.701965741813182831e-02,5.317835509777069092e-02,1.823079735040664673e-01,1.875869780778884888e-01,-3.376475572586059570e-01
-1.633104383945465088e-01,-3.268914222717285156e-01,-4.342343285679817200e-02,1.185123324394226074e-01,4.303918033838272095e-02,1.916774511337280273e-01,2.070752978324890137e-01,1.916774511337280273e-01,4.303918033838272095e-02,1.185123324394226074e-01,-4.342343285679817200e-02,-3.268914222717285156e-01,-1.633104383945465088e-01
-1.497443672269582748e-02
-2.786718606948852539e-01,2.176289260387420654e-01,1.557530313730239868e-01,5.053477361798286438e-02,4.928762465715408325e-02,2.036017775535583496e-01,1.847820132970809937e-01,2.036017775535583496e-01,4.928762465715408325e-02,5.053477361798286438e-02,1.557530313730239868e-01,2.176289260387420654e-01,-2.786718606948852539e-01
-1.432138979434967041e-01,-3.024442493915557861e-01,-2.024036645889282227e-02,2.174979448318481445e-02,-2.607447467744350433e-02,1.022072061896324158e-01,1.962984055280685425e-01,1.022072061896324158e-01,-2.607447467744350433e-02,2.174979448318481445e-02,-2.024036645889282227e-02,-3.024442493915557861e-01,-1.432138979434967041e-01
-1.582618057727813721e-02
-2.457980066537857056e-01,2.309582382440567017e-01,2.202213108539581299e-01,5.118164420127868652e-02,1.813146658241748810e-02,1.643232703208923340e-01,1.937958747148513794e-01,1.643232703208923340e-01,1.813146658241748810e-02,5.118164420127868652e-02,2.202213108539581299e-01,2.309582382440567017e-01,-2.457980066537857056e-01
-7.763288170099258423e-02,-2.524494230747222900e-01,9.308783337473869324e-03,-2.427615970373153687e-02,-9.370177239179611206e-02,8.856214582920074463e-03,1.519440710544586182e-01,8.856214582920074463e-03,-9.370177239179611206e-02,-2.427615970373153687e-02,9.308783337473869324e-03,-2.524494230747222900e-01,-7.763288170099258423e-02
-1.669347472488880157e-02
-1.970358490943908691e-01,1.198536083102226257e-01,1.268804967403411865e-01,4.245042800903320312e-02,1.319902241230010986e-01,1.773442327976226807e-01,1.822294741868972778e-01,1.773442327976226807e-01,1.319902241230010986e-01,4.245042800903320312e-02,1.268804967403411865e-01,1.198536083102226257e-01,-1.970358490943908691e-01
-7.631535828113555908e-02,-3.734808862209320068e-01,-4.128358140587806702e-02,6.002505868673324585e-02,-1.633863151073455811e-02,5.078781023621559143e-02,1.574732363224029541e-01,5.078781023621559143e-02,-1.633863151073455811e-02,6.002505868673324585e-02,-4.128358140587806702e-02,-3.734808862209320068e-01,-7.631535828113555908e-02
-1.757604628801345825e-02
-3.333041965961456299e-01,9.918001294136047363e-02,3.170578479766845703e-01,5.705193057656288147e-02,-1.713784970343112946e-02,1.483655720949172974e-01,2.761585712432861328e-01,1.483655720949172974e-01,-1.713784970343112946e-02,5.705193057656288147e-02,3.170578479766845703e-01,9.918001294136047363e-02,-3.333041965961456299e-01
-3.997975960373878479e-02,-2.970511615276336670e-01,-7.990587502717971802e-02,4.193034768104553223e-02,-1.133422926068305969e-02,9.936497360467910767e-02,1.667091697454452515e-01,9.936497360467910767e-02,-1.133422926068305969e-02,4.193034768104553223e-02,-7.990587502717971802e-02,-2.970511615276336670e-01,-3.997975960373878479e-02
-1.847363449633121490e-02
-2.903383970260620117e-01,-6.561958789825439453e-02,1.795312613248825073e-01,1.597577184438705444e-01,1.529977768659591675e-01,1.021527498960494995e-01,1.185748204588890076e-01,1.021527498960494995e-01,1.529977768659591675e-01,1.597577184438705444e-01,1.795312613248825073e-01,-6.561958789825439453e-02,-2.903383970260620117e-01
-6.069976836442947388e-02,-3.570043444633483887e-01,-9.128022193908691406e-02,1.343303918838500977e-01,1.697917841374874115e-02,1.090785413980484009e-01,1.535665243864059448e-01,1.090785413980484009e-01,1.697917841374874115e-02,1.343303918838500977e-01,-9.128022193908691406e-02,-3.570043444633483887e-01,-6.069976836442947388e-02
-1.938599348068237305e-02
-3.070761263370513916e-01,-6.092032045125961304e-02,1.818086355924606323e-01,1.540563553571701050e-01,9.864763170480728149e-02,1.812653690576553345e-01,2.109815180301666260e-01,1.812653690576553345e-01,9.864763170480728149e-02,1.540563553571701050e-01,1.818086355924606323e-01,-6.092032045125961304e-02,-3.070761263370513916e-01
1.349552441388368607e-02,-3.628856241703033447e-01,-1.594865024089813232e-01,1.051453053951263428e-01,1.600402593612670898e-02,1.070765629410743713e-01,1.221356987953186035e-01,1.070765629410743713e-01,1.600402593612670898e-02,1.051453053951263428e-01,-1.594865024089813232e-01,-3.628856241703033447e-01,1.349552441388368607e-02
-2.031288668513298035e-02
-2.880539298057556152e-01,2.463511936366558075e-02,2.752223014831542969e-01,2.417383641004562378e-01,9.519001096487045288e-02,1.372351050376892090e-01,1.365031898021697998e-01,1.372351050376892090e-01,9.519001096487045288e-02,2.417383641004562378e-01,2.752223014831542969e-01,2.463511936366558075e-02,-2.880539298057556152e-01
9.075180441141128540e-02,-3.459237813949584961e-01,-1.522408723831176758e-01,9.280622005462646484e-02,-3.612499311566352844e-02,2.814254909753799438e-02,7.176309823989868164e-02,2.814254909753799438e-02,-3.612499311566352844e-02,9.280622005462646484e-02,-1.522408723831176758e-01,-3.459237813949584961e-01,9.075180441141128540e-02
-2.125409059226512909e-02
-2.978823781013488770e-01,-2.697394229471683502e-02,2.395484000444412231e-01,2.347517460584640503e-01,7.218827307224273682e-02,1.398586481809616089e-01,1.393418908119201660e-01,1.398586481809616089e-01,7.218827307224273682e-02,2.347517460584640503e-01,2.395484000444412231e-01,-2.697394229471683502e-02,-2.978823781013488770e-01
1.252363473176956177e-01,-3.430057764053344727e-01,-1.520037651062011719e-01,6.164597719907760620e-02,5.457547493278980255e-03,2.675386331975460052e-02,8.876702934503555298e-02,2.675386331975460052e-02,5.457547493278980255e-03,6.164597719907760620e-02,-1.520037651062011719e-01,-3.430057764053344727e-01,1.252363473176956177e-01
-2.220939099788665771e-02
-3.032537698745727539e-01,-1.336280107498168945e-01,1.654330343008041382e-01,2.298457324504852295e-01,9.991667419672012329e-02,1.423788368701934814e-01,1.433250606060028076e-01,1.423788368701934814e-01,9.991667419672012329e-02,2.298457324504852295e-01,1.654330343008041382e-01,-1.336280107498168945e-01,-3.032537698745727539e-01
1.407500803470611572e-01,-3.418932855129241943e-01,-1.423462033271789551e-01,4.072339460253715515e-02,5.171503499150276184e-02,7.109534740447998047e-02,1.476792097091674805e-01,7.109534740447998047e-02,5.171503499150276184e-02,4.072339460253715515e-02,-1.423462033271789551e-01,-3.418932855129241943e-01,1.407500803470611572e-01
-2.317858114838600159e-02
-2.742901742458343506e-01,-2.029372155666351318e-01,6.895931065082550049e-02,1.542916446924209595e-01,1.041978746652603149e-01,1.770637780427932739e-01,2.142802178859710693e-01,1.770637780427932739e-01,1.041978746652603149e-01,1.542916446924209595e-01,6.895931065082550049e-02,-2.029372155666351318e-01,-2.742901742458343506e-01
1.377931386232376099e-01,-3.495281636714935303e-01,-1.190215647220611572e-01,6.345637142658233643e-02,9.096964448690414429e-02,1.056464537978172302e-01,1.925247758626937866e-01,1.056464537978172302e-01,9.096964448690414429e-02,6.345637142658233643e-02,-1.190215647220611572e-01,-3.495281636714935303e-01,1.377931386232376099e-01
-2.416146919131278992e-02
-1.414845287799835205e-01,-2.057044208049774170e-01,2.740043215453624725e-02,1.678532958030700684e-01,2.320486456155776978e-01,1.878267526626586914e-01,1.714709252119064331e-01,1.878267526626586914e-01,2.320486456155776978e-01,1.678532958030700684e-01,2.740043215453624725e-02,-2.057044208049774170e-01,-1.414845287799835205e-01
1.490091532468795776e-01,-3.484097123146057129e-01,-8.027732372283935547e-02,2.647189237177371979e-02,-5.960175395011901855e-02,1.482697390019893646e-02,1.686542928218841553e-01,1.482697390019893646e-02,-5.960175395011901855e-02,2.647189237177371979e-02,-8.027732372283935547e-02,-3.484097123146057129e-01,1.490091532468795776e-01
-2.515786141157150269e-02
-1.904604732990264893e-01,-2.455670386552810669e-01,1.278893947601318359e-01,1.727861911058425903e-01,1.587694287300109863e-01,1.755695343017578125e-01,2.499741017818450928e-01,1.755695343017578125e-01,1.587694287300109863e-01,1.727861911058425903e-01,1.278893947601318359e-01,-2.455670386552810669e-01,-1.904604732990264893e-01
1.620173901319503784e-01,-3.301467597484588623e-01,-1.288674473762512207e-01,3.479284048080444336e-02,1.169572863727807999e-02,6.363630294799804688e-02,1.622514724731445312e-01,6.363630294799804688e-02,1.169572863727807999e-02,3.479284048080444336e-02,-1.288674473762512207e-01,-3.301467597484588623e-01,1.620173901319503784e-01
-2.616758272051811218e-02
-1.633481383323669434e-01,-2.872135043144226074e-01,8.230403810739517212e-02,1.563775241374969482e-01,1.791284829378128052e-01,1.778278648853302002e-01,2.551279664039611816e-01,1.778278648853302002e-01,1.791284829378128052e-01,1.563775241374969482e-01,8.230403810739517212e-02,-2.872135043144226074e-01,-1.633481383323669434e-01
1.338977366685867310e-01,-2.877929210662841797e-01,-1.045939475297927856e-01,5.994462221860885620e-02,-1.638889871537685394e-02,8.127310127019882202e-02,1.683831661939620972e-01,8.127310127019882202e-02,-1.638889871537685394e-02,5.994462221860885620e-02,-1.045939475297927856e-01,-2.877929210662841797e-01,1.338977366685867310e-01
-2.719045430421829224e-02
-1.718360483646392822e-01,-2.838034927845001221e-01,1.392401009798049927e-01,1.958127468824386597e-01,1.529936343431472778e-01,1.495023965835571289e-01,2.448836565017700195e-01,1.495023965835571289e-01,1.529936343431472778e-01,1.958127468824386597e-01,1.392401009798049927e-01,-2.838034927845001221e-01,-1.718360483646392822e-01
2.109651863574981689e-01,-2.479604631662368774e-01,-2.075522243976593018e-01,2.694803103804588318e-02,3.877503797411918640e-02,1.009085103869438171e-01,1.170018687844276428e-01,1.009085103869438171e-01,3.877503797411918640e-02,2.694803103804588318e-02,-2.075522243976593018e-01,-2.479604631662368774e-01,2.109651863574981689e-01
-2.822631411254405975e-02
-1.858917772769927979e-01,-3.459548950195312500e-01,3.953108191490173340e-02,1.775250434875488281e-01,1.646692901849746704e-01,1.471604704856872559e-01,2.158452719449996948e-01,1.471604704856872559e-01,1.646692901849746704e-01,1.775250434875488281e-01,3.953108191490173340e-02,-3.459548950195312500e-01,-1.858917772769927979e-01
1.417303979396820068e-01,-1.940736174583435059e-01,-1.445734053850173950e-01,2.984857931733131409e-02,-3.553508967161178589e-02,1.444046348333358765e-01,1.874759197235107422e-01,1.444046348333358765e-01,-3.553508967161178589e-02,2.984857931733131409e-02,-1.445734053850173950e-01,-1.940736174583435059e-01,1.417303979396820068e-01
-2.927499823272228241e-02
-1.740181446075439453e-01,-3.127768635749816895e-01,7.096467912197113037e-02,2.113373577594757080e-01,1.426270008087158203e-01,1.581353247165679932e-01,2.191078066825866699e-01,1.581353247165679932e-01,1.426270008087158203e-01,2.113373577594757080e-01,7.096467912197113037e-02,-3.127768635749816895e-01,-1.740181446075439453e-01
2.117073386907577515e-01,-1.777126640081405640e-01,-2.233365923166275024e-01,2.185328118503093719e-02,3.191500157117843628e-02,1.359876245260238647e-01,1.166757866740226746e-01,1.359876245260238647e-01,3.191500157117843628e-02,2.185328118503093719e-02,-2.233365923166275024e-01,-1.777126640081405640e-01,2.117073386907577515e-01
-3.033635206520557404e-02
-1.711710840463638306e-01,-3.152025043964385986e-01,6.518174707889556885e-02,2.543236613273620605e-01,1.468044519424438477e-01,1.531606614589691162e-01,1.796347796916961670e-01,1.531606614589691162e-01,1.468044519424438477e-01,2.543236613273620605e-01,6.518174707889556885e-02,-3.152025043964385986e-01,-1.711710840463638306e-01
2.136751860380172729e-01,-1.306811869144439697e-01,-2.012161314487457275e-01,-1.293520163744688034e-02,-2.951349131762981415e-02,1.347961127758026123e-01,1.408916562795639038e-01,1.347961127758026123e-01,-2.951349131762981415e-02,-1.293520163744688034e-02,-2.012161314487457275e-01,-1.306811869144439697e-01,2.136751860380172729e-01
-3.141022846102714539e-02
-1.825944483280181885e-01,-3.240379691123962402e-01,2.429599873721599579e-02,2.422618269920349121e-01,1.257265955209732056e-01,1.769863814115524292e-01,1.933373808860778809e-01,1.769863814115524292e-01,1.257265955209732056e-01,2.422618269920349121e-01,2.429599873721599579e-02,-3.240379691123962402e-01,-1.825944483280181885e-01
2.272212952375411987e-01,-1.553934365510940552e-01,-2.103594690561294556e-01,-8.637197315692901611e-03,-1.174182444810867310e-02,1.256097406148910522e-01,1.397802680730819702e-01,1.256097406148910522e-01,-1.174182444810867310e-02,-8.637197315692901611e-03,-2.103594690561294556e-01,-1.553934365510940552e-01,2.272212952375411987e-01
-3.249647840857505798e-02
-1.519605964422225952e-01,-3.053932487964630127e-01,1.441282127052545547e-02,2.559383213520050049e-01,1.238283887505531311e-01,1.793260872364044189e-01,1.739569902420043945e-01,1.793260872364044189e-01,1.238283887505531311e-01,2.559383213520050049e-01,1.441282127052545547e-02,-3.053932487964630127e-01,-1.519605964422225952e-01
2.772475779056549072e-01,-1.137220785021781921e-01,-2.325177192687988281e-01,-4.633615165948867798e-02,3.638501837849617004e-02,1.153551936149597168e-01,1.136526912450790405e-01,1.153551936149597168e-01,3.638501837849617004e-02,-4.633615165948867798e-02,-2.325177192687988281e-01,-1.137220785021781921e-01,2.772475779056549072e-01
-3.359496593475341797e-02
-1.636452078819274902e-01,-3.333611786365509033e-01,-4.081702604889869690e-02,2.284307330846786499e-01,1.218096613883972168e-01,2.064076662063598633e-01,1.997961252927780151e-01,2.064076662063598633e-01,1.218096613883972168e-01,2.284307330846786499e-01,-4.081702604889869690e-02,-3.333611786365509033e-01,-1.636452078819274902e-01
2.250668406486511230e-01,-1.005524843931198120e-01,-1.765478253364562988e-01,-6.505744904279708862e-02,4.697837284766137600e-04,1.092482209205627441e-01,1.550642400979995728e-01,1.092482209205627441e-01,4.697837284766137600e-04,-6.505744904279708862e-02,-1.765478253364562988e-01,-1.005524843931198120e-01,2.250668406486511230e-01
-3.470556065440177917e-02
-1.191366985440254211e-01,-3.284134566783905029e-01,3.344189375638961792e-03,2.813071310520172119e-01,1.207768544554710388e-01,1.742744147777557373e-01,1.640207171440124512e-01,1.742744147777557373e-01,1.207768544554710388e-01,2.813071310520172119e-01,3.344189375638961792e-03,-3.284134566783905029e-01,-1.191366985440254211e-01
2.510445415973663330e-01,-4.753484949469566345e-02,-1.273827403783798218e-01,-1.422436088323593140e-01,-1.256306767463684082e-01,1.107145026326179504e-01,2.463239282369613647e-01,1.107145026326179504e-01,-1.256306767463684082e-01,-1.422436088323593140e-01,-1.273827403783798218e-01,-4.753484949469566345e-02,2.510445415973663330e-01
-3.582812100648880005e-02
-1.115873605012893677e-01,-3.529506921768188477e-01,-4.859058558940887451e-02,2.214993685483932495e-01,1.171993985772132874e-01,1.953296363353729248e-01,1.985838562250137329e-01,1.953296363353729248e-01,1.171993985772132874e-01,2.214993685483932495e-01,-4.859058558940887451e-02,-3.529506921768188477e-01,-1.115873605012893677e-01
3.116365969181060791e-01,-5.234119296073913574e-02,-1.629461348056793213e-01,-1.162772774696350098e-01,2.422685734927654266e-02,9.221352636814117432e-02,1.723619252443313599e-01,9.221352636814117432e-02,2.422685734927654266e-02,-1.162772774696350098e-01,-1.629461348056793213e-01,-5.234119296073913574e-02,3.116365969181060791e-01
-3.696253150701522827e-02
-5.607194080948829651e-02,-3.522720038890838623e-01,-3.414880856871604919e-02,2.302331775426864624e-01,1.264304518699645996e-01,1.718996316194534302e-01,1.820809692144393921e-01,1.718996316194534302e-01,1.264304518699645996e-01,2.302331775426864624e-01,-3.414880856871604919e-02,-3.522720038890838623e-01,-5.607194080948829651e-02
3.553961217403411865e-01,-4.479133337736129761e-02,-1.824093312025070190e-01,-1.403675526380538940e-01,4.405543580651283264e-02,7.741580158472061157e-02,1.609380543231964111e-01,7.741580158472061157e-02,4.405543580651283264e-02,-1.403675526380538940e-01,-1.824093312025070190e-01,-4.479133337736129761e-02,3.553961217403411865e-01
-3.810866177082061768e-02
-2.858080901205539703e-02,-3.713192641735076904e-01,-3.805104270577430725e-02,2.068490535020828247e-01,1.295422613620758057e-01,1.792038530111312866e-01,2.131645530462265015e-01,1.792038530111312866e-01,1.295422613620758057e-01,2.068490535020828247e-01,-3.805104270577430725e-02,-3.713192641735076904e-01,-2.858080901205539703e-02
3.519107401371002197e-01,-1.451183576136827469e-02,-1.632483601570129395e-01,-1.513343155384063721e-01,4.085632041096687317e-02,7.074682414531707764e-02,1.674189418554306030e-01,7.074682414531707764e-02,4.085632041096687317e-02,-1.513343155384063721e-01,-1.632483601570129395e-01,-1.451183576136827469e-02,3.519107401371002197e-01
-3.926640003919601440e-02
8.983071893453598022e-02,-3.306020796298980713e-01,-2.443660609424114227e-02,2.047780156135559082e-01,1.558612138032913208e-01,1.475393176078796387e-01,1.761181503534317017e-01,1.475393176078796387e-01,1.558612138032913208e-01,2.047780156135559082e-01,-2.443660609424114227e-02,-3.306020796298980713e-01,8.983071893453598022e-02
3.924792110919952393e-01,-4.674742370843887329e-02,-2.291021496057510376e-01,-1.511329859495162964e-01,1.020759567618370056e-01,3.774412348866462708e-02,1.052208244800567627e-01,3.774412348866462708e-02,1.020759567618370056e-01,-1.511329859495162964e-01,-2.291021496057510376e-01,-4.674742370843887329e-02,3.924792110919952393e-01
-4.043562710285186768e-02
8.771441131830215454e-02,-3.573928177356719971e-01,-1.407301425933837891e-02,1.987322419881820679e-01,1.625930666923522949e-01,1.395862698554992676e-01,1.895585954189300537e-01,1.395862698554992676e-01,1.625930666923522949e-01,1.987322419881820679e-01,-1.407301425933837891e-02,-3.573928177356719971e-01,8.771441131830215454e-02
3.765426576137542725e-01,3.385933116078376770e-02,-1.993093043565750122e-01,-1.939724236726760864e-01,3.690357506275177002e-02,6.072719022631645203e-02,1.522695273160934448e-01,6.072719022631645203e-02,3.690357506275177002e-02,-1.939724236726760864e-01,-1.993093043565750122e-01,3.385933116078376770e-02,3.765426576137542725e-01
-4.161622747778892517e-02
8.712850511074066162e-02,-3.888081610202789307e-01,-1.657678559422492981e-02,1.764827668666839600e-01,1.706496030092239380e-01,1.766799986362457275e-01,2.575828433036804199e-01,1.766799986362457275e-01,1.706496030092239380e-01,1.764827668666839600e-01,-1.657678559422492981e-02,-3.888081610202789307e-01,8.712850511074066162e-02
3.442935645580291748e-01,7.494327425956726074e-02,-1.808406561613082886e-01,-1.922364383935928345e-01,1.418231986463069916e-02,6.094609946012496948e-02,1.569006294012069702e-01,6.094609946012496948e-02,1.418231986463069916e-02,-1.922364383935928345e-01,-1.808406561613082886e-01,7.494327425956726074e-02,3.442935645580291748e-01
-4.280810058116912842e-02
1.459796577692031860e-01,-3.631895780563354492e-01,-1.216740719974040985e-02,1.582059413194656372e-01,1.694951802492141724e-01,1.410738378763198853e-01,2.236983776092529297e-01,1.410738378763198853e-01,1.694951802492141724e-01,1.582059413194656372e-01,-1.216740719974040985e-02,-3.631895780563354492e-01,1.459796577692031860e-01
3.385053575038909912e-01,1.160476803779602051e-01,-2.053745985031127930e-01,-2.205798625946044922e-01,-1.024866383522748947e-02,6.986611336469650269e-02,1.574595421552658081e-01,6.986611336469650269e-02,-1.024866383522748947e-02,-2.205798625946044922e-01,-2.053745985031127930e-01,1.160476803779602051e-01,3.385053575038909912e-01
-4.401113837957382202e-02
2.025145888328552246e-01,-3.445262312889099121e-01,-3.070436604321002960e-02,1.472311913967132568e-01,2.061569988727569580e-01,1.289361417293548584e-01,1.921155452728271484e-01,1.289361417293548584e-01,2.061569988727569580e-01,1.472311913967132568e-01,-3.070436604321002960e-02,-3.445262312889099121e-01,2.025145888328552246e-01
3.257402181625366211e-01,9.915699809789657593e-02,-2.476765662431716919e-01,-1.957282572984695435e-01,2.923999913036823273e-02,5.610523745417594910e-02,1.076050773262977600e-01,5.610523745417594910e-02,2.923999913036823273e-02,-1.957282572984695435e-01,-2.476765662431716919e-01,9.915699809789657593e-02,3.257402181625366211e-01
-4.522523283958435059e-02
2.417390793561935425e-01,-3.225180804729461670e-01,-3.820378333330154419e-02,1.359357088804244995e-01,2.211482673883438110e-01,1.287774145603179932e-01,1.846118718385696411e-01,1.287774145603179932e-01,2.211482673883438110e-01,1.359357088804244995e-01,-3.820378333330154419e-02,-3.225180804729461670e-01,2.417390793561935425e-01
3.000017106533050537e-01,1.387135684490203857e-01,-2.577344477176666260e-01,-1.982012838125228882e-01,1.556388847529888153e-02,6.420615315437316895e-02,1.009971126914024353e-01,6.420615315437316895e-02,1.556388847529888153e-02,-1.982012838125228882e-01,-2.577344477176666260e-01,1.387135684490203857e-01,3.000017106533050537e-01
-4.645029082894325256e-02
2.248333245515823364e-01,-3.159762322902679443e-01,-4.139431193470954895e-02,1.184718534350395203e-01,2.135448902845382690e-01,1.511148959398269653e-01,2.177067846059799194e-01,1.511148959398269653e-01,2.135448902845382690e-01,1.184718534350395203e-01,-4.139431193470954895e-02,-3.159762322902679443e-01,2.248333245515823364e-01
2.601558864116668701e-01,2.055604010820388794e-01,-2.455156296491622925e-01,-2.072818279266357422e-01,-1.541011128574609756e-02,9.279018640518188477e-02,1.250263899564743042e-01,9.279018640518188477e-02,-1.541011128574609756e-02,-2.072818279266357422e-01,-2.455156296491622925e-01,2.055604010820388794e-01,2.601558864116668701e-01
-4.768621549010276794e-02
2.447586953639984131e-01,-3.147729933261871338e-01,-6.636761873960494995e-02,1.108708605170249939e-01,2.157159000635147095e-01,1.590109914541244507e-01,2.224537283182144165e-01,1.590109914541244507e-01,2.157159000635147095e-01,1.108708605170249939e-01,-6.636761873960494995e-02,-3.147729933261871338e-01,2.447586953639984131e-01
2.335254102945327759e-01,2.424059361219406128e-01,-2.483734041452407837e-01,-1.933467835187911987e-01,-1.887914724647998810e-02,9.453261643648147583e-02,1.103336513042449951e-01,9.453261643648147583e-02,-1.887914724647998810e-02,-1.933467835187911987e-01,-2.483734041452407837e-01,2.424059361219406128e-01,2.335254102945327759e-01
-4.893290624022483826e-02
2.962523400783538818e-01,-2.603610157966613770e-01,-6.279444694519042969e-02,1.270748823881149292e-01,2.323345094919204712e-01,1.500420421361923218e-01,1.893310546875000000e-01,1.500420421361923218e-01,2.323345094919204712e-01,1.270748823881149292e-01,-6.279444694519042969e-02,-2.603610157966613770e-01,2.962523400783538818e-01
2.002203911542892456e-01,2.375744283199310303e-01,-2.799489796161651611e-01,-1.924755573272705078e-01,-2.970437705516815186e-02,8.370189368724822998e-02,8.617833256721496582e-02,8.370189368724822998e-02,-2.970437705516815186e-02,-1.924755573272705078e-01,-2.799489796161651611e-01,2.375744283199310303e-01,2.002203911542892456e-01
-5.019027367234230042e-02
2.304519563913345337e-01,-2.943263947963714600e-01,-1.123533099889755249e-01,9.945398569107055664e-02,2.143772393465042114e-01,1.930003315210342407e-01,2.437674105167388916e-01,1.930003315210342407e-01,2.143772393465042114e-01,9.945398569107055664e-02,-1.123533099889755249e-01,-2.943263947963714600e-01,2.304519563913345337e-01
1.652772575616836548e-01,3.055391013622283936e-01,-2.352131605148315430e-01,-1.599660962820053101e-01,-1.624226942658424377e-02,1.193126216530799866e-01,1.071833446621894836e-01,1.193126216530799866e-01,-1.624226942658424377e-02,-1.599660962820053101e-01,-2.352131605148315430e-01,3.055391013622283936e-01,1.652772575616836548e-01
-5.145822837948799133e-02
2.958340048789978027e-01,-2.190179675817489624e-01,-1.050835922360420227e-01,1.207010373473167419e-01,2.180382013320922852e-01,1.720256358385086060e-01,1.941441297531127930e-01,1.720256358385086060e-01,2.180382013320922852e-01,1.207010373473167419e-01,-1.050835922360420227e-01,-2.190179675817489624e-01,2.958340048789978027e-01
1.468711495399475098e-01,3.077746331691741943e-01,-2.756991982460021973e-01,-1.925935298204421997e-01,-6.033717095851898193e-02,9.406997263431549072e-02,8.594084531068801880e-02,9.406997263431549072e-02,-6.033717095851898193e-02,-1.925935298204421997e-01,-2.756991982460021973e-01,3.077746331691741943e-01,1.468711495399475098e-01
-5.273668467998504639e-02
2.546823918819427490e-01,-2.093882858753204346e-01,-1.217828392982482910e-01,1.280259341001510620e-01,2.100753635168075562e-01,2.118157744407653809e-01,2.400659620761871338e-01,2.118157744407653809e-01,2.100753635168075562e-01,1.280259341001510620e-01,-1.217828392982482910e-01,-2.093882858753204346e-01,2.546823918819427490e-01
8.138803392648696899e-02,3.383632004261016846e-01,-2.528758049011230469e-01,-1.668732464313507080e-01,-2.752881497144699097e-02,1.037039756774902344e-01,7.570891827344894409e-02,1.037039756774902344e-01,-2.752881497144699097e-02,-1.668732464313507080e-01,-2.528758049011230469e-01,3.383632004261016846e-01,8.138803392648696899e-02
-5.402555316686630249e-02
2.694098651409149170e-01,-1.817320734262466431e-01,-1.488460600376129150e-01,1.396118104457855225e-01,2.116843461990356445e-01,2.036854028701782227e-01,2.040618211030960083e-01,2.036854028701782227e-01,2.116843461990356445e-01,1.396118104457855225e-01,-1.488460600376129150e-01,-1.817320734262466431e-01,2.694098651409149170e-01
8.779756724834442139e-02,3.451521694660186768e-01,-2.742487192153930664e-01,-1.902910172939300537e-01,-6.296630203723907471e-02,8.335559815168380737e-02,6.365614384412765503e-02,8.335559815168380737e-02,-6.296630203723907471e-02,-1.902910172939300537e-01,-2.742487192153930664e-01,3.451521694660186768e-01,8.779756724834442139e-02
-5.532475188374519348e-02
2.234202027320861816e-01,-1.893387436866760254e-01,-1.942850202322006226e-01,1.354561150074005127e-01,2.087671607732772827e-01,2.287650555372238159e-01,2.213511615991592407e-01,2.287650555372238159e-01,2.087671607732772827e-01,1.354561150074005127e-01,-1.942850202322006226e-01,-1.893387436866760254e-01,2.234202027320861816e-01
5.113685503602027893e-02,3.801232576370239258e-01,-2.436327487230300903e-01,-1.777424216270446777e-01,-4.286969080567359924e-02,9.131441265344619751e-02,6.104310974478721619e-02,9.131441265344619751e-02,-4.286969080567359924e-02,-1.777424216270446777e-01,-2.436327487230300903e-01,3.801232576370239258e-01,5.113685503602027893e-02
-5.663419887423515320e-02
2.109451144933700562e-01,-1.442233324050903320e-01,-1.992409974336624146e-01,1.483030915260314941e-01,2.028309106826782227e-01,2.398760467767715454e-01,2.202740758657455444e-01,2.398760467767715454e-01,2.028309106826782227e-01,1.483030915260314941e-01,-1.992409974336624146e-01,-1.442233324050903320e-01,2.109451144933700562e-01
2.259534969925880432e-02,3.861516118049621582e-01,-2.486225813627243042e-01,-1.966095715761184692e-01,-5.248345807194709778e-02,8.562216907739639282e-02,5.993638932704925537e-02,8.562216907739639282e-02,-5.248345807194709778e-02,-1.966095715761184692e-01,-2.486225813627243042e-01,3.861516118049621582e-01,2.259534969925880432e-02
-5.795381590723991394e-02
1.945572048425674438e-01,-1.311976015567779541e-01,-2.399470806121826172e-01,1.384961009025573730e-01,1.947276443243026733e-01,2.525836825370788574e-01,2.231708914041519165e-01,2.525836825370788574e-01,1.947276443243026733e-01,1.384961009025573730e-01,-2.399470806121826172e-01,-1.311976015567779541e-01,1.945572048425674438e-01
3.103149589151144028e-03,4.013517796993255615e-01,-2.286658436059951782e-01,-1.960630565881729126e-01,-3.289458528161048889e-02,1.035025045275688171e-01,7.226888090372085571e-02,1.035025045275688171e-01,-3.289458528161048889e-02,-1.960630565881729126e-01,-2.286658436059951782e-01,4.013517796993255615e-01,3.103149589151144028e-03
-5.928352475166320801e-02
1.746326684951782227e-01,-1.036337763071060181e-01,-2.610274851322174072e-01,1.539340019226074219e-01,2.098342031240463257e-01,2.628833353519439697e-01,2.111670821905136108e-01,2.628833353519439697e-01,2.098342031240463257e-01,1.539340019226074219e-01,-2.610274851322174072e-01,-1.036337763071060181e-01,1.746326684951782227e-01
-3.212982788681983948e-02,3.944862186908721924e-01,-2.144666761159896851e-01,-1.955146044492721558e-01,-2.796076610684394836e-02,8.794867247343063354e-02,6.089168787002563477e-02,8.794867247343063354e-02,-2.796076610684394836e-02,-1.955146044492721558e-01,-2.144666761159896851e-01,3.944862186908721924e-01,-3.212982788681983948e-02
-6.062324717640876770e-02
1.441570371389389038e-01,-6.862472742795944214e-02,-2.647745907306671143e-01,1.576760858297348022e-01,1.934897601604461670e-01,2.767998278141021729e-01,2.251921445131301880e-01,2.767998278141021729e-01,1.934897601604461670e-01,1.576760858297348022e-01,-2.647745907306671143e-01,-6.862472742795944214e-02,1.441570371389389038e-01
-5.357483029365539551e-02,4.072741270065307617e-01,-1.997780054807662964e-01,-2.136995643377304077e-01,-1.553566846996545792e-02,8.813028037548065186e-02,6.330946832895278931e-02,8.813028037548065186e-02,-1.553566846996545792e-02,-2.136995643377304077e-01,-1.997780054807662964e-01,4.072741270065307617e-01,-5.357483029365539551e-02
-6.197291612625122070e-02
1.385125964879989624e-01,-4.247476533055305481e-02,-2.968823015689849854e-01,1.614541113376617432e-01,2.143404036760330200e-01,2.803462147712707520e-01,2.040710002183914185e-01,2.803462147712707520e-01,2.143404036760330200e-01,1.614541113376617432e-01,-2.968823015689849854e-01,-4.247476533055305481e-02,1.385125964879989624e-01
-7.015642523765563965e-02,3.853825032711029053e-01,-1.791598200798034668e-01,-2.082819640636444092e-01,-1.436732430011034012e-02,6.825559586286544800e-02,5.929197371006011963e-02,6.825559586286544800e-02,-1.436732430011034012e-02,-2.082819640636444092e-01,-1.791598200798034668e-01,3.853825032711029053e-01,-7.015642523765563965e-02
-6.333244591951370239e-02
1.112727671861648560e-01,-5.074815358966588974e-03,-2.973714172840118408e-01,1.659728437662124634e-01,2.044198364019393921e-01,2.879704535007476807e-01,2.087532430887222290e-01,2.879704535007476807e-01,2.044198364019393921e-01,1.659728437662124634e-01,-2.973714172840118408e-01,-5.074815358966588974e-03,1.112727671861648560e-01
-9.879912436008453369e-02,3.822081387042999268e-01,-1.714853495359420776e-01,-2.369546294212341309e-01,-9.695462882518768311e-03,7.456533610820770264e-02,6.941190361976623535e-02,7.456533610820770264e-02,-9.695462882518768311e-03,-2.369546294212341309e-01,-1.714853495359420776e-01,3.822081387042999268e-01,-9.879912436008453369e-02
-6.470178067684173584e-02
9.559347480535507202e-02,2.350613288581371307e-02,-3.189705610275268555e-01,1.482947468757629395e-01,2.059001028537750244e-01,2.904855906963348389e-01,2.067203521728515625e-01,2.904855906963348389e-01,2.059001028537750244e-01,1.482947468757629395e-01,-3.189705610275268555e-01,2.350613288581371307e-02,9.559347480535507202e-02
-1.185032501816749573e-01,3.729087710380554199e-01,-1.454033255577087402e-01,-2.472538053989410400e-01,-5.102716968394815922e-04,8.126969635486602783e-02,8.458843827247619629e-02,8.126969635486602783e-02,-5.102716968394815922e-04,-2.472538053989410400e-01,-1.454033255577087402e-01,3.729087710380554199e-01,-1.185032501816749573e-01
-6.608083844184875488e-02
6.947694718837738037e-02,4.451996460556983948e-02,-3.261844515800476074e-01,1.523351222276687622e-01,1.985127925872802734e-01,2.942190468311309814e-01,2.058893293142318726e-01,2.942190468311309814e-01,1.985127925872802734e-01,1.523351222276687622e-01,-3.261844515800476074e-01,4.451996460556983948e-02,6.947694718837738037e-02
-1.180247515439987183e-01,3.698237240314483643e-01,-1.262304186820983887e-01,-2.597280442714691162e-01,1.033600978553295135e-02,6.602555513381958008e-02,7.866753637790679932e-02,6.602555513381958008e-02,1.033600978553295135e-02,-2.597280442714691162e-01,-1.262304186820983887e-01,3.698237240314483643e-01,-1.180247515439987183e-01
-6.746955960988998413e-02
4.394834116101264954e-02,5.691456422209739685e-02,-3.431297540664672852e-01,1.315174102783203125e-01,1.979970932006835938e-01,2.974404692649841309e-01,2.142625004053115845e-01,2.974404692649841309e-01,1.979970932006835938e-01,1.315174102783203125e-01,-3.431297540664672852e-01,5.691456422209739685e-02,4.394834116101264954e-02
-1.331152468919754028e-01,3.712226152420043945e-01,-9.323165565729141235e-02,-2.604739665985107422e-01,3.005814552307128906e-02,7.454551756381988525e-02,8.329461514949798584e-02,7.454551756381988525e-02,3.005814552307128906e-02,-2.604739665985107422e-01,-9.323165565729141235e-02,3.712226152420043945e-01,-1.331152468919754028e-01
-6.886786967515945435e-02
2.888875268399715424e-02,1.003815308213233948e-01,-3.345543742179870605e-01,1.494513154029846191e-01,2.239309549331665039e-01,3.008141219615936279e-01,2.025208175182342529e-01,3.008141219615936279e-01,2.239309549331665039e-01,1.494513154029846191e-01,-3.345543742179870605e-01,1.003815308213233948e-01,2.888875268399715424e-02
-1.594228595495223999e-01,3.248640596866607666e-01,-8.077518641948699951e-02,-2.815434336662292480e-01,2.656974457204341888e-02,5.663663893938064575e-02,9.254528582096099854e-02,5.663663893938064575e-02,2.656974457204341888e-02,-2.815434336662292480e-01,-8.077518641948699951e-02,3.248640596866607666e-01,-1.594228595495223999e-01
-7.027571648359298706e-02
5.976191256195306778e-03,1.229969114065170288e-01,-3.405085504055023193e-01,1.393232643604278564e-01,2.333140522241592407e-01,3.045420050621032715e-01,2.045868635177612305e-01,3.045420050621032715e-01,2.333140522241592407e-01,1.393232643604278564e-01,-3.405085504055023193e-01,1.229969114065170288e-01,5.976191256195306778e-03
-1.799401789903640747e-01,3.102144002914428711e-01,-5.069465935230255127e-02,-2.854939103126525879e-01,3.462754189968109131e-02,5.467042699456214905e-02,9.597243368625640869e-02,5.467042699456214905e-02,3.462754189968109131e-02,-2.854939103126525879e-01,-5.069465935230255127e-02,3.102144002914428711e-01,-1.799401789903640747e-01
-7.169301807880401611e-02
-8.751555345952510834e-03,1.434535831212997437e-01,-3.412750661373138428e-01,1.294629424810409546e-01,2.384884804487228394e-01,3.003682792186737061e-01,2.028273195028305054e-01,3.003682792186737061e-01,2.384884804487228394e-01,1.294629424810409546e-01,-3.412750661373138428e-01,1.434535831212997437e-01,-8.751555345952510834e-03
-1.845576763153076172e-01,2.857066690921783447e-01,-3.290732577443122864e-02,-3.004581630229949951e-01,3.894903138279914856e-02,5.204344168305397034e-02,1.050828173756599426e-01,5.204344168305397034e-02,3.894903138279914856e-02,-3.004581630229949951e-01,-3.290732577443122864e-02,2.857066690921783447e-01,-1.845576763153076172e-01
-7.311972230672836304e-02
-2.184083685278892517e-03,1.515770852565765381e-01,-3.377950787544250488e-01,1.055234670639038086e-01,2.106306552886962891e-01,2.995165586471557617e-01,2.279088348150253296e-01,2.995165586471557617e-01,2.106306552886962891e-01,1.055234670639038086e-01,-3.377950787544250488e-01,1.515770852565765381e-01,-2.184083685278892517e-03
-1.203930601477622986e-01,3.024980425834655762e-01,-2.830534242093563080e-02,-3.298924565315246582e-01,3.432546183466911316e-02,4.173643141984939575e-02,1.024242192506790161e-01,4.173643141984939575e-02,3.432546183466911316e-02,-3.298924565315246582e-01,-2.830534242093563080e-02,3.024980425834655762e-01,-1.203930601477622986e-01
-7.455576956272125244e-02
-3.857474401593208313e-02,1.688358187675476074e-01,-3.436619341373443604e-01,9.742456674575805664e-02,2.412908375263214111e-01,2.978145182132720947e-01,2.159914672374725342e-01,2.978145182132720947e-01,2.412908375263214111e-01,9.742456674575805664e-02,-3.436619341373443604e-01,1.688358187675476074e-01,-3.857474401593208313e-02
-1.659107804298400879e-01,2.624679207801818848e-01,1.485470402985811234e-02,-3.163349628448486328e-01,5.072078481316566467e-02,4.191107302904129028e-02,1.090567484498023987e-01,4.191107302904129028e-02,5.072078481316566467e-02,-3.163349628448486328e-01,1.485470402985811234e-02,2.624679207801818848e-01,-1.659107804298400879e-01
-7.600108534097671509e-02
-6.498186290264129639e-02,1.928109377622604370e-01,-3.301939964294433594e-01,9.943356364965438843e-02,2.694669067859649658e-01,2.941103279590606689e-01,2.064174860715866089e-01,2.941103279590606689e-01,2.694669067859649658e-01,9.943356364965438843e-02,-3.301939964294433594e-01,1.928109377622604370e-01,-6.498186290264129639e-02
-2.077330052852630615e-01,2.128455638885498047e-01,4.085320606827735901e-02,-3.178684711456298828e-01,5.313589051365852356e-02,3.792730346322059631e-02,1.171000525355339050e-01,3.792730346322059631e-02,5.313589051365852356e-02,-3.178684711456298828e-01,4.085320606827735901e-02,2.128455638885498047e-01,-2.077330052852630615e-01
-7.745563238859176636e-02
-7.825557887554168701e-02,2.065715789794921875e-01,-3.183448612689971924e-01,8.870335668325424194e-02,2.759029269218444824e-01,2.898209989070892334e-01,2.110733240842819214e-01,2.898209989070892334e-01,2.759029269218444824e-01,8.870335668325424194e-02,-3.183448612689971924e-01,2.065715789794921875e-01,-7.825557887554168701e-02
-2.079341113567352295e-01,1.925052255392074585e-01,5.910000205039978027e-02,-3.260653614997863770e-01,5.761388689279556274e-02,3.596102073788642883e-02,1.194459572434425354e-01,3.596102073788642883e-02,5.761388689279556274e-02,-3.260653614997863770e-01,5.910000205039978027e-02,1.925052255392074585e-01,-2.079341113567352295e-01
-7.891933619976043701e-02
-6.244527921080589294e-02,2.043037861585617065e-01,-3.308089971542358398e-01,5.208861827850341797e-02,2.629194557666778564e-01,2.844952046871185303e-01,2.245679795742034912e-01,2.844952046871185303e-01,2.629194557666778564e-01,5.208861827850341797e-02,-3.308089971542358398e-01,2.043037861585617065e-01,-6.244527921080589294e-02
-1.545986682176589966e-01,2.137138992547988892e-01,7.770139724016189575e-02,-3.457837402820587158e-01,4.981978982686996460e-02,3.171726316213607788e-02,1.197096556425094604e-01,3.171726316213607788e-02,4.981978982686996460e-02,-3.457837402820587158e-01,7.770139724016189575e-02,2.137138992547988892e-01,-1.545986682176589966e-01
-8.039214462041854858e-02
-4.593760520219802856e-02,1.983093470335006714e-01,-3.341886699199676514e-01,2.104649879038333893e-02,2.480230927467346191e-01,2.795826494693756104e-01,2.426190227270126343e-01,2.795826494693756104e-01,2.480230927467346191e-01,2.104649879038333893e-02,-3.341886699199676514e-01,1.983093470335006714e-01,-4.593760520219802856e-02
-9.807755798101425171e-02,2.295648157596588135e-01,8.920854330062866211e-02,-3.638513386249542236e-01,4.198306426405906677e-02,2.180379815399646759e-02,1.123802810907363892e-01,2.180379815399646759e-02,4.198306426405906677e-02,-3.638513386249542236e-01,8.920854330062866211e-02,2.295648157596588135e-01,-9.807755798101425171e-02
-8.187400549650192261e-02
-9.890243411064147949e-02,2.215038239955902100e-01,-3.122242689132690430e-01,1.716482266783714294e-02,2.814851701259613037e-01,2.763164341449737549e-01,2.318717390298843384e-01,2.763164341449737549e-01,2.814851701259613037e-01,1.716482266783714294e-02,-3.122242689132690430e-01,2.215038239955902100e-01,-9.890243411064147949e-02
-1.617035567760467529e-01,1.615972667932510376e-01,1.208706647157669067e-01,-3.462230265140533447e-01,5.129399895668029785e-02,3.061784617602825165e-02,1.244153529405593872e-01,3.061784617602825165e-02,5.129399895668029785e-02,-3.462230265140533447e-01,1.208706647157669067e-01,1.615972667932510376e-01,-1.617035567760467529e-01
-8.336485922336578369e-02
-8.621277660131454468e-02,2.243145704269409180e-01,-3.042896687984466553e-01,8.072375203482806683e-04,2.852584719657897949e-01,2.718310058116912842e-01,2.413416951894760132e-01,2.718310058116912842e-01,2.852584719657897949e-01,8.072375203482806683e-04,-3.042896687984466553e-01,2.243145704269409180e-01,-8.621277660131454468e-02
-1.426784992218017578e-01,1.562276035547256470e-01,1.294370591640472412e-01,-3.602847754955291748e-01,4.540023952722549438e-02,2.926011383533477783e-02,1.240900158882141113e-01,2.926011383533477783e-02,4.540023952722549438e-02,-3.602847754955291748e-01,1.294370591640472412e-01,1.562276035547256470e-01,-1.426784992218017578e-01
-8.486464619636535645e-02
-9.085927158594131470e-02,2.276328802108764648e-01,-2.943507432937622070e-01,-1.564902998507022858e-02,2.948628664016723633e-01,2.678290903568267822e-01,2.464460879564285278e-01,2.678290903568267822e-01,2.948628664016723633e-01,-1.564902998507022858e-02,-2.943507432937622070e-01,2.276328802108764648e-01,-9.085927158594131470e-02
-1.383035928010940552e-01,1.386304348707199097e-01,1.457120776176452637e-01,-3.630684614181518555e-01,4.000008478760719299e-02,2.678686007857322693e-02,1.233694776892662048e-01,2.678686007857322693e-02,4.000008478760719299e-02,-3.630684614181518555e-01,1.457120776176452637e-01,1.386304348707199097e-01,-1.383035928010940552e-01
-8.637332916259765625e-02
-1.172318756580352783e-01,2.436628043651580811e-01,-2.644062340259552002e-01,-2.117468602955341339e-02,3.123818933963775635e-01,2.626545131206512451e-01,2.454407811164855957e-01,2.626545131206512451e-01,3.123818933963775635e-01,-2.117468602955341339e-02,-2.644062340259552002e-01,2.436628043651580811e-01,-1.172318756580352783e-01
-1.621218472719192505e-01,9.068349748849868774e-02,1.556909084320068359e-01,-3.611412346363067627e-01,3.704001381993293762e-02,3.091307729482650757e-02,1.281463950872421265e-01,3.091307729482650757e-02,3.704001381993293762e-02,-3.611412346363067627e-01,1.556909084320068359e-01,9.068349748849868774e-02,-1.621218472719192505e-01
-8.789084106683731079e-02
-2.003137916326522827e-01,2.359122931957244873e-01,-1.626414358615875244e-01,4.289620742201805115e-02,3.358880579471588135e-01,2.258847206830978394e-01,2.091322690248489380e-01,2.258847206830978394e-01,3.358880579471588135e-01,4.289620742201805115e-02,-1.626414358615875244e-01,2.359122931957244873e-01,-2.003137916326522827e-01
-2.125198990106582642e-01,-6.181886792182922363e-02,1.400974243879318237e-01,-3.187490999698638916e-01,1.157963946461677551e-01,4.931099340319633484e-02,1.043811812996864319e-01,4.931099340319633484e-02,1.157963946461677551e-01,-3.187490999698638916e-01,1.400974243879318237e-01,-6.181886792182922363e-02,-2.125198990106582642e-01
-8.941713720560073853e-02
-1.338264942169189453e-01,2.461008131504058838e-01,-2.330909669399261475e-01,-4.876288026571273804e-02,3.330091834068298340e-01,2.534252703189849854e-01,2.523931264877319336e-01,2.534252703189849854e-01,3.330091834068298340e-01,-4.876288026571273804e-02,-2.330909669399261475e-01,2.461008131504058838e-01,-1.338264942169189453e-01
-1.626558601856231689e-01,4.577956348657608032e-02,1.802465915679931641e-01,-3.582053184509277344e-01,2.673423849046230316e-02,3.603020310401916504e-02,1.293908506631851196e-01,3.603020310401916504e-02,2.673423849046230316e-02,-3.582053184509277344e-01,1.802465915679931641e-01,4.577956348657608032e-02,-1.626558601856231689e-01
-9.095217287540435791e-02
-9.156186878681182861e-02,2.304071038961410522e-01,-2.522830069065093994e-01,-9.066413342952728271e-02,3.204752504825592041e-01,2.518954277038574219e-01,2.699888050556182861e-01,2.518954277038574219e-01,3.204752504825592041e-01,-9.066413342952728271e-02,-2.522830069065093994e-01,2.304071038961410522e-01,-9.156186878681182861e-02
-1.013130247592926025e-01,8.918610960245132446e-02,1.963126659393310547e-01,-3.691638708114624023e-01,1.256416738033294678e-02,3.282525762915611267e-02,1.199539601802825928e-01,3.282525762915611267e-02,1.256416738033294678e-02,-3.691638708114624023e-01,1.963126659393310547e-01,8.918610960245132446e-02,-1.013130247592926025e-01
-9.249588847160339355e-02
-8.046828210353851318e-02,2.177847772836685181e-01,-2.517874240875244141e-01,-1.096989735960960388e-01,3.278443217277526855e-01,2.479493468999862671e-01,2.741156518459320068e-01,2.479493468999862671e-01,3.278443217277526855e-01,-1.096989735960960388e-01,-2.517874240875244141e-01,2.177847772836685181e-01,-8.046828210353851318e-02
-8.327250182628631592e-02,9.342359751462936401e-02,2.157275080680847168e-01,-3.647124171257019043e-01,1.974724465981125832e-03,2.956387028098106384e-02,1.148762032389640808e-01,2.956387028098106384e-02,1.974724465981125832e-03,-3.647124171257019043e-01,2.157275080680847168e-01,9.342359751462936401e-02,-8.327250182628631592e-02
-9.404823929071426392e-02
-7.905517518520355225e-02,2.092312276363372803e-01,-2.417747527360916138e-01,-1.235921829938888550e-01,3.358602523803710938e-01,2.448686659336090088e-01,2.788320183753967285e-01,2.448686659336090088e-01,3.358602523803710938e-01,-1.235921829938888550e-01,-2.417747527360916138e-01,2.092312276363372803e-01,-7.905517518520355225e-02
-7.541760057210922241e-02,8.730065822601318359e-02,2.256762832403182983e-01,-3.611293435096740723e-01,-3.770581446588039398e-03,3.471446782350540161e-02,1.125947386026382446e-01,3.471446782350540161e-02,-3.770581446588039398e-03,-3.611293435096740723e-01,2.256762832403182983e-01,8.730065822601318359e-02,-7.541760057210922241e-02
-9.560918062925338745e-02
-1.056002527475357056e-01,2.235487252473831177e-01,-2.124047875404357910e-01,-1.385357230901718140e-01,3.446582257747650146e-01,2.417093366384506226e-01,2.784234881401062012e-01,2.417093366384506226e-01,3.446582257747650146e-01,-1.385357230901718140e-01,-2.124047875404357910e-01,2.235487252473831177e-01,-1.056002527475357056e-01
-9.912060201168060303e-02,4.013285785913467407e-02,2.293854802846908569e-01,-3.550971746444702148e-01,-1.595305465161800385e-02,4.227460175752639771e-02,1.169035285711288452e-01,4.227460175752639771e-02,-1.595305465161800385e-02,-3.550971746444702148e-01,2.293854802846908569e-01,4.013285785913467407e-02,-9.912060201168060303e-02
-9.717866033315658569e-02
-9.798862040042877197e-02,2.202946394681930542e-01,-1.988120675086975098e-01,-1.538750529289245605e-01,3.473873734474182129e-01,2.396104782819747925e-01,2.845586538314819336e-01,2.396104782819747925e-01,3.473873734474182129e-01,-1.538750529289245605e-01,-1.988120675086975098e-01,2.202946394681930542e-01,-9.798862040042877197e-02
-8.880813419818878174e-02,3.363120555877685547e-02,2.330222725868225098e-01,-3.530024588108062744e-01,-2.451622299849987030e-02,4.532509669661521912e-02,1.112189739942550659e-01,4.532509669661521912e-02,-2.451622299849987030e-02,-3.530024588108062744e-01,2.330222725868225098e-01,3.363120555877685547e-02,-8.880813419818878174e-02
-9.875663369894027710e-02
-5.489986389875411987e-02,2.114346474409103394e-01,-2.010530680418014526e-01,-1.833316981792449951e-01,3.347067236900329590e-01,2.368541359901428223e-01,2.974005341529846191e-01,2.368541359901428223e-01,3.347067236900329590e-01,-1.833316981792449951e-01,-2.010530680418014526e-01,2.114346474409103394e-01,-5.489986389875411987e-02
-3.875980526208877563e-02,6.452870368957519531e-02,2.318356335163116455e-01,-3.613824248313903809e-01,-3.429151698946952820e-02,4.858209192752838135e-02,9.937610477209091187e-02,4.858209192752838135e-02,-3.429151698946952820e-02,-3.613824248313903809e-01,2.318356335163116455e-01,6.452870368957519531e-02,-3.875980526208877563e-02
-1.003430560231208801e-01
-1.982097178697586060e-01,1.995178163051605225e-01,-9.727093577384948730e-02,-1.074807718396186829e-01,4.013013839721679688e-01,2.208843082189559937e-01,2.627289593219757080e-01,2.208843082189559937e-01,4.013013839721679688e-01,-1.074807718396186829e-01,-9.727093577384948730e-02,1.995178163051605225e-01,-1.982097178697586060e-01
-1.553734987974166870e-01,-9.107869863510131836e-02,2.179427593946456909e-01,-3.083019256591796875e-01,1.591971493326127529e-03,6.767529249191284180e-02,1.007645279169082642e-01,6.767529249191284180e-02,1.591971493326127529e-03,-3.083019256591796875e-01,2.179427593946456909e-01,-9.107869863510131836e-02,-1.553734987974166870e-01
-1.019378826022148132e-01
-5.906508117914199829e-02,1.902106106281280518e-01,-1.841364800930023193e-01,-2.120319902896881104e-01,3.471712768077850342e-01,2.295130491256713867e-01,2.940736413002014160e-01,2.295130491256713867e-01,3.471712768077850342e-01,-2.120319902896881104e-01,-1.841364800930023193e-01,1.902106106281280518e-01,-5.906508117914199829e-02
-3.971685096621513367e-02,4.669567942619323730e-02,2.598825395107269287e-01,-3.369120657444000244e-01,-5.726550891995429993e-02,5.587725713849067688e-02,9.796472638845443726e-02,5.587725713849067688e-02,-5.726550891995429993e-02,-3.369120657444000244e-01,2.598825395107269287e-01,4.669567942619323730e-02,-3.971685096621513367e-02
-1.035410687327384949e-01
-6.333930790424346924e-02,1.863077133893966675e-01,-1.686289906501770020e-01,-2.155265808105468750e-01,3.615563213825225830e-01,2.339937835931777954e-01,2.982383966445922852e-01,2.339937835931777954e-01,3.615563213825225830e-01,-2.155265808105468750e-01,-1.686289906501770020e-01,1.863077133893966675e-01,-6.333930790424346924e-02
-4.538198560476303101e-02,3.384323790669441223e-02,2.627125680446624756e-01,-3.271295726299285889e-01,-6.514266878366470337e-02,5.846896767616271973e-02,9.132490307092666626e-02,5.846896767616271973e-02,-6.514266878366470337e-02,-3.271295726299285889e-01,2.627125680446624756e-01,3.384323790669441223e-02,-4.538198560476303101e-02
-1.051525771617889404e-01
-4.316709563136100769e-02,1.938919723033905029e-01,-1.519293487071990967e-01,-2.376571446657180786e-01,3.498380482196807861e-01,2.307867556810379028e-01,3.031029403209686279e-01,2.307867556810379028e-01,3.498380482196807861e-01,-2.376571446657180786e-01,-1.519293487071990967e-01,1.938919723033905029e-01,-4.316709563136100769e-02
-2.296958863735198975e-02,3.280297666788101196e-02,2.510929405689239502e-01,-3.332506716251373291e-01,-7.940001040697097778e-02,6.331732124090194702e-02,8.178650587797164917e-02,6.331732124090194702e-02,-7.940001040697097778e-02,-3.332506716251373291e-01,2.510929405689239502e-01,3.280297666788101196e-02,-2.296958863735198975e-02
-1.067723557353019714e-01
-2.436453104019165039e-02,1.638377159833908081e-01,-1.633145213127136230e-01,-2.543754875659942627e-01,3.505753576755523682e-01,2.269387245178222656e-01,3.018938601016998291e-01,2.269387245178222656e-01,3.505753576755523682e-01,-2.543754875659942627e-01,-1.633145213127136230e-01,1.638377159833908081e-01,-2.436453104019165039e-02
-2.137637464329600334e-03,5.656285583972930908e-02,2.683823704719543457e-01,-3.173715174198150635e-01,-8.442185074090957642e-02,7.081754505634307861e-02,8.127097040414810181e-02,7.081754505634307861e-02,-8.442185074090957642e-02,-3.173715174198150635e-01,2.683823704719543457e-01,5.656285583972930908e-02,-2.137637464329600334e-03
-1.084003672003746033e-01
-2.694172412157058716e-02,1.707642376422882080e-01,-1.352962255477905273e-01,-2.580507099628448486e-01,3.531941473484039307e-01,2.337127029895782471e-01,3.117616176605224609e-01,2.337127029895782471e-01,3.531941473484039307e-01,-2.580507099628448486e-01,-1.352962255477905273e-01,1.707642376422882080e-01,-2.694172412157058716e-02
-1.170088164508342743e-02,2.997502312064170837e-02,2.495175898075103760e-01,-3.184561133384704590e-01,-9.594143182039260864e-02,7.728049904108047485e-02,7.317858189344406128e-02,7.728049904108047485e-02,-9.594143182039260864e-02,-3.184561133384704590e-01,2.495175898075103760e-01,2.997502312064170837e-02,-1.170088164508342743e-02
-1.100365743041038513e-01
-2.021940238773822784e-02,1.687497496604919434e-01,-1.269260793924331665e-01,-2.731038331985473633e-01,3.531735837459564209e-01,2.299744635820388794e-01,3.053981363773345947e-01,2.299744635820388794e-01,3.531735837459564209e-01,-2.731038331985473633e-01,-1.269260793924331665e-01,1.687497496604919434e-01,-2.021940238773822784e-02
-3.956734668463468552e-03,3.176254779100418091e-02,2.597554326057434082e-01,-3.071070909500122070e-01,-1.110098883509635925e-01,7.795128226280212402e-02,6.868837028741836548e-02,7.795128226280212402e-02,-1.110098883509635925e-01,-3.071070909500122070e-01,2.597554326057434082e-01,3.176254779100418091e-02,-3.956734668463468552e-03
-1.116809248924255371e-01
-4.079256206750869751e-02,1.706064194440841675e-01,-1.004785150289535522e-01,-2.736541032791137695e-01,3.614076673984527588e-01,2.341941297054290771e-01,3.051110804080963135e-01,2.341941297054290771e-01,3.614076673984527588e-01,-2.736541032791137695e-01,-1.004785150289535522e-01,1.706064194440841675e-01,-4.079256206750869751e-02
-2.785375900566577911e-02,-1.277174917049705982e-03,2.564300596714019775e-01,-2.952899932861328125e-01,-1.262678802013397217e-01,7.822323590517044067e-02,6.494062393903732300e-02,7.822323590517044067e-02,-1.262678802013397217e-01,-2.952899932861328125e-01,2.564300596714019775e-01,-1.277174917049705982e-03,-2.785375900566577911e-02
-1.133333891630172729e-01
-6.795390695333480835e-02,1.680871993303298950e-01,-7.965136319398880005e-02,-2.779049873352050781e-01,3.684720098972320557e-01,2.381596863269805908e-01,3.028096854686737061e-01,2.381596863269805908e-01,3.684720098972320557e-01,-2.779049873352050781e-01,-7.965136319398880005e-02,1.680871993303298950e-01,-6.795390695333480835e-02
-4.693653434514999390e-02,-3.149109333753585815e-02,2.560759186744689941e-01,-2.806704938411712646e-01,-1.416553258895874023e-01,8.403313905000686646e-02,6.853777915239334106e-02,8.403313905000686646e-02,-1.416553258895874023e-01,-2.806704938411712646e-01,2.560759186744689941e-01,-3.149109333753585815e-02,-4.693653434514999390e-02
-1.149939149618148804e-01
-2.644997462630271912e-02,1.597421616315841675e-01,-8.417570590972900391e-02,-2.955682873725891113e-01,3.589892089366912842e-01,2.378895580768585205e-01,3.055795729160308838e-01,2.378895580768585205e-01,3.589892089366912842e-01,-2.955682873725891113e-01,-8.417570590972900391e-02,1.597421616315841675e-01,-2.644997462630271912e-02
-1.526467595249414444e-02,-1.343372714472934604e-04,2.530736327171325684e-01,-2.795051336288452148e-01,-1.486953496932983398e-01,8.690337091684341431e-02,5.439682304859161377e-02,8.690337091684341431e-02,-1.486953496932983398e-01,-2.795051336288452148e-01,2.530736327171325684e-01,-1.343372714472934604e-04,-1.526467595249414444e-02
-1.166624799370765686e-01
6.850276142358779907e-03,1.351054608821868896e-01,-9.467374533414840698e-02,-3.055700063705444336e-01,3.562842607498168945e-01,2.405728250741958618e-01,3.101488351821899414e-01,2.405728250741958618e-01,3.562842607498168945e-01,-3.055700063705444336e-01,-9.467374533414840698e-02,1.351054608821868896e-01,6.850276142358779907e-03
1.080588530749082565e-02,3.110275603830814362e-02,2.523182034492492676e-01,-2.721461951732635498e-01,-1.506229043006896973e-01,9.699898213148117065e-02,4.963954910635948181e-02,9.699898213148117065e-02,-1.506229043006896973e-01,-2.721461951732635498e-01,2.523182034492492676e-01,3.110275603830814362e-02,1.080588530749082565e-02
-1.183390393853187561e-01
-2.110989391803741455e-02,1.235226243734359741e-01,-7.685132324695587158e-02,-3.001145124435424805e-01,3.667336106300354004e-01,2.458566576242446899e-01,3.067044317722320557e-01,2.458566576242446899e-01,3.667336106300354004e-01,-3.001145124435424805e-01,-7.685132324695587158e-02,1.235226243734359741e-01,-2.110989391803741455e-02
-1.997126080095767975e-02,5.883214063942432404e-03,2.589736282825469971e-01,-2.498999089002609253e-01,-1.593693345785140991e-01,1.044446825981140137e-01,5.139825865626335144e-02,1.044446825981140137e-01,-1.593693345785140991e-01,-2.498999089002609253e-01,2.589736282825469971e-01,5.883214063942432404e-03,-1.997126080095767975e-02
-1.200235486030578613e-01
2.842455543577671051e-02,1.327464729547500610e-01,-7.539561390876770020e-02,-3.269479572772979736e-01,3.443678617477416992e-01,2.377101033926010132e-01,3.000767529010772705e-01,2.377101033926010132e-01,3.443678617477416992e-01,-3.269479572772979736e-01,-7.539561390876770020e-02,1.327464729547500610e-01,2.842455543577671051e-02
1.779565401375293732e-02,3.008335269987583160e-02,2.500541508197784424e-01,-2.574282586574554443e-01,-1.802598834037780762e-01,1.006892323493957520e-01,4.067377373576164246e-02,1.006892323493957520e-01,-1.802598834037780762e-01,-2.574282586574554443e-01,2.500541508197784424e-01,3.008335269987583160e-02,1.779565401375293732e-02
-1.217159777879714966e-01
-3.195691481232643127e-02,1.047925129532814026e-01,-5.579018220305442810e-02,-3.018026649951934814e-01,3.740489482879638672e-01,2.541350424289703369e-01,3.019978106021881104e-01,2.541350424289703369e-01,3.740489482879638672e-01,-3.018026649951934814e-01,-5.579018220305442810e-02,1.047925129532814026e-01,-3.195691481232643127e-02
-3.745288774371147156e-02,-7.206749171018600464e-03,2.622084319591522217e-01,-2.188252061605453491e-01,-1.758672744035720825e-01,1.111542880535125732e-01,4.426857829093933105e-02,1.111542880535125732e-01,-1.758672744035720825e-01,-2.188252061605453491e-01,2.622084319591522217e-01,-7.206749171018600464e-03,-3.745288774371147156e-02
-1.234162896871566772e-01
2.564387209713459015e-02,1.133187860250473022e-01,-5.988642200827598572e-02,-3.315145969390869141e-01,3.477155864238739014e-01,2.494923323392868042e-01,3.004414439201354980e-01,2.494923323392868042e-01,3.477155864238739014e-01,-3.315145969390869141e-01,-5.988642200827598572e-02,1.133187860250473022e-01,2.564387209713459015e-02
5.327231250703334808e-03,2.115017548203468323e-02,2.451710850000381470e-01,-2.339809834957122803e-01,-1.993978172540664673e-01,1.091940999031066895e-01,3.390922024846076965e-02,1.091940999031066895e-01,-1.993978172540664673e-01,-2.339809834957122803e-01,2.451710850000381470e-01,2.115017548203468323e-02,5.327231250703334808e-03
-1.251244395971298218e-01
2.485917322337627411e-02,1.036263406276702881e-01,-5.624845996499061584e-02,-3.357905149459838867e-01,3.484493494033813477e-01,2.532754242420196533e-01,2.966446578502655029e-01,2.532754242420196533e-01,3.484493494033813477e-01,-3.357905149459838867e-01,-5.624845996499061584e-02,1.036263406276702881e-01,2.485917322337627411e-02
2.637855242937803268e-03,2.844330482184886932e-02,2.544502615928649902e-01,-2.136749029159545898e-01,-2.046496719121932983e-01,1.102825179696083069e-01,2.726479433476924896e-02,1.102825179696083069e-01,-2.046496719121932983e-01,-2.136749029159545898e-01,2.544502615928649902e-01,2.844330482184886932e-02,2.637855242937803268e-03
-1.268403977155685425e-01
-1.932003162801265717e-02,1.211532279849052429e-01,-1.847230270504951477e-02,-3.316142559051513672e-01,3.526156544685363770e-01,2.630607187747955322e-01,2.931825518608093262e-01,2.630607187747955322e-01,3.526156544685363770e-01,-3.316142559051513672e-01,-1.847230270504951477e-02,1.211532279849052429e-01,-1.932003162801265717e-02
-3.058211132884025574e-02,-2.881347015500068665e-02,2.350602895021438599e-01,-2.103648632764816284e-01,-2.328248918056488037e-01,1.074238121509552002e-01,3.375174105167388916e-02,1.074238121509552002e-01,-2.328248918056488037e-01,-2.103648632764816284e-01,2.350602895021438599e-01,-2.881347015500068665e-02,-3.058211132884025574e-02
-1.285641342401504517e-01
1.043656840920448303e-02,8.515366166830062866e-02,-3.890751302242279053e-02,-3.332525491714477539e-01,3.526504933834075928e-01,2.663713991641998291e-01,2.936979234218597412e-01,2.663713991641998291e-01,3.526504933834075928e-01,-3.332525491714477539e-01,-3.890751302242279053e-02,8.515366166830062866e-02,1.043656840920448303e-02
-1.689196377992630005e-02,1.727074943482875824e-02,2.521368861198425293e-01,-1.835256367921829224e-01,-2.175353765487670898e-01,1.209745928645133972e-01,2.374387532472610474e-02,1.209745928645133972e-01,-2.175353765487670898e-01,-1.835256367921829224e-01,2.521368861198425293e-01,1.727074943482875824e-02,-1.689196377992630005e-02
-1.302956044673919678e-01
-2.855017036199569702e-02,7.987428456544876099e-02,-9.902589023113250732e-03,-3.167223334312438965e-01,3.597802221775054932e-01,2.732771039009094238e-01,2.893790900707244873e-01,2.732771039009094238e-01,3.597802221775054932e-01,-3.167223334312438965e-01,-9.902589023113250732e-03,7.987428456544876099e-02,-2.855017036199569702e-02
-5.050621554255485535e-02,-2.375739812850952148e-02,2.382514327764511108e-01,-1.682840138673782349e-01,-2.242624759674072266e-01,1.300900131464004517e-01,2.849901653826236725e-02,1.300900131464004517e-01,-2.242624759674072266e-01,-1.682840138673782349e-01,2.382514327764511108e-01,-2.375739812850952148e-02,-5.050621554255485535e-02
-1.320347785949707031e-01
1.103624608367681503e-02,1.031731218099594116e-01,-8.743869140744209290e-03,-3.466416299343109131e-01,3.369749486446380615e-01,2.739345133304595947e-01,2.849192023277282715e-01,2.739345133304595947e-01,3.369749486446380615e-01,-3.466416299343109131e-01,-8.743869140744209290e-03,1.031731218099594116e-01,1.103624608367681503e-02
-2.127449959516525269e-02,-9.672095067799091339e-03,2.258048057556152344e-01,-1.851263940334320068e-01,-2.632494270801544189e-01,1.146197915077209473e-01,2.341748960316181183e-02,1.146197915077209473e-01,-2.632494270801544189e-01,-1.851263940334320068e-01,2.258048057556152344e-01,-9.672095067799091339e-03,-2.127449959516525269e-02
-1.337816268205642700e-01
3.798519074916839600e-02,7.453300803899765015e-02,-2.591625042259693146e-02,-3.499157726764678955e-01,3.318425118923187256e-01,2.759352922439575195e-01,2.833429276943206787e-01,2.759352922439575195e-01,3.318425118923187256e-01,-3.499157726764678955e-01,-2.591625042259693146e-02,7.453300803899765015e-02,3.798519074916839600e-02
-9.488778188824653625e-03,2.348176576197147369e-02,2.295854985713958740e-01,-1.681149303913116455e-01,-2.550961077213287354e-01,1.287169903516769409e-01,1.806587353348731995e-02,1.287169903516769409e-01,-2.550961077213287354e-01,-1.681149303913116455e-01,2.295854985713958740e-01,2.348176576197147369e-02,-9.488778188824653625e-03
-1.355361044406890869e-01
4.850201308727264404e-02,8.706368505954742432e-02,-1.261136960238218307e-02,-3.554987311363220215e-01,3.235231637954711914e-01,2.792749404907226562e-01,2.778441011905670166e-01,2.792749404907226562e-01,3.235231637954711914e-01,-3.554987311363220215e-01,-1.261136960238218307e-02,8.706368505954742432e-02,4.850201308727264404e-02
-4.309203475713729858e-03,2.323941700160503387e-02,2.232132107019424438e-01,-1.625057756900787354e-01,-2.686424851417541504e-01,1.233991757035255432e-01,9.310577996075153351e-03,1.233991757035255432e-01,-2.686424851417541504e-01,-1.625057756900787354e-01,2.232132107019424438e-01,2.323941700160503387e-02,-4.309203475713729858e-03
-1.372981965541839600e-01
6.201276183128356934e-02,8.572757989168167114e-02,-6.447266787290573120e-03,-3.571298420429229736e-01,3.156856894493103027e-01,2.832506895065307617e-01,2.755430936813354492e-01,2.832506895065307617e-01,3.156856894493103027e-01,-3.571298420429229736e-01,-6.447266787290573120e-03,8.572757989168167114e-02,6.201276183128356934e-02
-3.597792470827698708e-03,2.486214786767959595e-02,2.123645693063735962e-01,-1.615861803293228149e-01,-2.823933660984039307e-01,1.213791146874427795e-01,5.592839792370796204e-03,1.213791146874427795e-01,-2.823933660984039307e-01,-1.615861803293228149e-01,2.123645693063735962e-01,2.486214786767959595e-02,-3.597792470827698708e-03
-1.390678435564041138e-01
2.917005494236946106e-02,6.135918572545051575e-02,-6.497006397694349289e-03,-3.490684032440185547e-01,3.237186372280120850e-01,2.956248521804809570e-01,2.752231061458587646e-01,2.956248521804809570e-01,3.237186372280120850e-01,-3.490684032440185547e-01,-6.497006397694349289e-03,6.135918572545051575e-02,2.917005494236946106e-02
-2.607092633843421936e-02,1.751677505671977997e-02,2.217464596033096313e-01,-1.314887404441833496e-01,-2.776452302932739258e-01,1.339253187179565430e-01,1.173624210059642792e-02,1.339253187179565430e-01,-2.776452302932739258e-01,-1.314887404441833496e-01,2.217464596033096313e-01,1.751677505671977997e-02,-2.607092633843421936e-02
-1.408450454473495483e-01
6.327047199010848999e-02,7.185299694538116455e-02,-5.103467497974634171e-03,-3.592213094234466553e-01,3.101999461650848389e-01,2.976154088973999023e-01,2.707310020923614502e-01,2.976154088973999023e-01,3.101999461650848389e-01,-3.592213094234466553e-01,-5.103467497974634171e-03,7.185299694538116455e-02,6.327047199010848999e-02
-7.562722545117139816e-03,3.383359313011169434e-02,2.054583281278610229e-01,-1.390178054571151733e-01,-2.918978333473205566e-01,1.305430978536605835e-01,3.173474222421646118e-03,1.305430978536605835e-01,-2.918978333473205566e-01,-1.390178054571151733e-01,2.054583281278610229e-01,3.383359313011169434e-02,-7.562722545117139816e-03
-1.426297426223754883e-01
6.875249743461608887e-02,6.581085175275802612e-02,-2.093772171065211296e-03,-3.586478829383850098e-01,3.039401173591613770e-01,3.021418750286102295e-01,2.669699490070343018e-01,3.021418750286102295e-01,3.039401173591613770e-01,-3.586478829383850098e-01,-2.093772171065211296e-03,6.581085175275802612e-02,6.875249743461608887e-02
-9.408934041857719421e-03,3.436758369207382202e-02,1.988995522260665894e-01,-1.314044445753097534e-01,-3.002813756465911865e-01,1.315793693065643311e-01,2.676696516573429108e-03,1.315793693065643311e-01,-3.002813756465911865e-01,-1.314044445753097534e-01,1.988995522260665894e-01,3.436758369207382202e-02,-9.408934041857719421e-03
-1.444219201803207397e-01
8.312239311635494232e-03,6.625787168741226196e-02,3.046405315399169922e-02,-3.410256206989288330e-01,3.083674013614654541e-01,3.172101378440856934e-01,2.690473496913909912e-01,3.172101378440856934e-01,3.083674013614654541e-01,-3.410256206989288330e-01,3.046405315399169922e-02,6.625787168741226196e-02,8.312239311635494232e-03
-4.403808712959289551e-02,-1.304887700825929642e-02,1.870265454053878784e-01,-1.088510081171989441e-01,-3.035881817340850830e-01,1.246151402592658997e-01,-2.665207488462328911e-03,1.246151402592658997e-01,-3.035881817340850830e-01,-1.088510081171989441e-01,1.870265454053878784e-01,-1.304887700825929642e-02,-4.403808712959289551e-02
-1.462215334177017212e-01
2.648225799202919006e-02,5.360410362482070923e-02,1.455153990536928177e-02,-3.491496741771697998e-01,3.030605018138885498e-01,3.190647959709167480e-01,2.605168819427490234e-01,3.190647959709167480e-01,3.030605018138885498e-01,-3.491496741771697998e-01,1.455153990536928177e-02,5.360410362482070923e-02,2.648225799202919006e-02
-4.023173823952674866e-02,1.430295407772064209e-02,1.999597996473312378e-01,-9.588403254747390747e-02,-3.096359074115753174e-01,1.327202767133712769e-01,2.670577727258205414e-03,1.327202767133712769e-01,-3.096359074115753174e-01,-9.588403254747390747e-02,1.999597996473312378e-01,1.430295407772064209e-02,-4.023173823952674866e-02
-1.480285674333572388e-01
6.542810052633285522e-02,4.855581745505332947e-02,1.512374030426144600e-03,-3.557962179183959961e-01,2.931312918663024902e-01,3.240666389465332031e-01,2.594622373580932617e-01,3.240666389465332031e-01,2.931312918663024902e-01,-3.557962179183959961e-01,1.512374030426144600e-03,4.855581745505332947e-02,6.542810052633285522e-02
-2.094659581780433655e-02,4.194015264511108398e-02,1.868570446968078613e-01,-1.005956307053565979e-01,-3.135026097297668457e-01,1.394733041524887085e-01,1.640435424633324146e-03,1.394733041524887085e-01,-3.135026097297668457e-01,-1.005956307053565979e-01,1.868570446968078613e-01,4.194015264511108398e-02,-2.094659581780433655e-02
-1.498429775238037109e-01
-4.786429344676434994e-04,5.844273045659065247e-02,4.705857858061790466e-02,-3.338002562522888184e-01,2.955223023891448975e-01,3.321453332901000977e-01,2.520526349544525146e-01,3.321453332901000977e-01,2.955223023891448975e-01,-3.338002562522888184e-01,4.705857858061790466e-02,5.844273045659065247e-02,-4.786429344676434994e-04
-6.543269753456115723e-02,-2.124141529202461243e-02,1.818476170301437378e-01,-8.814295381307601929e-02,-3.445999622344970703e-01,1.206577569246292114e-01,1.449554041028022766e-02,1.206577569246292114e-01,-3.445999622344970703e-01,-8.814295381307601929e-02,1.818476170301437378e-01,-2.124141529202461243e-02,-6.543269753456115723e-02
-1.516647487878799438e-01
6.268944591283798218e-02,5.412546917796134949e-02,2.113063633441925049e-02,-3.482248485088348389e-01,2.813498377799987793e-01,3.358743190765380859e-01,2.524588406085968018e-01,3.358743190765380859e-01,2.813498377799987793e-01,-3.482248485088348389e-01,2.113063633441925049e-02,5.412546917796134949e-02,6.268944591283798218e-02
-3.028999641537666321e-02,2.842422388494014740e-02,1.683432757854461670e-01,-9.086729586124420166e-02,-3.342308104038238525e-01,1.313727796077728271e-01,-4.838784807361662388e-04,1.313727796077728271e-01,-3.342308104038238525e-01,-9.086729586124420166e-02,1.683432757854461670e-01,2.842422388494014740e-02,-3.028999641537666321e-02
-1.534938365221023560e-01
7.459867745637893677e-02,4.458688199520111084e-02,1.855226047337055206e-02,-3.452454507350921631e-01,2.729801237583160400e-01,3.365475535392761230e-01,2.458419650793075562e-01,3.365475535392761230e-01,2.729801237583160400e-01,-3.452454507350921631e-01,1.855226047337055206e-02,4.458688199520111084e-02,7.459867745637893677e-02
-3.413659706711769104e-02,4.211615398526191711e-02,1.758936494588851929e-01,-7.988228648900985718e-02,-3.430507779121398926e-01,1.257823705673217773e-01,-4.948280751705169678e-03,1.257823705673217773e-01,-3.430507779121398926e-01,-7.988228648900985718e-02,1.758936494588851929e-01,4.211615398526191711e-02,-3.413659706711769104e-02
-1.553302258253097534e-01
6.471294909715652466e-02,5.206549540162086487e-02,2.865068428218364716e-02,-3.458682000637054443e-01,2.660502493381500244e-01,3.425551056861877441e-01,2.412547320127487183e-01,3.425551056861877441e-01,2.660502493381500244e-01,-3.458682000637054443e-01,2.865068428218364716e-02,5.206549540162086487e-02,6.471294909715652466e-02
-3.705761954188346863e-02,3.685932233929634094e-02,1.737271249294281006e-01,-6.702841073274612427e-02,-3.483637273311614990e-01,1.195080205798149109e-01,-1.015332993119955063e-02,1.195080205798149109e-01,-3.483637273311614990e-01,-6.702841073274612427e-02,1.737271249294281006e-01,3.685932233929634094e-02,-3.705761954188346863e-02
-1.571738719940185547e-01
1.153164263814687729e-02,3.181447461247444153e-02,3.712191432714462280e-02,-3.320713937282562256e-01,2.701688706874847412e-01,3.552416563034057617e-01,2.418019175529479980e-01,3.552416563034057617e-01,2.701688706874847412e-01,-3.320713937282562256e-01,3.712191432714462280e-02,3.181447461247444153e-02,1.153164263814687729e-02
-6.690414994955062866e-02,1.071139425039291382e-02,1.725355684757232666e-01,-3.865439817309379578e-02,-3.373365104198455811e-01,1.393788754940032959e-01,4.159729462116956711e-03,1.393788754940032959e-01,-3.373365104198455811e-01,-3.865439817309379578e-02,1.725355684757232666e-01,1.071139425039291382e-02,-6.690414994955062866e-02
-1.590247601270675659e-01
6.726308912038803101e-02,4.224509000778198242e-02,3.199966251850128174e-02,-3.322747349739074707e-01,2.584576010704040527e-01,3.586507737636566162e-01,2.400783598423004150e-01,3.586507737636566162e-01,2.584576010704040527e-01,-3.322747349739074707e-01,3.199966251850128174e-02,4.224509000778198242e-02,6.726308912038803101e-02
-5.090798065066337585e-02,3.451739996671676636e-02,1.492464840412139893e-01,-6.376045942306518555e-02,-3.582617938518524170e-01,1.267208009958267212e-01,-7.046245504170656204e-03,1.267208009958267212e-01,-3.582617938518524170e-01,-6.376045942306518555e-02,1.492464840412139893e-01,3.451739996671676636e-02,-5.090798065066337585e-02
-1.608828604221343994e-01
5.382398888468742371e-02,4.311988502740859985e-02,3.866492956876754761e-02,-3.317860960960388184e-01,2.496492266654968262e-01,3.618918061256408691e-01,2.318645119667053223e-01,3.618918061256408691e-01,2.496492266654968262e-01,-3.317860960960388184e-01,3.866492956876754761e-02,4.311988502740859985e-02,5.382398888468742371e-02
-5.920404940843582153e-02,3.194338083267211914e-02,1.587778329849243164e-01,-4.878291487693786621e-02,-3.702800273895263672e-01,1.180104613304138184e-01,-3.667616285383701324e-03,1.180104613304138184e-01,-3.702800273895263672e-01,-4.878291487693786621e-02,1.587778329849243164e-01,3.194338083267211914e-02,-5.920404940843582153e-02
-1.627481281757354736e-01
8.683418482542037964e-02,3.912930935621261597e-02,2.115658111870288849e-02,-3.387152254581451416e-01,2.385920286178588867e-01,3.653479814529418945e-01,2.265865504741668701e-01,3.653479814529418945e-01,2.385920286178588867e-01,-3.387152254581451416e-01,2.115658111870288849e-02,3.912930935621261597e-02,8.683418482542037964e-02
-4.332784563302993774e-02,5.839308723807334900e-02,1.482557654380798340e-01,-4.998339340090751648e-02,-3.672489523887634277e-01,1.262165009975433350e-01,-4.651623778045177460e-03,1.262165009975433350e-01,-3.672489523887634277e-01,-4.998339340090751648e-02,1.482557654380798340e-01,5.839308723807334900e-02,-4.332784563302993774e-02
-1.646205633878707886e-01
1.991419680416584015e-02,3.274025022983551025e-02,4.535787925124168396e-02,-3.200211822986602783e-01,2.429330945014953613e-01,3.824182450771331787e-01,2.298574894666671753e-01,3.824182450771331787e-01,2.429330945014953613e-01,-3.200211822986602783e-01,4.535787925124168396e-02,3.274025022983551025e-02,1.991419680416584015e-02
-7.608942687511444092e-02,1.260652858763933182e-02,1.375917792320251465e-01,-2.657188661396503448e-02,-3.602461218833923340e-01,1.348556727170944214e-01,7.525109220296144485e-03,1.348556727170944214e-01,-3.602461218833923340e-01,-2.657188661396503448e-02,1.375917792320251465e-01,1.260652858763933182e-02,-7.608942687511444092e-02
-1.665001064538955688e-01
1.028113365173339844e-01,3.996333479881286621e-02,2.113281562924385071e-02,-3.323067426681518555e-01,2.244879603385925293e-01,3.763344585895538330e-01,2.192298769950866699e-01,3.763344585895538330e-01,2.244879603385925293e-01,-3.323067426681518555e-01,2.113281562924385071e-02,3.996333479881286621e-02,1.028113365173339844e-01
-4.553246870636940002e-02,7.348051667213439941e-02,1.449368596076965332e-01,-3.993314132094383240e-02,-3.751377165317535400e-01,1.158534288406372070e-01,-1.004550606012344360e-02,1.158534288406372070e-01,-3.751377165317535400e-01,-3.993314132094383240e-02,1.449368596076965332e-01,7.348051667213439941e-02,-4.553246870636940002e-02
-1.683867722749710083e-01
-9.110017679631710052e-03,3.000208735466003418e-02,6.867980211973190308e-02,-2.975979745388031006e-01,2.386348098516464233e-01,3.965116441249847412e-01,2.239724397659301758e-01,3.965116441249847412e-01,2.386348098516464233e-01,-2.975979745388031006e-01,6.867980211973190308e-02,3.000208735466003418e-02,-9.110017679631710052e-03
-9.760638326406478882e-02,-1.518438383936882019e-02,1.223300099372863770e-01,-1.368345040827989578e-02,-3.722943365573883057e-01,1.177935674786567688e-01,1.255912054330110550e-02,1.177935674786567688e-01,-3.722943365573883057e-01,-1.368345040827989578e-02,1.223300099372863770e-01,-1.518438383936882019e-02,-9.760638326406478882e-02
-1.702805012464523315e-01
2.966555207967758179e-02,2.432255633175373077e-02,3.474197536706924438e-02,-3.251755535602569580e-01,2.192706614732742310e-01,3.936079144477844238e-01,2.155150622129440308e-01,3.936079144477844238e-01,2.192706614732742310e-01,-3.251755535602569580e-01,3.474197536706924438e-02,2.432255633175373077e-02,2.966555207967758179e-02
-7.089231908321380615e-02,3.716730326414108276e-02,1.438177227973937988e-01,1.990361139178276062e-03,-3.674995303153991699e-01,1.265708059072494507e-01,1.294155232608318329e-02,1.265708059072494507e-01,-3.674995303153991699e-01,1.990361139178276062e-03,1.438177227973937988e-01,3.716730326414108276e-02,-7.089231908321380615e-02
-1.721812635660171509e-01
7.791548222303390503e-02,3.322022035717964172e-02,3.274452313780784607e-02,-3.228013813495635986e-01,2.071065902709960938e-01,3.915859460830688477e-01,2.115782648324966431e-01,3.915859460830688477e-01,2.071065902709960938e-01,-3.228013813495635986e-01,3.274452313780784607e-02,3.322022035717964172e-02,7.791548222303390503e-02
-6.055184081196784973e-02,6.220680847764015198e-02,1.384843736886978149e-01,-1.136220525950193405e-02,-3.871285021305084229e-01,1.064756736159324646e-01,9.786633308976888657e-04,1.064756736159324646e-01,-3.871285021305084229e-01,-1.136220525950193405e-02,1.384843736886978149e-01,6.220680847764015198e-02,-6.055184081196784973e-02
-1.740890592336654663e-01
4.709674045443534851e-02,2.720390073955059052e-02,4.187189415097236633e-02,-3.109551668167114258e-01,2.075838148593902588e-01,4.034523069858551025e-01,2.152246683835983276e-01,4.034523069858551025e-01,2.075838148593902588e-01,-3.109551668167114258e-01,4.187189415097236633e-02,2.720390073955059052e-02,4.709674045443534851e-02
-7.877250015735626221e-02,3.988292813301086426e-02,1.215060204267501831e-01,-2.220123307779431343e-03,-3.847675025463104248e-01,1.148660480976104736e-01,6.964066065847873688e-03,1.148660480976104736e-01,-3.847675025463104248e-01,-2.220123307779431343e-03,1.215060204267501831e-01,3.988292813301086426e-02,-7.877250015735626221e-02
-1.760038435459136963e-01
3.076869994401931763e-02,2.659019455313682556e-02,5.499529838562011719e-02,-2.940303981304168701e-01,2.055774033069610596e-01,4.107235372066497803e-01,2.131622880697250366e-01,4.107235372066497803e-01,2.055774033069610596e-01,-2.940303981304168701e-01,5.499529838562011719e-02,2.659019455313682556e-02,3.076869994401931763e-02
-9.418160468339920044e-02,2.398604340851306915e-02,1.080825179815292358e-01,-1.667857635766267776e-03,-3.935292363166809082e-01,1.123227849602699280e-01,1.479385886341333389e-02,1.123227849602699280e-01,-3.935292363166809082e-01,-1.667857635766267776e-03,1.080825179815292358e-01,2.398604340851306915e-02,-9.418160468339920044e-02
-1.779256016016006470e-01
6.800448894500732422e-02,2.866968885064125061e-02,3.424958512187004089e-02,-3.049268126487731934e-01,1.890687197446823120e-01,4.103638827800750732e-01,2.050799578428268433e-01,4.103638827800750732e-01,1.890687197446823120e-01,-3.049268126487731934e-01,3.424958512187004089e-02,2.866968885064125061e-02,6.800448894500732422e-02
-7.837866246700286865e-02,6.387054175138473511e-02,1.201561763882637024e-01,1.588158658705651760e-03,-3.967758119106292725e-01,1.049237027764320374e-01,3.480000188574194908e-03,1.049237027764320374e-01,-3.967758119106292725e-01,1.588158658705651760e-03,1.201561763882637024e-01,6.387054175138473511e-02,-7.837866246700286865e-02
-1.798543035984039307e-01
1.430732943117618561e-02,1.585489697754383087e-02,4.882124066352844238e-02,-2.859546542167663574e-01,1.939248442649841309e-01,4.258370697498321533e-01,2.086327672004699707e-01,4.258370697498321533e-01,1.939248442649841309e-01,-2.859546542167663574e-01,4.882124066352844238e-02,1.585489697754383087e-02,1.430732943117618561e-02
-1.094123497605323792e-01,2.914922125637531281e-02,1.088520735502243042e-01,1.825063861906528473e-02,-3.874150216579437256e-01,1.171065717935562134e-01,1.474815420806407928e-02,1.171065717935562134e-01,-3.874150216579437256e-01,1.825063861906528473e-02,1.088520735502243042e-01,2.914922125637531281e-02,-1.094123497605323792e-01
-1.817899197340011597e-01
6.205093488097190857e-02,3.007999621331691742e-02,3.245122358202934265e-02,-3.007911443710327148e-01,1.785741895437240601e-01,4.246622323989868164e-01,1.989996880292892456e-01,4.246622323989868164e-01,1.785741895437240601e-01,-3.007911443710327148e-01,3.245122358202934265e-02,3.007999621331691742e-02,6.205093488097190857e-02
-8.379539847373962402e-02,6.251925975084304810e-02,1.107630580663681030e-01,6.423457060009241104e-03,-4.021613895893096924e-01,9.961228817701339722e-02,1.622022688388824463e-02,9.961228817701339722e-02,-4.021613895893096924e-01,6.423457060009241104e-03,1.107630580663681030e-01,6.251925975084304810e-02,-8.379539847373962402e-02
-1.837324351072311401e-01
4.391191527247428894e-02,3.170810267329216003e-02,4.120609164237976074e-02,-2.962308526039123535e-01,1.721447408199310303e-01,4.302968382835388184e-01,1.971597671508789062e-01,4.302968382835388184e-01,1.721447408199310303e-01,-2.962308526039123535e-01,4.120609164237976074e-02,3.170810267329216003e-02,4.391191527247428894e-02
-9.101207554340362549e-02,5.214907601475715637e-02,1.109901294112205505e-01,1.623062975704669952e-02,-4.061491787433624268e-01,9.256340563297271729e-02,2.080705389380455017e-02,9.256340563297271729e-02,-4.061491787433624268e-01,1.623062975704669952e-02,1.109901294112205505e-01,5.214907601475715637e-02,-9.101207554340362549e-02
-1.856818199157714844e-01
6.809025257825851440e-02,2.500729821622371674e-02,2.918055281043052673e-02,-2.944945096969604492e-01,1.625840067863464355e-01,4.310922324657440186e-01,1.956295967102050781e-01,4.310922324657440186e-01,1.625840067863464355e-01,-2.944945096969604492e-01,2.918055281043052673e-02,2.500729821622371674e-02,6.809025257825851440e-02
-8.776126801967620850e-02,7.425113022327423096e-02,1.099347546696662903e-01,1.940450631082057953e-02,-4.012940227985382080e-01,9.253790229558944702e-02,1.184278354048728943e-02,9.253790229558944702e-02,-4.012940227985382080e-01,1.940450631082057953e-02,1.099347546696662903e-01,7.425113022327423096e-02,-8.776126801967620850e-02
-1.876380443572998047e-01
7.232642173767089844e-02,2.564872615039348602e-02,2.744442224502563477e-02,-2.920119166374206543e-01,1.557897776365280151e-01,4.342462122440338135e-01,1.923864036798477173e-01,4.342462122440338135e-01,1.557897776365280151e-01,-2.920119166374206543e-01,2.744442224502563477e-02,2.564872615039348602e-02,7.232642173767089844e-02
-8.779984712600708008e-02,8.180347830057144165e-02,1.115233004093170166e-01,2.561097219586372375e-02,-4.031224846839904785e-01,8.713825047016143799e-02,1.224399730563163757e-02,8.713825047016143799e-02,-4.031224846839904785e-01,2.561097219586372375e-02,1.115233004093170166e-01,8.180347830057144165e-02,-8.779984712600708008e-02
-1.896010935306549072e-01
4.024980589747428894e-03,2.551199682056903839e-02,5.864438787102699280e-02,-2.712618708610534668e-01,1.646031886339187622e-01,4.527480006217956543e-01,1.999216675758361816e-01,4.527480006217956543e-01,1.646031886339187622e-01,-2.712618708610534668e-01,5.864438787102699280e-02,2.551199682056903839e-02,4.024980589747428894e-03
-1.186030581593513489e-01,1.443377044051885605e-02,7.397502660751342773e-02,3.317707404494285583e-02,-3.959813714027404785e-01,1.006362587213516235e-01,3.638826310634613037e-02,1.006362587213516235e-01,-3.959813714027404785e-01,3.317707404494285583e-02,7.397502660751342773e-02,1.443377044051885605e-02,-1.186030581593513489e-01
-1.915709525346755981e-01
5.375568941235542297e-02,2.889845333993434906e-02,3.246466815471649170e-02,-2.858207821846008301e-01,1.495103091001510620e-01,4.470513463020324707e-01,1.889770030975341797e-01,4.470513463020324707e-01,1.495103091001510620e-01,-2.858207821846008301e-01,3.246466815471649170e-02,2.889845333993434906e-02,5.375568941235542297e-02
-9.463163465261459351e-02,6.705176830291748047e-02,8.974195271730422974e-02,3.056274913251399994e-02,-4.058532714843750000e-01,8.766461163759231567e-02,2.892705798149108887e-02,8.766461163759231567e-02,-4.058532714843750000e-01,3.056274913251399994e-02,8.974195271730422974e-02,6.705176830291748047e-02,-9.463163465261459351e-02
-1.935475617647171021e-01
5.226139724254608154e-02,3.543851897120475769e-02,3.466240689158439636e-02,-2.801595628261566162e-01,1.400977671146392822e-01,4.526052474975585938e-01,1.867626905441284180e-01,4.526052474975585938e-01,1.400977671146392822e-01,-2.801595628261566162e-01,3.466240689158439636e-02,3.543851897120475769e-02,5.226139724254608154e-02
-9.607724845409393311e-02,7.171078026294708252e-02,9.245245903730392456e-02,3.984374552965164185e-02,-4.073755741119384766e-01,7.919313013553619385e-02,1.844233460724353790e-02,7.919313013553619385e-02,-4.073755741119384766e-01,3.984374552965164185e-02,9.245245903730392456e-02,7.171078026294708252e-02,-9.607724845409393311e-02
-1.955309510231018066e-01
-1.088638454675674438e-01,7.964204996824264526e-03,1.201122254133224487e-01,-2.087484598159790039e-01,1.570892781019210815e-01,4.642613530158996582e-01,1.833393275737762451e-01,4.642613530158996582e-01,1.570892781019210815e-01,-2.087484598159790039e-01,1.201122254133224487e-01,7.964204996824264526e-03,-1.088638454675674438e-01
-1.334925144910812378e-01,-7.621661573648452759e-02,2.543749473989009857e-02,6.692390143871307373e-02,-3.762225806713104248e-01,1.358957737684249878e-01,9.629295766353607178e-02,1.358957737684249878e-01,-3.762225806713104248e-01,6.692390143871307373e-02,2.543749473989009857e-02,-7.621661573648452759e-02,-1.334925144910812378e-01
-1.975210458040237427e-01
-3.638524096459150314e-03,3.041011840105056763e-02,4.817866533994674683e-02,-2.661016285419464111e-01,1.311213821172714233e-01,4.777801036834716797e-01,1.984032839536666870e-01,4.777801036834716797e-01,1.311213821172714233e-01,-2.661016285419464111e-01,4.817866533994674683e-02,3.041011840105056763e-02,-3.638524096459150314e-03
-1.211847439408302307e-01,2.142899297177791595e-02,6.478606164455413818e-02,5.039691179990768433e-02,-3.941363096237182617e-01,9.502159804105758667e-02,5.089395865797996521e-02,9.502159804105758667e-02,-3.941363096237182617e-01,5.039691179990768433e-02,6.478606164455413818e-02,2.142899297177791595e-02,-1.211847439408302307e-01
-1.995178610086441040e-01
5.196618288755416870e-02,4.233947023749351501e-02,2.844387851655483246e-02,-2.794239521026611328e-01,1.147075369954109192e-01,4.704365432262420654e-01,1.874527931213378906e-01,4.704365432262420654e-01,1.147075369954109192e-01,-2.794239521026611328e-01,2.844387851655483246e-02,4.233947023749351501e-02,5.196618288755416870e-02
-9.789875149726867676e-02,7.180896401405334473e-02,7.971139252185821533e-02,4.135261476039886475e-02,-4.098448455333709717e-01,7.003249973058700562e-02,3.655135631561279297e-02,7.003249973058700562e-02,-4.098448455333709717e-01,4.135261476039886475e-02,7.971139252185821533e-02,7.180896401405334473e-02,-9.789875149726867676e-02
-2.015213519334793091e-01
3.406447172164916992e-02,3.882325068116188049e-02,3.067937865853309631e-02,-2.700147926807403564e-01,1.106729581952095032e-01,4.782876074314117432e-01,1.875569522380828857e-01,4.782876074314117432e-01,1.106729581952095032e-01,-2.700147926807403564e-01,3.067937865853309631e-02,3.882325068116188049e-02,3.406447172164916992e-02
-1.077539399266242981e-01,6.279249489307403564e-02,7.327792048454284668e-02,4.661535471677780151e-02,-4.085871875286102295e-01,6.955341249704360962e-02,4.257052764296531677e-02,6.955341249704360962e-02,-4.085871875286102295e-01,4.661535471677780151e-02,7.327792048454284668e-02,6.279249489307403564e-02,-1.077539399266242981e-01
-2.035315036773681641e-01
2.742004208266735077e-02,4.321572557091712952e-02,3.572582080960273743e-02,-2.689788639545440674e-01,1.049638688564300537e-01,4.861980676651000977e-01,1.914804428815841675e-01,4.861980676651000977e-01,1.049638688564300537e-01,-2.689788639545440674e-01,3.572582080960273743e-02,4.321572557091712952e-02,2.742004208266735077e-02
-1.099141240119934082e-01,4.568399861454963684e-02,6.141981855034828186e-02,4.614178463816642761e-02,-4.064200818538665771e-01,6.595110893249511719e-02,5.490352585911750793e-02,6.595110893249511719e-02,-4.064200818538665771e-01,4.614178463816642761e-02,6.141981855034828186e-02,4.568399861454963684e-02,-1.099141240119934082e-01
-2.055483013391494751e-01
-5.060127004981040955e-02,2.722099050879478455e-02,7.753194868564605713e-02,-2.284846454858779907e-01,1.164492815732955933e-01,4.893816411495208740e-01,1.886513978242874146e-01,4.893816411495208740e-01,1.164492815732955933e-01,-2.284846454858779907e-01,7.753194868564605713e-02,2.722099050879478455e-02,-5.060127004981040955e-02
-1.406178772449493408e-01,-1.567855104804039001e-02,3.554599732160568237e-02,7.615671306848526001e-02,-3.831786513328552246e-01,9.527366608381271362e-02,6.795024126768112183e-02,9.527366608381271362e-02,-3.831786513328552246e-01,7.615671306848526001e-02,3.554599732160568237e-02,-1.567855104804039001e-02,-1.406178772449493408e-01
-2.075717151165008545e-01
-2.385003305971622467e-02,3.236999362707138062e-02,5.005870386958122253e-02,-2.457451820373535156e-01,1.004342287778854370e-01,4.940289258956909180e-01,1.874497830867767334e-01,4.940289258956909180e-01,1.004342287778854370e-01,-2.457451820373535156e-01,5.005870386958122253e-02,3.236999362707138062e-02,-2.385003305971622467e-02
-1.300034970045089722e-01,2.043466456234455109e-02,4.914516583085060120e-02,7.173332571983337402e-02,-3.956824839115142822e-01,7.882653176784515381e-02,6.258681416511535645e-02,7.882653176784515381e-02,-3.956824839115142822e-01,7.173332571983337402e-02,4.914516583085060120e-02,2.043466456234455109e-02,-1.300034970045089722e-01
-2.096017152070999146e-01
2.635107189416885376e-02,4.827482625842094421e-02,3.042197041213512421e-02,-2.622087895870208740e-01,8.572837710380554199e-02,4.956231415271759033e-01,1.863691359758377075e-01,4.956231415271759033e-01,8.572837710380554199e-02,-2.622087895870208740e-01,3.042197041213512421e-02,4.827482625842094421e-02,2.635107189416885376e-02
-1.095630079507827759e-01,5.808178707957267761e-02,6.241905316710472107e-02,5.878124758601188660e-02,-4.090729057788848877e-01,5.182721465826034546e-02,6.229251250624656677e-02,5.182721465826034546e-02,-4.090729057788848877e-01,5.878124758601188660e-02,6.241905316710472107e-02,5.808178707957267761e-02,-1.095630079507827759e-01
-2.116383016109466553e-01
-2.792830020189285278e-02,4.411498084664344788e-02,6.677601486444473267e-02,-2.320231348276138306e-01,9.847417473793029785e-02,5.066154599189758301e-01,1.934535950422286987e-01,5.066154599189758301e-01,9.847417473793029785e-02,-2.320231348276138306e-01,6.677601486444473267e-02,4.411498084664344788e-02,-2.792830020189285278e-02
-1.408470869064331055e-01,-1.048870384693145752e-02,1.754468493163585663e-02,6.655219197273254395e-02,-3.905800879001617432e-01,7.752601802349090576e-02,8.268689364194869995e-02,7.752601802349090576e-02,-3.905800879001617432e-01,6.655219197273254395e-02,1.754468493163585663e-02,-1.048870384693145752e-02,-1.408470869064331055e-01
-2.136814445257186890e-01
9.467702358961105347e-03,4.662801697850227356e-02,3.408445790410041809e-02,-2.514115273952484131e-01,8.136982470750808716e-02,5.021549463272094727e-01,1.835901588201522827e-01,5.021549463272094727e-01,8.136982470750808716e-02,-2.514115273952484131e-01,3.408445790410041809e-02,4.662801697850227356e-02,9.467702358961105347e-03
-1.188998520374298096e-01,5.065481737256050110e-02,4.831590875983238220e-02,6.935977190732955933e-02,-4.039424359798431396e-01,5.309665575623512268e-02,6.718594580888748169e-02,5.309665575623512268e-02,-4.039424359798431396e-01,6.935977190732955933e-02,4.831590875983238220e-02,5.065481737256050110e-02,-1.188998520374298096e-01
-2.157311141490936279e-01
-3.770456835627555847e-02,4.414357244968414307e-02,5.712241306900978088e-02,-2.284733951091766357e-01,8.281505107879638672e-02,5.147557258605957031e-01,1.902474164962768555e-01,5.147557258605957031e-01,8.281505107879638672e-02,-2.284733951091766357e-01,5.712241306900978088e-02,4.414357244968414307e-02,-3.770456835627555847e-02
-1.380286216735839844e-01,-6.805130280554294586e-03,1.842997595667839050e-02,7.754652202129364014e-02,-3.851669132709503174e-01,7.653675228357315063e-02,9.371641278266906738e-02,7.653675228357315063e-02,-3.851669132709503174e-01,7.754652202129364014e-02,1.842997595667839050e-02,-6.805130280554294586e-03,-1.380286216735839844e-01
-2.177872955799102783e-01
2.309829555451869965e-02,5.731573328375816345e-02,2.633772231638431549e-02,-2.545990347862243652e-01,6.764065474271774292e-02,5.139954686164855957e-01,1.899551898241043091e-01,5.139954686164855957e-01,6.764065474271774292e-02,-2.545990347862243652e-01,2.633772231638431549e-02,5.731573328375816345e-02,2.309829555451869965e-02
-1.173073723912239075e-01,4.872891679406166077e-02,4.010554030537605286e-02,6.730086356401443481e-02,-4.014665782451629639e-01,3.888754919171333313e-02,7.040292769670486450e-02,3.888754919171333313e-02,-4.014665782451629639e-01,6.730086356401443481e-02,4.010554030537605286e-02,4.872891679406166077e-02,-1.173073723912239075e-01
-2.198499590158462524e-01
-3.185128420591354370e-02,5.387371778488159180e-02,5.442472174763679504e-02,-2.259649336338043213e-01,7.416278123855590820e-02,5.233261585235595703e-01,1.916014999151229858e-01,5.233261585235595703e-01,7.416278123855590820e-02,-2.259649336338043213e-01,5.442472174763679504e-02,5.387371778488159180e-02,-3.185128420591354370e-02
-1.406363099813461304e-01,4.178704228252172470e-03,1.945303007960319519e-02,7.380922883749008179e-02,-3.999456167221069336e-01,5.718144029378890991e-02,1.052325218915939331e-01,5.718144029378890991e-02,-3.999456167221069336e-01,7.380922883749008179e-02,1.945303007960319519e-02,4.178704228252172470e-03,-1.406363099813461304e-01
-2.219191044569015503e-01
9.018127806484699249e-03,5.979254841804504395e-02,2.759385667741298676e-02,-2.442579120397567749e-01,5.789565294981002808e-02,5.239722132682800293e-01,1.927693188190460205e-01,5.239722132682800293e-01,5.789565294981002808e-02,-2.442579120397567749e-01,2.759385667741298676e-02,5.979254841804504395e-02,9.018127806484699249e-03
-1.228985488414764404e-01,4.254462942481040955e-02,3.150882944464683533e-02,7.058688998222351074e-02,-3.984582722187042236e-01,3.864986076951026917e-02,8.441704511642456055e-02,3.864986076951026917e-02,-3.984582722187042236e-01,7.058688998222351074e-02,3.150882944464683533e-02,4.254462942481040955e-02,-1.228985488414764404e-01
-2.239947021007537842e-01
-3.344136103987693787e-02,5.331609770655632019e-02,5.001116916537284851e-02,-2.222657650709152222e-01,6.170690059661865234e-02,5.281604528427124023e-01,1.927230060100555420e-01,5.281604528427124023e-01,6.170690059661865234e-02,-2.222657650709152222e-01,5.001116916537284851e-02,5.331609770655632019e-02,-3.344136103987693787e-02
-1.410226821899414062e-01,9.648892097175121307e-03,2.218208275735378265e-02,8.090714365243911743e-02,-3.995921611785888672e-01,4.434284195303916931e-02,1.134458035230636597e-01,4.434284195303916931e-02,-3.995921611785888672e-01,8.090714365243911743e-02,2.218208275735378265e-02,9.648892097175121307e-03,-1.410226821899414062e-01
-2.260767221450805664e-01
-1.438493281602859497e-02,5.916116759181022644e-02,2.883348800241947174e-02,-2.332316637039184570e-01,5.154588073492050171e-02,5.368828177452087402e-01,1.991959065198898315e-01,5.368828177452087402e-01,5.154588073492050171e-02,-2.332316637039184570e-01,2.883348800241947174e-02,5.916116759181022644e-02,-1.438493281602859497e-02
-1.312871873378753662e-01,2.467002533376216888e-02,1.416655536741018295e-02,8.857692033052444458e-02,-3.705849349498748779e-01,5.227833613753318787e-02,7.891073822975158691e-02,5.227833613753318787e-02,-3.705849349498748779e-01,8.857692033052444458e-02,1.416655536741018295e-02,2.467002533376216888e-02,-1.312871873378753662e-01
-2.281651645898818970e-01
-2.153398096561431885e-01,-4.998088255524635315e-02,1.852741092443466187e-01,2.547249011695384979e-02,2.087765634059906006e-01,3.992434442043304443e-01,1.320887170732021332e-02,3.992434442043304443e-01,2.087765634059906006e-01,2.547249011695384979e-02,1.852741092443466187e-01,-4.998088255524635315e-02,-2.153398096561431885e-01
-8.007790148258209229e-02,-1.307945698499679565e-01,-7.435429096221923828e-02,1.484984159469604492e-01,-2.644502520561218262e-01,1.880493462085723877e-01,2.285403758287429810e-01,1.880493462085723877e-01,-2.644502520561218262e-01,1.484984159469604492e-01,-7.435429096221923828e-02,-1.307945698499679565e-01,-8.007790148258209229e-02
-2.302599847316741943e-01
5.044391006231307983e-02,7.901436090469360352e-02,7.426883094012737274e-04,-2.556405067443847656e-01,2.685696445405483246e-02,5.350180268287658691e-01,1.956929415464401245e-01,5.350180268287658691e-01,2.685696445405483246e-02,-2.556405067443847656e-01,7.426883094012737274e-04,7.901436090469360352e-02,5.044391006231307983e-02
-1.037991419434547424e-01,8.945506811141967773e-02,3.496293351054191589e-02,6.620573252439498901e-02,-3.977576494216918945e-01,1.906391978263854980e-02,9.759994596242904663e-02,1.906391978263854980e-02,-3.977576494216918945e-01,6.620573252439498901e-02,3.496293351054191589e-02,8.945506811141967773e-02,-1.037991419434547424e-01
-2.323611825704574585e-01
2.094416879117488861e-02,7.299714535474777222e-02,1.184275839477777481e-02,-2.411134690046310425e-01,2.527242526412010193e-02,5.372257232666015625e-01,1.944056004285812378e-01,5.372257232666015625e-01,2.527242526412010193e-02,-2.411134690046310425e-01,1.184275839477777481e-02,7.299714535474777222e-02,2.094416879117488861e-02
-1.164621710777282715e-01,7.397703826427459717e-02,3.557040169835090637e-02,7.399673759937286377e-02,-3.994357883930206299e-01,1.651622727513313293e-02,1.129850745201110840e-01,1.651622727513313293e-02,-3.994357883930206299e-01,7.399673759937286377e-02,3.557040169835090637e-02,7.397703826427459717e-02,-1.164621710777282715e-01
-2.344687432050704956e-01
2.604957669973373413e-02,6.727503985166549683e-02,-3.520411555655300617e-04,-2.397858947515487671e-01,2.385800704360008240e-02,5.367025732994079590e-01,1.885868906974792480e-01,5.367025732994079590e-01,2.385800704360008240e-02,-2.397858947515487671e-01,-3.520411555655300617e-04,6.727503985166549683e-02,2.604957669973373413e-02
-1.131987869739532471e-01,8.256464451551437378e-02,3.085546009242534637e-02,7.298289984464645386e-02,-3.930438756942749023e-01,2.237463742494583130e-02,1.314222365617752075e-01,2.237463742494583130e-02,-3.930438756942749023e-01,7.298289984464645386e-02,3.085546009242534637e-02,8.256464451551437378e-02,-1.131987869739532471e-01
-2.365826219320297241e-01
7.156638056039810181e-02,7.973284274339675903e-02,-1.525181159377098083e-02,-2.486313879489898682e-01,1.112331263720989227e-02,5.344399809837341309e-01,1.904223561286926270e-01,5.344399809837341309e-01,1.112331263720989227e-02,-2.486313879489898682e-01,-1.525181159377098083e-02,7.973284274339675903e-02,7.156638056039810181e-02
-1.038945540785789490e-01,1.141477748751640320e-01,4.258377104997634888e-02,7.168357819318771362e-02,-3.876829147338867188e-01,-2.011322649195790291e-03,8.520098030567169189e-02,-2.011322649195790291e-03,-3.876829147338867188e-01,7.168357819318771362e-02,4.258377104997634888e-02,1.141477748751640320e-01,-1.038945540785789490e-01
-2.387028187513351440e-01
-1.427500396966934204e-01,4.488972947001457214e-02,1.147286444902420044e-01,-1.308305561542510986e-01,4.844240844249725342e-02,5.345532894134521484e-01,1.783743649721145630e-01,5.345532894134521484e-01,4.844240844249725342e-02,-1.308305561542510986e-01,1.147286444902420044e-01,4.488972947001457214e-02,-1.427500396966934204e-01
-1.476885527372360229e-01,-9.425275772809982300e-02,-7.125663757324218750e-02,1.054317876696586609e-01,-3.420343101024627686e-01,1.232362762093544006e-01,2.101987749338150024e-01,1.232362762093544006e-01,-3.420343101024627686e-01,1.054317876696586609e-01,-7.125663757324218750e-02,-9.425275772809982300e-02,-1.476885527372360229e-01
-2.408293187618255615e-01
-6.500935647636651993e-03,7.467840611934661865e-02,1.442059688270092010e-02,-2.210243046283721924e-01,1.388925313949584961e-02,5.519604086875915527e-01,1.999562978744506836e-01,5.519604086875915527e-01,1.388925313949584961e-02,-2.210243046283721924e-01,1.442059688270092010e-02,7.467840611934661865e-02,-6.500935647636651993e-03
-1.310766786336898804e-01,4.788221046328544617e-02,1.046124100685119629e-02,8.488477766513824463e-02,-3.833620250225067139e-01,1.435698941349983215e-02,1.300450861454010010e-01,1.435698941349983215e-02,-3.833620250225067139e-01,8.488477766513824463e-02,1.046124100685119629e-02,4.788221046328544617e-02,-1.310766786336898804e-01
-2.429620921611785889e-01
-4.932840913534164429e-02,6.883998215198516846e-02,4.353502020239830017e-02,-1.922633796930313110e-01,2.140020579099655151e-02,5.543762445449829102e-01,1.988133490085601807e-01,5.543762445449829102e-01,2.140020579099655151e-02,-1.922633796930313110e-01,4.353502020239830017e-02,6.883998215198516846e-02,-4.932840913534164429e-02
-1.444605737924575806e-01,2.911697374656796455e-03,-1.806302741169929504e-02,9.354070574045181274e-02,-3.639223575592041016e-01,4.230942204594612122e-02,1.638627499341964722e-01,4.230942204594612122e-02,-3.639223575592041016e-01,9.354070574045181274e-02,-1.806302741169929504e-02,2.911697374656796455e-03,-1.444605737924575806e-01
-2.451011240482330322e-01
-5.335856601595878601e-02,7.070066034793853760e-02,3.797158971428871155e-02,-1.910468935966491699e-01,1.393223926424980164e-02,5.575810670852661133e-01,2.023174464702606201e-01,5.575810670852661133e-01,1.393223926424980164e-02,-1.910468935966491699e-01,3.797158971428871155e-02,7.070066034793853760e-02,-5.335856601595878601e-02
-1.470570713281631470e-01,2.866491209715604782e-03,-1.419041026383638382e-02,1.017965599894523621e-01,-3.582286834716796875e-01,3.752323240041732788e-02,1.417055577039718628e-01,3.752323240041732788e-02,-3.582286834716796875e-01,1.017965599894523621e-01,-1.419041026383638382e-02,2.866491209715604782e-03,-1.470570713281631470e-01
-2.472463995218276978e-01
-9.205790609121322632e-02,7.150585949420928955e-02,7.176701724529266357e-02,-1.627140790224075317e-01,1.722498051822185516e-02,5.591090917587280273e-01,2.004428356885910034e-01,5.591090917587280273e-01,1.722498051822185516e-02,-1.627140790224075317e-01,7.176701724529266357e-02,7.150585949420928955e-02,-9.205790609121322632e-02
-1.443603038787841797e-01,-4.994428157806396484e-02,-5.199780315160751343e-02,9.589316695928573608e-02,-3.549089133739471436e-01,4.869244620203971863e-02,1.837872713804244995e-01,4.869244620203971863e-02,-3.549089133739471436e-01,9.589316695928573608e-02,-5.199780315160751343e-02,-4.994428157806396484e-02,-1.443603038787841797e-01
-2.493978887796401978e-01
-8.404102921485900879e-02,7.062737643718719482e-02,4.937349259853363037e-02,-1.837839186191558838e-01,1.736628706566989422e-03,5.606123208999633789e-01,2.034922391176223755e-01,5.606123208999633789e-01,1.736628706566989422e-03,-1.837839186191558838e-01,4.937349259853363037e-02,7.062737643718719482e-02,-8.404102921485900879e-02
-1.383896470069885254e-01,-3.007034212350845337e-02,-3.373928740620613098e-02,1.096379682421684265e-01,-3.483377397060394287e-01,3.703121468424797058e-02,1.736023426055908203e-01,3.703121468424797058e-02,-3.483377397060394287e-01,1.096379682421684265e-01,-3.373928740620613098e-02,-3.007034212350845337e-02,-1.383896470069885254e-01
-2.515555918216705322e-01
-1.238310039043426514e-01,6.302668899297714233e-02,8.615414798259735107e-02,-1.397180855274200439e-01,1.422052644193172455e-02,5.563482642173767090e-01,1.937001198530197144e-01,5.563482642173767090e-01,1.422052644193172455e-02,-1.397180855274200439e-01,8.615414798259735107e-02,6.302668899297714233e-02,-1.238310039043426514e-01
-1.378080993890762329e-01,-7.069944590330123901e-02,-6.838257610797882080e-02,1.025148555636405945e-01,-3.441484272480010986e-01,5.750039964914321899e-02,2.158360183238983154e-01,5.750039964914321899e-02,-3.441484272480010986e-01,1.025148555636405945e-01,-6.838257610797882080e-02,-7.069944590330123901e-02,-1.378080993890762329e-01
-2.537194788455963135e-01
-1.085834205150604248e-02,8.459234237670898438e-02,3.595523070544004440e-03,-2.071239054203033447e-01,-8.641771972179412842e-03,5.627838373184204102e-01,2.035287469625473022e-01,5.627838373184204102e-01,-8.641771972179412842e-03,-2.071239054203033447e-01,3.595523070544004440e-03,8.459234237670898438e-02,-1.085834205150604248e-02
-1.305483132600784302e-01,4.843081161379814148e-02,-8.350701536983251572e-04,8.899714052677154541e-02,-3.676450252532958984e-01,-8.770277723670005798e-03,1.500118523836135864e-01,-8.770277723670005798e-03,-3.676450252532958984e-01,8.899714052677154541e-02,-8.350701536983251572e-04,4.843081161379814148e-02,-1.305483132600784302e-01
-2.558895349502563477e-01
-2.351687848567962646e-02,8.725664019584655762e-02,1.283522509038448334e-02,-1.932223886251449585e-01,-8.113517425954341888e-03,5.662071704864501953e-01,2.070512771606445312e-01,5.662071704864501953e-01,-8.113517425954341888e-03,-1.932223886251449585e-01,1.283522509038448334e-02,8.725664019584655762e-02,-2.351687848567962646e-02
-1.447772532701492310e-01,2.097371779382228851e-02,-2.089012973010540009e-02,8.966666460037231445e-02,-3.565470874309539795e-01,-8.534376509487628937e-03,1.287922412157058716e-01,-8.534376509487628937e-03,-3.565470874309539795e-01,8.966666460037231445e-02,-2.089012973010540009e-02,2.097371779382228851e-02,-1.447772532701492310e-01
-2.580657303333282471e-01
-2.278196513652801514e-01,1.139110699295997620e-02,1.847229301929473877e-01,-8.996099233627319336e-03,5.593137815594673157e-02,4.909680783748626709e-01,1.194515973329544067e-01,4.909680783748626709e-01,5.593137815594673157e-02,-8.996099233627319336e-03,1.847229301929473877e-01,1.139110699295997620e-02,-2.278196513652801514e-01
-1.110800281167030334e-01,-1.462481915950775146e-01,-1.418886184692382812e-01,1.140094771981239319e-01,-3.062637746334075928e-01,1.526153981685638428e-01,3.075556457042694092e-01,1.526153981685638428e-01,-3.062637746334075928e-01,1.140094771981239319e-01,-1.418886184692382812e-01,-1.462481915950775146e-01,-1.110800281167030334e-01
-2.602480649948120117e-01
-5.764284636825323105e-03,9.036911278963088989e-02,-5.714274477213621140e-03,-2.030179202556610107e-01,-2.153278887271881104e-02,5.679923295974731445e-01,2.097498029470443726e-01,5.679923295974731445e-01,-2.153278887271881104e-02,-2.030179202556610107e-01,-5.714274477213621140e-03,9.036911278963088989e-02,-5.764284636825323105e-03
-1.363660395145416260e-01,4.729472845792770386e-02,-3.368840320035815239e-03,9.146235138177871704e-02,-3.595262169837951660e-01,-2.390014566481113434e-02,1.409507542848587036e-01,-2.390014566481113434e-02,-3.595262169837951660e-01,9.146235138177871704e-02,-3.368840320035815239e-03,4.729472845792770386e-02,-1.363660395145416260e-01
-2.624365389347076416e-01
4.154521599411964417e-02,9.691714495420455933e-02,-3.164212033152580261e-02,-2.157201319932937622e-01,-2.920750901103019714e-02,5.646702647209167480e-01,2.084954231977462769e-01,5.646702647209167480e-01,-2.920750901103019714e-02,-2.157201319932937622e-01,-3.164212033152580261e-02,9.691714495420455933e-02,4.154521599411964417e-02
-1.254796087741851807e-01,9.216021001338958740e-02,1.176367886364459991e-02,8.599776029586791992e-02,-3.556204140186309814e-01,-3.906738013029098511e-02,1.127501204609870911e-01,-3.906738013029098511e-02,-3.556204140186309814e-01,8.599776029586791992e-02,1.176367886364459991e-02,9.216021001338958740e-02,-1.254796087741851807e-01
-2.646310925483703613e-01
-2.570022046566009521e-01,-1.258820444345474243e-01,1.286243647336959839e-01,5.992175266146659851e-02,1.128102466464042664e-01,4.180673360824584961e-01,9.576565586030483246e-03,4.180673360824584961e-01,1.128102466464042664e-01,5.992175266146659851e-02,1.286243647336959839e-01,-1.258820444345474243e-01,-2.570022046566009521e-01
-3.706263611093163490e-03,-4.268035665154457092e-02,-1.518329232931137085e-01,1.064710840582847595e-01,-3.070397377014160156e-01,1.236671805381774902e-01,3.657892346382141113e-01,1.236671805381774902e-01,-3.070397377014160156e-01,1.064710840582847595e-01,-1.518329232931137085e-01,-4.268035665154457092e-02,-3.706263611093163490e-03
-2.668317258358001709e-01
3.088073572143912315e-03,9.867954999208450317e-02,-1.768771186470985413e-02,-2.001394629478454590e-01,-2.794119901955127716e-02,5.733403563499450684e-01,2.131814658641815186e-01,5.733403563499450684e-01,-2.794119901955127716e-02,-2.001394629478454590e-01,-1.768771186470985413e-02,9.867954999208450317e-02,3.088073572143912315e-03
-1.325165480375289917e-01,5.032874643802642822e-02,-1.268808636814355850e-02,8.877316862344741821e-02,-3.468400835990905762e-01,-3.611016273498535156e-02,1.392641812562942505e-01,-3.611016273498535156e-02,-3.468400835990905762e-01,8.877316862344741821e-02,-1.268808636814355850e-02,5.032874643802642822e-02,-1.325165480375289917e-01
-2.690384387969970703e-01
-4.855239018797874451e-02,8.615312725305557251e-02,4.881715402007102966e-03,-1.753486245870590210e-01,-2.653970569372177124e-02,5.739603638648986816e-01,2.143611311912536621e-01,5.739603638648986816e-01,-2.653970569372177124e-02,-1.753486245870590210e-01,4.881715402007102966e-03,8.615312725305557251e-02,-4.855239018797874451e-02
-1.487162262201309204e-01,4.843095317482948303e-03,-2.652289532124996185e-02,1.056935265660285950e-01,-3.310684263706207275e-01,-1.487033348530530930e-02,1.614384055137634277e-01,-1.487033348530530930e-02,-3.310684263706207275e-01,1.056935265660285950e-01,-2.652289532124996185e-02,4.843095317482948303e-03,-1.487162262201309204e-01
-2.712512016296386719e-01
3.283460065722465515e-02,9.977097809314727783e-02,-3.704247623682022095e-02,-2.035090178251266479e-01,-3.927104920148849487e-02,5.656646490097045898e-01,2.081177383661270142e-01,5.656646490097045898e-01,-3.927104920148849487e-02,-2.035090178251266479e-01,-3.704247623682022095e-02,9.977097809314727783e-02,3.283460065722465515e-02
-1.264969855546951294e-01,8.781972527503967285e-02,8.521983399987220764e-03,9.003365784883499146e-02,-3.446961641311645508e-01,-5.622108280658721924e-02,1.251479387283325195e-01,-5.622108280658721924e-02,-3.446961641311645508e-01,9.003365784883499146e-02,8.521983399987220764e-03,8.781972527503967285e-02,-1.264969855546951294e-01
-2.734699845314025879e-01
-1.261770445853471756e-02,9.252335876226425171e-02,-2.052398398518562317e-02,-1.864601075649261475e-01,-3.472204878926277161e-02,5.699319839477539062e-01,2.089315205812454224e-01,5.699319839477539062e-01,-3.472204878926277161e-02,-1.864601075649261475e-01,-2.052398398518562317e-02,9.252335876226425171e-02,-1.261770445853471756e-02
-1.329792737960815430e-01,5.012213811278343201e-02,-5.238886922597885132e-03,9.667955338954925537e-02,-3.417052626609802246e-01,-5.142234265804290771e-02,1.573203653097152710e-01,-5.142234265804290771e-02,-3.417052626609802246e-01,9.667955338954925537e-02,-5.238886922597885132e-03,5.012213811278343201e-02,-1.329792737960815430e-01
-2.756947875022888184e-01
-1.462373882532119751e-01,5.791936814785003662e-02,6.003315746784210205e-02,-1.052858531475067139e-01,-1.235713250935077667e-02,5.645270943641662598e-01,1.996552050113677979e-01,5.645270943641662598e-01,-1.235713250935077667e-02,-1.052858531475067139e-01,6.003315746784210205e-02,5.791936814785003662e-02,-1.462373882532119751e-01
-1.361861228942871094e-01,-8.512125164270401001e-02,-8.078403770923614502e-02,1.190383732318878174e-01,-3.054444491863250732e-01,1.351467799395322800e-02,2.401524633169174194e-01,1.351467799395322800e-02,-3.054444491863250732e-01,1.190383732318878174e-01,-8.078403770923614502e-02,-8.512125164270401001e-02,-1.361861228942871094e-01
-2.779256105422973633e-01
1.643291115760803223e-02,1.024145707488059998e-01,-3.884742781519889832e-02,-1.882530301809310913e-01,-3.736147657036781311e-02,5.700296163558959961e-01,2.094987779855728149e-01,5.700296163558959961e-01,-3.736147657036781311e-02,-1.882530301809310913e-01,-3.884742781519889832e-02,1.024145707488059998e-01,1.643291115760803223e-02
-1.292991787195205688e-01,6.372936069965362549e-02,-9.209067560732364655e-03,9.397062659263610840e-02,-3.266716301441192627e-01,-6.491866707801818848e-02,1.172982752323150635e-01,-6.491866707801818848e-02,-3.266716301441192627e-01,9.397062659263610840e-02,-9.209067560732364655e-03,6.372936069965362549e-02,-1.292991787195205688e-01
-2.801623940467834473e-01
-6.096789240837097168e-02,8.870151638984680176e-02,6.386077962815761566e-03,-1.477545946836471558e-01,-2.734748646616935730e-02,5.734137892723083496e-01,2.102802693843841553e-01,5.734137892723083496e-01,-2.734748646616935730e-02,-1.477545946836471558e-01,6.386077962815761566e-03,8.870151638984680176e-02,-6.096789240837097168e-02
-1.483831852674484253e-01,-9.234333410859107971e-03,-3.579304739832878113e-02,1.066346019506454468e-01,-3.202915191650390625e-01,-4.239555448293685913e-02,1.873777210712432861e-01,-4.239555448293685913e-02,-3.202915191650390625e-01,1.066346019506454468e-01,-3.579304739832878113e-02,-9.234333410859107971e-03,-1.483831852674484253e-01
-2.824051678180694580e-01
-1.094424650073051453e-01,7.419212907552719116e-02,2.882262505590915680e-02,-1.265487521886825562e-01,-2.698531188070774078e-02,5.701465010643005371e-01,2.057560533285140991e-01,5.701465010643005371e-01,-2.698531188070774078e-02,-1.265487521886825562e-01,2.882262505590915680e-02,7.419212907552719116e-02,-1.094424650073051453e-01
-1.384790688753128052e-01,-5.575020983815193176e-02,-5.748405680060386658e-02,1.303797662258148193e-01,-2.941896915435791016e-01,-2.035349048674106598e-02,2.266446202993392944e-01,-2.035349048674106598e-02,-2.941896915435791016e-01,1.303797662258148193e-01,-5.748405680060386658e-02,-5.575020983815193176e-02,-1.384790688753128052e-01
-2.846538722515106201e-01
-6.107884645462036133e-02,1.028174236416816711e-01,9.201625362038612366e-03,-1.524917781352996826e-01,-3.854215517640113831e-02,5.782535076141357422e-01,2.186598330736160278e-01,5.782535076141357422e-01,-3.854215517640113831e-02,-1.524917781352996826e-01,9.201625362038612366e-03,1.028174236416816711e-01,-6.107884645462036133e-02
-1.460856646299362183e-01,-3.161747008562088013e-02,-4.733651131391525269e-02,1.125144511461257935e-01,-3.115043342113494873e-01,-5.398682132363319397e-02,1.952272653579711914e-01,-5.398682132363319397e-02,-3.115043342113494873e-01,1.125144511461257935e-01,-4.733651131391525269e-02,-3.161747008562088013e-02,-1.460856646299362183e-01
-2.869085371494293213e-01
-2.132019251585006714e-01,-1.270409673452377319e-01,6.499186158180236816e-02,1.020423099398612976e-01,1.294129341840744019e-01,4.209060072898864746e-01,-4.839526955038309097e-03,4.209060072898864746e-01,1.294129341840744019e-01,1.020423099398612976e-01,6.499186158180236816e-02,-1.270409673452377319e-01,-2.132019251585006714e-01
3.680200129747390747e-02,-1.066495701670646667e-01,-1.589074730873107910e-01,1.400734037160873413e-01,-2.394261658191680908e-01,7.642536610364913940e-02,3.573006987571716309e-01,7.642536610364913940e-02,-2.394261658191680908e-01,1.400734037160873413e-01,-1.589074730873107910e-01,-1.066495701670646667e-01,3.680200129747390747e-02
-2.891691029071807861e-01
1.099499911069869995e-01,1.403004229068756104e-01,-8.073532581329345703e-02,-2.225639224052429199e-01,-7.138218730688095093e-02,5.620230436325073242e-01,2.114069014787673950e-01,5.620230436325073242e-01,-7.138218730688095093e-02,-2.225639224052429199e-01,-8.073532581329345703e-02,1.403004229068756104e-01,1.099499911069869995e-01
-1.064461171627044678e-01,1.158726140856742859e-01,-4.650217480957508087e-03,7.701768726110458374e-02,-3.113315105438232422e-01,-8.953032642602920532e-02,1.308121681213378906e-01,-8.953032642602920532e-02,-3.113315105438232422e-01,7.701768726110458374e-02,-4.650217480957508087e-03,1.158726140856742859e-01,-1.064461171627044678e-01
-2.914355695247650146e-01
-6.445956416428089142e-03,1.259051561355590820e-01,-2.533778920769691467e-02,-1.819920837879180908e-01,-6.575579196214675903e-02,5.710077285766601562e-01,2.214679270982742310e-01,5.710077285766601562e-01,-6.575579196214675903e-02,-1.819920837879180908e-01,-2.533778920769691467e-02,1.259051561355590820e-01,-6.445956416428089142e-03
-1.418504118919372559e-01,6.220849230885505676e-03,-3.548277169466018677e-02,1.025291010737419128e-01,-3.061462342739105225e-01,-7.137583941221237183e-02,1.691611409187316895e-01,-7.137583941221237183e-02,-3.061462342739105225e-01,1.025291010737419128e-01,-3.548277169466018677e-02,6.220849230885505676e-03,-1.418504118919372559e-01
-2.937079370021820068e-01
-1.867341250181198120e-01,5.889805778861045837e-02,7.489053159952163696e-02,-7.075118273496627808e-02,-3.999369964003562927e-02,5.484493374824523926e-01,1.964638978242874146e-01,5.484493374824523926e-01,-3.999369964003562927e-02,-7.075118273496627808e-02,7.489053159952163696e-02,5.889805778861045837e-02,-1.867341250181198120e-01
-1.122366487979888916e-01,-1.580088883638381958e-01,-1.297357827425003052e-01,1.469284147024154663e-01,-2.432473450899124146e-01,3.610649332404136658e-02,3.148298561573028564e-01,3.610649332404136658e-02,-2.432473450899124146e-01,1.469284147024154663e-01,-1.297357827425003052e-01,-1.580088883638381958e-01,-1.122366487979888916e-01
-2.959862053394317627e-01
-5.160400271415710449e-02,1.299480646848678589e-01,1.400724519044160843e-02,-1.521680355072021484e-01,-6.928098946809768677e-02,5.676993131637573242e-01,2.223703861236572266e-01,5.676993131637573242e-01,-6.928098946809768677e-02,-1.521680355072021484e-01,1.400724519044160843e-02,1.299480646848678589e-01,-5.160400271415710449e-02
-1.386350095272064209e-01,-5.877265334129333496e-02,-6.499926000833511353e-02,1.140792742371559143e-01,-2.943413555622100830e-01,-6.834412366151809692e-02,2.224631756544113159e-01,-6.834412366151809692e-02,-2.943413555622100830e-01,1.140792742371559143e-01,-6.499926000833511353e-02,-5.877265334129333496e-02,-1.386350095272064209e-01
-2.982703149318695068e-01
-1.084626391530036926e-01,1.013690829277038574e-01,3.433619439601898193e-02,-1.196080297231674194e-01,-6.164317205548286438e-02,5.644479990005493164e-01,2.184822559356689453e-01,5.644479990005493164e-01,-6.164317205548286438e-02,-1.196080297231674194e-01,3.433619439601898193e-02,1.013690829277038574e-01,-1.084626391530036926e-01
-1.255902498960494995e-01,-9.137126058340072632e-02,-8.334444463253021240e-02,1.313349455595016479e-01,-2.678525149822235107e-01,-2.266326546669006348e-02,2.900092601776123047e-01,-2.266326546669006348e-02,-2.678525149822235107e-01,1.313349455595016479e-01,-8.334444463253021240e-02,-9.137126058340072632e-02,-1.255902498960494995e-01
-3.005602359771728516e-01
-2.726267278194427490e-01,-2.133183181285858154e-02,1.314359903335571289e-01,4.692704603075981140e-02,-1.433197781443595886e-02,4.470988810062408447e-01,9.254583716392517090e-02,4.470988810062408447e-01,-1.433197781443595886e-02,4.692704603075981140e-02,1.314359903335571289e-01,-2.133183181285858154e-02,-2.726267278194427490e-01
-9.177435189485549927e-03,-1.394574344158172607e-01,-1.736839860677719116e-01,1.450139284133911133e-01,-2.340470254421234131e-01,1.339600086212158203e-01,4.136542677879333496e-01,1.339600086212158203e-01,-2.340470254421234131e-01,1.450139284133911133e-01,-1.736839860677719116e-01,-1.394574344158172607e-01,-9.177435189485549927e-03
-3.028560280799865723e-01
2.347431518137454987e-02,1.356224268674850464e-01,-5.660492926836013794e-02,-1.976396739482879639e-01,-8.341485261917114258e-02,5.541696548461914062e-01,2.069048583507537842e-01,5.541696548461914062e-01,-8.341485261917114258e-02,-1.976396739482879639e-01,-5.660492926836013794e-02,1.356224268674850464e-01,2.347431518137454987e-02
-9.728275239467620850e-02,6.547062844038009644e-02,-6.099270540289580822e-04,9.929026663303375244e-02,-3.136808276176452637e-01,-1.147740930318832397e-01,2.097186297178268433e-01,-1.147740930318832397e-01,-3.136808276176452637e-01,9.929026663303375244e-02,-6.099270540289580822e-04,6.547062844038009644e-02,-9.728275239467620850e-02
-3.051576316356658936e-01
3.628218919038772583e-02,1.422043889760971069e-01,-5.559003353118896484e-02,-1.920500993728637695e-01,-8.510617911815643311e-02,5.462646484375000000e-01,2.012049704790115356e-01,5.462646484375000000e-01,-8.510617911815643311e-02,-1.920500993728637695e-01,-5.559003353118896484e-02,1.422043889760971069e-01,3.628218919038772583e-02
-9.171479195356369019e-02,7.920157164335250854e-02,1.148035004734992981e-02,1.014222130179405212e-01,-3.143411278724670410e-01,-1.323715448379516602e-01,1.882886141538619995e-01,-1.323715448379516602e-01,-3.143411278724670410e-01,1.014222130179405212e-01,1.148035004734992981e-02,7.920157164335250854e-02,-9.171479195356369019e-02
-3.074650168418884277e-01
7.528665661811828613e-02,1.534823775291442871e-01,-7.005566358566284180e-02,-2.026852071285247803e-01,-9.589330852031707764e-02,5.283710360527038574e-01,1.833318471908569336e-01,5.283710360527038574e-01,-9.589330852031707764e-02,-2.026852071285247803e-01,-7.005566358566284180e-02,1.534823775291442871e-01,7.528665661811828613e-02
-7.284345477819442749e-02,1.057907193899154663e-01,1.851774938404560089e-02,1.004307940602302551e-01,-3.059284389019012451e-01,-1.400940120220184326e-01,1.795097291469573975e-01,-1.400940120220184326e-01,-3.059284389019012451e-01,1.004307940602302551e-01,1.851774938404560089e-02,1.057907193899154663e-01,-7.284345477819442749e-02
-3.097782135009765625e-01
-6.066159345209598541e-03,1.290848404169082642e-01,-4.043580219149589539e-02,-1.719935834407806396e-01,-8.797163516283035278e-02,5.364063978195190430e-01,1.942879408597946167e-01,5.364063978195190430e-01,-8.797163516283035278e-02,-1.719935834407806396e-01,-4.043580219149589539e-02,1.290848404169082642e-01,-6.066159345209598541e-03
-8.405698090791702271e-02,5.344341322779655457e-02,1.449579093605279922e-02,1.199892386794090271e-01,-3.067410290241241455e-01,-1.348969340324401855e-01,2.234393358230590820e-01,-1.348969340324401855e-01,-3.067410290241241455e-01,1.199892386794090271e-01,1.449579093605279922e-02,5.344341322779655457e-02,-8.405698090791702271e-02
-3.120971620082855225e-01
-1.660999059677124023e-01,5.871349200606346130e-02,5.634861811995506287e-02,-3.403346985578536987e-02,-3.164503350853919983e-02,5.311253666877746582e-01,1.819428354501724243e-01,5.311253666877746582e-01,-3.164503350853919983e-02,-3.403346985578536987e-02,5.634861811995506287e-02,5.871349200606346130e-02,-1.660999059677124023e-01
-6.469891220331192017e-02,-1.275150775909423828e-01,-1.093351840972900391e-01,1.390204578638076782e-01,-2.486410588026046753e-01,-1.853179559111595154e-02,3.695557713508605957e-01,-1.853179559111595154e-02,-2.486410588026046753e-01,1.390204578638076782e-01,-1.093351840972900391e-01,-1.275150775909423828e-01,-6.469891220331192017e-02
-3.144218921661376953e-01
-2.976513840258121490e-02,1.184437051415443420e-01,-2.745989337563514709e-02,-1.484723687171936035e-01,-7.485443353652954102e-02,5.377565622329711914e-01,1.949383318424224854e-01,5.377565622329711914e-01,-7.485443353652954102e-02,-1.484723687171936035e-01,-2.745989337563514709e-02,1.184437051415443420e-01,-2.976513840258121490e-02
-6.388452649116516113e-02,7.022285368293523788e-03,-4.780020564794540405e-03,1.370748281478881836e-01,-2.912197113037109375e-01,-1.476532071828842163e-01,2.438249439001083374e-01,-1.476532071828842163e-01,-2.912197113037109375e-01,1.370748281478881836e-01,-4.780020564794540405e-03,7.022285368293523788e-03,-6.388452649116516113e-02
-3.167523443698883057e-01
-1.145636662840843201e-01,6.079634651541709900e-02,-5.601408425718545914e-03,-8.900887519121170044e-02,-5.184689164161682129e-02,5.344097018241882324e-01,1.913267821073532104e-01,5.344097018241882324e-01,-5.184689164161682129e-02,-8.900887519121170044e-02,-5.601408425718545914e-03,6.079634651541709900e-02,-1.145636662840843201e-01
-3.575660660862922668e-02,-5.215503275394439697e-02,-4.155905172228813171e-02,1.500137895345687866e-01,-2.659698128700256348e-01,-9.136101603507995605e-02,3.327578306198120117e-01,-9.136101603507995605e-02,-2.659698128700256348e-01,1.500137895345687866e-01,-4.155905172228813171e-02,-5.215503275394439697e-02,-3.575660660862922668e-02
-3.190885186195373535e-01
2.782767824828624725e-02,1.370996981859207153e-01,-4.574174806475639343e-02,-1.623840779066085815e-01,-8.307386189699172974e-02,5.081769824028015137e-01,1.660014241933822632e-01,5.081769824028015137e-01,-8.307386189699172974e-02,-1.623840779066085815e-01,-4.574174806475639343e-02,1.370996981859207153e-01,2.782767824828624725e-02
-3.522671386599540710e-02,5.823389440774917603e-02,2.009166032075881958e-02,1.255178451538085938e-01,-3.136413991451263428e-01,-1.845818012952804565e-01,2.244354039430618286e-01,-1.845818012952804565e-01,-3.136413991451263428e-01,1.255178451538085938e-01,2.009166032075881958e-02,5.823389440774917603e-02,-3.522671386599540710e-02
-3.214304149150848389e-01
-7.707908004522323608e-02,8.034407347440719604e-02,-1.179015170782804489e-02,-7.808551192283630371e-02,-3.190461546182632446e-02,5.174233913421630859e-01,1.670151054859161377e-01,5.174233913421630859e-01,-3.190461546182632446e-02,-7.808551192283630371e-02,-1.179015170782804489e-02,8.034407347440719604e-02,-7.707908004522323608e-02
-3.842743858695030212e-02,-3.222314268350601196e-02,-3.114271722733974457e-02,1.420300751924514771e-01,-2.769992053508758545e-01,-1.196048185229301453e-01,3.290375173091888428e-01,-1.196048185229301453e-01,-2.769992053508758545e-01,1.420300751924514771e-01,-3.114271722733974457e-02,-3.222314268350601196e-02,-3.842743858695030212e-02
-3.237780332565307617e-01
4.759196937084197998e-02,1.457820981740951538e-01,-3.713212907314300537e-02,-1.381486058235168457e-01,-6.737449020147323608e-02,4.889716207981109619e-01,1.360914111137390137e-01,4.889716207981109619e-01,-6.737449020147323608e-02,-1.381486058235168457e-01,-3.713212907314300537e-02,1.457820981740951538e-01,4.759196937084197998e-02
-1.185127813369035721e-02,2.702241577208042145e-02,5.733815487474203110e-03,1.444608867168426514e-01,-3.056671917438507080e-01,-2.058712989091873169e-01,2.298945337533950806e-01,-2.058712989091873169e-01,-3.056671917438507080e-01,1.444608867168426514e-01,5.733815487474203110e-03,2.702241577208042145e-02,-1.185127813369035721e-02
-3.261313140392303467e-01
3.153352811932563782e-02,1.423089504241943359e-01,-2.144492231309413910e-02,-1.206048950552940369e-01,-7.304301112890243530e-02,4.789880216121673584e-01,1.228924542665481567e-01,4.789880216121673584e-01,-7.304301112890243530e-02,-1.206048950552940369e-01,-2.144492231309413910e-02,1.423089504241943359e-01,3.153352811932563782e-02
-3.826240776106715202e-03,8.631508797407150269e-03,2.366799674928188324e-02,1.723847389221191406e-01,-3.135339021682739258e-01,-2.135137617588043213e-01,2.954147160053253174e-01,-2.135137617588043213e-01,-3.135339021682739258e-01,1.723847389221191406e-01,2.366799674928188324e-02,8.631508797407150269e-03,-3.826240776106715202e-03
-3.284902870655059814e-01
-1.885295510292053223e-01,7.495277561247348785e-03,-3.953159973025321960e-02,5.697668716311454773e-02,-4.781906306743621826e-02,2.109998762607574463e-01,5.964692234992980957e-01,2.109998762607574463e-01,-4.781906306743621826e-02,5.697668716311454773e-02,-3.953159973025321960e-02,7.495277561247348785e-03,-1.885295510292053223e-01
8.847045153379440308e-02,-1.104993075132369995e-01,4.256507009267807007e-02,5.360206216573715210e-02,-8.347856998443603516e-02,-2.577767968177795410e-01,7.335039973258972168e-01,-2.577767968177795410e-01,-8.347856998443603516e-02,5.360206216573715210e-02,4.256507009267807007e-02,-1.104993075132369995e-01,8.847045153379440308e-02
-0.000000000000000000e+00
