7.619193755090236664e-03,1.826829761266708374e-01,6.670952588319778442e-02,-4.733835533261299133e-02,1.980118453502655029e-02,8.787303231656551361e-03,1.980118453502655029e-02,-4.733835533261299133e-02,6.670952588319778442e-02,1.826829761266708374e-01,7.619193755090236664e-03
-4.100797176361083984e-01,2.132823318243026733e-01,1.277108490467071533e-01,-7.490441948175430298e-02,8.847907185554504395e-03,9.509152173995971680e-02,8.847907185554504395e-03,-7.490441948175430298e-02,1.277108490467071533e-01,2.132823318243026733e-01,-4.100797176361083984e-01
-3.248978871852159500e-03
2.761185467243194580e-01,1.872072666883468628e-01,-4.021514579653739929e-02,2.748770872130990028e-03,1.380672329105436802e-03,2.748770872130990028e-03,-4.021514579653739929e-02,1.872072666883468628e-01,2.761185467243194580e-01
-7.070937007665634155e-02,1.826626658439636230e-01,-2.326820418238639832e-02,5.338080972433090210e-02,1.422593891620635986e-01,5.338080972433090210e-02,-2.326820418238639832e-02,1.826626658439636230e-01,-7.070937007665634155e-02
-3.769710194319486618e-03
4.180352017283439636e-02,1.424286812543869019e-01,4.192941635847091675e-02,2.418937627226114273e-03,8.698365092277526855e-02,7.546702772378921509e-02,8.698365092277526855e-02,2.418937627226114273e-03,4.192941635847091675e-02,1.424286812543869019e-01,4.180352017283439636e-02
-3.528897762298583984e-01,1.778182238340377808e-01,1.973919868469238281e-01,-2.353356033563613892e-02,3.478941693902015686e-02,9.530651569366455078e-02,3.478941693902015686e-02,-2.353356033563613892e-02,1.973919868469238281e-01,1.778182238340377808e-01,-3.528897762298583984e-01
-4.315481521189212799e-03
1.889322847127914429e-01,3.366892039775848389e-02,-6.623419374227523804e-02,1.298896819353103638e-01,1.458644717931747437e-01,1.298896819353103638e-01,-6.623419374227523804e-02,3.366892039775848389e-02,1.889322847127914429e-01
2.582125551998615265e-02,2.205792814493179321e-01,4.175031185150146484e-02,5.437435582280158997e-02,1.092423796653747559e-01,5.437435582280158997e-02,4.175031185150146484e-02,2.205792814493179321e-01,2.582125551998615265e-02
-4.885198082774877548e-03
1.623194962739944458e-01,8.496194332838058472e-02,-8.724366873502731323e-02,-1.508594956248998642e-02,1.440445482730865479e-01,1.428266614675521851e-01,1.440445482730865479e-01,-1.508594956248998642e-02,-8.724366873502731323e-02,8.496194332838058472e-02,1.623194962739944458e-01
-1.845555901527404785e-01,1.996490657329559326e-01,1.995647102594375610e-01,-2.145596221089363098e-02,1.714080944657325745e-02,3.897107392549514771e-02,1.714080944657325745e-02,-2.145596221089363098e-02,1.995647102594375610e-01,1.996490657329559326e-01,-1.845555901527404785e-01
-5.477896425873041153e-03
2.233213782310485840e-01,1.945666410028934479e-02,-8.094435930252075195e-02,1.088628247380256653e-01,1.434231698513031006e-01,1.088628247380256653e-01,-8.094435930252075195e-02,1.945666410028934479e-02,2.233213782310485840e-01
4.839658271521329880e-03,2.502340376377105713e-01,4.571430757641792297e-02,7.950849086046218872e-02,1.072454676032066345e-01,7.950849086046218872e-02,4.571430757641792297e-02,2.502340376377105713e-01,4.839658271521329880e-03
-6.092720665037631989e-03
9.082818776369094849e-02,1.359201222658157349e-01,-2.165051177144050598e-02,-1.361879520118236542e-03,1.149881929159164429e-01,1.250277161598205566e-01,1.149881929159164429e-01,-1.361879520118236542e-03,-2.165051177144050598e-02,1.359201222658157349e-01,9.082818776369094849e-02
-3.654182553291320801e-01,2.233041077852249146e-01,2.155248075723648071e-01,-7.587278261780738831e-03,8.801890537142753601e-03,6.525988876819610596e-02,8.801890537142753601e-03,-7.587278261780738831e-03,2.155248075723648071e-01,2.233041077852249146e-01,-3.654182553291320801e-01
-6.728903856128454208e-03
2.497726976871490479e-01,2.740619778633117676e-01,4.799066577106714249e-03,2.858022041618824005e-02,4.743921384215354919e-02,2.858022041618824005e-02,4.799066577106714249e-03,2.740619778633117676e-01,2.497726976871490479e-01
-1.988063007593154907e-01,1.107790842652320862e-01,-4.585801810026168823e-02,8.398765325546264648e-02,1.603915989398956299e-01,8.398765325546264648e-02,-4.585801810026168823e-02,1.107790842652320862e-01,-1.988063007593154907e-01
-7.385753560811281204e-03
1.086031720042228699e-01,2.099025100469589233e-01,4.861535504460334778e-02,-8.014967665076255798e-03,5.678103119134902954e-02,6.259345263242721558e-02,5.678103119134902954e-02,-8.014967665076255798e-03,4.861535504460334778e-02,2.099025100469589233e-01,1.086031720042228699e-01
-4.470256865024566650e-01,2.386482954025268555e-01,1.887624561786651611e-01,-2.339636348187923431e-02,7.366720587015151978e-03,7.308446615934371948e-02,7.366720587015151978e-03,-2.339636348187923431e-02,1.887624561786651611e-01,2.386482954025268555e-01,-4.470256865024566650e-01
-8.062640205025672913e-03
1.602959781885147095e-01,1.256082952022552490e-01,-3.759997338056564331e-02,1.486221104860305786e-01,1.935442686080932617e-01,1.486221104860305786e-01,-3.759997338056564331e-02,1.256082952022552490e-01,1.602959781885147095e-01
-1.049026474356651306e-01,2.473177164793014526e-01,9.588100761175155640e-02,2.079535648226737976e-02,2.036182768642902374e-02,2.079535648226737976e-02,9.588100761175155640e-02,2.473177164793014526e-01,-1.049026474356651306e-01
-8.758988231420516968e-03
2.387540638446807861e-01,3.236802518367767334e-01,1.050119027495384216e-01,-3.713856264948844910e-02,5.428740009665489197e-02,3.399806842207908630e-02,5.428740009665489197e-02,-3.713856264948844910e-02,1.050119027495384216e-01,3.236802518367767334e-01,2.387540638446807861e-01
-4.384698867797851562e-01,2.817303687334060669e-02,2.744651399552822113e-02,-4.994567856192588806e-02,4.647573828697204590e-02,1.033316254615783691e-01,4.647573828697204590e-02,-4.994567856192588806e-02,2.744651399552822113e-02,2.817303687334060669e-02,-4.384698867797851562e-01
-9.474270045757293701e-03
3.186086714267730713e-01,1.955139189958572388e-01,-5.029690638184547424e-02,2.437066286802291870e-02,8.921702206134796143e-02,2.437066286802291870e-02,-5.029690638184547424e-02,1.955139189958572388e-01,3.186086714267730713e-01
-2.374536395072937012e-01,2.866782248020172119e-01,1.219152957201004028e-01,4.825389385223388672e-02,1.081407889723777771e-01,4.825389385223388672e-02,1.219152957201004028e-01,2.866782248020172119e-01,-2.374536395072937012e-01
-1.020799670368432999e-02
2.417053095996379852e-03,3.386103212833404541e-01,1.415012329816818237e-01,-2.682938054203987122e-02,7.976935245096683502e-03,3.764044493436813354e-02,7.976935245096683502e-03,-2.682938054203987122e-02,1.415012329816818237e-01,3.386103212833404541e-01,2.417053095996379852e-03
-4.573961198329925537e-01,2.182103693485260010e-03,1.945511400699615479e-01,3.028585202991962433e-02,3.600501641631126404e-02,3.537212312221527100e-02,3.600501641631126404e-02,3.028585202991962433e-02,1.945511400699615479e-01,2.182103693485260010e-03,-4.573961198329925537e-01
-1.095971744507551193e-02
2.511750459671020508e-01,2.750195860862731934e-01,-3.297546133399009705e-02,2.762309648096561432e-02,5.886234715580940247e-02,2.762309648096561432e-02,-3.297546133399009705e-02,2.750195860862731934e-01,2.511750459671020508e-01
-3.481701314449310303e-01,2.290070503950119019e-01,1.314366757869720459e-01,6.510484963655471802e-02,9.274762868881225586e-02,6.510484963655471802e-02,1.314366757869720459e-01,2.290070503950119019e-01,-3.481701314449310303e-01
-1.172901038080453873e-02
-4.257682245224714279e-03,3.271510899066925049e-01,1.394574791193008423e-01,-3.731437399983406067e-02,1.325185783207416534e-02,2.532525546848773956e-02,1.325185783207416534e-02,-3.731437399983406067e-02,1.394574791193008423e-01,3.271510899066925049e-01,-4.257682245224714279e-03
-4.563511610031127930e-01,-1.010141968727111816e-01,8.267048001289367676e-02,4.898823052644729614e-02,5.479043722152709961e-02,1.209944263100624084e-01,5.479043722152709961e-02,4.898823052644729614e-02,8.267048001289367676e-02,-1.010141968727111816e-01,-4.563511610031127930e-01
-1.251548528671264648e-02
3.353108465671539307e-01,2.795134186744689941e-01,4.966969415545463562e-02,-8.093264698982238770e-02,-4.439126700162887573e-02,-8.093264698982238770e-02,4.966969415545463562e-02,2.795134186744689941e-01,3.353108465671539307e-01
-2.014901340007781982e-01,1.064989194273948669e-01,-4.993455484509468079e-02,4.629128426313400269e-02,1.817647069692611694e-01,4.629128426313400269e-02,-4.993455484509468079e-02,1.064989194273948669e-01,-2.014901340007781982e-01
-1.331877429038286209e-02
-1.173387989401817322e-01,3.300042152404785156e-01,1.516783684492111206e-01,1.996727660298347473e-03,2.805332466959953308e-02,6.534898281097412109e-02,2.805332466959953308e-02,1.996727660298347473e-03,1.516783684492111206e-01,3.300042152404785156e-01,-1.173387989401817322e-01
-4.611904025077819824e-01,-2.510385811328887939e-01,9.646689146757125854e-02,5.856978893280029297e-02,9.537597000598907471e-02,1.045748591423034668e-01,9.537597000598907471e-02,5.856978893280029297e-02,9.646689146757125854e-02,-2.510385811328887939e-01,-4.611904025077819824e-01
-1.413853280246257782e-02
2.171442657709121704e-01,3.441585600376129150e-01,3.663336858153343201e-02,3.141638264060020447e-02,7.558670639991760254e-02,3.141638264060020447e-02,3.663336858153343201e-02,3.441585600376129150e-01,2.171442657709121704e-01
-4.283730387687683105e-01,1.491554975509643555e-01,1.382136195898056030e-01,8.045614510774612427e-02,7.810477912425994873e-02,8.045614510774612427e-02,1.382136195898056030e-01,1.491554975509643555e-01,-4.283730387687683105e-01
-1.497443672269582748e-02
-8.587618172168731689e-02,2.567278742790222168e-01,1.201847121119499207e-01,-6.040633842349052429e-02,8.124113082885742188e-02,8.203109353780746460e-02,8.124113082885742188e-02,-6.040633842349052429e-02,1.201847121119499207e-01,2.567278742790222168e-01,-8.587618172168731689e-02
-4.050911068916320801e-01,-2.691821455955505371e-01,-1.066811289638280869e-02,5.784832686185836792e-02,1.449466943740844727e-01,2.143788039684295654e-01,1.449466943740844727e-01,5.784832686185836792e-02,-1.066811289638280869e-02,-2.691821455955505371e-01,-4.050911068916320801e-01
-1.582618057727813721e-02
1.762717813253402710e-01,3.625318408012390137e-01,6.985628604888916016e-02,2.598063275218009949e-02,8.590450882911682129e-02,2.598063275218009949e-02,6.985628604888916016e-02,3.625318408012390137e-01,1.762717813253402710e-01
-4.374758899211883545e-01,5.257129296660423279e-02,1.870783865451812744e-01,5.732152611017227173e-02,1.017405688762664795e-01,5.732152611017227173e-02,1.870783865451812744e-01,5.257129296660423279e-02,-4.374758899211883545e-01
-1.669347472488880157e-02
-3.258805871009826660e-01,2.793431282043457031e-01,1.955839991569519043e-01,4.082103446125984192e-02,9.698660112917423248e-03,5.624432861804962158e-02,9.698660112917423248e-03,4.082103446125984192e-02,1.955839991569519043e-01,2.793431282043457031e-01,-3.258805871009826660e-01
-3.820030689239501953e-01,-2.521625757217407227e-01,4.922402650117874146e-02,1.565780937671661377e-01,1.056852117180824280e-01,1.537633836269378662e-01,1.056852117180824280e-01,1.565780937671661377e-01,4.922402650117874146e-02,-2.521625757217407227e-01,-3.820030689239501953e-01
-1.757604628801345825e-02
2.226598560810089111e-01,3.425444662570953369e-01,7.783786952495574951e-02,1.294166501611471176e-02,1.057167127728462219e-01,1.294166501611471176e-02,7.783786952495574951e-02,3.425444662570953369e-01,2.226598560810089111e-01
-4.116816222667694092e-01,7.131844758987426758e-02,9.001768380403518677e-02,7.000339031219482422e-02,1.149068847298622131e-01,7.000339031219482422e-02,9.001768380403518677e-02,7.131844758987426758e-02,-4.116816222667694092e-01
-1.847363449633121490e-02
-3.554630875587463379e-01,2.656410336494445801e-01,1.913552582263946533e-01,4.019451141357421875e-02,5.437799170613288879e-02,1.078818067908287048e-01,5.437799170613288879e-02,4.019451141357421875e-02,1.913552582263946533e-01,2.656410336494445801e-01,-3.554630875587463379e-01
-3.336884975433349609e-01,-3.092816174030303955e-01,4.358419403433799744e-02,9.477341175079345703e-02,1.199907511472702026e-01,1.175382956862449646e-01,1.199907511472702026e-01,9.477341175079345703e-02,4.358419403433799744e-02,-3.092816174030303955e-01,-3.336884975433349609e-01
-1.938599348068237305e-02
1.014466732740402222e-01,3.436302244663238525e-01,7.063390314579010010e-02,3.945613279938697815e-02,8.855418860912322998e-02,3.945613279938697815e-02,7.063390314579010010e-02,3.436302244663238525e-01,1.014466732740402222e-01
-4.213157594203948975e-01,4.324333742260932922e-02,6.283376365900039673e-02,7.671382278203964233e-02,7.159384340047836304e-02,7.671382278203964233e-02,6.283376365900039673e-02,4.324333742260932922e-02,-4.213157594203948975e-01
-2.031288668513298035e-02
-3.919077813625335693e-01,1.511751115322113037e-01,2.059664726257324219e-01,3.797351941466331482e-02,1.007935777306556702e-01,9.428121149539947510e-02,1.007935777306556702e-01,3.797351941466331482e-02,2.059664726257324219e-01,1.511751115322113037e-01,-3.919077813625335693e-01
-2.794717550277709961e-01,-3.357448875904083252e-01,4.596475264406763017e-05,1.113188341259956360e-01,1.352992355823516846e-01,1.279024481773376465e-01,1.352992355823516846e-01,1.113188341259956360e-01,4.596475264406763017e-05,-3.357448875904083252e-01,-2.794717550277709961e-01
-2.125409059226512909e-02
8.831608295440673828e-02,4.062323868274688721e-01,9.112333506345748901e-02,8.008845895528793335e-02,9.212840348482131958e-02,8.008845895528793335e-02,9.112333506345748901e-02,4.062323868274688721e-01,8.831608295440673828e-02
-4.386176466941833496e-01,2.793577965348958969e-03,1.384912580251693726e-01,7.635809481143951416e-02,9.766168892383575439e-02,7.635809481143951416e-02,1.384912580251693726e-01,2.793577965348958969e-03,-4.386176466941833496e-01
-2.220939099788665771e-02
-4.243620038032531738e-01,1.497034132480621338e-01,2.479595243930816650e-01,8.166807144880294800e-02,7.637690752744674683e-02,4.763466119766235352e-02,7.637690752744674683e-02,8.166807144880294800e-02,2.479595243930816650e-01,1.497034132480621338e-01,-4.243620038032531738e-01
-2.563229501247406006e-01,-3.092959225177764893e-01,-3.209470957517623901e-02,1.502314954996109009e-01,9.902721643447875977e-02,1.354814320802688599e-01,9.902721643447875977e-02,1.502314954996109009e-01,-3.209470957517623901e-02,-3.092959225177764893e-01,-2.563229501247406006e-01
-2.317858114838600159e-02
5.415946245193481445e-02,3.759079873561859131e-01,8.868824690580368042e-02,6.920968741178512573e-02,1.250792294740676880e-01,6.920968741178512573e-02,8.868824690580368042e-02,3.759079873561859131e-01,5.415946245193481445e-02
-4.136258661746978760e-01,-1.059366539120674133e-01,1.079204902052879333e-01,6.610301882028579712e-02,1.409971565008163452e-01,6.610301882028579712e-02,1.079204902052879333e-01,-1.059366539120674133e-01,-4.136258661746978760e-01
-2.416146919131278992e-02
-4.384359419345855713e-01,1.487233042716979980e-01,1.866057068109512329e-01,9.039484709501266479e-02,8.632775396108627319e-02,1.190681532025337219e-01,8.632775396108627319e-02,9.039484709501266479e-02,1.866057068109512329e-01,1.487233042716979980e-01,-4.384359419345855713e-01
-2.620949149131774902e-01,-3.145348131656646729e-01,-5.935696512460708618e-02,1.526488214731216431e-01,1.150348186492919922e-01,1.716479659080505371e-01,1.150348186492919922e-01,1.526488214731216431e-01,-5.935696512460708618e-02,-3.145348131656646729e-01,-2.620949149131774902e-01
-2.515786141157150269e-02
9.103440493345260620e-02,3.460700809955596924e-01,9.300744533538818359e-02,8.967980742454528809e-02,2.093911468982696533e-01,8.967980742454528809e-02,9.300744533538818359e-02,3.460700809955596924e-01,9.103440493345260620e-02
-4.320834577083587646e-01,-1.573017239570617676e-01,5.371323972940444946e-02,7.066944241523742676e-02,1.468313038349151611e-01,7.066944241523742676e-02,5.371323972940444946e-02,-1.573017239570617676e-01,-4.320834577083587646e-01
-2.616758272051811218e-02
-4.206999242305755615e-01,5.785329639911651611e-02,1.459033787250518799e-01,1.476904898881912231e-01,7.886733859777450562e-02,1.366190910339355469e-01,7.886733859777450562e-02,1.476904898881912231e-01,1.459033787250518799e-01,5.785329639911651611e-02,-4.206999242305755615e-01
-1.438237428665161133e-01,-2.993826568126678467e-01,-4.999529197812080383e-02,1.294763088226318359e-01,1.601350009441375732e-01,1.760181635618209839e-01,1.601350009441375732e-01,1.294763088226318359e-01,-4.999529197812080383e-02,-2.993826568126678467e-01,-1.438237428665161133e-01
-2.719045430421829224e-02
5.877077206969261169e-02,3.384797275066375732e-01,1.100388169288635254e-01,5.650440230965614319e-02,1.748373210430145264e-01,5.650440230965614319e-02,1.100388169288635254e-01,3.384797275066375732e-01,5.877077206969261169e-02
-4.476688802242279053e-01,-1.088265329599380493e-01,2.693473175168037415e-02,9.024221450090408325e-02,1.213090792298316956e-01,9.024221450090408325e-02,2.693473175168037415e-02,-1.088265329599380493e-01,-4.476688802242279053e-01
-2.822631411254405975e-02
-4.283064603805541992e-01,4.066685959696769714e-02,1.736956536769866943e-01,1.513453871011734009e-01,8.183415234088897705e-02,1.196073442697525024e-01,8.183415234088897705e-02,1.513453871011734009e-01,1.736956536769866943e-01,4.066685959696769714e-02,-4.283064603805541992e-01
-7.797349244356155396e-02,-3.218347430229187012e-01,-3.548774123191833496e-02,1.137189343571662903e-01,1.850349009037017822e-01,1.519339084625244141e-01,1.850349009037017822e-01,1.137189343571662903e-01,-3.548774123191833496e-02,-3.218347430229187012e-01,-7.797349244356155396e-02
-2.927499823272228241e-02
-3.148881718516349792e-02,3.699235320091247559e-01,1.202718615531921387e-01,9.356519579887390137e-02,1.675875037908554077e-01,9.356519579887390137e-02,1.202718615531921387e-01,3.699235320091247559e-01,-3.148881718516349792e-02
-4.545807838439941406e-01,-1.156898662447929382e-01,-1.066579390317201614e-02,7.640735805034637451e-02,7.446020841598510742e-02,7.640735805034637451e-02,-1.066579390317201614e-02,-1.156898662447929382e-01,-4.545807838439941406e-01
-3.033635206520557404e-02
-4.701187014579772949e-01,6.801979988813400269e-02,2.822426557540893555e-01,1.519765257835388184e-01,1.097105145454406738e-01,9.370692819356918335e-02,1.097105145454406738e-01,1.519765257835388184e-01,2.822426557540893555e-01,6.801979988813400269e-02,-4.701187014579772949e-01
-3.389864414930343628e-02,-3.808595538139343262e-01,-6.527104973793029785e-02,6.198734790086746216e-02,1.124134138226509094e-01,7.092943787574768066e-02,1.124134138226509094e-01,6.198734790086746216e-02,-6.527104973793029785e-02,-3.808595538139343262e-01,-3.389864414930343628e-02
-3.141022846102714539e-02
-8.003205060958862305e-02,4.074388444423675537e-01,1.290883421897888184e-01,1.144870743155479431e-01,1.347359716892242432e-01,1.144870743155479431e-01,1.290883421897888184e-01,4.074388444423675537e-01,-8.003205060958862305e-02
-4.359120726585388184e-01,-9.940320998430252075e-02,1.952369138598442078e-02,7.226040959358215332e-02,6.894148141145706177e-02,7.226040959358215332e-02,1.952369138598442078e-02,-9.940320998430252075e-02,-4.359120726585388184e-01
-3.249647840857505798e-02
-4.738321900367736816e-01,-2.270501293241977692e-02,3.077991008758544922e-01,1.646217256784439087e-01,1.289464682340621948e-01,5.433464050292968750e-02,1.289464682340621948e-01,1.646217256784439087e-01,3.077991008758544922e-01,-2.270501293241977692e-02,-4.738321900367736816e-01
-1.846321858465671539e-02,-3.867926597595214844e-01,-1.101011782884597778e-01,1.595066860318183899e-02,5.462984740734100342e-02,5.715308710932731628e-02,5.462984740734100342e-02,1.595066860318183899e-02,-1.101011782884597778e-01,-3.867926597595214844e-01,-1.846321858465671539e-02
-3.359496593475341797e-02
-1.667925566434860229e-01,4.355376660823822021e-01,1.530396789312362671e-01,1.478946805000305176e-01,1.439044177532196045e-01,1.478946805000305176e-01,1.530396789312362671e-01,4.355376660823822021e-01,-1.667925566434860229e-01
-4.153455495834350586e-01,-1.664860695600509644e-01,3.393223136663436890e-02,4.743031039834022522e-02,7.200897485017776489e-02,4.743031039834022522e-02,3.393223136663436890e-02,-1.664860695600509644e-01,-4.153455495834350586e-01
-3.470556065440177917e-02
-4.425944685935974121e-01,-1.083231642842292786e-01,2.560254335403442383e-01,1.653222590684890747e-01,1.342316120862960815e-01,5.030732229351997375e-02,1.342316120862960815e-01,1.653222590684890747e-01,2.560254335403442383e-01,-1.083231642842292786e-01,-4.425944685935974121e-01
3.017099341377615929e-03,-3.105817735195159912e-01,-1.338909119367599487e-01,6.499246507883071899e-02,1.149261742830276489e-01,1.555265337228775024e-01,1.149261742830276489e-01,6.499246507883071899e-02,-1.338909119367599487e-01,-3.105817735195159912e-01,3.017099341377615929e-03
-3.582812100648880005e-02
-2.439657896757125854e-01,3.920741081237792969e-01,1.515531390905380249e-01,1.212589368224143982e-01,1.208798661828041077e-01,1.212589368224143982e-01,1.515531390905380249e-01,3.920741081237792969e-01,-2.439657896757125854e-01
-3.655948936939239502e-01,-2.163547724485397339e-01,6.492704898118972778e-02,4.275783896446228027e-02,8.970936387777328491e-02,4.275783896446228027e-02,6.492704898118972778e-02,-2.163547724485397339e-01,-3.655948936939239502e-01
-3.696253150701522827e-02
-4.824112057685852051e-01,-8.879627287387847900e-02,3.012490570545196533e-01,2.079001963138580322e-01,1.401946395635604858e-01,7.277603447437286377e-02,1.401946395635604858e-01,2.079001963138580322e-01,3.012490570545196533e-01,-8.879627287387847900e-02,-4.824112057685852051e-01
8.666828274726867676e-03,-3.380708694458007812e-01,-1.762619763612747192e-01,5.566785484552383423e-02,4.593351110816001892e-02,1.306865215301513672e-01,4.593351110816001892e-02,5.566785484552383423e-02,-1.762619763612747192e-01,-3.380708694458007812e-01,8.666828274726867676e-03
-3.810866177082061768e-02
-2.521332502365112305e-01,3.890817463397979736e-01,1.826741248369216919e-01,1.170201003551483154e-01,1.429674923419952393e-01,1.170201003551483154e-01,1.826741248369216919e-01,3.890817463397979736e-01,-2.521332502365112305e-01
-3.535581827163696289e-01,-2.548986375331878662e-01,6.644136458635330200e-02,8.965579792857170105e-03,8.002335578203201294e-02,8.965579792857170105e-03,6.644136458635330200e-02,-2.548986375331878662e-01,-3.535581827163696289e-01
-3.926640003919601440e-02
-4.439011812210083008e-01,-1.019590795040130615e-01,2.192640900611877441e-01,2.117851674556732178e-01,1.241812184453010559e-01,1.023038923740386963e-01,1.241812184453010559e-01,2.117851674556732178e-01,2.192640900611877441e-01,-1.019590795040130615e-01,-4.439011812210083008e-01
7.297241687774658203e-02,-2.632071673870086670e-01,-1.722510308027267456e-01,1.102435290813446045e-01,1.138099431991577148e-01,1.913746148347854614e-01,1.138099431991577148e-01,1.102435290813446045e-01,-1.722510308027267456e-01,-2.632071673870086670e-01,7.297241687774658203e-02
-4.043562710285186768e-02
-2.436589300632476807e-01,3.798184394836425781e-01,2.282658815383911133e-01,1.155442595481872559e-01,1.818488389253616333e-01,1.155442595481872559e-01,2.282658815383911133e-01,3.798184394836425781e-01,-2.436589300632476807e-01
-3.501312136650085449e-01,-2.604073286056518555e-01,8.556354045867919922e-02,9.480737149715423584e-03,7.426673173904418945e-02,9.480737149715423584e-03,8.556354045867919922e-02,-2.604073286056518555e-01,-3.501312136650085449e-01
-4.161622747778892517e-02
-4.674450159072875977e-01,-1.448788493871688843e-01,1.589398235082626343e-01,2.211391925811767578e-01,9.049540758132934570e-02,9.737421572208404541e-02,9.049540758132934570e-02,2.211391925811767578e-01,1.589398235082626343e-01,-1.448788493871688843e-01,-4.674450159072875977e-01
1.612448543310165405e-01,-2.341335564851760864e-01,-1.554286330938339233e-01,1.025785133242607117e-01,1.467010527849197388e-01,2.297340631484985352e-01,1.467010527849197388e-01,1.025785133242607117e-01,-1.554286330938339233e-01,-2.341335564851760864e-01,1.612448543310165405e-01
-4.280810058116912842e-02
-2.672757506370544434e-01,3.210758864879608154e-01,2.236881852149963379e-01,8.507344126701354980e-02,1.879167854785919189e-01,8.507344126701354980e-02,2.236881852149963379e-01,3.210758864879608154e-01,-2.672757506370544434e-01
-3.469735085964202881e-01,-2.647361457347869873e-01,7.587293535470962524e-02,4.673638567328453064e-02,8.392893522977828979e-02,4.673638567328453064e-02,7.587293535470962524e-02,-2.647361457347869873e-01,-3.469735085964202881e-01
-4.401113837957382202e-02
-4.453487694263458252e-01,-8.619040250778198242e-02,2.363584190607070923e-01,2.814612388610839844e-01,8.350011706352233887e-02,1.084436550736427307e-01,8.350011706352233887e-02,2.814612388610839844e-01,2.363584190607070923e-01,-8.619040250778198242e-02,-4.453487694263458252e-01
2.009089440107345581e-01,-2.890637516975402832e-01,-2.024701684713363647e-01,3.419819101691246033e-02,7.532609999179840088e-02,1.245195120573043823e-01,7.532609999179840088e-02,3.419819101691246033e-02,-2.024701684713363647e-01,-2.890637516975402832e-01,2.009089440107345581e-01
-4.522523283958435059e-02
-2.716437280178070068e-01,3.451969325542449951e-01,2.667264938354492188e-01,9.719110280275344849e-02,2.124831229448318481e-01,9.719110280275344849e-02,2.667264938354492188e-01,3.451969325542449951e-01,-2.716437280178070068e-01
-3.539947271347045898e-01,-2.571058869361877441e-01,5.348293855786323547e-02,3.517946600914001465e-02,4.231003671884536743e-02,3.517946600914001465e-02,5.348293855786323547e-02,-2.571058869361877441e-01,-3.539947271347045898e-01
-4.645029082894325256e-02
-4.143667221069335938e-01,-1.065338328480720520e-01,2.226130962371826172e-01,2.870209515094757080e-01,7.733066380023956299e-02,1.090046688914299011e-01,7.733066380023956299e-02,2.870209515094757080e-01,2.226130962371826172e-01,-1.065338328480720520e-01,-4.143667221069335938e-01
2.738718986511230469e-01,-2.946133315563201904e-01,-2.043158262968063354e-01,-2.272942569106817245e-03,8.448152244091033936e-02,9.785941988229751587e-02,8.448152244091033936e-02,-2.272942569106817245e-03,-2.043158262968063354e-01,-2.946133315563201904e-01,2.738718986511230469e-01
-4.768621549010276794e-02
-3.084082305431365967e-01,3.295948207378387451e-01,2.702642977237701416e-01,9.726978093385696411e-02,2.119135707616806030e-01,9.726978093385696411e-02,2.702642977237701416e-01,3.295948207378387451e-01,-3.084082305431365967e-01
-3.688399195671081543e-01,-2.403005957603454590e-01,4.632244259119033813e-02,6.555498391389846802e-02,2.833167649805545807e-02,6.555498391389846802e-02,4.632244259119033813e-02,-2.403005957603454590e-01,-3.688399195671081543e-01
-4.893290624022483826e-02
-3.754393160343170166e-01,-1.608009189367294312e-01,1.588752418756484985e-01,2.622686922550201416e-01,9.729513525962829590e-02,1.269378513097763062e-01,9.729513525962829590e-02,2.622686922550201416e-01,1.588752418756484985e-01,-1.608009189367294312e-01,-3.754393160343170166e-01
3.175266087055206299e-01,-2.930511236190795898e-01,-1.941103041172027588e-01,-5.185003392398357391e-03,1.435021907091140747e-01,1.114618480205535889e-01,1.435021907091140747e-01,-5.185003392398357391e-03,-1.941103041172027588e-01,-2.930511236190795898e-01,3.175266087055206299e-01
-5.019027367234230042e-02
-3.258595466613769531e-01,3.248328864574432373e-01,2.403159588575363159e-01,1.064817011356353760e-01,2.133221775293350220e-01,1.064817011356353760e-01,2.403159588575363159e-01,3.248328864574432373e-01,-3.258595466613769531e-01
-3.699459731578826904e-01,-2.501605153083801270e-01,-6.749842315912246704e-03,7.302255183458328247e-02,1.513951085507869720e-02,7.302255183458328247e-02,-6.749842315912246704e-03,-2.501605153083801270e-01,-3.699459731578826904e-01
-5.145822837948799133e-02
-2.952330708503723145e-01,-1.959132552146911621e-01,1.611671745777130127e-01,2.461988478899002075e-01,9.764101356267929077e-02,1.033369898796081543e-01,9.764101356267929077e-02,2.461988478899002075e-01,1.611671745777130127e-01,-1.959132552146911621e-01,-2.952330708503723145e-01
3.954888880252838135e-01,-2.871240675449371338e-01,-2.056122422218322754e-01,-4.756782576441764832e-02,1.261185258626937866e-01,6.576912105083465576e-02,1.261185258626937866e-01,-4.756782576441764832e-02,-2.056122422218322754e-01,-2.871240675449371338e-01,3.954888880252838135e-01
-5.273668467998504639e-02
-3.801490664482116699e-01,3.058314621448516846e-01,2.125686109066009521e-01,1.136626750230789185e-01,1.928673535585403442e-01,1.136626750230789185e-01,2.125686109066009521e-01,3.058314621448516846e-01,-3.801490664482116699e-01
-3.576592206954956055e-01,-2.602091431617736816e-01,-3.698854148387908936e-02,8.633953332901000977e-02,6.279399618506431580e-03,8.633953332901000977e-02,-3.698854148387908936e-02,-2.602091431617736816e-01,-3.576592206954956055e-01
-5.402555316686630249e-02
-2.193094789981842041e-01,-2.161786556243896484e-01,2.102017700672149658e-01,2.427377700805664062e-01,1.055729091167449951e-01,8.316902816295623779e-02,1.055729091167449951e-01,2.427377700805664062e-01,2.102017700672149658e-01,-2.161786556243896484e-01,-2.193094789981842041e-01
4.469127655029296875e-01,-2.953707575798034668e-01,-2.250228077173233032e-01,-7.690343260765075684e-02,8.874490857124328613e-02,1.946805790066719055e-02,8.874490857124328613e-02,-7.690343260765075684e-02,-2.250228077173233032e-01,-2.953707575798034668e-01,4.469127655029296875e-01
-5.532475188374519348e-02
-4.259996712207794189e-01,3.038846552371978760e-01,1.893283575773239136e-01,1.313915848731994629e-01,1.821782886981964111e-01,1.313915848731994629e-01,1.893283575773239136e-01,3.038846552371978760e-01,-4.259996712207794189e-01
-3.333510160446166992e-01,-2.691703438758850098e-01,-5.717180669307708740e-02,8.656422793865203857e-02,1.352331601083278656e-03,8.656422793865203857e-02,-5.717180669307708740e-02,-2.691703438758850098e-01,-3.333510160446166992e-01
-5.663419887423515320e-02
-1.144187673926353455e-01,-2.475427389144897461e-01,2.163784354925155640e-01,2.242091298103332520e-01,1.242142617702484131e-01,7.340424507856369019e-02,1.242142617702484131e-01,2.242091298103332520e-01,2.163784354925155640e-01,-2.475427389144897461e-01,-1.144187673926353455e-01
4.672684967517852783e-01,-2.839887738227844238e-01,-2.389858961105346680e-01,-7.319963723421096802e-02,8.164297789335250854e-02,6.531232967972755432e-03,8.164297789335250854e-02,-7.319963723421096802e-02,-2.389858961105346680e-01,-2.839887738227844238e-01,4.672684967517852783e-01
-5.795381590723991394e-02
-4.547360837459564209e-01,3.111649155616760254e-01,2.121308892965316772e-01,1.672341078519821167e-01,1.795189231634140015e-01,1.672341078519821167e-01,2.121308892965316772e-01,3.111649155616760254e-01,-4.547360837459564209e-01
-2.806388139724731445e-01,-2.534337043762207031e-01,-3.271593153476715088e-02,1.009434014558792114e-01,1.520245056599378586e-02,1.009434014558792114e-01,-3.271593153476715088e-02,-2.534337043762207031e-01,-2.806388139724731445e-01
-5.928352475166320801e-02
-5.906330794095993042e-02,-2.970132529735565186e-01,1.976865977048873901e-01,1.904206126928329468e-01,1.364464461803436279e-01,6.249213591217994690e-02,1.364464461803436279e-01,1.904206126928329468e-01,1.976865977048873901e-01,-2.970132529735565186e-01,-5.906330794095993042e-02
4.636059999465942383e-01,-2.631148695945739746e-01,-2.599203288555145264e-01,-7.064761966466903687e-02,8.176793903112411499e-02,4.260096466168761253e-04,8.176793903112411499e-02,-7.064761966466903687e-02,-2.599203288555145264e-01,-2.631148695945739746e-01,4.636059999465942383e-01
-6.062324717640876770e-02
-4.746263623237609863e-01,3.006833791732788086e-01,2.001944482326507568e-01,1.750016063451766968e-01,1.553467065095901489e-01,1.750016063451766968e-01,2.001944482326507568e-01,3.006833791732788086e-01,-4.746263623237609863e-01
-2.219145148992538452e-01,-2.663837969303131104e-01,-1.474012527614831924e-02,9.464694559574127197e-02,1.096714171580970287e-03,9.464694559574127197e-02,-1.474012527614831924e-02,-2.663837969303131104e-01,-2.219145148992538452e-01
-6.197291612625122070e-02
1.295172572135925293e-01,-2.638106346130371094e-01,2.720168530941009521e-01,2.556098997592926025e-01,2.119978666305541992e-01,1.134610325098037720e-01,2.119978666305541992e-01,2.556098997592926025e-01,2.720168530941009521e-01,-2.638106346130371094e-01,1.295172572135925293e-01
4.910777509212493896e-01,-1.801834553480148315e-01,-2.341618835926055908e-01,-8.112314157187938690e-03,8.697319775819778442e-02,4.466859251260757446e-02,8.697319775819778442e-02,-8.112314157187938690e-03,-2.341618835926055908e-01,-1.801834553480148315e-01,4.910777509212493896e-01
-6.333244591951370239e-02
-5.209202766418457031e-01,2.635959386825561523e-01,1.330242305994033813e-01,1.912985593080520630e-01,1.749488562345504761e-01,1.912985593080520630e-01,1.330242305994033813e-01,2.635959386825561523e-01,-5.209202766418457031e-01
-2.209741026163101196e-01,-3.114382922649383545e-01,-5.771927535533905029e-02,8.215356618165969849e-02,5.014381185173988342e-02,8.215356618165969849e-02,-5.771927535533905029e-02,-3.114382922649383545e-01,-2.209741026163101196e-01
-6.470178067684173584e-02
2.836025059223175049e-01,-2.611631751060485840e-01,2.350934147834777832e-01,2.247804105281829834e-01,2.434137612581253052e-01,1.376497149467468262e-01,2.434137612581253052e-01,2.247804105281829834e-01,2.350934147834777832e-01,-2.611631751060485840e-01,2.836025059223175049e-01
4.841359257698059082e-01,-5.854102969169616699e-02,-1.502390950918197632e-01,1.977205723524093628e-01,2.119876742362976074e-01,1.626886427402496338e-01,2.119876742362976074e-01,1.977205723524093628e-01,-1.502390950918197632e-01,-5.854102969169616699e-02,4.841359257698059082e-01
-6.608083844184875488e-02
-5.488360524177551270e-01,2.523089349269866943e-01,1.025061011314392090e-01,2.542373538017272949e-01,2.941671907901763916e-01,2.542373538017272949e-01,1.025061011314392090e-01,2.523089349269866943e-01,-5.488360524177551270e-01
-1.694349795579910278e-01,-3.041547834873199463e-01,-7.535384595394134521e-02,9.483455121517181396e-02,1.614714860916137695e-01,9.483455121517181396e-02,-7.535384595394134521e-02,-3.041547834873199463e-01,-1.694349795579910278e-01
-6.746955960988998413e-02
3.343896567821502686e-01,-2.660094797611236572e-01,2.402130067348480225e-01,2.398891299962997437e-01,2.490122169256210327e-01,1.332904845476150513e-01,2.490122169256210327e-01,2.398891299962997437e-01,2.402130067348480225e-01,-2.660094797611236572e-01,3.343896567821502686e-01
4.194878637790679932e-01,-3.831526264548301697e-02,-2.060436308383941650e-01,1.498237401247024536e-01,1.674932390451431274e-01,1.463571339845657349e-01,1.674932390451431274e-01,1.498237401247024536e-01,-2.060436308383941650e-01,-3.831526264548301697e-02,4.194878637790679932e-01
-6.886786967515945435e-02
-5.378854870796203613e-01,2.196429520845413208e-01,9.908154606819152832e-02,2.610607743263244629e-01,2.995238304138183594e-01,2.610607743263244629e-01,9.908154606819152832e-02,2.196429520845413208e-01,-5.378854870796203613e-01
-1.003847792744636536e-01,-3.298760950565338135e-01,-5.555124580860137939e-02,8.783896267414093018e-02,1.597927212715148926e-01,8.783896267414093018e-02,-5.555124580860137939e-02,-3.298760950565338135e-01,-1.003847792744636536e-01
-7.027571648359298706e-02
3.821641802787780762e-01,-2.546698749065399170e-01,1.832671165466308594e-01,1.834968626499176025e-01,1.967536807060241699e-01,6.400868296623229980e-02,1.967536807060241699e-01,1.834968626499176025e-01,1.832671165466308594e-01,-2.546698749065399170e-01,3.821641802787780762e-01
3.660498559474945068e-01,2.587733231484889984e-02,-1.796904057264328003e-01,3.073988854885101318e-01,1.856151670217514038e-01,1.826441287994384766e-01,1.856151670217514038e-01,3.073988854885101318e-01,-1.796904057264328003e-01,2.587733231484889984e-02,3.660498559474945068e-01
-7.169301807880401611e-02
-5.462882518768310547e-01,1.875494569540023804e-01,1.204049065709114075e-01,2.671664357185363770e-01,3.070514798164367676e-01,2.671664357185363770e-01,1.204049065709114075e-01,1.875494569540023804e-01,-5.462882518768310547e-01
-3.465416282415390015e-02,-3.388742804527282715e-01,-3.611923381686210632e-02,7.877283543348312378e-02,1.740374118089675903e-01,7.877283543348312378e-02,-3.611923381686210632e-02,-3.388742804527282715e-01,-3.465416282415390015e-02
-7.311972230672836304e-02
4.406600892543792725e-01,-1.903348863124847412e-01,2.292322367429733276e-01,1.652215868234634399e-01,1.230583414435386658e-01,-5.752626806497573853e-03,1.230583414435386658e-01,1.652215868234634399e-01,2.292322367429733276e-01,-1.903348863124847412e-01,4.406600892543792725e-01
3.221421241760253906e-01,1.380564272403717041e-01,-6.688416749238967896e-02,4.124412834644317627e-01,1.575179994106292725e-01,1.678411513566970825e-01,1.575179994106292725e-01,4.124412834644317627e-01,-6.688416749238967896e-02,1.380564272403717041e-01,3.221421241760253906e-01
-7.455576956272125244e-02
-5.479840636253356934e-01,1.647980660200119019e-01,1.299084722995758057e-01,2.609224915504455566e-01,2.988888323307037354e-01,2.609224915504455566e-01,1.299084722995758057e-01,1.647980660200119019e-01,-5.479840636253356934e-01
-1.009955070912837982e-02,-3.826588094234466553e-01,-4.316295310854911804e-02,3.399817273020744324e-02,1.370411962270736694e-01,3.399817273020744324e-02,-4.316295310854911804e-02,-3.826588094234466553e-01,-1.009955070912837982e-02
-7.600108534097671509e-02
4.676662087440490723e-01,-1.318493783473968506e-01,2.647607326507568359e-01,1.601034551858901978e-01,3.079191036522388458e-02,-7.741536200046539307e-02,3.079191036522388458e-02,1.601034551858901978e-01,2.647607326507568359e-01,-1.318493783473968506e-01,4.676662087440490723e-01
2.430094033479690552e-01,2.177051454782485962e-01,-1.928614638745784760e-02,3.979829847812652588e-01,1.285987347364425659e-01,1.604613959789276123e-01,1.285987347364425659e-01,3.979829847812652588e-01,-1.928614638745784760e-02,2.177051454782485962e-01,2.430094033479690552e-01
-7.745563238859176636e-02
-5.342398881912231445e-01,1.241708546876907349e-01,1.521909832954406738e-01,2.562399506568908691e-01,2.993688583374023438e-01,2.562399506568908691e-01,1.521909832954406738e-01,1.241708546876907349e-01,-5.342398881912231445e-01
4.507361352443695068e-02,-4.032639563083648682e-01,-3.244397044181823730e-02,1.783888600766658783e-02,1.180868446826934814e-01,1.783888600766658783e-02,-3.244397044181823730e-02,-4.032639563083648682e-01,4.507361352443695068e-02
-7.891933619976043701e-02
4.665256142616271973e-01,-1.465017497539520264e-01,2.220974415540695190e-01,2.151526659727096558e-01,9.911305457353591919e-02,-5.211018724367022514e-04,9.911305457353591919e-02,2.151526659727096558e-01,2.220974415540695190e-01,-1.465017497539520264e-01,4.665256142616271973e-01
2.179732322692871094e-01,2.137146741151809692e-01,-1.050808876752853394e-01,3.891204297542572021e-01,1.243042126297950745e-01,1.725956350564956665e-01,1.243042126297950745e-01,3.891204297542572021e-01,-1.050808876752853394e-01,2.137146741151809692e-01,2.179732322692871094e-01
-8.039214462041854858e-02
-5.189375281333923340e-01,5.014540255069732666e-02,1.920557022094726562e-01,2.550821602344512939e-01,2.940058112144470215e-01,2.550821602344512939e-01,1.920557022094726562e-01,5.014540255069732666e-02,-5.189375281333923340e-01
1.139729022979736328e-01,-4.023616313934326172e-01,-7.597056683152914047e-03,4.945274442434310913e-02,1.340349763631820679e-01,4.945274442434310913e-02,-7.597056683152914047e-03,-4.023616313934326172e-01,1.139729022979736328e-01
-8.187400549650192261e-02
5.004028081893920898e-01,-7.552815973758697510e-02,2.413542866706848145e-01,2.148538380861282349e-01,-3.363071009516716003e-02,-1.033070981502532959e-01,-3.363071009516716003e-02,2.148538380861282349e-01,2.413542866706848145e-01,-7.552815973758697510e-02,5.004028081893920898e-01
1.350831687450408936e-01,2.547848522663116455e-01,-7.648085057735443115e-02,3.691345453262329102e-01,9.639929980039596558e-02,1.528018116950988770e-01,9.639929980039596558e-02,3.691345453262329102e-01,-7.648085057735443115e-02,2.547848522663116455e-01,1.350831687450408936e-01
-8.336485922336578369e-02
-4.920378327369689941e-01,3.664735332131385803e-02,2.128496468067169189e-01,2.510814070701599121e-01,3.118967711925506592e-01,2.510814070701599121e-01,2.128496468067169189e-01,3.664735332131385803e-02,-4.920378327369689941e-01
1.498314291238784790e-01,-4.231632351875305176e-01,-1.590091548860073090e-02,1.499845739454030991e-02,9.048811346292495728e-02,1.499845739454030991e-02,-1.590091548860073090e-02,-4.231632351875305176e-01,1.498314291238784790e-01
-8.486464619636535645e-02
4.611870646476745605e-01,-1.441659033298492432e-01,1.501776427030563354e-01,3.204294443130493164e-01,1.477579176425933838e-01,8.910050243139266968e-02,1.477579176425933838e-01,3.204294443130493164e-01,1.501776427030563354e-01,-1.441659033298492432e-01,4.611870646476745605e-01
1.514678597450256348e-01,2.542142271995544434e-01,-1.848632991313934326e-01,3.325346112251281738e-01,1.287010610103607178e-01,1.822753846645355225e-01,1.287010610103607178e-01,3.325346112251281738e-01,-1.848632991313934326e-01,2.542142271995544434e-01,1.514678597450256348e-01
-8.637332916259765625e-02
-4.742227494716644287e-01,-2.012803778052330017e-02,2.362061142921447754e-01,2.479636967182159424e-01,3.201030194759368896e-01,2.479636967182159424e-01,2.362061142921447754e-01,-2.012803778052330017e-02,-4.742227494716644287e-01
1.804478466510772705e-01,-4.255186319351196289e-01,-1.408811192959547043e-02,3.245982155203819275e-02,9.381368011236190796e-02,3.245982155203819275e-02,-1.408811192959547043e-02,-4.255186319351196289e-01,1.804478466510772705e-01
-8.789084106683731079e-02
4.801688790321350098e-01,-5.046930909156799316e-02,1.772297173738479614e-01,2.719191610813140869e-01,4.507690295577049255e-02,1.288075558841228485e-02,4.507690295577049255e-02,2.719191610813140869e-01,1.772297173738479614e-01,-5.046930909156799316e-02,4.801688790321350098e-01
1.021392717957496643e-01,3.066335022449493408e-01,-1.391379982233047485e-01,3.136741220951080322e-01,1.071848273277282715e-01,1.829051822423934937e-01,1.071848273277282715e-01,3.136741220951080322e-01,-1.391379982233047485e-01,3.066335022449493408e-01,1.021392717957496643e-01
-8.941713720560073853e-02
-4.464381933212280273e-01,-6.474526971578598022e-02,2.590547204017639160e-01,2.421702146530151367e-01,3.255174458026885986e-01,2.421702146530151367e-01,2.590547204017639160e-01,-6.474526971578598022e-02,-4.464381933212280273e-01
2.239701002836227417e-01,-4.252025783061981201e-01,-2.473739162087440491e-02,3.053510561585426331e-02,7.599326968193054199e-02,3.053510561585426331e-02,-2.473739162087440491e-02,-4.252025783061981201e-01,2.239701002836227417e-01
-9.095217287540435791e-02
4.761103391647338867e-01,-1.025064960122108459e-01,5.593258515000343323e-02,3.036316931247711182e-01,1.213644966483116150e-01,1.115170866250991821e-01,1.213644966483116150e-01,3.036316931247711182e-01,5.593258515000343323e-02,-1.025064960122108459e-01,4.761103391647338867e-01
9.803947806358337402e-02,2.991243600845336914e-01,-2.186684757471084595e-01,2.541728019714355469e-01,1.400546878576278687e-01,1.865297704935073853e-01,1.400546878576278687e-01,2.541728019714355469e-01,-2.186684757471084595e-01,2.991243600845336914e-01,9.803947806358337402e-02
-9.249588847160339355e-02
-4.212936162948608398e-01,-9.810877591371536255e-02,2.736724913120269775e-01,2.351208478212356567e-01,3.347093164920806885e-01,2.351208478212356567e-01,2.736724913120269775e-01,-9.810877591371536255e-02,-4.212936162948608398e-01
2.459683269262313843e-01,-4.303045570850372314e-01,-4.165271669626235962e-02,1.490251440554857254e-02,3.678858280181884766e-02,1.490251440554857254e-02,-4.165271669626235962e-02,-4.303045570850372314e-01,2.459683269262313843e-01
-9.404823929071426392e-02
4.612359106540679932e-01,-1.235562264919281006e-01,-1.950368098914623260e-02,3.394134640693664551e-01,1.694054156541824341e-01,1.816172152757644653e-01,1.694054156541824341e-01,3.394134640693664551e-01,-1.950368098914623260e-02,-1.235562264919281006e-01,4.612359106540679932e-01
7.102607935667037964e-02,2.898798584938049316e-01,-2.718130946159362793e-01,1.634308695793151855e-01,1.401546597480773926e-01,1.566521227359771729e-01,1.401546597480773926e-01,1.634308695793151855e-01,-2.718130946159362793e-01,2.898798584938049316e-01,7.102607935667037964e-02
-9.560918062925338745e-02
-3.774176537990570068e-01,-1.342690587043762207e-01,2.950390577316284180e-01,2.332836091518402100e-01,3.426664471626281738e-01,2.332836091518402100e-01,2.950390577316284180e-01,-1.342690587043762207e-01,-3.774176537990570068e-01
2.871488034725189209e-01,-4.087840318679809570e-01,-4.494689777493476868e-02,2.399622835218906403e-02,1.096152234822511673e-02,2.399622835218906403e-02,-4.494689777493476868e-02,-4.087840318679809570e-01,2.871488034725189209e-01
-9.717866033315658569e-02
4.514594972133636475e-01,-7.003436982631683350e-02,-3.093704581260681152e-02,3.398216366767883301e-01,1.424302756786346436e-01,1.664490252733230591e-01,1.424302756786346436e-01,3.398216366767883301e-01,-3.093704581260681152e-02,-7.003436982631683350e-02,4.514594972133636475e-01
5.337518081068992615e-02,3.183129131793975830e-01,-2.424727827310562134e-01,1.632515490055084229e-01,1.513805985450744629e-01,1.720818132162094116e-01,1.513805985450744629e-01,1.632515490055084229e-01,-2.424727827310562134e-01,3.183129131793975830e-01,5.337518081068992615e-02
-9.875663369894027710e-02
-3.533888757228851318e-01,-1.720698177814483643e-01,3.081880807876586914e-01,2.292834222316741943e-01,3.469047546386718750e-01,2.292834222316741943e-01,3.081880807876586914e-01,-1.720698177814483643e-01,-3.533888757228851318e-01
3.019883930683135986e-01,-4.047826528549194336e-01,-6.946344673633575439e-02,2.948649227619171143e-02,-2.059235004708170891e-03,2.948649227619171143e-02,-6.946344673633575439e-02,-4.047826528549194336e-01,3.019883930683135986e-01
-1.003430560231208801e-01
4.563630223274230957e-01,-2.831440791487693787e-02,-4.501757025718688965e-02,3.491099476814270020e-01,1.293077319860458374e-01,1.678390204906463623e-01,1.293077319860458374e-01,3.491099476814270020e-01,-4.501757025718688965e-02,-2.831440791487693787e-02,4.563630223274230957e-01
2.403641492128372192e-02,3.352253735065460205e-01,-2.221920788288116455e-01,1.492785811424255371e-01,1.645995825529098511e-01,1.654283255338668823e-01,1.645995825529098511e-01,1.492785811424255371e-01,-2.221920788288116455e-01,3.352253735065460205e-01,2.403641492128372192e-02
-1.019378826022148132e-01
-3.238545060157775879e-01,-2.007905095815658569e-01,3.203441202640533447e-01,2.286351323127746582e-01,3.536534607410430908e-01,2.286351323127746582e-01,3.203441202640533447e-01,-2.007905095815658569e-01,-3.238545060157775879e-01
3.183607161045074463e-01,-3.935558795928955078e-01,-8.774915337562561035e-02,2.661275491118431091e-02,-4.020924866199493408e-02,2.661275491118431091e-02,-8.774915337562561035e-02,-3.935558795928955078e-01,3.183607161045074463e-01
-1.035410687327384949e-01
4.369257092475891113e-01,-9.815291315317153931e-02,-1.401678323745727539e-01,3.991313278675079346e-01,2.199479341506958008e-01,2.850913703441619873e-01,2.199479341506958008e-01,3.991313278675079346e-01,-1.401678323745727539e-01,-9.815291315317153931e-02,4.369257092475891113e-01
-9.543341584503650665e-04,3.170050978660583496e-01,-2.742513716220855713e-01,1.693364605307579041e-02,1.026358604431152344e-01,2.482499927282333374e-02,1.026358604431152344e-01,1.693364605307579041e-02,-2.742513716220855713e-01,3.170050978660583496e-01,-9.543341584503650665e-04
-1.051525771617889404e-01
-2.903140187263488770e-01,-2.357354462146759033e-01,3.276489675045013428e-01,2.281529307365417480e-01,3.554067015647888184e-01,2.281529307365417480e-01,3.276489675045013428e-01,-2.357354462146759033e-01,-2.903140187263488770e-01
3.347822427749633789e-01,-3.715959787368774414e-01,-1.041669696569442749e-01,3.896383196115493774e-02,-5.909442529082298279e-02,3.896383196115493774e-02,-1.041669696569442749e-01,-3.715959787368774414e-01,3.347822427749633789e-01
-1.067723557353019714e-01
4.424659013748168945e-01,-2.905530482530593872e-02,-1.396998614072799683e-01,3.781886696815490723e-01,1.762838810682296753e-01,2.395028173923492432e-01,1.762838810682296753e-01,3.781886696815490723e-01,-1.396998614072799683e-01,-2.905530482530593872e-02,4.424659013748168945e-01
-1.969991810619831085e-02,3.294261395931243896e-01,-2.309688031673431396e-01,5.139404535293579102e-02,1.823819875717163086e-01,8.746232092380523682e-02,1.823819875717163086e-01,5.139404535293579102e-02,-2.309688031673431396e-01,3.294261395931243896e-01,-1.969991810619831085e-02
-1.084003672003746033e-01
-2.495501488447189331e-01,-2.621110677719116211e-01,3.336374759674072266e-01,2.291389405727386475e-01,3.561985492706298828e-01,2.291389405727386475e-01,3.336374759674072266e-01,-2.621110677719116211e-01,-2.495501488447189331e-01
3.607667386531829834e-01,-3.457186818122863770e-01,-1.223380640149116516e-01,4.153035208582878113e-02,-9.597580879926681519e-02,4.153035208582878113e-02,-1.223380640149116516e-01,-3.457186818122863770e-01,3.607667386531829834e-01
-1.100365743041038513e-01
4.349467754364013672e-01,-3.270015865564346313e-02,-1.757435649633407593e-01,4.107672274112701416e-01,2.187826484441757202e-01,2.911359071731567383e-01,2.187826484441757202e-01,4.107672274112701416e-01,-1.757435649633407593e-01,-3.270015865564346313e-02,4.349467754364013672e-01
-2.500985749065876007e-02,3.312037587165832520e-01,-2.342051565647125244e-01,-1.277361158281564713e-02,1.466819196939468384e-01,2.714723907411098480e-02,1.466819196939468384e-01,-1.277361158281564713e-02,-2.342051565647125244e-01,3.312037587165832520e-01,-2.500985749065876007e-02
-1.116809248924255371e-01
-2.315477430820465088e-01,-2.837752103805541992e-01,3.370292186737060547e-01,2.315296828746795654e-01,3.571129441261291504e-01,2.315296828746795654e-01,3.370292186737060547e-01,-2.837752103805541992e-01,-2.315477430820465088e-01
3.558489978313446045e-01,-3.385148644447326660e-01,-1.508567780256271362e-01,3.982839360833168030e-02,-1.128338426351547241e-01,3.982839360833168030e-02,-1.508567780256271362e-01,-3.385148644447326660e-01,3.558489978313446045e-01
-1.133333891630172729e-01
3.927597403526306152e-01,-4.985489323735237122e-02,-2.146520167589187622e-01,4.166799187660217285e-01,2.469918131828308105e-01,3.232399821281433105e-01,2.469918131828308105e-01,4.166799187660217285e-01,-2.146520167589187622e-01,-4.985489323735237122e-02,3.927597403526306152e-01
5.612910259515047073e-03,3.372384309768676758e-01,-2.402686774730682373e-01,-8.731510490179061890e-02,8.821585774421691895e-02,-4.916048794984817505e-02,8.821585774421691895e-02,-8.731510490179061890e-02,-2.402686774730682373e-01,3.372384309768676758e-01,5.612910259515047073e-03
-1.149939149618148804e-01
-1.955129355192184448e-01,-3.076628148555755615e-01,3.300161063671112061e-01,2.316596060991287231e-01,3.537942171096801758e-01,2.316596060991287231e-01,3.300161063671112061e-01,-3.076628148555755615e-01,-1.955129355192184448e-01
3.601176738739013672e-01,-3.149291276931762695e-01,-1.715076267719268799e-01,4.671799391508102417e-02,-1.418236047029495239e-01,4.671799391508102417e-02,-1.715076267719268799e-01,-3.149291276931762695e-01,3.601176738739013672e-01
-1.166624799370765686e-01
3.227500617504119873e-01,2.365099340677261353e-01,2.125548571348190308e-02,3.968768715858459473e-01,-4.968615993857383728e-02,5.164497415535151958e-04,-4.968615993857383728e-02,3.968768715858459473e-01,2.125548571348190308e-02,2.365099340677261353e-01,3.227500617504119873e-01
-9.729465097188949585e-02,3.454049825668334961e-01,-4.145882278680801392e-02,1.621986627578735352e-01,2.529358267784118652e-01,1.769917756319046021e-01,2.529358267784118652e-01,1.621986627578735352e-01,-4.145882278680801392e-02,3.454049825668334961e-01,-9.729465097188949585e-02
-1.183390393853187561e-01
-1.637573391199111938e-01,-3.209136128425598145e-01,3.412669301033020020e-01,2.374960482120513916e-01,3.452531993389129639e-01,2.374960482120513916e-01,3.412669301033020020e-01,-3.209136128425598145e-01,-1.637573391199111938e-01
3.740340471267700195e-01,-2.867912948131561279e-01,-1.856435537338256836e-01,5.567281320691108704e-02,-1.690282225608825684e-01,5.567281320691108704e-02,-1.856435537338256836e-01,-2.867912948131561279e-01,3.740340471267700195e-01
-1.200235486030578613e-01
3.466753959655761719e-01,-4.442355781793594360e-02,-2.588742673397064209e-01,4.054509401321411133e-01,2.640945315361022949e-01,3.359169065952301025e-01,2.640945315361022949e-01,4.054509401321411133e-01,-2.588742673397064209e-01,-4.442355781793594360e-02,3.466753959655761719e-01
4.571676999330520630e-02,3.307120203971862793e-01,-2.273631095886230469e-01,-1.686569899320602417e-01,4.682508483529090881e-02,-1.246927455067634583e-01,4.682508483529090881e-02,-1.686569899320602417e-01,-2.273631095886230469e-01,3.307120203971862793e-01,4.571676999330520630e-02
-1.217159777879714966e-01
-1.262355744838714600e-01,-3.331122696399688721e-01,3.383539021015167236e-01,2.403309643268585205e-01,3.361358642578125000e-01,2.403309643268585205e-01,3.383539021015167236e-01,-3.331122696399688721e-01,-1.262355744838714600e-01
3.810407817363739014e-01,-2.602249681949615479e-01,-2.046566009521484375e-01,6.288151443004608154e-02,-1.925100237131118774e-01,6.288151443004608154e-02,-2.046566009521484375e-01,-2.602249681949615479e-01,3.810407817363739014e-01
-1.234162896871566772e-01
3.720933198928833008e-01,6.557826884090900421e-03,-2.539279162883758545e-01,4.086584746837615967e-01,2.635058164596557617e-01,3.218290805816650391e-01,2.635058164596557617e-01,4.086584746837615967e-01,-2.539279162883758545e-01,6.557826884090900421e-03,3.720933198928833008e-01
1.061082445085048676e-02,3.239503800868988037e-01,-1.909769475460052490e-01,-1.589211225509643555e-01,1.209961846470832825e-01,-8.306884765625000000e-02,1.209961846470832825e-01,-1.589211225509643555e-01,-1.909769475460052490e-01,3.239503800868988037e-01,1.061082445085048676e-02
-1.251244395971298218e-01
-9.914709627628326416e-02,-3.433706164360046387e-01,3.360173106193542480e-01,2.455410659313201904e-01,3.267841339111328125e-01,2.455410659313201904e-01,3.360173106193542480e-01,-3.433706164360046387e-01,-9.914709627628326416e-02
3.796682357788085938e-01,-2.389312982559204102e-01,-2.241865247488021851e-01,6.768336892127990723e-02,-2.077241688966751099e-01,6.768336892127990723e-02,-2.241865247488021851e-01,-2.389312982559204102e-01,3.796682357788085938e-01
-1.268403977155685425e-01
2.882536947727203369e-01,-5.782697722315788269e-02,-2.935513257980346680e-01,3.782667815685272217e-01,2.724932432174682617e-01,3.328306078910827637e-01,2.724932432174682617e-01,3.782667815685272217e-01,-2.935513257980346680e-01,-5.782697722315788269e-02,2.882536947727203369e-01
1.092171669006347656e-01,3.070014715194702148e-01,-2.198736816644668579e-01,-2.402135282754898071e-01,3.541371226310729980e-02,-1.614302843809127808e-01,3.541371226310729980e-02,-2.402135282754898071e-01,-2.198736816644668579e-01,3.070014715194702148e-01,1.092171669006347656e-01
-1.285641342401504517e-01
-8.059020340442657471e-02,-3.553793728351593018e-01,3.298675119876861572e-01,2.515954077243804932e-01,3.163470029830932617e-01,2.515954077243804932e-01,3.298675119876861572e-01,-3.553793728351593018e-01,-8.059020340442657471e-02
3.690477907657623291e-01,-2.235693931579589844e-01,-2.476518005132675171e-01,7.073210179805755615e-02,-2.057736814022064209e-01,7.073210179805755615e-02,-2.476518005132675171e-01,-2.235693931579589844e-01,3.690477907657623291e-01
-1.302956044673919678e-01
3.201225697994232178e-01,-9.023592807352542877e-03,-2.878268361091613770e-01,3.823816180229187012e-01,2.820955216884613037e-01,3.233381807804107666e-01,2.820955216884613037e-01,3.823816180229187012e-01,-2.878268361091613770e-01,-9.023592807352542877e-03,3.201225697994232178e-01
7.035601139068603516e-02,3.011929094791412354e-01,-1.864375621080398560e-01,-2.393195331096649170e-01,9.466870874166488647e-02,-1.285537332296371460e-01,9.466870874166488647e-02,-2.393195331096649170e-01,-1.864375621080398560e-01,3.011929094791412354e-01,7.035601139068603516e-02
-1.320347785949707031e-01
-5.025082454085350037e-02,-3.563060164451599121e-01,3.285863697528839111e-01,2.623768746852874756e-01,3.097118437290191650e-01,2.623768746852874756e-01,3.285863697528839111e-01,-3.563060164451599121e-01,-5.025082454085350037e-02
3.727959394454956055e-01,-1.935138106346130371e-01,-2.561338245868682861e-01,7.509198039770126343e-02,-2.319617122411727905e-01,7.509198039770126343e-02,-2.561338245868682861e-01,-1.935138106346130371e-01,3.727959394454956055e-01
-1.337816268205642700e-01
2.957848608493804932e-01,-1.834812387824058533e-02,-2.951118350028991699e-01,3.747764825820922852e-01,2.916635274887084961e-01,3.202365934848785400e-01,2.916635274887084961e-01,3.747764825820922852e-01,-2.951118350028991699e-01,-1.834812387824058533e-02,2.957848608493804932e-01
9.894677251577377319e-02,2.895053327083587646e-01,-1.735311150550842285e-01,-2.597174942493438721e-01,8.162175863981246948e-02,-1.650815904140472412e-01,8.162175863981246948e-02,-2.597174942493438721e-01,-1.735311150550842285e-01,2.895053327083587646e-01,9.894677251577377319e-02
-1.355361044406890869e-01
-4.359168186783790588e-02,-3.686268627643585205e-01,3.188274204730987549e-01,2.682955861091613770e-01,2.941170334815979004e-01,2.682955861091613770e-01,3.188274204730987549e-01,-3.686268627643585205e-01,-4.359168186783790588e-02
3.567267060279846191e-01,-1.859037578105926514e-01,-2.864380478858947754e-01,7.128152251243591309e-02,-2.096325606107711792e-01,7.128152251243591309e-02,-2.864380478858947754e-01,-1.859037578105926514e-01,3.567267060279846191e-01
-1.372981965541839600e-01
3.094204664230346680e-01,7.133277598768472672e-03,-2.911363244056701660e-01,3.732680082321166992e-01,3.015401363372802734e-01,3.105219602584838867e-01,3.015401363372802734e-01,3.732680082321166992e-01,-2.911363244056701660e-01,7.133277598768472672e-03,3.094204664230346680e-01
8.246438950300216675e-02,2.782353758811950684e-01,-1.473819464445114136e-01,-2.617216706275939941e-01,1.152018010616302490e-01,-1.516883075237274170e-01,1.152018010616302490e-01,-2.617216706275939941e-01,-1.473819464445114136e-01,2.782353758811950684e-01,8.246438950300216675e-02
-1.390678435564041138e-01
-2.206577546894550323e-02,-3.716725409030914307e-01,3.086496591567993164e-01,2.777720391750335693e-01,2.854147553443908691e-01,2.777720391750335693e-01,3.086496591567993164e-01,-3.716725409030914307e-01,-2.206577546894550323e-02
3.557984232902526855e-01,-1.532317399978637695e-01,-2.914893031120300293e-01,8.036877959966659546e-02,-2.387105077505111694e-01,8.036877959966659546e-02,-2.914893031120300293e-01,-1.532317399978637695e-01,3.557984232902526855e-01
-1.408450454473495483e-01
2.690974175930023193e-01,-1.911971531808376312e-02,-3.034740984439849854e-01,3.512831926345825195e-01,3.102528452873229980e-01,3.095884323120117188e-01,3.102528452873229980e-01,3.512831926345825195e-01,-3.034740984439849854e-01,-1.911971531808376312e-02,2.690974175930023193e-01
1.306998878717422485e-01,2.658744156360626221e-01,-1.450821161270141602e-01,-2.942022085189819336e-01,1.046365201473236084e-01,-1.759483069181442261e-01,1.046365201473236084e-01,-2.942022085189819336e-01,-1.450821161270141602e-01,2.658744156360626221e-01,1.306998878717422485e-01
-1.426297426223754883e-01
-9.658008813858032227e-03,-3.761749863624572754e-01,2.996701300144195557e-01,2.875469028949737549e-01,2.727967798709869385e-01,2.875469028949737549e-01,2.996701300144195557e-01,-3.761749863624572754e-01,-9.658008813858032227e-03
3.468487560749053955e-01,-1.386087387800216675e-01,-3.122658431529998779e-01,7.537584751844406128e-02,-2.294220775365829468e-01,7.537584751844406128e-02,-3.122658431529998779e-01,-1.386087387800216675e-01,3.468487560749053955e-01
-1.444219201803207397e-01
2.876716554164886475e-01,1.376599818468093872e-02,-2.995729446411132812e-01,3.405385911464691162e-01,3.156577348709106445e-01,2.917681932449340820e-01,3.156577348709106445e-01,3.405385911464691162e-01,-2.995729446411132812e-01,1.376599818468093872e-02,2.876716554164886475e-01
1.038903519511222839e-01,2.517774999141693115e-01,-1.195895820856094360e-01,-2.966684699058532715e-01,1.198350861668586731e-01,-1.627774387598037720e-01,1.198350861668586731e-01,-2.966684699058532715e-01,-1.195895820856094360e-01,2.517774999141693115e-01,1.038903519511222839e-01
-1.462215334177017212e-01
1.441330648958683014e-02,-3.719583749771118164e-01,2.969266474246978760e-01,3.038986325263977051e-01,2.660210132598876953e-01,3.038986325263977051e-01,2.969266474246978760e-01,-3.719583749771118164e-01,1.441330648958683014e-02
3.431276679039001465e-01,-1.084864363074302673e-01,-3.114339411258697510e-01,7.833866775035858154e-02,-2.467990219593048096e-01,7.833866775035858154e-02,-3.114339411258697510e-01,-1.084864363074302673e-01,3.431276679039001465e-01
-1.480285674333572388e-01
2.401459664106369019e-01,-2.442808821797370911e-02,-3.062976002693176270e-01,3.233543336391448975e-01,3.273436129093170166e-01,2.913170456886291504e-01,3.273436129093170166e-01,3.233543336391448975e-01,-3.062976002693176270e-01,-2.442808821797370911e-02,2.401459664106369019e-01
1.785348951816558838e-01,2.354566901922225952e-01,-1.290219873189926147e-01,-3.305827081203460693e-01,9.092292189598083496e-02,-1.885348558425903320e-01,9.092292189598083496e-02,-3.305827081203460693e-01,-1.290219873189926147e-01,2.354566901922225952e-01,1.785348951816558838e-01
-1.498429775238037109e-01
2.008823119103908539e-02,-3.765339553356170654e-01,2.853824794292449951e-01,3.137733638286590576e-01,2.517966330051422119e-01,3.137733638286590576e-01,2.853824794292449951e-01,-3.765339553356170654e-01,2.008823119103908539e-02
3.396520316600799561e-01,-8.457153290510177612e-02,-3.248471617698669434e-01,8.722912520170211792e-02,-2.509371936321258545e-01,8.722912520170211792e-02,-3.248471617698669434e-01,-8.457153290510177612e-02,3.396520316600799561e-01
-1.516647487878799438e-01
2.380672097206115723e-01,-2.077723294496536255e-02,-3.003104329109191895e-01,3.184849917888641357e-01,3.406824469566345215e-01,2.842056155204772949e-01,3.406824469566345215e-01,3.184849917888641357e-01,-3.003104329109191895e-01,-2.077723294496536255e-02,2.380672097206115723e-01
1.771815270185470581e-01,2.331359684467315674e-01,-1.020870432257652283e-01,-3.314656019210815430e-01,1.108977347612380981e-01,-2.033732235431671143e-01,1.108977347612380981e-01,-3.314656019210815430e-01,-1.020870432257652283e-01,2.331359684467315674e-01,1.771815270185470581e-01
-1.534938365221023560e-01
2.864995226263999939e-02,-3.738911151885986328e-01,2.755534946918487549e-01,3.239694535732269287e-01,2.395803928375244141e-01,3.239694535732269287e-01,2.755534946918487549e-01,-3.738911151885986328e-01,2.864995226263999939e-02
3.309992551803588867e-01,-7.364746928215026855e-02,-3.412961661815643311e-01,6.582038849592208862e-02,-2.489779889583587646e-01,6.582038849592208862e-02,-3.412961661815643311e-01,-7.364746928215026855e-02,3.309992551803588867e-01
-1.553302258253097534e-01
2.612478435039520264e-01,7.049149367958307266e-03,-2.899179756641387939e-01,3.111945390701293945e-01,3.543215990066528320e-01,2.757953703403472900e-01,3.543215990066528320e-01,3.111945390701293945e-01,-2.899179756641387939e-01,7.049149367958307266e-03,2.612478435039520264e-01
1.636977791786193848e-01,2.221466302871704102e-01,-8.303833752870559692e-02,-3.323740959167480469e-01,1.149995103478431702e-01,-1.985960751771926880e-01,1.149995103478431702e-01,-3.323740959167480469e-01,-8.303833752870559692e-02,2.221466302871704102e-01,1.636977791786193848e-01
-1.571738719940185547e-01
2.121261879801750183e-02,-3.789276182651519775e-01,2.662169337272644043e-01,3.358516693115234375e-01,2.251815348863601685e-01,3.358516693115234375e-01,2.662169337272644043e-01,-3.789276182651519775e-01,2.121261879801750183e-02
3.187784552574157715e-01,-6.589396297931671143e-02,-3.627102971076965332e-01,6.052022427320480347e-02,-2.287099808454513550e-01,6.052022427320480347e-02,-3.627102971076965332e-01,-6.589396297931671143e-02,3.187784552574157715e-01
-1.590247601270675659e-01
2.294873595237731934e-01,-2.098449692130088806e-02,-2.881391346454620361e-01,2.983902096748352051e-01,3.625065982341766357e-01,2.681894302368164062e-01,3.625065982341766357e-01,2.983902096748352051e-01,-2.881391346454620361e-01,-2.098449692130088806e-02,2.294873595237731934e-01
2.026059776544570923e-01,2.133174240589141846e-01,-7.915007323026657104e-02,-3.514932990074157715e-01,1.076943352818489075e-01,-2.096282988786697388e-01,1.076943352818489075e-01,-3.514932990074157715e-01,-7.915007323026657104e-02,2.133174240589141846e-01,2.026059776544570923e-01
-1.608828604221343994e-01
3.486868739128112793e-02,-3.730531334877014160e-01,2.518450617790222168e-01,3.480403125286102295e-01,2.193066030740737915e-01,3.480403125286102295e-01,2.518450617790222168e-01,-3.730531334877014160e-01,3.486868739128112793e-02
3.180618882179260254e-01,-3.879854083061218262e-02,-3.626037240028381348e-01,7.782844454050064087e-02,-2.399119436740875244e-01,7.782844454050064087e-02,-3.626037240028381348e-01,-3.879854083061218262e-02,3.180618882179260254e-01
-1.627481281757354736e-01
2.023805826902389526e-01,-3.695201501250267029e-02,-2.819459438323974609e-01,2.755330801010131836e-01,3.705810308456420898e-01,2.685362398624420166e-01,3.705810308456420898e-01,2.755330801010131836e-01,-2.819459438323974609e-01,-3.695201501250267029e-02,2.023805826902389526e-01
2.412912696599960327e-01,1.973294913768768311e-01,-7.888874411582946777e-02,-3.643741309642791748e-01,1.008485481142997742e-01,-2.139609903097152710e-01,1.008485481142997742e-01,-3.643741309642791748e-01,-7.888874411582946777e-02,1.973294913768768311e-01,2.412912696599960327e-01
-1.646205633878707886e-01
4.225876182317733765e-02,-3.683137893676757812e-01,2.447293102741241455e-01,3.603338599205017090e-01,2.085450738668441772e-01,3.603338599205017090e-01,2.447293102741241455e-01,-3.683137893676757812e-01,4.225876182317733765e-02
3.126396238803863525e-01,-2.656524814665317535e-02,-3.750867247581481934e-01,5.355988442897796631e-02,-2.290833145380020142e-01,5.355988442897796631e-02,-3.750867247581481934e-01,-2.656524814665317535e-02,3.126396238803863525e-01
-1.665001064538955688e-01
1.870777159929275513e-01,-4.674482718110084534e-02,-2.740210592746734619e-01,2.619635462760925293e-01,3.779535591602325439e-01,2.598211169242858887e-01,3.779535591602325439e-01,2.619635462760925293e-01,-2.740210592746734619e-01,-4.674482718110084534e-02,1.870777159929275513e-01
2.656486034393310547e-01,1.859984546899795532e-01,-7.432740926742553711e-02,-3.783592283725738525e-01,8.810187876224517822e-02,-2.081795781850814819e-01,8.810187876224517822e-02,-3.783592283725738525e-01,-7.432740926742553711e-02,1.859984546899795532e-01,2.656486034393310547e-01
-1.683867722749710083e-01
5.947752669453620911e-02,-3.631723225116729736e-01,2.295635193586349487e-01,3.709270656108856201e-01,1.992152929306030273e-01,3.709270656108856201e-01,2.295635193586349487e-01,-3.631723225116729736e-01,5.947752669453620911e-02
3.097846508026123047e-01,-4.897576291114091873e-03,-3.803718686103820801e-01,4.718237370252609253e-02,-2.202313244342803955e-01,4.718237370252609253e-02,-3.803718686103820801e-01,-4.897576291114091873e-03,3.097846508026123047e-01
-1.702805012464523315e-01
2.023185193538665771e-01,-3.396795690059661865e-02,-2.662570476531982422e-01,2.506398260593414307e-01,3.934679329395294189e-01,2.565648853778839111e-01,3.934679329395294189e-01,2.506398260593414307e-01,-2.662570476531982422e-01,-3.396795690059661865e-02,2.023185193538665771e-01
2.538850307464599609e-01,1.837824732065200806e-01,-5.135407298803329468e-02,-3.699873983860015869e-01,1.048344075679779053e-01,-2.194431424140930176e-01,1.048344075679779053e-01,-3.699873983860015869e-01,-5.135407298803329468e-02,1.837824732065200806e-01,2.538850307464599609e-01
-1.721812635660171509e-01
5.235424265265464783e-02,-3.648578524589538574e-01,2.158177345991134644e-01,3.827078938484191895e-01,1.896668076515197754e-01,3.827078938484191895e-01,2.158177345991134644e-01,-3.648578524589538574e-01,5.235424265265464783e-02
3.048383295536041260e-01,4.038367420434951782e-03,-3.951953649520874023e-01,4.233700409531593323e-02,-2.081963270902633667e-01,4.233700409531593323e-02,-3.951953649520874023e-01,4.038367420434951782e-03,3.048383295536041260e-01
-1.740890592336654663e-01
1.916309595108032227e-01,-4.283888638019561768e-02,-2.601125836372375488e-01,2.353687435388565063e-01,4.031964540481567383e-01,2.507929503917694092e-01,4.031964540481567383e-01,2.353687435388565063e-01,-2.601125836372375488e-01,-4.283888638019561768e-02,1.916309595108032227e-01
2.760499417781829834e-01,1.720701307058334351e-01,-4.987758025527000427e-02,-3.831582665443420410e-01,9.705961495637893677e-02,-2.102701216936111450e-01,9.705961495637893677e-02,-3.831582665443420410e-01,-4.987758025527000427e-02,1.720701307058334351e-01,2.760499417781829834e-01
-1.760038435459136963e-01
4.003792628645896912e-02,-3.638644814491271973e-01,2.042191922664642334e-01,3.955192565917968750e-01,1.828037500381469727e-01,3.955192565917968750e-01,2.042191922664642334e-01,-3.638644814491271973e-01,4.003792628645896912e-02
2.942554950714111328e-01,1.453806459903717041e-02,-3.988264799118041992e-01,4.657340049743652344e-02,-2.051125615835189819e-01,4.657340049743652344e-02,-3.988264799118041992e-01,1.453806459903717041e-02,2.942554950714111328e-01
-1.779256016016006470e-01
1.711203604936599731e-01,-6.207783892750740051e-02,-2.580013275146484375e-01,2.202687114477157593e-01,4.085241854190826416e-01,2.381215691566467285e-01,4.085241854190826416e-01,2.202687114477157593e-01,-2.580013275146484375e-01,-6.207783892750740051e-02,1.711203604936599731e-01
2.966573238372802734e-01,1.601145267486572266e-01,-4.169292002916336060e-02,-3.861529827117919922e-01,9.069422632455825806e-02,-2.153317481279373169e-01,9.069422632455825806e-02,-3.861529827117919922e-01,-4.169292002916336060e-02,1.601145267486572266e-01,2.966573238372802734e-01
-1.798543035984039307e-01
3.663470596075057983e-02,-3.582057356834411621e-01,2.012344002723693848e-01,4.086099565029144287e-01,1.725822240114212036e-01,4.086099565029144287e-01,2.012344002723693848e-01,-3.582057356834411621e-01,3.663470596075057983e-02
2.921209633350372314e-01,2.218938991427421570e-02,-4.117848575115203857e-01,2.891439013183116913e-02,-1.929995417594909668e-01,2.891439013183116913e-02,-4.117848575115203857e-01,2.218938991427421570e-02,2.921209633350372314e-01
-1.817899197340011597e-01
2.323795557022094727e-01,-1.836230792105197906e-02,-2.345135957002639771e-01,2.344442456960678101e-01,4.328168928623199463e-01,2.349989563226699829e-01,4.328168928623199463e-01,2.344442456960678101e-01,-2.345135957002639771e-01,-1.836230792105197906e-02,2.323795557022094727e-01
2.564360797405242920e-01,1.627957522869110107e-01,-1.606528833508491516e-02,-3.723244965076446533e-01,1.051940396428108215e-01,-1.871590614318847656e-01,1.051940396428108215e-01,-3.723244965076446533e-01,-1.606528833508491516e-02,1.627957522869110107e-01,2.564360797405242920e-01
-1.837324351072311401e-01
4.082038253545761108e-02,-3.532025814056396484e-01,1.856373697519302368e-01,4.194593131542205811e-01,1.671277880668640137e-01,4.194593131542205811e-01,1.856373697519302368e-01,-3.532025814056396484e-01,4.082038253545761108e-02
2.868201136589050293e-01,3.802057728171348572e-02,-4.067112803459167480e-01,3.097372129559516907e-02,-2.002474069595336914e-01,3.097372129559516907e-02,-4.067112803459167480e-01,3.802057728171348572e-02,2.868201136589050293e-01
-1.856818199157714844e-01
1.967437714338302612e-01,-5.575754120945930481e-02,-2.402899414300918579e-01,2.078437507152557373e-01,4.382315576076507568e-01,2.303818911314010620e-01,4.382315576076507568e-01,2.078437507152557373e-01,-2.402899414300918579e-01,-5.575754120945930481e-02,1.967437714338302612e-01
2.965046167373657227e-01,1.479090899229049683e-01,-2.264728210866451263e-02,-3.863703608512878418e-01,9.914609789848327637e-02,-1.947718709707260132e-01,9.914609789848327637e-02,-3.863703608512878418e-01,-2.264728210866451263e-02,1.479090899229049683e-01,2.965046167373657227e-01
-1.876380443572998047e-01
2.111102081835269928e-02,-3.559872508049011230e-01,1.756575256586074829e-01,4.290659129619598389e-01,1.553653925657272339e-01,4.290659129619598389e-01,1.756575256586074829e-01,-3.559872508049011230e-01,2.111102081835269928e-02
2.820150554180145264e-01,4.154938831925392151e-02,-4.249364435672760010e-01,1.926514692604541779e-02,-1.719345599412918091e-01,1.926514692604541779e-02,-4.249364435672760010e-01,4.154938831925392151e-02,2.820150554180145264e-01
-1.896010935306549072e-01
1.733344048261642456e-01,-6.828705966472625732e-02,-2.255578488111495972e-01,1.925316005945205688e-01,4.425701200962066650e-01,2.266439795494079590e-01,4.425701200962066650e-01,1.925316005945205688e-01,-2.255578488111495972e-01,-6.828705966472625732e-02,1.733344048261642456e-01
3.289420604705810547e-01,1.384480744600296021e-01,-2.514099329710006714e-02,-3.972399532794952393e-01,7.789663225412368774e-02,-1.913582533597946167e-01,7.789663225412368774e-02,-3.972399532794952393e-01,-2.514099329710006714e-02,1.384480744600296021e-01,3.289420604705810547e-01
-1.915709525346755981e-01
2.786771953105926514e-02,-3.495039343833923340e-01,1.623092293739318848e-01,4.388798475265502930e-01,1.493704915046691895e-01,4.388798475265502930e-01,1.623092293739318848e-01,-3.495039343833923340e-01,2.786771953105926514e-02
2.810195982456207275e-01,5.113870650529861450e-02,-4.312289953231811523e-01,1.106965541839599609e-02,-1.548710465431213379e-01,1.106965541839599609e-02,-4.312289953231811523e-01,5.113870650529861450e-02,2.810195982456207275e-01
-1.935475617647171021e-01
1.607199162244796753e-01,-8.014557510614395142e-02,-2.173669636249542236e-01,1.780233830213546753e-01,4.504182934761047363e-01,2.235035449266433716e-01,4.504182934761047363e-01,1.780233830213546753e-01,-2.173669636249542236e-01,-8.014557510614395142e-02,1.607199162244796753e-01
3.426032364368438721e-01,1.289548724889755249e-01,-2.011704072356224060e-02,-3.943383693695068359e-01,7.958055287599563599e-02,-1.903358697891235352e-01,7.958055287599563599e-02,-3.943383693695068359e-01,-2.011704072356224060e-02,1.289548724889755249e-01,3.426032364368438721e-01
-1.955309510231018066e-01
2.408230863511562347e-02,-3.438662290573120117e-01,1.535799205303192139e-01,4.487064480781555176e-01,1.424182653427124023e-01,4.487064480781555176e-01,1.535799205303192139e-01,-3.438662290573120117e-01,2.408230863511562347e-02
2.786009907722473145e-01,5.876142159104347229e-02,-4.358003139495849609e-01,-1.892752188723534346e-04,-1.437878012657165527e-01,-1.892752188723534346e-04,-4.358003139495849609e-01,5.876142159104347229e-02,2.786009907722473145e-01
-1.975210458040237427e-01
1.159670725464820862e-01,-9.129182994365692139e-02,-1.998033374547958374e-01,1.410665214061737061e-01,4.506131112575531006e-01,2.323279827833175659e-01,4.506131112575531006e-01,1.410665214061737061e-01,-1.998033374547958374e-01,-9.129182994365692139e-02,1.159670725464820862e-01
3.754855692386627197e-01,1.182997450232505798e-01,-2.267006784677505493e-02,-3.960631191730499268e-01,7.683612406253814697e-02,-1.918781995773315430e-01,7.683612406253814697e-02,-3.960631191730499268e-01,-2.267006784677505493e-02,1.182997450232505798e-01,3.754855692386627197e-01
-1.995178610086441040e-01
2.861285023391246796e-02,-3.384474217891693115e-01,1.366916447877883911e-01,4.568677544593811035e-01,1.390282064676284790e-01,4.568677544593811035e-01,1.366916447877883911e-01,-3.384474217891693115e-01,2.861285023391246796e-02
2.761125862598419189e-01,6.614413112401962280e-02,-4.359421432018280029e-01,-3.675941145047545433e-03,-1.367168128490447998e-01,-3.675941145047545433e-03,-4.359421432018280029e-01,6.614413112401962280e-02,2.761125862598419189e-01
-2.015213519334793091e-01
1.806785762310028076e-01,-7.518835365772247314e-02,-1.963613778352737427e-01,1.600909829139709473e-01,4.695028364658355713e-01,2.171353995800018311e-01,4.695028364658355713e-01,1.600909829139709473e-01,-1.963613778352737427e-01,-7.518835365772247314e-02,1.806785762310028076e-01
3.443795442581176758e-01,1.224188432097434998e-01,-9.405865333974361420e-03,-3.950630724430084229e-01,6.982949376106262207e-02,-1.681741029024124146e-01,6.982949376106262207e-02,-3.950630724430084229e-01,-9.405865333974361420e-03,1.224188432097434998e-01,3.443795442581176758e-01
-2.035315036773681641e-01
-6.793540716171264648e-02,-2.614113092422485352e-01,1.730882674455642700e-01,4.746319353580474854e-01,1.728018969297409058e-01,4.746319353580474854e-01,1.730882674455642700e-01,-2.614113092422485352e-01,-6.793540716171264648e-02
1.839275360107421875e-01,1.044880319386720657e-02,-3.840657770633697510e-01,7.034593075513839722e-02,-1.969563215970993042e-01,7.034593075513839722e-02,-3.840657770633697510e-01,1.044880319386720657e-02,1.839275360107421875e-01
-2.055483013391494751e-01
1.650238037109375000e-01,-8.540923893451690674e-02,-1.840413659811019897e-01,1.426663696765899658e-01,4.748629033565521240e-01,2.178515642881393433e-01,4.748629033565521240e-01,1.426663696765899658e-01,-1.840413659811019897e-01,-8.540923893451690674e-02,1.650238037109375000e-01
3.584055006504058838e-01,1.159435659646987915e-01,-7.680560927838087082e-03,-3.940865695476531982e-01,7.301852852106094360e-02,-1.585279405117034912e-01,7.301852852106094360e-02,-3.940865695476531982e-01,-7.680560927838087082e-03,1.159435659646987915e-01,3.584055006504058838e-01
-2.075717151165008545e-01
2.721368335187435150e-03,-3.316642343997955322e-01,1.184759512543678284e-01,4.749402403831481934e-01,1.301130205392837524e-01,4.749402403831481934e-01,1.184759512543678284e-01,-3.316642343997955322e-01,2.721368335187435150e-03
2.671224176883697510e-01,7.379277050495147705e-02,-4.429563283920288086e-01,-1.326198037713766098e-02,-1.080539971590042114e-01,-1.326198037713766098e-02,-4.429563283920288086e-01,7.379277050495147705e-02,2.671224176883697510e-01
-2.096017152070999146e-01
1.701169461011886597e-01,-8.142762631177902222e-02,-1.714248955249786377e-01,1.286037564277648926e-01,4.822548329830169678e-01,2.201163768768310547e-01,4.822548329830169678e-01,1.286037564277648926e-01,-1.714248955249786377e-01,-8.142762631177902222e-02,1.701169461011886597e-01
3.658395111560821533e-01,1.106446012854576111e-01,-6.132328882813453674e-03,-3.916189372539520264e-01,6.245896592736244202e-02,-1.536066830158233643e-01,6.245896592736244202e-02,-3.916189372539520264e-01,-6.132328882813453674e-03,1.106446012854576111e-01,3.658395111560821533e-01
-2.116383016109466553e-01
4.335530567914247513e-03,-3.239274024963378906e-01,1.117966845631599426e-01,4.831130802631378174e-01,1.259286552667617798e-01,4.831130802631378174e-01,1.117966845631599426e-01,-3.239274024963378906e-01,4.335530567914247513e-03
2.687667906284332275e-01,7.665389031171798706e-02,-4.478501677513122559e-01,-3.411927446722984314e-02,-1.004426330327987671e-01,-3.411927446722984314e-02,-4.478501677513122559e-01,7.665389031171798706e-02,2.687667906284332275e-01
-2.136814445257186890e-01
1.372892260551452637e-01,-9.698049724102020264e-02,-1.591527611017227173e-01,1.031675785779953003e-01,4.795477688312530518e-01,2.205522209405899048e-01,4.795477688312530518e-01,1.031675785779953003e-01,-1.591527611017227173e-01,-9.698049724102020264e-02,1.372892260551452637e-01
3.954171836376190186e-01,9.966594725847244263e-02,-1.105032674968242645e-02,-3.946947455406188965e-01,4.029479995369911194e-02,-1.526023298501968384e-01,4.029479995369911194e-02,-3.946947455406188965e-01,-1.105032674968242645e-02,9.966594725847244263e-02,3.954171836376190186e-01
-2.157311141490936279e-01
-2.425097627565264702e-03,-3.197519481182098389e-01,9.848198294639587402e-02,4.891042113304138184e-01,1.226393878459930420e-01,4.891042113304138184e-01,9.848198294639587402e-02,-3.197519481182098389e-01,-2.425097627565264702e-03
2.647531628608703613e-01,8.367224782705307007e-02,-4.447259306907653809e-01,-3.531589731574058533e-02,-8.731475472450256348e-02,-3.531589731574058533e-02,-4.447259306907653809e-01,8.367224782705307007e-02,2.647531628608703613e-01
-2.177872955799102783e-01
3.644822835922241211e-01,1.751509606838226318e-01,-9.474341571331024170e-02,7.726212590932846069e-02,4.285745024681091309e-01,1.032212823629379272e-01,4.285745024681091309e-01,7.726212590932846069e-02,-9.474341571331024170e-02,1.751509606838226318e-01,3.644822835922241211e-01
1.565224677324295044e-01,1.057819426059722900e-01,1.393610090017318726e-01,-2.374253869056701660e-01,2.859994173049926758e-01,2.705642879009246826e-01,2.859994173049926758e-01,-2.374253869056701660e-01,1.393610090017318726e-01,1.057819426059722900e-01,1.565224677324295044e-01
-2.198499590158462524e-01
-1.158164162188768387e-02,-3.167251348495483398e-01,8.779459446668624878e-02,4.956743419170379639e-01,1.201562583446502686e-01,4.956743419170379639e-01,8.779459446668624878e-02,-3.167251348495483398e-01,-1.158164162188768387e-02
2.609066963195800781e-01,8.302220702171325684e-02,-4.466693401336669922e-01,-4.316901788115501404e-02,-7.479653507471084595e-02,-4.316901788115501404e-02,-4.466693401336669922e-01,8.302220702171325684e-02,2.609066963195800781e-01
-2.219191044569015503e-01
1.982102692127227783e-01,-7.402646541595458984e-02,-1.385364979505538940e-01,1.018965691328048706e-01,5.053251981735229492e-01,2.202019989490509033e-01,5.053251981735229492e-01,1.018965691328048706e-01,-1.385364979505538940e-01,-7.402646541595458984e-02,1.982102692127227783e-01
3.654066622257232666e-01,9.999190270900726318e-02,3.045902121812105179e-03,-3.778291344642639160e-01,5.809321999549865723e-02,-1.142736375331878662e-01,5.809321999549865723e-02,-3.778291344642639160e-01,3.045902121812105179e-03,9.999190270900726318e-02,3.654066622257232666e-01
-2.239947021007537842e-01
7.444304646924138069e-04,-3.066529035568237305e-01,7.715774327516555786e-02,5.009030103683471680e-01,1.171935424208641052e-01,5.009030103683471680e-01,7.715774327516555786e-02,-3.066529035568237305e-01,7.444304646924138069e-04
2.668941617012023926e-01,9.700240194797515869e-02,-4.446764886379241943e-01,-5.587879940867424011e-02,-6.161469966173171997e-02,-5.587879940867424011e-02,-4.446764886379241943e-01,9.700240194797515869e-02,2.668941617012023926e-01
-2.260767221450805664e-01
2.847502827644348145e-01,-2.276738360524177551e-02,-1.280750185251235962e-01,1.176574155688285828e-01,5.237699151039123535e-01,2.125190645456314087e-01,5.237699151039123535e-01,1.176574155688285828e-01,-1.280750185251235962e-01,-2.276738360524177551e-02,2.847502827644348145e-01
2.992570996284484863e-01,1.034485697746276855e-01,2.246874570846557617e-02,-3.559191524982452393e-01,1.022509783506393433e-01,-3.824808076024055481e-02,1.022509783506393433e-01,-3.559191524982452393e-01,2.246874570846557617e-02,1.034485697746276855e-01,2.992570996284484863e-01
-2.281651645898818970e-01
3.484886884689331055e-02,-2.881323099136352539e-01,6.897810101509094238e-02,5.036466717720031738e-01,1.118530184030532837e-01,5.036466717720031738e-01,6.897810101509094238e-02,-2.881323099136352539e-01,3.484886884689331055e-02
2.682080864906311035e-01,1.229231506586074829e-01,-4.301528930664062500e-01,-8.074228465557098389e-02,-5.626144632697105408e-02,-8.074228465557098389e-02,-4.301528930664062500e-01,1.229231506586074829e-01,2.682080864906311035e-01
-2.302599847316741943e-01
2.282021343708038330e-01,3.608162701129913330e-01,1.780920177698135376e-01,1.293092817068099976e-01,1.722806692123413086e-01,-2.734020948410034180e-01,1.722806692123413086e-01,1.293092817068099976e-01,1.780920177698135376e-01,3.608162701129913330e-01,2.282021343708038330e-01
-5.449673533439636230e-02,9.090352803468704224e-02,2.652784287929534912e-01,-8.884550631046295166e-02,2.496007084846496582e-01,2.764556109905242920e-01,2.496007084846496582e-01,-8.884550631046295166e-02,2.652784287929534912e-01,9.090352803468704224e-02,-5.449673533439636230e-02
-2.323611825704574585e-01
-4.016344994306564331e-02,-3.032316267490386963e-01,6.587088108062744141e-02,5.147067308425903320e-01,1.148843765258789062e-01,5.147067308425903320e-01,6.587088108062744141e-02,-3.032316267490386963e-01,-4.016344994306564331e-02
2.547639906406402588e-01,8.524091541767120361e-02,-4.450901746749877930e-01,-6.605270504951477051e-02,-3.945586830377578735e-02,-6.605270504951477051e-02,-4.450901746749877930e-01,8.524091541767120361e-02,2.547639906406402588e-01
-2.344687432050704956e-01
2.515090107917785645e-01,-6.272479891777038574e-02,-1.136735379695892334e-01,9.405386447906494141e-02,5.273926258087158203e-01,2.124876230955123901e-01,5.273926258087158203e-01,9.405386447906494141e-02,-1.136735379695892334e-01,-6.272479891777038574e-02,2.515090107917785645e-01
3.398973643779754639e-01,9.391591697931289673e-02,1.381011400371789932e-02,-3.612919449806213379e-01,6.291782855987548828e-02,-5.058232694864273071e-02,6.291782855987548828e-02,-3.612919449806213379e-01,1.381011400371789932e-02,9.391591697931289673e-02,3.398973643779754639e-01
-2.365826219320297241e-01
-3.751200065016746521e-02,-2.958033084869384766e-01,5.538622662425041199e-02,5.170944333076477051e-01,1.113218665122985840e-01,5.170944333076477051e-01,5.538622662425041199e-02,-2.958033084869384766e-01,-3.751200065016746521e-02
2.577795684337615967e-01,9.332714974880218506e-02,-4.447609484195709229e-01,-7.620381563901901245e-02,-2.466511912643909454e-02,-7.620381563901901245e-02,-4.447609484195709229e-01,9.332714974880218506e-02,2.577795684337615967e-01
-2.387028187513351440e-01
2.220155596733093262e-01,-7.179737836122512817e-02,-1.014084443449974060e-01,6.049304828047752380e-02,5.246039032936096191e-01,2.236946374177932739e-01,5.246039032936096191e-01,6.049304828047752380e-02,-1.014084443449974060e-01,-7.179737836122512817e-02,2.220155596733093262e-01
3.681328892707824707e-01,8.435664325952529907e-02,3.552513429895043373e-03,-3.588502109050750732e-01,4.930323362350463867e-02,-5.990478768944740295e-02,4.930323362350463867e-02,-3.588502109050750732e-01,3.552513429895043373e-03,8.435664325952529907e-02,3.681328892707824707e-01
-2.408293187618255615e-01
-3.687767684459686279e-02,-2.916791439056396484e-01,4.367241635918617249e-02,5.204718112945556641e-01,1.111479550600051880e-01,5.204718112945556641e-01,4.367241635918617249e-02,-2.916791439056396484e-01,-3.687767684459686279e-02
2.544308304786682129e-01,9.561784565448760986e-02,-4.397595524787902832e-01,-8.088655024766921997e-02,-1.462481357157230377e-02,-8.088655024766921997e-02,-4.397595524787902832e-01,9.561784565448760986e-02,2.544308304786682129e-01
-2.429620921611785889e-01
1.562616080045700073e-01,-9.515164047479629517e-02,-8.136706799268722534e-02,2.237925305962562561e-02,5.135095715522766113e-01,2.362563610076904297e-01,5.135095715522766113e-01,2.237925305962562561e-02,-8.136706799268722534e-02,-9.515164047479629517e-02,1.562616080045700073e-01
4.122125804424285889e-01,6.970170885324478149e-02,-5.414252635091543198e-03,-3.542850017547607422e-01,2.666816301643848419e-02,-8.433502167463302612e-02,2.666816301643848419e-02,-3.542850017547607422e-01,-5.414252635091543198e-03,6.970170885324478149e-02,4.122125804424285889e-01
-2.451011240482330322e-01
-1.851792074739933014e-02,-2.814976274967193604e-01,3.258424997329711914e-02,5.226987600326538086e-01,1.100818291306495667e-01,5.226987600326538086e-01,3.258424997329711914e-02,-2.814976274967193604e-01,-1.851792074739933014e-02
2.637721896171569824e-01,1.092684417963027954e-01,-4.385048449039459229e-01,-9.982743859291076660e-02,-1.576467999257147312e-03,-9.982743859291076660e-02,-4.385048449039459229e-01,1.092684417963027954e-01,2.637721896171569824e-01
-2.472463995218276978e-01
3.424091637134552002e-01,-1.330056809820234776e-03,-7.981093227863311768e-02,8.964920789003372192e-02,5.440151691436767578e-01,2.043431997299194336e-01,5.440151691436767578e-01,8.964920789003372192e-02,-7.981093227863311768e-02,-1.330056809820234776e-03,3.424091637134552002e-01
2.732472717761993408e-01,9.131638705730438232e-02,4.020385444164276123e-02,-3.120352327823638916e-01,1.149640157818794250e-01,7.319317013025283813e-02,1.149640157818794250e-01,-3.120352327823638916e-01,4.020385444164276123e-02,9.131638705730438232e-02,2.732472717761993408e-01
-2.493978887796401978e-01
-5.491510406136512756e-02,-2.820705473423004150e-01,3.303757682442665100e-02,5.311423540115356445e-01,1.121898069977760315e-01,5.311423540115356445e-01,3.303757682442665100e-02,-2.820705473423004150e-01,-5.491510406136512756e-02
2.561475634574890137e-01,9.540527313947677612e-02,-4.400078058242797852e-01,-1.017368063330650330e-01,1.076539326459169388e-02,-1.017368063330650330e-01,-4.400078058242797852e-01,9.540527313947677612e-02,2.561475634574890137e-01
-2.515555918216705322e-01
3.939666450023651123e-01,5.427703261375427246e-02,-6.374777853488922119e-02,7.794697582721710205e-02,5.337604880332946777e-01,1.836651414632797241e-01,5.337604880332946777e-01,7.794697582721710205e-02,-6.374777853488922119e-02,5.427703261375427246e-02,3.939666450023651123e-01
2.057380527257919312e-01,8.688680082559585571e-02,7.909474521875381470e-02,-2.502402961254119873e-01,1.912684738636016846e-01,1.929177492856979370e-01,1.912684738636016846e-01,-2.502402961254119873e-01,7.909474521875381470e-02,8.688680082559585571e-02,2.057380527257919312e-01
-2.537194788455963135e-01
-5.497672036290168762e-02,-2.740029990673065186e-01,3.119894489645957947e-02,5.389906167984008789e-01,1.161236315965652466e-01,5.389906167984008789e-01,3.119894489645957947e-02,-2.740029990673065186e-01,-5.497672036290168762e-02
2.606405615806579590e-01,1.044475510716438293e-01,-4.310132563114166260e-01,-1.169498488306999207e-01,1.429134886711835861e-02,-1.169498488306999207e-01,-4.310132563114166260e-01,1.044475510716438293e-01,2.606405615806579590e-01
-2.558895349502563477e-01
2.161645591259002686e-01,-7.788167148828506470e-02,-6.022760272026062012e-02,2.062845602631568909e-02,5.354408621788024902e-01,2.363993227481842041e-01,5.354408621788024902e-01,2.062845602631568909e-02,-6.022760272026062012e-02,-7.788167148828506470e-02,2.161645591259002686e-01
3.874172866344451904e-01,7.578308880329132080e-02,4.381691571325063705e-03,-3.296242356300354004e-01,2.452778443694114685e-02,-2.480415999889373779e-02,2.452778443694114685e-02,-3.296242356300354004e-01,4.381691571325063705e-03,7.578308880329132080e-02,3.874172866344451904e-01
-2.580657303333282471e-01
-6.907778233289718628e-02,-2.737758159637451172e-01,1.869089715182781219e-02,5.359550714492797852e-01,1.115026995539665222e-01,5.359550714492797852e-01,1.869089715182781219e-02,-2.737758159637451172e-01,-6.907778233289718628e-02
2.588026225566864014e-01,9.773298352956771851e-02,-4.350848495960235596e-01,-1.210848614573478699e-01,3.295059129595756531e-02,-1.210848614573478699e-01,-4.350848495960235596e-01,9.773298352956771851e-02,2.588026225566864014e-01
-2.602480649948120117e-01
3.961334526538848877e-01,5.753473564982414246e-02,-5.667743831872940063e-02,7.850527018308639526e-02,5.431564450263977051e-01,1.814107596874237061e-01,5.431564450263977051e-01,7.850527018308639526e-02,-5.667743831872940063e-02,5.753473564982414246e-02,3.961334526538848877e-01
1.918088793754577637e-01,1.065783724188804626e-01,1.235408931970596313e-01,-2.030214667320251465e-01,1.930477321147918701e-01,2.543549239635467529e-01,1.930477321147918701e-01,-2.030214667320251465e-01,1.235408931970596313e-01,1.065783724188804626e-01,1.918088793754577637e-01
-2.624365389347076416e-01
-8.851191401481628418e-02,-2.669562101364135742e-01,3.183579072356224060e-02,5.600677728652954102e-01,1.292997598648071289e-01,5.600677728652954102e-01,3.183579072356224060e-02,-2.669562101364135742e-01,-8.851191401481628418e-02
2.680307030677795410e-01,1.028493270277976990e-01,-4.322563111782073975e-01,-1.563095599412918091e-01,3.994168713688850403e-03,-1.563095599412918091e-01,-4.322563111782073975e-01,1.028493270277976990e-01,2.680307030677795410e-01
-2.646310925483703613e-01
3.494820296764373779e-01,-1.681284978985786438e-02,-6.284365057945251465e-02,8.728318661451339722e-02,5.766187906265258789e-01,2.218382954597473145e-01,5.766187906265258789e-01,8.728318661451339722e-02,-6.284365057945251465e-02,-1.681284978985786438e-02,3.494820296764373779e-01
2.611829340457916260e-01,1.125415787100791931e-01,7.874840497970581055e-02,-2.615579366683959961e-01,1.078977659344673157e-01,1.417046934366226196e-01,1.078977659344673157e-01,-2.615579366683959961e-01,7.874840497970581055e-02,1.125415787100791931e-01,2.611829340457916260e-01
-2.668317258358001709e-01
-8.927443623542785645e-02,-2.627701461315155029e-01,1.839789934456348419e-02,5.537307858467102051e-01,1.242343261837959290e-01,5.537307858467102051e-01,1.839789934456348419e-02,-2.627701461315155029e-01,-8.927443623542785645e-02
2.699274420738220215e-01,1.065221875905990601e-01,-4.287752509117126465e-01,-1.584855616092681885e-01,3.236658126115798950e-02,-1.584855616092681885e-01,-4.287752509117126465e-01,1.065221875905990601e-01,2.699274420738220215e-01
-2.690384387969970703e-01
3.817366659641265869e-01,2.196492254734039307e-02,-5.135875940322875977e-02,7.342486083507537842e-02,5.622770786285400391e-01,2.043903321027755737e-01,5.622770786285400391e-01,7.342486083507537842e-02,-5.135875940322875977e-02,2.196492254734039307e-02,3.817366659641265869e-01
2.200632393360137939e-01,1.052362173795700073e-01,1.011436507105827332e-01,-2.185402214527130127e-01,1.573071032762527466e-01,2.321738600730895996e-01,1.573071032762527466e-01,-2.185402214527130127e-01,1.011436507105827332e-01,1.052362173795700073e-01,2.200632393360137939e-01
-2.712512016296386719e-01
-9.831395000219345093e-02,-2.624397873878479004e-01,1.024852972477674484e-02,5.573284029960632324e-01,1.281822919845581055e-01,5.573284029960632324e-01,1.024852972477674484e-02,-2.624397873878479004e-01,-9.831395000219345093e-02
2.624275982379913330e-01,1.042726263403892517e-01,-4.229270517826080322e-01,-1.640039533376693726e-01,3.469287976622581482e-02,-1.640039533376693726e-01,-4.229270517826080322e-01,1.042726263403892517e-01,2.624275982379913330e-01
-2.734699845314025879e-01
3.458906710147857666e-01,-2.725963853299617767e-02,-5.477764457464218140e-02,6.417959928512573242e-02,5.737433433532714844e-01,2.233848869800567627e-01,5.737433433532714844e-01,6.417959928512573242e-02,-5.477764457464218140e-02,-2.725963853299617767e-02,3.458906710147857666e-01
2.682331204414367676e-01,9.683816134929656982e-02,5.865557491779327393e-02,-2.645181417465209961e-01,8.717776834964752197e-02,1.567121893167495728e-01,8.717776834964752197e-02,-2.645181417465209961e-01,5.865557491779327393e-02,9.683816134929656982e-02,2.682331204414367676e-01
-2.756947875022888184e-01
-9.279572218656539917e-02,-2.570247650146484375e-01,-4.597409628331661224e-03,5.482466220855712891e-01,1.214359551668167114e-01,5.482466220855712891e-01,-4.597409628331661224e-03,-2.570247650146484375e-01,-9.279572218656539917e-02
2.631474137306213379e-01,1.060774624347686768e-01,-4.238092899322509766e-01,-1.722389012575149536e-01,5.726375430822372437e-02,-1.722389012575149536e-01,-4.238092899322509766e-01,1.060774624347686768e-01,2.631474137306213379e-01
-2.779256105422973633e-01
3.863985538482666016e-01,2.523692324757575989e-02,-4.155232757329940796e-02,6.250931322574615479e-02,5.563076734542846680e-01,1.967104077339172363e-01,5.563076734542846680e-01,6.250931322574615479e-02,-4.155232757329940796e-02,2.523692324757575989e-02,3.863985538482666016e-01
2.034933716058731079e-01,9.492877870798110962e-02,1.027191132307052612e-01,-2.018096596002578735e-01,1.464750170707702637e-01,2.722992002964019775e-01,1.464750170707702637e-01,-2.018096596002578735e-01,1.027191132307052612e-01,9.492877870798110962e-02,2.034933716058731079e-01
-2.801623940467834473e-01
-1.171744912862777710e-01,-2.562030553817749023e-01,-6.508918595500290394e-04,5.543582439422607422e-01,1.260575950145721436e-01,5.543582439422607422e-01,-6.508918595500290394e-04,-2.562030553817749023e-01,-1.171744912862777710e-01
2.532241046428680420e-01,9.379055351018905640e-02,-4.220136702060699463e-01,-1.797866225242614746e-01,7.705156505107879639e-02,-1.797866225242614746e-01,-4.220136702060699463e-01,9.379055351018905640e-02,2.532241046428680420e-01
-2.824051678180694580e-01
3.222368359565734863e-01,-5.924692749977111816e-02,-4.405958577990531921e-02,5.833061784505844116e-02,5.748916864395141602e-01,2.287638336420059204e-01,5.748916864395141602e-01,5.833061784505844116e-02,-4.405958577990531921e-02,-5.924692749977111816e-02,3.222368359565734863e-01
2.942689657211303711e-01,9.175053238868713379e-02,3.894828259944915771e-02,-2.779417037963867188e-01,2.468555234372615814e-02,1.231536865234375000e-01,2.468555234372615814e-02,-2.779417037963867188e-01,3.894828259944915771e-02,9.175053238868713379e-02,2.942689657211303711e-01
-2.846538722515106201e-01
-9.270866960287094116e-02,-2.464171200990676880e-01,-1.588659547269344330e-02,5.460044741630554199e-01,1.215125396847724915e-01,5.460044741630554199e-01,-1.588659547269344330e-02,-2.464171200990676880e-01,-9.270866960287094116e-02
2.556709349155426025e-01,1.049817651510238647e-01,-4.161803722381591797e-01,-1.822575628757476807e-01,8.593729138374328613e-02,-1.822575628757476807e-01,-4.161803722381591797e-01,1.049817651510238647e-01,2.556709349155426025e-01
-2.869085371494293213e-01
3.991383016109466553e-01,6.855079531669616699e-02,-2.031317166984081268e-02,1.032249815762042999e-02,5.126475691795349121e-01,1.569013893604278564e-01,5.126475691795349121e-01,1.032249815762042999e-02,-2.031317166984081268e-02,6.855079531669616699e-02,3.991383016109466553e-01
1.595985293388366699e-01,6.791625916957855225e-02,1.166438683867454529e-01,-1.396603286266326904e-01,1.779965013265609741e-01,3.861100077629089355e-01,1.779965013265609741e-01,-1.396603286266326904e-01,1.166438683867454529e-01,6.791625916957855225e-02,1.595985293388366699e-01
-2.891691029071807861e-01
-1.145846247673034668e-01,-2.390961498022079468e-01,-6.510431878268718719e-03,5.545146465301513672e-01,1.274324059486389160e-01,5.545146465301513672e-01,-6.510431878268718719e-03,-2.390961498022079468e-01,-1.145846247673034668e-01
2.548573315143585205e-01,9.851672500371932983e-02,-4.113417267799377441e-01,-1.927886158227920532e-01,8.823887258768081665e-02,-1.927886158227920532e-01,-4.113417267799377441e-01,9.851672500371932983e-02,2.548573315143585205e-01
-2.914355695247650146e-01
3.682139515876770020e-01,-2.075121179223060608e-02,-3.027972020208835602e-02,6.364149600267410278e-02,5.637574195861816406e-01,2.079241424798965454e-01,5.637574195861816406e-01,6.364149600267410278e-02,-3.027972020208835602e-02,-2.075121179223060608e-02,3.682139515876770020e-01
2.287206649780273438e-01,8.699898421764373779e-02,6.734246015548706055e-02,-2.330208569765090942e-01,6.219178438186645508e-02,2.256061732769012451e-01,6.219178438186645508e-02,-2.330208569765090942e-01,6.734246015548706055e-02,8.699898421764373779e-02,2.287206649780273438e-01
-2.937079370021820068e-01
-1.163233295083045959e-01,-2.366483509540557861e-01,-2.996652573347091675e-02,5.344520211219787598e-01,1.146538481116294861e-01,5.344520211219787598e-01,-2.996652573347091675e-02,-2.366483509540557861e-01,-1.163233295083045959e-01
2.502362728118896484e-01,1.009258031845092773e-01,-4.091925919055938721e-01,-1.871003061532974243e-01,1.347106695175170898e-01,-1.871003061532974243e-01,-4.091925919055938721e-01,1.009258031845092773e-01,2.502362728118896484e-01
-2.959862053394317627e-01
4.013098478317260742e-01,3.576967492699623108e-02,-1.739120297133922577e-02,2.055381052196025848e-02,5.175033211708068848e-01,1.627085208892822266e-01,5.175033211708068848e-01,2.055381052196025848e-02,-1.739120297133922577e-02,3.576967492699623108e-02,4.013098478317260742e-01
1.542048603296279907e-01,6.255175173282623291e-02,9.397199749946594238e-02,-1.693039834499359131e-01,1.357926130294799805e-01,3.558751046657562256e-01,1.357926130294799805e-01,-1.693039834499359131e-01,9.397199749946594238e-02,6.255175173282623291e-02,1.542048603296279907e-01
-2.982703149318695068e-01
-1.233081668615341187e-01,-2.298121303319931030e-01,-2.609919197857379913e-02,5.280959010124206543e-01,1.074320971965789795e-01,5.280959010124206543e-01,-2.609919197857379913e-02,-2.298121303319931030e-01,-1.233081668615341187e-01
2.426868975162506104e-01,9.458622336387634277e-02,-4.073272645473480225e-01,-2.012470215559005737e-01,1.493636816740036011e-01,-2.012470215559005737e-01,-4.073272645473480225e-01,9.458622336387634277e-02,2.426868975162506104e-01
-3.005602359771728516e-01
2.831186950206756592e-01,-1.191837117075920105e-01,-2.221948094666004181e-02,4.319867864251136780e-02,5.534785985946655273e-01,2.189073413610458374e-01,5.534785985946655273e-01,4.319867864251136780e-02,-2.221948094666004181e-02,-1.191837117075920105e-01,2.831186950206756592e-01
3.205863237380981445e-01,8.475108444690704346e-02,1.790989376604557037e-02,-2.784764468669891357e-01,-7.102377712726593018e-02,7.087232917547225952e-02,-7.102377712726593018e-02,-2.784764468669891357e-01,1.790989376604557037e-02,8.475108444690704346e-02,3.205863237380981445e-01
-3.028560280799865723e-01
-1.566325575113296509e-01,-2.307870239019393921e-01,-2.202036604285240173e-02,5.284260511398315430e-01,1.074520722031593323e-01,5.284260511398315430e-01,-2.202036604285240173e-02,-2.307870239019393921e-01,-1.566325575113296509e-01
2.307493239641189575e-01,8.081405609846115112e-02,-3.980904519557952881e-01,-2.016170769929885864e-01,1.436397284269332886e-01,-2.016170769929885864e-01,-3.980904519557952881e-01,8.081405609846115112e-02,2.307493239641189575e-01
-3.051576316356658936e-01
2.020944952964782715e-01,2.901138067245483398e-01,2.846177518367767334e-01,8.997511118650436401e-02,1.851272583007812500e-01,-2.716092467308044434e-01,1.851272583007812500e-01,8.997511118650436401e-02,2.846177518367767334e-01,2.901138067245483398e-01,2.020944952964782715e-01
-1.270226538181304932e-01,-6.830574478954076767e-03,2.542393803596496582e-01,-8.344558626413345337e-02,1.164221167564392090e-01,4.644369482994079590e-01,1.164221167564392090e-01,-8.344558626413345337e-02,2.542393803596496582e-01,-6.830574478954076767e-03,-1.270226538181304932e-01
-3.074650168418884277e-01
-1.608589291572570801e-01,-2.260829806327819824e-01,-3.076017647981643677e-02,5.178375244140625000e-01,9.846674650907516479e-02,5.178375244140625000e-01,-3.076017647981643677e-02,-2.260829806327819824e-01,-1.608589291572570801e-01
2.248699963092803955e-01,8.495005965232849121e-02,-3.922145068645477295e-01,-2.081761509180068970e-01,1.529625356197357178e-01,-2.081761509180068970e-01,-3.922145068645477295e-01,8.495005965232849121e-02,2.248699963092803955e-01
-3.097782135009765625e-01
3.571582138538360596e-01,-1.030005812644958496e-01,-1.181981619447469711e-02,1.105437800288200378e-01,5.559213757514953613e-01,1.830743551254272461e-01,5.559213757514953613e-01,1.105437800288200378e-01,-1.181981619447469711e-02,-1.030005812644958496e-01,3.571582138538360596e-01
2.253948897123336792e-01,8.992755413055419922e-02,6.049509719014167786e-02,-2.465708851814270020e-01,-7.303948700428009033e-02,1.195560768246650696e-01,-7.303948700428009033e-02,-2.465708851814270020e-01,6.049509719014167786e-02,8.992755413055419922e-02,2.253948897123336792e-01
-3.120971620082855225e-01
-1.743409484624862671e-01,-2.197320610284805298e-01,-2.454648539423942566e-02,5.127184391021728516e-01,9.118621051311492920e-02,5.127184391021728516e-01,-2.454648539423942566e-02,-2.197320610284805298e-01,-1.743409484624862671e-01
2.142897397279739380e-01,7.025514543056488037e-02,-3.975017666816711426e-01,-2.175111174583435059e-01,1.671317368745803833e-01,-2.175111174583435059e-01,-3.975017666816711426e-01,7.025514543056488037e-02,2.142897397279739380e-01
-3.144218921661376953e-01
3.724037706851959229e-01,-9.940709173679351807e-02,-1.676478423178195953e-02,1.063500195741653442e-01,5.415752530097961426e-01,1.639202982187271118e-01,5.415752530097961426e-01,1.063500195741653442e-01,-1.676478423178195953e-02,-9.940709173679351807e-02,3.724037706851959229e-01
1.949698328971862793e-01,7.993750274181365967e-02,5.747096240520477295e-02,-2.528871297836303711e-01,-7.544110715389251709e-02,1.554852724075317383e-01,-7.544110715389251709e-02,-2.528871297836303711e-01,5.747096240520477295e-02,7.993750274181365967e-02,1.949698328971862793e-01
-3.167523443698883057e-01
-1.791620105504989624e-01,-2.211493700742721558e-01,-4.449511319398880005e-02,4.891484379768371582e-01,7.221283763647079468e-02,4.891484379768371582e-01,-4.449511319398880005e-02,-2.211493700742721558e-01,-1.791620105504989624e-01
2.041491121053695679e-01,6.975765526294708252e-02,-3.973849713802337646e-01,-2.178110629320144653e-01,1.995130926370620728e-01,-2.178110629320144653e-01,-3.973849713802337646e-01,6.975765526294708252e-02,2.041491121053695679e-01
-3.190885186195373535e-01
2.293703854084014893e-01,-2.363254278898239136e-01,-6.069014593958854675e-02,2.973696589469909668e-02,4.853302836418151855e-01,1.257777214050292969e-01,4.853302836418151855e-01,2.973696589469909668e-02,-6.069014593958854675e-02,-2.363254278898239136e-01,2.293703854084014893e-01
3.448636531829833984e-01,5.761560797691345215e-02,1.110765337944030762e-02,-2.893163263797760010e-01,-1.690436303615570068e-01,5.844470858573913574e-02,-1.690436303615570068e-01,-2.893163263797760010e-01,1.110765337944030762e-02,5.761560797691345215e-02,3.448636531829833984e-01
-3.214304149150848389e-01
-1.703248620033264160e-01,-2.173288166522979736e-01,-6.228628382086753845e-02,4.693114757537841797e-01,5.946235731244087219e-02,4.693114757537841797e-01,-6.228628382086753845e-02,-2.173288166522979736e-01,-1.703248620033264160e-01
2.128786444664001465e-01,8.638216555118560791e-02,-4.031949639320373535e-01,-2.321605831384658813e-01,2.501218914985656738e-01,-2.321605831384658813e-01,-4.031949639320373535e-01,8.638216555118560791e-02,2.128786444664001465e-01
-3.237780332565307617e-01
4.058834016323089600e-01,1.451766956597566605e-02,-1.522800792008638382e-02,1.008043810725212097e-01,5.154293179512023926e-01,1.422083675861358643e-01,5.154293179512023926e-01,1.008043810725212097e-01,-1.522800792008638382e-02,1.451766956597566605e-02,4.058834016323089600e-01
1.579453237354755402e-02,1.390398591756820679e-01,2.162705510854721069e-01,-1.880770474672317505e-01,-2.342905662953853607e-02,4.133741259574890137e-01,-2.342905662953853607e-02,-1.880770474672317505e-01,2.162705510854721069e-01,1.390398591756820679e-01,1.579453237354755402e-02
-3.261313140392303467e-01
-2.649216651916503906e-01,-2.356444001197814941e-01,-3.982606530189514160e-02,5.164810419082641602e-01,1.050654277205467224e-01,5.164810419082641602e-01,-3.982606530189514160e-02,-2.356444001197814941e-01,-2.649216651916503906e-01
2.241795659065246582e-01,9.510415792465209961e-02,-4.078396856784820557e-01,-2.253460288047790527e-01,2.847179472446441650e-01,-2.253460288047790527e-01,-4.078396856784820557e-01,9.510415792465209961e-02,2.241795659065246582e-01
-3.284902870655059814e-01
4.489250481128692627e-01,1.576084345579147339e-01,1.630236208438873291e-01,7.327544689178466797e-02,9.936948120594024658e-02,4.509958028793334961e-01,9.936948120594024658e-02,7.327544689178466797e-02,1.630236208438873291e-01,1.576084345579147339e-01,4.489250481128692627e-01
-3.311977088451385498e-01,1.295882761478424072e-01,1.253242790699005127e-01,-2.239543199539184570e-02,-5.296120420098304749e-02,8.468319177627563477e-01,-5.296120420098304749e-02,-2.239543199539184570e-02,1.253242790699005127e-01,1.295882761478424072e-01,-3.311977088451385498e-01
-0.000000000000000000e+00
