-1.746390908956527710e-01,-9.163515269756317139e-02,1.011746302247047424e-01,1.585371047258377075e-01,5.638527497649192810e-02,5.194046720862388611e-02,5.660432949662208557e-02,7.662579417228698730e-02,4.657733440399169922e-02,7.662579417228698730e-02,5.660432949662208557e-02,5.194046720862388611e-02,5.638527497649192810e-02,1.585371047258377075e-01,1.011746302247047424e-01,-9.163515269756317139e-02,-1.746390908956527710e-01
6.286853551864624023e-02,-2.248600274324417114e-01,-1.586069613695144653e-01,-3.269259631633758545e-02,5.756048951297998428e-03,8.314819075167179108e-03,6.712226569652557373e-02,4.462670162320137024e-02,4.566725343465805054e-02,4.462670162320137024e-02,6.712226569652557373e-02,8.314819075167179108e-03,5.756048951297998428e-03,-3.269259631633758545e-02,-1.586069613695144653e-01,-2.248600274324417114e-01,6.286853551864624023e-02
-3.248978871852159500e-03
-3.766370564699172974e-02,1.724676638841629028e-01,1.159218326210975647e-01,4.967128112912178040e-02,7.798819988965988159e-02,1.247592121362686157e-01,9.390517324209213257e-02,8.602119237184524536e-02,7.336235791444778442e-02,8.602119237184524536e-02,9.390517324209213257e-02,1.247592121362686157e-01,7.798819988965988159e-02,4.967128112912178040e-02,1.159218326210975647e-01,1.724676638841629028e-01,-3.766370564699172974e-02
-1.441417634487152100e-01,-7.583818398416042328e-03,8.930128067731857300e-02,3.164172917604446411e-02,-1.488239318132400513e-02,2.617455646395683289e-02,7.439626008272171021e-02,3.852745518088340759e-02,2.836442366242408752e-02,3.852745518088340759e-02,7.439626008272171021e-02,2.617455646395683289e-02,-1.488239318132400513e-02,3.164172917604446411e-02,8.930128067731857300e-02,-7.583818398416042328e-03,-1.441417634487152100e-01
-3.769710194319486618e-03
-4.766198992729187012e-02,1.859976798295974731e-01,1.532546430826187134e-01,7.626260817050933838e-02,1.004253402352333069e-01,1.161349639296531677e-01,8.621639758348464966e-02,6.240817159414291382e-02,7.051590830087661743e-02,6.240817159414291382e-02,8.621639758348464966e-02,1.161349639296531677e-01,1.004253402352333069e-01,7.626260817050933838e-02,1.532546430826187134e-01,1.859976798295974731e-01,-4.766198992729187012e-02
-1.009079739451408386e-01,-7.270925492048263550e-02,2.612461894750595093e-02,-1.242345012724399567e-02,-2.289933152496814728e-02,2.810444682836532593e-02,1.025701910257339478e-01,5.877918377518653870e-02,4.592385888099670410e-02,5.877918377518653870e-02,1.025701910257339478e-01,2.810444682836532593e-02,-2.289933152496814728e-02,-1.242345012724399567e-02,2.612461894750595093e-02,-7.270925492048263550e-02,-1.009079739451408386e-01
-4.315481521189212799e-03
-3.114922717213630676e-02,1.988032758235931396e-01,1.113285720348358154e-01,5.582424998283386230e-02,1.113657057285308838e-01,1.218076646327972412e-01,6.505781412124633789e-02,6.824370473623275757e-02,9.012590348720550537e-02,6.824370473623275757e-02,6.505781412124633789e-02,1.218076646327972412e-01,1.113657057285308838e-01,5.582424998283386230e-02,1.113285720348358154e-01,1.988032758235931396e-01,-3.114922717213630676e-02
-8.796385675668716431e-02,-1.143626570701599121e-01,-1.283923257142305374e-02,4.883890040218830109e-03,-1.507979817688465118e-03,1.098265405744314194e-02,5.393740907311439514e-02,6.325075775384902954e-02,7.310034334659576416e-02,6.325075775384902954e-02,5.393740907311439514e-02,1.098265405744314194e-02,-1.507979817688465118e-03,4.883890040218830109e-03,-1.283923257142305374e-02,-1.143626570701599121e-01,-8.796385675668716431e-02
-4.885198082774877548e-03
-1.316932588815689087e-01,1.778432726860046387e-01,1.761384308338165283e-01,7.400467246770858765e-02,3.942584618926048279e-02,1.147125437855720520e-01,9.990610182285308838e-02,6.836739927530288696e-02,4.047101736068725586e-02,6.836739927530288696e-02,9.990610182285308838e-02,1.147125437855720520e-01,3.942584618926048279e-02,7.400467246770858765e-02,1.761384308338165283e-01,1.778432726860046387e-01,-1.316932588815689087e-01
-1.297496557235717773e-01,-1.053102761507034302e-01,2.966288663446903229e-02,2.143550477921962738e-02,-3.718314319849014282e-02,2.000957354903221130e-02,7.964082062244415283e-02,6.094788014888763428e-02,3.454394638538360596e-02,6.094788014888763428e-02,7.964082062244415283e-02,2.000957354903221130e-02,-3.718314319849014282e-02,2.143550477921962738e-02,2.966288663446903229e-02,-1.053102761507034302e-01,-1.297496557235717773e-01
-5.477896425873041153e-03
-8.714066445827484131e-02,1.609195023775100708e-01,1.345590054988861084e-01,6.604738533496856689e-02,9.608425945043563843e-02,1.092300191521644592e-01,7.663438469171524048e-02,4.228662326931953430e-02,7.001307606697082520e-02,4.228662326931953430e-02,7.663438469171524048e-02,1.092300191521644592e-01,9.608425945043563843e-02,6.604738533496856689e-02,1.345590054988861084e-01,1.609195023775100708e-01,-8.714066445827484131e-02
-1.078263223171234131e-01,-1.901742815971374512e-01,-8.352126926183700562e-02,2.182538248598575592e-02,-9.278491139411926270e-03,5.127082020044326782e-02,8.732064813375473022e-02,6.847441196441650391e-02,2.301729656755924225e-02,6.847441196441650391e-02,8.732064813375473022e-02,5.127082020044326782e-02,-9.278491139411926270e-03,2.182538248598575592e-02,-8.352126926183700562e-02,-1.901742815971374512e-01,-1.078263223171234131e-01
-6.092720665037631989e-03
-1.136223673820495605e-01,8.491526544094085693e-02,1.171266809105873108e-01,9.920371323823928833e-02,1.179079934954643250e-01,7.586251944303512573e-02,1.885887607932090759e-02,5.873141065239906311e-02,1.161700189113616943e-01,5.873141065239906311e-02,1.885887607932090759e-02,7.586251944303512573e-02,1.179079934954643250e-01,9.920371323823928833e-02,1.171266809105873108e-01,8.491526544094085693e-02,-1.136223673820495605e-01
-5.104687064886093140e-02,-2.476167231798171997e-01,-1.064816266298294067e-01,4.323936253786087036e-02,4.494355618953704834e-02,1.423808000981807709e-02,6.290288269519805908e-02,5.305977165699005127e-02,6.117620319128036499e-02,5.305977165699005127e-02,6.290288269519805908e-02,1.423808000981807709e-02,4.494355618953704834e-02,4.323936253786087036e-02,-1.064816266298294067e-01,-2.476167231798171997e-01,-5.104687064886093140e-02
-6.728903856128454208e-03
-1.374606341123580933e-01,6.338387727737426758e-02,1.331840604543685913e-01,9.512794762849807739e-02,5.260900408029556274e-02,1.042052209377288818e-01,1.039182245731353760e-01,5.237147957086563110e-02,2.858972921967506409e-02,5.237147957086563110e-02,1.039182245731353760e-01,1.042052209377288818e-01,5.260900408029556274e-02,9.512794762849807739e-02,1.331840604543685913e-01,6.338387727737426758e-02,-1.374606341123580933e-01
-5.679455399513244629e-02,-2.351211607456207275e-01,-1.326607465744018555e-01,3.400027006864547729e-02,2.718124014791101217e-04,3.656899183988571167e-02,7.600603997707366943e-02,8.814010024070739746e-02,4.069404676556587219e-02,8.814010024070739746e-02,7.600603997707366943e-02,3.656899183988571167e-02,2.718124014791101217e-04,3.400027006864547729e-02,-1.326607465744018555e-01,-2.351211607456207275e-01,-5.679455399513244629e-02
-7.385753560811281204e-03
-1.217694282531738281e-01,1.018505915999412537e-02,1.040827482938766479e-01,1.030145436525344849e-01,8.866950124502182007e-02,7.476104050874710083e-02,5.928518250584602356e-02,6.422466039657592773e-02,7.875780761241912842e-02,6.422466039657592773e-02,5.928518250584602356e-02,7.476104050874710083e-02,8.866950124502182007e-02,1.030145436525344849e-01,1.040827482938766479e-01,1.018505915999412537e-02,-1.217694282531738281e-01
-2.154263854026794434e-02,-2.553878724575042725e-01,-1.033227071166038513e-01,1.493362057954072952e-02,-1.159957610070705414e-03,4.429981709108687937e-05,9.882885217666625977e-02,6.879668682813644409e-02,5.409990623593330383e-02,6.879668682813644409e-02,9.882885217666625977e-02,4.429981709108687937e-05,-1.159957610070705414e-03,1.493362057954072952e-02,-1.033227071166038513e-01,-2.553878724575042725e-01,-2.154263854026794434e-02
-8.062640205025672913e-03
-1.345866471529006958e-01,-6.636312603950500488e-02,7.697495818138122559e-02,1.074527949094772339e-01,1.081687584519386292e-01,8.427134156227111816e-02,6.789299845695495605e-02,5.480897054076194763e-02,7.117129862308502197e-02,5.480897054076194763e-02,6.789299845695495605e-02,8.427134156227111816e-02,1.081687584519386292e-01,1.074527949094772339e-01,7.697495818138122559e-02,-6.636312603950500488e-02,-1.345866471529006958e-01
-1.452826242893934250e-02,-2.303475439548492432e-01,-1.400279402732849121e-01,1.466932985931634903e-02,-3.043366968631744385e-02,2.846300974488258362e-02,8.222619444131851196e-02,7.420468330383300781e-02,1.062010321766138077e-02,7.420468330383300781e-02,8.222619444131851196e-02,2.846300974488258362e-02,-3.043366968631744385e-02,1.466932985931634903e-02,-1.400279402732849121e-01,-2.303475439548492432e-01,-1.452826242893934250e-02
-8.758988231420516968e-03
-1.626538038253784180e-01,-6.842442601919174194e-02,7.261565327644348145e-02,1.340138763189315796e-01,6.809905171394348145e-02,8.815301954746246338e-02,7.336531579494476318e-02,7.225751131772994995e-02,3.916458413004875183e-02,7.225751131772994995e-02,7.336531579494476318e-02,8.815301954746246338e-02,6.809905171394348145e-02,1.340138763189315796e-01,7.261565327644348145e-02,-6.842442601919174194e-02,-1.626538038253784180e-01
2.764212898910045624e-02,-2.200457453727722168e-01,-1.264654994010925293e-01,-1.416005287319421768e-02,-1.238506287336349487e-02,-4.491867963224649429e-03,6.324785202741622925e-02,4.689302295446395874e-02,3.772146254777908325e-02,4.689302295446395874e-02,6.324785202741622925e-02,-4.491867963224649429e-03,-1.238506287336349487e-02,-1.416005287319421768e-02,-1.264654994010925293e-01,-2.200457453727722168e-01,2.764212898910045624e-02
-9.474270045757293701e-03
-1.432372778654098511e-01,-1.514708101749420166e-01,1.045599356293678284e-01,1.583973467350006104e-01,8.909149467945098877e-02,3.580821678042411804e-02,9.257681667804718018e-02,7.080966979265213013e-02,6.973970681428909302e-02,7.080966979265213013e-02,9.257681667804718018e-02,3.580821678042411804e-02,8.909149467945098877e-02,1.583973467350006104e-01,1.045599356293678284e-01,-1.514708101749420166e-01,-1.432372778654098511e-01
1.107102930545806885e-01,-2.055299878120422363e-01,-1.908371597528457642e-01,-5.776776373386383057e-02,3.512512147426605225e-02,2.408546395599842072e-02,5.525122582912445068e-02,5.404334887862205505e-02,7.468891888856887817e-02,5.404334887862205505e-02,5.525122582912445068e-02,2.408546395599842072e-02,3.512512147426605225e-02,-5.776776373386383057e-02,-1.908371597528457642e-01,-2.055299878120422363e-01,1.107102930545806885e-01
-1.020799670368432999e-02
-1.364618390798568726e-01,-1.988212466239929199e-01,4.638754948973655701e-02,1.597974747419357300e-01,9.477404505014419556e-02,3.983734548091888428e-02,7.306718081235885620e-02,5.846475064754486084e-02,4.894239455461502075e-02,5.846475064754486084e-02,7.306718081235885620e-02,3.983734548091888428e-02,9.477404505014419556e-02,1.597974747419357300e-01,4.638754948973655701e-02,-1.988212466239929199e-01,-1.364618390798568726e-01
9.372818470001220703e-02,-1.544081121683120728e-01,-2.027523219585418701e-01,-5.513391643762588501e-02,4.326785914599895477e-03,6.112841144204139709e-02,5.298143997788429260e-02,7.729971408843994141e-02,4.602567479014396667e-02,7.729971408843994141e-02,5.298143997788429260e-02,6.112841144204139709e-02,4.326785914599895477e-03,-5.513391643762588501e-02,-2.027523219585418701e-01,-1.544081121683120728e-01,9.372818470001220703e-02
-1.095971744507551193e-02
-1.304858475923538208e-01,-1.721713691949844360e-01,-1.292865071445703506e-02,1.437644660472869873e-01,8.622583746910095215e-02,1.052166968584060669e-01,9.572881460189819336e-02,7.373821735382080078e-02,1.940321549773216248e-02,7.373821735382080078e-02,9.572881460189819336e-02,1.052166968584060669e-01,8.622583746910095215e-02,1.437644660472869873e-01,-1.292865071445703506e-02,-1.721713691949844360e-01,-1.304858475923538208e-01
1.682788729667663574e-01,-1.485290378332138062e-01,-2.365751564502716064e-01,-7.699136435985565186e-02,5.213306844234466553e-02,1.975971274077892303e-02,-1.434793882071971893e-02,7.439255714416503906e-02,1.218304559588432312e-01,7.439255714416503906e-02,-1.434793882071971893e-02,1.975971274077892303e-02,5.213306844234466553e-02,-7.699136435985565186e-02,-2.365751564502716064e-01,-1.485290378332138062e-01,1.682788729667663574e-01
-1.172901038080453873e-02
-7.746464014053344727e-02,-2.053862959146499634e-01,-3.260074183344841003e-02,1.476789414882659912e-01,1.216997653245925903e-01,8.451029658317565918e-02,7.755171507596969604e-02,7.175283879041671753e-02,5.821995437145233154e-02,7.175283879041671753e-02,7.755171507596969604e-02,8.451029658317565918e-02,1.216997653245925903e-01,1.476789414882659912e-01,-3.260074183344841003e-02,-2.053862959146499634e-01,-7.746464014053344727e-02
2.316391468048095703e-01,-1.047435700893402100e-01,-2.120327204465866089e-01,-1.361607164144515991e-01,5.130926892161369324e-02,1.846817322075366974e-02,1.349921151995658875e-02,4.855581745505332947e-02,1.267045885324478149e-01,4.855581745505332947e-02,1.349921151995658875e-02,1.846817322075366974e-02,5.130926892161369324e-02,-1.361607164144515991e-01,-2.120327204465866089e-01,-1.047435700893402100e-01,2.316391468048095703e-01
-1.251548528671264648e-02
-6.766165792942047119e-02,-2.391002476215362549e-01,-2.126039937138557434e-02,1.085551381111145020e-01,1.125666350126266479e-01,8.150935918092727661e-02,1.425569504499435425e-01,6.917609274387359619e-02,6.306236237287521362e-02,6.917609274387359619e-02,1.425569504499435425e-01,8.150935918092727661e-02,1.125666350126266479e-01,1.085551381111145020e-01,-2.126039937138557434e-02,-2.391002476215362549e-01,-6.766165792942047119e-02
1.804972738027572632e-01,-1.026922017335891724e-01,-2.074782997369766235e-01,-1.237368211150169373e-01,-8.723771199584007263e-03,-1.214014552533626556e-02,4.228626377880573273e-03,4.233966022729873657e-02,9.126208722591400146e-02,4.233966022729873657e-02,4.228626377880573273e-03,-1.214014552533626556e-02,-8.723771199584007263e-03,-1.237368211150169373e-01,-2.074782997369766235e-01,-1.026922017335891724e-01,1.804972738027572632e-01
-1.331877429038286209e-02
-5.031669884920120239e-02,-2.611749172210693359e-01,-5.857621878385543823e-02,1.254011094570159912e-01,1.321714967489242554e-01,9.775945544242858887e-02,1.446918994188308716e-01,9.418141096830368042e-02,8.058674633502960205e-02,9.418141096830368042e-02,1.446918994188308716e-01,9.775945544242858887e-02,1.321714967489242554e-01,1.254011094570159912e-01,-5.857621878385543823e-02,-2.611749172210693359e-01,-5.031669884920120239e-02
1.722255051136016846e-01,-3.642133995890617371e-02,-2.222598940134048462e-01,-1.320610195398330688e-01,-4.063503444194793701e-02,1.359561830759048462e-02,-1.003415603190660477e-02,6.376188248395919800e-02,7.586600631475448608e-02,6.376188248395919800e-02,-1.003415603190660477e-02,1.359561830759048462e-02,-4.063503444194793701e-02,-1.320610195398330688e-01,-2.222598940134048462e-01,-3.642133995890617371e-02,1.722255051136016846e-01
-1.413853280246257782e-02
-3.294562920928001404e-02,-2.474983483552932739e-01,-1.124935373663902283e-01,1.364708840847015381e-01,1.297278553247451782e-01,1.208090260624885559e-01,1.160726621747016907e-01,1.080587357282638550e-01,6.714450567960739136e-02,1.080587357282638550e-01,1.160726621747016907e-01,1.208090260624885559e-01,1.297278553247451782e-01,1.364708840847015381e-01,-1.124935373663902283e-01,-2.474983483552932739e-01,-3.294562920928001404e-02
1.858522593975067139e-01,1.492495182901620865e-02,-2.132011204957962036e-01,-1.548324823379516602e-01,-4.853849485516548157e-02,1.887698285281658173e-02,-1.131387148052453995e-02,7.222495228052139282e-02,9.031294286251068115e-02,7.222495228052139282e-02,-1.131387148052453995e-02,1.887698285281658173e-02,-4.853849485516548157e-02,-1.548324823379516602e-01,-2.132011204957962036e-01,1.492495182901620865e-02,1.858522593975067139e-01
-1.497443672269582748e-02
-2.803742513060569763e-02,-2.420322448015213013e-01,-1.326454430818557739e-01,1.258888244628906250e-01,1.118944510817527771e-01,1.280713826417922974e-01,1.120054274797439575e-01,1.206787452101707458e-01,6.511228531599044800e-02,1.206787452101707458e-01,1.120054274797439575e-01,1.280713826417922974e-01,1.118944510817527771e-01,1.258888244628906250e-01,-1.326454430818557739e-01,-2.420322448015213013e-01,-2.803742513060569763e-02
2.043105661869049072e-01,4.191573336720466614e-02,-1.595251113176345825e-01,-1.673481911420822144e-01,-5.756009370088577271e-02,-4.434133321046829224e-02,-2.209396287798881531e-02,6.791642308235168457e-02,1.342341750860214233e-01,6.791642308235168457e-02,-2.209396287798881531e-02,-4.434133321046829224e-02,-5.756009370088577271e-02,-1.673481911420822144e-01,-1.595251113176345825e-01,4.191573336720466614e-02,2.043105661869049072e-01
-1.582618057727813721e-02
5.915634706616401672e-02,-2.416489869356155396e-01,-1.778101027011871338e-01,8.915784209966659546e-02,1.598451882600784302e-01,1.224469542503356934e-01,9.362611174583435059e-02,1.072157993912696838e-01,1.026800572872161865e-01,1.072157993912696838e-01,9.362611174583435059e-02,1.224469542503356934e-01,1.598451882600784302e-01,8.915784209966659546e-02,-1.778101027011871338e-01,-2.416489869356155396e-01,5.915634706616401672e-02
2.318498641252517700e-01,4.817361757159233093e-02,-1.670665293931961060e-01,-2.013440579175949097e-01,-1.432340871542692184e-02,-2.060163393616676331e-02,-3.379961708560585976e-04,6.472090631723403931e-02,1.667018234729766846e-01,6.472090631723403931e-02,-3.379961708560585976e-04,-2.060163393616676331e-02,-1.432340871542692184e-02,-2.013440579175949097e-01,-1.670665293931961060e-01,4.817361757159233093e-02,2.318498641252517700e-01
-1.669347472488880157e-02
8.642894029617309570e-02,-2.541863024234771729e-01,-1.521573960781097412e-01,5.744452774524688721e-02,1.562583893537521362e-01,1.222815886139869690e-01,1.594617366790771484e-01,1.178021803498268127e-01,1.226619854569435120e-01,1.178021803498268127e-01,1.594617366790771484e-01,1.222815886139869690e-01,1.562583893537521362e-01,5.744452774524688721e-02,-1.521573960781097412e-01,-2.541863024234771729e-01,8.642894029617309570e-02
2.043087482452392578e-01,1.005288213491439819e-01,-1.451654434204101562e-01,-2.289958596229553223e-01,-5.478060990571975708e-02,-2.930473303422331810e-03,1.866311579942703247e-02,5.843036621809005737e-02,1.376164108514785767e-01,5.843036621809005737e-02,1.866311579942703247e-02,-2.930473303422331810e-03,-5.478060990571975708e-02,-2.289958596229553223e-01,-1.451654434204101562e-01,1.005288213491439819e-01,2.043087482452392578e-01
-1.757604628801345825e-02
1.319079548120498657e-01,-2.408389449119567871e-01,-1.650966703891754150e-01,2.882186509668827057e-02,1.724221557378768921e-01,1.201381683349609375e-01,1.586469262838363647e-01,1.150752529501914978e-01,1.442400664091110229e-01,1.150752529501914978e-01,1.586469262838363647e-01,1.201381683349609375e-01,1.724221557378768921e-01,2.882186509668827057e-02,-1.650966703891754150e-01,-2.408389449119567871e-01,1.319079548120498657e-01
1.620108038187026978e-01,1.455324739217758179e-01,-1.497596353292465210e-01,-2.270375490188598633e-01,-7.859050482511520386e-02,1.929630152881145477e-02,8.686809800565242767e-03,7.626071572303771973e-02,1.286868900060653687e-01,7.626071572303771973e-02,8.686809800565242767e-03,1.929630152881145477e-02,-7.859050482511520386e-02,-2.270375490188598633e-01,-1.497596353292465210e-01,1.455324739217758179e-01,1.620108038187026978e-01
-1.847363449633121490e-02
1.440256088972091675e-01,-2.007288783788681030e-01,-1.742140054702758789e-01,8.837081491947174072e-03,1.527896374464035034e-01,1.437603831291198730e-01,1.741369962692260742e-01,1.288249492645263672e-01,1.364699155092239380e-01,1.288249492645263672e-01,1.741369962692260742e-01,1.437603831291198730e-01,1.527896374464035034e-01,8.837081491947174072e-03,-1.742140054702758789e-01,-2.007288783788681030e-01,1.440256088972091675e-01
1.163976863026618958e-01,1.966644674539566040e-01,-1.469396799802780151e-01,-2.258286327123641968e-01,-1.060015186667442322e-01,4.457575827836990356e-02,6.901943124830722809e-03,9.509164094924926758e-02,1.159908547997474670e-01,9.509164094924926758e-02,6.901943124830722809e-03,4.457575827836990356e-02,-1.060015186667442322e-01,-2.258286327123641968e-01,-1.469396799802780151e-01,1.966644674539566040e-01,1.163976863026618958e-01
-1.938599348068237305e-02
1.565008908510208130e-01,-1.422510594129562378e-01,-1.943167299032211304e-01,7.131695281714200974e-03,1.396073400974273682e-01,1.587519943714141846e-01,1.459891051054000854e-01,1.459845453500747681e-01,1.348375082015991211e-01,1.459845453500747681e-01,1.459891051054000854e-01,1.587519943714141846e-01,1.396073400974273682e-01,7.131695281714200974e-03,-1.943167299032211304e-01,-1.422510594129562378e-01,1.565008908510208130e-01
6.920786201953887939e-02,2.247969061136245728e-01,-1.088025271892547607e-01,-2.061007618904113770e-01,-1.260591745376586914e-01,3.182940185070037842e-02,3.469390794634819031e-03,1.189830750226974487e-01,1.292554885149002075e-01,1.189830750226974487e-01,3.469390794634819031e-03,3.182940185070037842e-02,-1.260591745376586914e-01,-2.061007618904113770e-01,-1.088025271892547607e-01,2.247969061136245728e-01,6.920786201953887939e-02
-2.031288668513298035e-02
1.460527479648590088e-01,-8.033552020788192749e-02,-1.917366087436676025e-01,-6.505808793008327484e-03,8.328005671501159668e-02,1.811548918485641479e-01,1.709068864583969116e-01,1.648760288953781128e-01,1.067661792039871216e-01,1.648760288953781128e-01,1.709068864583969116e-01,1.811548918485641479e-01,8.328005671501159668e-02,-6.505808793008327484e-03,-1.917366087436676025e-01,-8.033552020788192749e-02,1.460527479648590088e-01
6.189273670315742493e-02,2.432996630668640137e-01,-8.791593462228775024e-02,-2.134955972433090210e-01,-1.045672371983528137e-01,3.772278130054473877e-02,6.153275258839130402e-03,1.140277758240699768e-01,1.440569311380386353e-01,1.140277758240699768e-01,6.153275258839130402e-03,3.772278130054473877e-02,-1.045672371983528137e-01,-2.134955972433090210e-01,-8.791593462228775024e-02,2.432996630668640137e-01,6.189273670315742493e-02
-2.125409059226512909e-02
1.762137562036514282e-01,-3.756536915898323059e-02,-2.232530266046524048e-01,-1.719426736235618591e-02,1.063538938760757446e-01,1.822160631418228149e-01,1.197756305336952209e-01,1.650522351264953613e-01,1.266249120235443115e-01,1.650522351264953613e-01,1.197756305336952209e-01,1.822160631418228149e-01,1.063538938760757446e-01,-1.719426736235618591e-02,-2.232530266046524048e-01,-3.756536915898323059e-02,1.762137562036514282e-01
3.848954662680625916e-02,2.389859855175018311e-01,-2.136949636042118073e-02,-2.189171910285949707e-01,-1.335351020097732544e-01,-1.577615737915039062e-02,2.241988293826580048e-02,1.080018877983093262e-01,1.558889597654342651e-01,1.080018877983093262e-01,2.241988293826580048e-02,-1.577615737915039062e-02,-1.335351020097732544e-01,-2.189171910285949707e-01,-2.136949636042118073e-02,2.389859855175018311e-01,3.848954662680625916e-02
-2.220939099788665771e-02
1.919157356023788452e-01,-2.925239736214280128e-03,-2.176374197006225586e-01,-3.828033059835433960e-02,1.236574277281761169e-01,2.096445411443710327e-01,1.485232859849929810e-01,1.694849729537963867e-01,1.342901885509490967e-01,1.694849729537963867e-01,1.485232859849929810e-01,2.096445411443710327e-01,1.236574277281761169e-01,-3.828033059835433960e-02,-2.176374197006225586e-01,-2.925239736214280128e-03,1.919157356023788452e-01
2.750599570572376251e-02,2.409302741289138794e-01,9.802252054214477539e-03,-2.532494366168975830e-01,-1.264683455228805542e-01,-1.657223701477050781e-02,4.882894828915596008e-02,9.196519106626510620e-02,1.655698120594024658e-01,9.196519106626510620e-02,4.882894828915596008e-02,-1.657223701477050781e-02,-1.264683455228805542e-01,-2.532494366168975830e-01,9.802252054214477539e-03,2.409302741289138794e-01,2.750599570572376251e-02
-2.317858114838600159e-02
1.856811046600341797e-01,1.198237482458353043e-02,-1.977917253971099854e-01,-8.433799445629119873e-02,9.662211686372756958e-02,2.050280869007110596e-01,1.905466616153717041e-01,1.620446294546127319e-01,1.330487579107284546e-01,1.620446294546127319e-01,1.905466616153717041e-01,2.050280869007110596e-01,9.662211686372756958e-02,-8.433799445629119873e-02,-1.977917253971099854e-01,1.198237482458353043e-02,1.856811046600341797e-01
8.264501579105854034e-03,2.238319218158721924e-01,7.501450832933187485e-03,-2.635050117969512939e-01,-1.050680428743362427e-01,-2.491168119013309479e-02,2.792559564113616943e-02,8.356598764657974243e-02,1.878194212913513184e-01,8.356598764657974243e-02,2.792559564113616943e-02,-2.491168119013309479e-02,-1.050680428743362427e-01,-2.635050117969512939e-01,7.501450832933187485e-03,2.238319218158721924e-01,8.264501579105854034e-03
-2.416146919131278992e-02
2.171780318021774292e-01,2.190095186233520508e-02,-1.985813081264495850e-01,-1.133174821734428406e-01,1.341309994459152222e-01,1.870080381631851196e-01,1.732897311449050903e-01,1.463069319725036621e-01,1.645038872957229614e-01,1.463069319725036621e-01,1.732897311449050903e-01,1.870080381631851196e-01,1.341309994459152222e-01,-1.133174821734428406e-01,-1.985813081264495850e-01,2.190095186233520508e-02,2.171780318021774292e-01
-1.857749372720718384e-02,2.437248378992080688e-01,6.365408003330230713e-02,-2.626943290233612061e-01,-1.490586698055267334e-01,-5.180554464459419250e-02,4.577008634805679321e-02,8.559570461511611938e-02,1.756235808134078979e-01,8.559570461511611938e-02,4.577008634805679321e-02,-5.180554464459419250e-02,-1.490586698055267334e-01,-2.626943290233612061e-01,6.365408003330230713e-02,2.437248378992080688e-01,-1.857749372720718384e-02
-2.515786141157150269e-02
2.233505994081497192e-01,5.730323866009712219e-02,-1.632742732763290405e-01,-1.336794942617416382e-01,1.364684551954269409e-01,1.776986867189407349e-01,1.920169889926910400e-01,1.424200534820556641e-01,1.818801462650299072e-01,1.424200534820556641e-01,1.920169889926910400e-01,1.776986867189407349e-01,1.364684551954269409e-01,-1.336794942617416382e-01,-1.632742732763290405e-01,5.730323866009712219e-02,2.233505994081497192e-01
-7.326097041368484497e-02,2.373826056718826294e-01,6.797811388969421387e-02,-2.326379418373107910e-01,-1.439363956451416016e-01,-3.954575955867767334e-02,3.188103064894676208e-02,9.268303960561752319e-02,1.709078997373580933e-01,9.268303960561752319e-02,3.188103064894676208e-02,-3.954575955867767334e-02,-1.439363956451416016e-01,-2.326379418373107910e-01,6.797811388969421387e-02,2.373826056718826294e-01,-7.326097041368484497e-02
-2.616758272051811218e-02
2.192954421043395996e-01,8.043575286865234375e-02,-1.539618968963623047e-01,-1.507922261953353882e-01,1.446701288223266602e-01,1.723599582910537720e-01,1.935079693794250488e-01,1.413532495498657227e-01,1.958002746105194092e-01,1.413532495498657227e-01,1.935079693794250488e-01,1.723599582910537720e-01,1.446701288223266602e-01,-1.507922261953353882e-01,-1.539618968963623047e-01,8.043575286865234375e-02,2.192954421043395996e-01
-1.185109466314315796e-01,2.505225241184234619e-01,9.162124991416931152e-02,-1.992848515510559082e-01,-1.666478365659713745e-01,-3.481651470065116882e-02,2.765179425477981567e-02,1.045082733035087585e-01,1.535450816154479980e-01,1.045082733035087585e-01,2.765179425477981567e-02,-3.481651470065116882e-02,-1.666478365659713745e-01,-1.992848515510559082e-01,9.162124991416931152e-02,2.505225241184234619e-01,-1.185109466314315796e-01
-2.719045430421829224e-02
2.070377320051193237e-01,1.331936717033386230e-01,-1.491988748311996460e-01,-1.924997866153717041e-01,1.014389321208000183e-01,1.738645434379577637e-01,2.046564668416976929e-01,1.378820091485977173e-01,1.812971234321594238e-01,1.378820091485977173e-01,2.046564668416976929e-01,1.738645434379577637e-01,1.014389321208000183e-01,-1.924997866153717041e-01,-1.491988748311996460e-01,1.331936717033386230e-01,2.070377320051193237e-01
-1.538292318582534790e-01,2.556281387805938721e-01,9.792160242795944214e-02,-1.494418829679489136e-01,-1.593860238790512085e-01,-2.899319119751453400e-02,-4.434687085449695587e-03,1.276566386222839355e-01,1.613999754190444946e-01,1.276566386222839355e-01,-4.434687085449695587e-03,-2.899319119751453400e-02,-1.593860238790512085e-01,-1.494418829679489136e-01,9.792160242795944214e-02,2.556281387805938721e-01,-1.538292318582534790e-01
-2.822631411254405975e-02
1.589444726705551147e-01,1.663220375776290894e-01,-1.417648941278457642e-01,-1.686124056577682495e-01,1.234744712710380554e-01,1.888823211193084717e-01,1.939739286899566650e-01,1.621421277523040771e-01,2.024419307708740234e-01,1.621421277523040771e-01,1.939739286899566650e-01,1.888823211193084717e-01,1.234744712710380554e-01,-1.686124056577682495e-01,-1.417648941278457642e-01,1.663220375776290894e-01,1.589444726705551147e-01
-2.417168021202087402e-01,2.305754274129867554e-01,1.266650706529617310e-01,-1.125457435846328735e-01,-1.841833591461181641e-01,-5.844937171787023544e-03,3.219659253954887390e-02,1.251656115055084229e-01,1.154009327292442322e-01,1.251656115055084229e-01,3.219659253954887390e-02,-5.844937171787023544e-03,-1.841833591461181641e-01,-1.125457435846328735e-01,1.266650706529617310e-01,2.305754274129867554e-01,-2.417168021202087402e-01
-2.927499823272228241e-02
9.890583157539367676e-02,2.100504189729690552e-01,-1.423241645097732544e-01,-1.800641417503356934e-01,8.560197055339813232e-02,1.923008114099502563e-01,1.815333813428878784e-01,1.688877046108245850e-01,1.874852329492568970e-01,1.688877046108245850e-01,1.815333813428878784e-01,1.923008114099502563e-01,8.560197055339813232e-02,-1.800641417503356934e-01,-1.423241645097732544e-01,2.100504189729690552e-01,9.890583157539367676e-02
-2.427990138530731201e-01,2.173490524291992188e-01,1.245267093181610107e-01,-1.057560443878173828e-01,-2.118982970714569092e-01,-3.822148218750953674e-02,-6.739619653671979904e-03,1.396888196468353271e-01,1.280383467674255371e-01,1.396888196468353271e-01,-6.739619653671979904e-03,-3.822148218750953674e-02,-2.118982970714569092e-01,-1.057560443878173828e-01,1.245267093181610107e-01,2.173490524291992188e-01,-2.427990138530731201e-01
-3.033635206520557404e-02
3.859046474099159241e-02,2.338752597570419312e-01,-1.596402227878570557e-01,-1.819877177476882935e-01,6.912118196487426758e-02,2.114900201559066772e-01,1.738269627094268799e-01,1.822031587362289429e-01,1.754548549652099609e-01,1.822031587362289429e-01,1.738269627094268799e-01,2.114900201559066772e-01,6.912118196487426758e-02,-1.819877177476882935e-01,-1.596402227878570557e-01,2.338752597570419312e-01,3.859046474099159241e-02
-2.925850749015808105e-01,1.663353741168975830e-01,1.377798616886138916e-01,-8.767326176166534424e-02,-2.089495360851287842e-01,-2.076523564755916595e-02,2.102640457451343536e-02,1.290325969457626343e-01,1.049402579665184021e-01,1.290325969457626343e-01,2.102640457451343536e-02,-2.076523564755916595e-02,-2.089495360851287842e-01,-8.767326176166534424e-02,1.377798616886138916e-01,1.663353741168975830e-01,-2.925850749015808105e-01
-3.141022846102714539e-02
-1.892367936670780182e-02,2.794651985168457031e-01,-1.476326286792755127e-01,-1.881237328052520752e-01,2.606662921607494354e-02,2.100124508142471313e-01,1.643567830324172974e-01,1.934095025062561035e-01,1.648106575012207031e-01,1.934095025062561035e-01,1.643567830324172974e-01,2.100124508142471313e-01,2.606662921607494354e-02,-1.881237328052520752e-01,-1.476326286792755127e-01,2.794651985168457031e-01,-1.892367936670780182e-02
-2.470404654741287231e-01,1.414419263601303101e-01,1.588436514139175415e-01,-8.572740852832794189e-02,-2.377130985260009766e-01,-9.073206037282943726e-02,-2.658096328377723694e-02,1.416787356138229370e-01,1.396805793046951294e-01,1.416787356138229370e-01,-2.658096328377723694e-02,-9.073206037282943726e-02,-2.377130985260009766e-01,-8.572740852832794189e-02,1.588436514139175415e-01,1.414419263601303101e-01,-2.470404654741287231e-01
-3.249647840857505798e-02
-7.129615545272827148e-02,2.990148961544036865e-01,-1.439757049083709717e-01,-1.882884502410888672e-01,8.808153681457042694e-03,2.232706844806671143e-01,1.685214489698410034e-01,2.110365778207778931e-01,1.628269404172897339e-01,2.110365778207778931e-01,1.685214489698410034e-01,2.232706844806671143e-01,8.808153681457042694e-03,-1.882884502410888672e-01,-1.439757049083709717e-01,2.990148961544036865e-01,-7.129615545272827148e-02
-2.396456897258758545e-01,9.083604067564010620e-02,1.910962164402008057e-01,-7.178052514791488647e-02,-2.259666323661804199e-01,-9.039617329835891724e-02,1.730350428260862827e-03,1.248336285352706909e-01,1.315602064132690430e-01,1.248336285352706909e-01,1.730350428260862827e-03,-9.039617329835891724e-02,-2.259666323661804199e-01,-7.178052514791488647e-02,1.910962164402008057e-01,9.083604067564010620e-02,-2.396456897258758545e-01
-3.359496593475341797e-02
-1.167771443724632263e-01,3.067218363285064697e-01,-1.353766620159149170e-01,-1.937990635633468628e-01,-3.422618843615055084e-03,2.308119982481002808e-01,1.701989322900772095e-01,2.165300399065017700e-01,1.575801968574523926e-01,2.165300399065017700e-01,1.701989322900772095e-01,2.308119982481002808e-01,-3.422618843615055084e-03,-1.937990635633468628e-01,-1.353766620159149170e-01,3.067218363285064697e-01,-1.167771443724632263e-01
-2.047885656356811523e-01,3.256747871637344360e-02,2.121331095695495605e-01,-6.828042119741439819e-02,-2.207920998334884644e-01,-1.164320334792137146e-01,8.126752451062202454e-03,1.219803243875503540e-01,1.491291075944900513e-01,1.219803243875503540e-01,8.126752451062202454e-03,-1.164320334792137146e-01,-2.207920998334884644e-01,-6.828042119741439819e-02,2.121331095695495605e-01,3.256747871637344360e-02,-2.047885656356811523e-01
-3.470556065440177917e-02
-1.490460783243179321e-01,3.105017542839050293e-01,-1.108880564570426941e-01,-2.027898728847503662e-01,-2.336199581623077393e-02,2.223117947578430176e-01,1.751441657543182373e-01,2.256751209497451782e-01,1.648693978786468506e-01,2.256751209497451782e-01,1.751441657543182373e-01,2.223117947578430176e-01,-2.336199581623077393e-02,-2.027898728847503662e-01,-1.108880564570426941e-01,3.105017542839050293e-01,-1.490460783243179321e-01
-1.769788563251495361e-01,-1.621099561452865601e-02,2.498721480369567871e-01,-5.706901103258132935e-02,-2.031327784061431885e-01,-1.135400161147117615e-01,4.551707580685615540e-02,1.082566827535629272e-01,1.489124894142150879e-01,1.082566827535629272e-01,4.551707580685615540e-02,-1.135400161147117615e-01,-2.031327784061431885e-01,-5.706901103258132935e-02,2.498721480369567871e-01,-1.621099561452865601e-02,-1.769788563251495361e-01
-3.582812100648880005e-02
-1.617456823587417603e-01,3.025825619697570801e-01,-8.449919521808624268e-02,-2.179921716451644897e-01,-4.001614451408386230e-02,2.023634016513824463e-01,1.736414432525634766e-01,2.237748652696609497e-01,1.720474660396575928e-01,2.237748652696609497e-01,1.736414432525634766e-01,2.023634016513824463e-01,-4.001614451408386230e-02,-2.179921716451644897e-01,-8.449919521808624268e-02,3.025825619697570801e-01,-1.617456823587417603e-01
-1.417310535907745361e-01,-6.005446240305900574e-02,2.817008197307586670e-01,-4.773489385843276978e-02,-1.887901425361633301e-01,-1.193792819976806641e-01,6.890147924423217773e-02,1.036975234746932983e-01,1.605387926101684570e-01,1.036975234746932983e-01,6.890147924423217773e-02,-1.193792819976806641e-01,-1.887901425361633301e-01,-4.773489385843276978e-02,2.817008197307586670e-01,-6.005446240305900574e-02,-1.417310535907745361e-01
-3.696253150701522827e-02
-1.749637871980667114e-01,2.859193384647369385e-01,-4.567749425768852234e-02,-2.277155071496963501e-01,-4.117004573345184326e-02,1.942235529422760010e-01,1.844148188829421997e-01,2.216575890779495239e-01,1.826703548431396484e-01,2.216575890779495239e-01,1.844148188829421997e-01,1.942235529422760010e-01,-4.117004573345184326e-02,-2.277155071496963501e-01,-4.567749425768852234e-02,2.859193384647369385e-01,-1.749637871980667114e-01
-9.524001926183700562e-02,-1.102957278490066528e-01,2.936146557331085205e-01,-4.339942336082458496e-02,-1.822603791952133179e-01,-1.335788071155548096e-01,7.508493959903717041e-02,9.422633051872253418e-02,1.668157875537872314e-01,9.422633051872253418e-02,7.508493959903717041e-02,-1.335788071155548096e-01,-1.822603791952133179e-01,-4.339942336082458496e-02,2.936146557331085205e-01,-1.102957278490066528e-01,-9.524001926183700562e-02
-3.810866177082061768e-02
-1.901914477348327637e-01,2.409293055534362793e-01,-1.834487542510032654e-02,-2.489553391933441162e-01,-4.743095114827156067e-02,1.730326563119888306e-01,1.864469647407531738e-01,2.119592428207397461e-01,1.939094662666320801e-01,2.119592428207397461e-01,1.864469647407531738e-01,1.730326563119888306e-01,-4.743095114827156067e-02,-2.489553391933441162e-01,-1.834487542510032654e-02,2.409293055534362793e-01,-1.901914477348327637e-01
-1.922763884067535400e-02,-1.410505175590515137e-01,2.966439127922058105e-01,-4.832902923226356506e-02,-1.952049434185028076e-01,-1.573063582181930542e-01,7.297519594430923462e-02,9.010443091392517090e-02,1.728719621896743774e-01,9.010443091392517090e-02,7.297519594430923462e-02,-1.573063582181930542e-01,-1.952049434185028076e-01,-4.832902923226356506e-02,2.966439127922058105e-01,-1.410505175590515137e-01,-1.922763884067535400e-02
-3.926640003919601440e-02
-1.918200701475143433e-01,2.026115059852600098e-01,2.478176355361938477e-02,-2.605648338794708252e-01,-4.499964416027069092e-02,1.610719412565231323e-01,1.991038769483566284e-01,2.066753804683685303e-01,2.090229541063308716e-01,2.066753804683685303e-01,1.991038769483566284e-01,1.610719412565231323e-01,-4.499964416027069092e-02,-2.605648338794708252e-01,2.478176355361938477e-02,2.026115059852600098e-01,-1.918200701475143433e-01
3.468072786927223206e-02,-1.790430992841720581e-01,2.882170975208282471e-01,-4.559898376464843750e-02,-2.076161056756973267e-01,-1.737700551748275757e-01,7.470035552978515625e-02,9.295831620693206787e-02,1.786204725503921509e-01,9.295831620693206787e-02,7.470035552978515625e-02,-1.737700551748275757e-01,-2.076161056756973267e-01,-4.559898376464843750e-02,2.882170975208282471e-01,-1.790430992841720581e-01,3.468072786927223206e-02
-4.043562710285186768e-02
-1.695507168769836426e-01,1.724694222211837769e-01,7.058545202016830444e-02,-2.707069814205169678e-01,-3.701500594615936279e-02,1.607278883457183838e-01,2.191887348890304565e-01,1.979535967111587524e-01,2.156851887702941895e-01,1.979535967111587524e-01,2.191887348890304565e-01,1.607278883457183838e-01,-3.701500594615936279e-02,-2.707069814205169678e-01,7.058545202016830444e-02,1.724694222211837769e-01,-1.695507168769836426e-01
5.230360478162765503e-02,-2.099197953939437866e-01,2.917066216468811035e-01,-1.205748505890369415e-02,-2.014669477939605713e-01,-1.778242588043212891e-01,7.222612202167510986e-02,9.670205414295196533e-02,1.807519495487213135e-01,9.670205414295196533e-02,7.222612202167510986e-02,-1.778242588043212891e-01,-2.014669477939605713e-01,-1.205748505890369415e-02,2.917066216468811035e-01,-2.099197953939437866e-01,5.230360478162765503e-02
-4.161622747778892517e-02
-1.525505334138870239e-01,1.256405860185623169e-01,1.054649949073791504e-01,-2.852598726749420166e-01,-4.385622963309288025e-02,1.400071978569030762e-01,2.239670306444168091e-01,1.895408332347869873e-01,2.274675071239471436e-01,1.895408332347869873e-01,2.239670306444168091e-01,1.400071978569030762e-01,-4.385622963309288025e-02,-2.852598726749420166e-01,1.054649949073791504e-01,1.256405860185623169e-01,-1.525505334138870239e-01
9.364287555217742920e-02,-2.249390631914138794e-01,2.766644954681396484e-01,6.955191493034362793e-03,-2.121035307645797729e-01,-1.836896538734436035e-01,6.663847714662551880e-02,1.001875996589660645e-01,1.757580488920211792e-01,1.001875996589660645e-01,6.663847714662551880e-02,-1.836896538734436035e-01,-2.121035307645797729e-01,6.955191493034362793e-03,2.766644954681396484e-01,-2.249390631914138794e-01,9.364287555217742920e-02
-4.280810058116912842e-02
-1.237167119979858398e-01,9.219624102115631104e-02,1.470374017953872681e-01,-2.899408638477325439e-01,-4.183815047144889832e-02,1.343675851821899414e-01,2.348890155553817749e-01,1.856925934553146362e-01,2.380477488040924072e-01,1.856925934553146362e-01,2.348890155553817749e-01,1.343675851821899414e-01,-4.183815047144889832e-02,-2.899408638477325439e-01,1.470374017953872681e-01,9.219624102115631104e-02,-1.237167119979858398e-01
1.031564399600028992e-01,-2.404796332120895386e-01,2.591396272182464600e-01,3.837778046727180481e-02,-2.141621708869934082e-01,-1.790121644735336304e-01,6.571459025144577026e-02,1.097203865647315979e-01,1.719456166028976440e-01,1.097203865647315979e-01,6.571459025144577026e-02,-1.790121644735336304e-01,-2.141621708869934082e-01,3.837778046727180481e-02,2.591396272182464600e-01,-2.404796332120895386e-01,1.031564399600028992e-01
-4.401113837957382202e-02
-9.676322340965270996e-02,5.420958995819091797e-02,1.881438791751861572e-01,-2.877219617366790771e-01,-4.792425781488418579e-02,1.248317211866378784e-01,2.455735504627227783e-01,1.843876391649246216e-01,2.458810955286026001e-01,1.843876391649246216e-01,2.455735504627227783e-01,1.248317211866378784e-01,-4.792425781488418579e-02,-2.877219617366790771e-01,1.881438791751861572e-01,5.420958995819091797e-02,-9.676322340965270996e-02
1.280376613140106201e-01,-2.424843162298202515e-01,2.295110523700714111e-01,5.906308814883232117e-02,-2.336951196193695068e-01,-1.858546584844589233e-01,4.951732605695724487e-02,1.150246858596801758e-01,1.634460836648941040e-01,1.150246858596801758e-01,4.951732605695724487e-02,-1.858546584844589233e-01,-2.336951196193695068e-01,5.906308814883232117e-02,2.295110523700714111e-01,-2.424843162298202515e-01,1.280376613140106201e-01
-4.522523283958435059e-02
-6.285919249057769775e-02,2.303994819521903992e-02,2.111807018518447876e-01,-2.927237153053283691e-01,-5.084732547402381897e-02,1.264213770627975464e-01,2.490547448396682739e-01,1.788680702447891235e-01,2.475042492151260376e-01,1.788680702447891235e-01,2.490547448396682739e-01,1.264213770627975464e-01,-5.084732547402381897e-02,-2.927237153053283691e-01,2.111807018518447876e-01,2.303994819521903992e-02,-6.285919249057769775e-02
1.261343955993652344e-01,-2.423047125339508057e-01,2.090543210506439209e-01,1.084160879254341125e-01,-2.286332547664642334e-01,-1.820619255304336548e-01,3.524119406938552856e-02,1.269933432340621948e-01,1.604812443256378174e-01,1.269933432340621948e-01,3.524119406938552856e-02,-1.820619255304336548e-01,-2.286332547664642334e-01,1.084160879254341125e-01,2.090543210506439209e-01,-2.423047125339508057e-01,1.261343955993652344e-01
-4.645029082894325256e-02
-3.746346384286880493e-02,-1.266184076666831970e-02,2.353223860263824463e-01,-2.862842679023742676e-01,-6.310495734214782715e-02,1.220373213291168213e-01,2.526489496231079102e-01,1.776442229747772217e-01,2.461920380592346191e-01,1.776442229747772217e-01,2.526489496231079102e-01,1.220373213291168213e-01,-6.310495734214782715e-02,-2.862842679023742676e-01,2.353223860263824463e-01,-1.266184076666831970e-02,-3.746346384286880493e-02
1.302069574594497681e-01,-2.327063828706741333e-01,1.780955195426940918e-01,1.423663049936294556e-01,-2.362846732139587402e-01,-1.787407845258712769e-01,2.669662795960903168e-02,1.371671855449676514e-01,1.521973609924316406e-01,1.371671855449676514e-01,2.669662795960903168e-02,-1.787407845258712769e-01,-2.362846732139587402e-01,1.423663049936294556e-01,1.780955195426940918e-01,-2.327063828706741333e-01,1.302069574594497681e-01
-4.768621549010276794e-02
-2.435098774731159210e-02,-6.368443369865417480e-02,2.481610327959060669e-01,-2.686199843883514404e-01,-7.413904368877410889e-02,1.206789687275886536e-01,2.605629563331604004e-01,1.860015094280242920e-01,2.484750151634216309e-01,1.860015094280242920e-01,2.605629563331604004e-01,1.206789687275886536e-01,-7.413904368877410889e-02,-2.686199843883514404e-01,2.481610327959060669e-01,-6.368443369865417480e-02,-2.435098774731159210e-02
1.463135182857513428e-01,-2.191332727670669556e-01,1.320312768220901489e-01,1.576282978057861328e-01,-2.591606676578521729e-01,-1.850760430097579956e-01,1.124380528926849365e-02,1.428287476301193237e-01,1.399641782045364380e-01,1.428287476301193237e-01,1.124380528926849365e-02,-1.850760430097579956e-01,-2.591606676578521729e-01,1.576282978057861328e-01,1.320312768220901489e-01,-2.191332727670669556e-01,1.463135182857513428e-01
-4.893290624022483826e-02
2.387698506936430931e-03,-8.444676548242568970e-02,2.635152935981750488e-01,-2.502309083938598633e-01,-8.619530498981475830e-02,1.230946034193038940e-01,2.597042918205261230e-01,1.911643892526626587e-01,2.466294765472412109e-01,1.911643892526626587e-01,2.597042918205261230e-01,1.230946034193038940e-01,-8.619530498981475830e-02,-2.502309083938598633e-01,2.635152935981750488e-01,-8.444676548242568970e-02,2.387698506936430931e-03
1.354925036430358887e-01,-2.024131566286087036e-01,9.720625728368759155e-02,1.873843371868133545e-01,-2.643125355243682861e-01,-1.812135726213455200e-01,3.415531478822231293e-03,1.535192877054214478e-01,1.342978179454803467e-01,1.535192877054214478e-01,3.415531478822231293e-03,-1.812135726213455200e-01,-2.643125355243682861e-01,1.873843371868133545e-01,9.720625728368759155e-02,-2.024131566286087036e-01,1.354925036430358887e-01
-5.019027367234230042e-02
3.014141134917736053e-02,-1.117215603590011597e-01,2.603530287742614746e-01,-2.366773486137390137e-01,-1.074844002723693848e-01,1.191936135292053223e-01,2.522859573364257812e-01,1.971925050020217896e-01,2.439522892236709595e-01,1.971925050020217896e-01,2.522859573364257812e-01,1.191936135292053223e-01,-1.074844002723693848e-01,-2.366773486137390137e-01,2.603530287742614746e-01,-1.117215603590011597e-01,3.014141134917736053e-02
1.408587098121643066e-01,-1.698203831911087036e-01,6.624343991279602051e-02,2.159456759691238403e-01,-2.681677043437957764e-01,-1.789982467889785767e-01,-4.250713624060153961e-03,1.592873036861419678e-01,1.253977119922637939e-01,1.592873036861419678e-01,-4.250713624060153961e-03,-1.789982467889785767e-01,-2.681677043437957764e-01,2.159456759691238403e-01,6.624343991279602051e-02,-1.698203831911087036e-01,1.408587098121643066e-01
-5.145822837948799133e-02
4.023304954171180725e-02,-1.244302988052368164e-01,2.672976553440093994e-01,-2.201058715581893921e-01,-1.381493359804153442e-01,1.225200593471527100e-01,2.560825347900390625e-01,2.061957269906997681e-01,2.349140495061874390e-01,2.061957269906997681e-01,2.560825347900390625e-01,1.225200593471527100e-01,-1.381493359804153442e-01,-2.201058715581893921e-01,2.672976553440093994e-01,-1.244302988052368164e-01,4.023304954171180725e-02
1.168306022882461548e-01,-1.537944972515106201e-01,3.590900823473930359e-02,2.501909434795379639e-01,-2.612133324146270752e-01,-1.718990653753280640e-01,-4.242602270096540451e-03,1.656023114919662476e-01,1.176728457212448120e-01,1.656023114919662476e-01,-4.242602270096540451e-03,-1.718990653753280640e-01,-2.612133324146270752e-01,2.501909434795379639e-01,3.590900823473930359e-02,-1.537944972515106201e-01,1.168306022882461548e-01
-5.273668467998504639e-02
6.649877876043319702e-02,-1.412355005741119385e-01,2.555209696292877197e-01,-1.888399124145507812e-01,-1.455027759075164795e-01,1.250511854887008667e-01,2.409767061471939087e-01,2.132198065519332886e-01,2.322563230991363525e-01,2.132198065519332886e-01,2.409767061471939087e-01,1.250511854887008667e-01,-1.455027759075164795e-01,-1.888399124145507812e-01,2.555209696292877197e-01,-1.412355005741119385e-01,6.649877876043319702e-02
1.144921258091926575e-01,-1.240306124091148376e-01,2.507763681933283806e-03,2.690299749374389648e-01,-2.650077044963836670e-01,-1.815452277660369873e-01,-2.012047171592712402e-02,1.704518795013427734e-01,1.178221255540847778e-01,1.704518795013427734e-01,-2.012047171592712402e-02,-1.815452277660369873e-01,-2.650077044963836670e-01,2.690299749374389648e-01,2.507763681933283806e-03,-1.240306124091148376e-01,1.144921258091926575e-01
-5.402555316686630249e-02
7.053009420633316040e-02,-1.511347740888595581e-01,2.491900175809860229e-01,-1.623490601778030396e-01,-1.663546413183212280e-01,1.370834708213806152e-01,2.443463057279586792e-01,2.241264581680297852e-01,2.228297591209411621e-01,2.241264581680297852e-01,2.443463057279586792e-01,1.370834708213806152e-01,-1.663546413183212280e-01,-1.623490601778030396e-01,2.491900175809860229e-01,-1.511347740888595581e-01,7.053009420633316040e-02
9.265554696321487427e-02,-1.073493808507919312e-01,-2.833784371614456177e-02,2.909822762012481689e-01,-2.583426535129547119e-01,-1.848860830068588257e-01,-2.576013654470443726e-02,1.730209141969680786e-01,1.157925724983215332e-01,1.730209141969680786e-01,-2.576013654470443726e-02,-1.848860830068588257e-01,-2.583426535129547119e-01,2.909822762012481689e-01,-2.833784371614456177e-02,-1.073493808507919312e-01,9.265554696321487427e-02
-5.532475188374519348e-02
8.384776115417480469e-02,-1.372646689414978027e-01,2.448011785745620728e-01,-1.450605988502502441e-01,-2.012612819671630859e-01,1.335191130638122559e-01,2.349812388420104980e-01,2.330542355775833130e-01,2.160421311855316162e-01,2.330542355775833130e-01,2.349812388420104980e-01,1.335191130638122559e-01,-2.012612819671630859e-01,-1.450605988502502441e-01,2.448011785745620728e-01,-1.372646689414978027e-01,8.384776115417480469e-02
6.973282992839813232e-02,-7.804168760776519775e-02,-4.491831734776496887e-02,3.103581964969635010e-01,-2.506783008575439453e-01,-1.839241534471511841e-01,-2.145549282431602478e-02,1.731608361005783081e-01,1.115373447537422180e-01,1.731608361005783081e-01,-2.145549282431602478e-02,-1.839241534471511841e-01,-2.506783008575439453e-01,3.103581964969635010e-01,-4.491831734776496887e-02,-7.804168760776519775e-02,6.973282992839813232e-02
-5.663419887423515320e-02
8.952428400516510010e-02,-1.421815007925033569e-01,2.297682762145996094e-01,-1.098912432789802551e-01,-2.168339639902114868e-01,1.378806084394454956e-01,2.276841104030609131e-01,2.410785853862762451e-01,2.077026218175888062e-01,2.410785853862762451e-01,2.276841104030609131e-01,1.378806084394454956e-01,-2.168339639902114868e-01,-1.098912432789802551e-01,2.297682762145996094e-01,-1.421815007925033569e-01,8.952428400516510010e-02
5.644124373793601990e-02,-5.726457387208938599e-02,-7.205487042665481567e-02,3.205397725105285645e-01,-2.434420287609100342e-01,-1.954443901777267456e-01,-2.847239747643470764e-02,1.738449186086654663e-01,1.153081730008125305e-01,1.738449186086654663e-01,-2.847239747643470764e-02,-1.954443901777267456e-01,-2.434420287609100342e-01,3.205397725105285645e-01,-7.205487042665481567e-02,-5.726457387208938599e-02,5.644124373793601990e-02
-5.795381590723991394e-02
9.231221675872802734e-02,-1.408865749835968018e-01,2.179035395383834839e-01,-6.490972638130187988e-02,-2.205459326505661011e-01,1.507279425859451294e-01,2.256104052066802979e-01,2.511614859104156494e-01,2.011432647705078125e-01,2.511614859104156494e-01,2.256104052066802979e-01,1.507279425859451294e-01,-2.205459326505661011e-01,-6.490972638130187988e-02,2.179035395383834839e-01,-1.408865749835968018e-01,9.231221675872802734e-02
2.676630020141601562e-02,-4.921619594097137451e-02,-9.448974579572677612e-02,3.410331010818481445e-01,-2.144484519958496094e-01,-1.967011243104934692e-01,-2.748403884470462799e-02,1.743302643299102783e-01,1.208555474877357483e-01,1.743302643299102783e-01,-2.748403884470462799e-02,-1.967011243104934692e-01,-2.144484519958496094e-01,3.410331010818481445e-01,-9.448974579572677612e-02,-4.921619594097137451e-02,2.676630020141601562e-02
-5.928352475166320801e-02
8.943837881088256836e-02,-1.487527340650558472e-01,1.902408450841903687e-01,-4.158771410584449768e-02,-2.466374039649963379e-01,1.497808843851089478e-01,2.236632257699966431e-01,2.618803083896636963e-01,1.951933503150939941e-01,2.618803083896636963e-01,2.236632257699966431e-01,1.497808843851089478e-01,-2.466374039649963379e-01,-4.158771410584449768e-02,1.902408450841903687e-01,-1.487527340650558472e-01,8.943837881088256836e-02
3.534109517931938171e-02,-2.057018876075744629e-02,-1.194810271263122559e-01,3.328341245651245117e-01,-2.109938114881515503e-01,-2.115763574838638306e-01,-3.036159090697765350e-02,1.689237654209136963e-01,1.230459883809089661e-01,1.689237654209136963e-01,-3.036159090697765350e-02,-2.115763574838638306e-01,-2.109938114881515503e-01,3.328341245651245117e-01,-1.194810271263122559e-01,-2.057018876075744629e-02,3.534109517931938171e-02
-6.062324717640876770e-02
8.758077770471572876e-02,-1.374295055866241455e-01,1.734619736671447754e-01,-1.309518143534660339e-02,-2.644759714603424072e-01,1.529946476221084595e-01,2.213295251131057739e-01,2.694716751575469971e-01,1.887820214033126831e-01,2.694716751575469971e-01,2.213295251131057739e-01,1.529946476221084595e-01,-2.644759714603424072e-01,-1.309518143534660339e-02,1.734619736671447754e-01,-1.374295055866241455e-01,8.758077770471572876e-02
1.492912042886018753e-02,-7.162867579609155655e-03,-1.320601701736450195e-01,3.385486900806427002e-01,-1.917168796062469482e-01,-2.212282866239547729e-01,-2.787062339484691620e-02,1.651210188865661621e-01,1.281759887933731079e-01,1.651210188865661621e-01,-2.787062339484691620e-02,-2.212282866239547729e-01,-1.917168796062469482e-01,3.385486900806427002e-01,-1.320601701736450195e-01,-7.162867579609155655e-03,1.492912042886018753e-02
-6.197291612625122070e-02
8.366885781288146973e-02,-1.082067489624023438e-01,1.679029911756515503e-01,1.624028012156486511e-02,-2.814352810382843018e-01,1.533547788858413696e-01,2.164185494184494019e-01,2.733480632305145264e-01,1.817085742950439453e-01,2.733480632305145264e-01,2.164185494184494019e-01,1.533547788858413696e-01,-2.814352810382843018e-01,1.624028012156486511e-02,1.679029911756515503e-01,-1.082067489624023438e-01,8.366885781288146973e-02
-2.710988372564315796e-02,-3.621781244874000549e-03,-1.328457146883010864e-01,3.506981432437896729e-01,-1.633490175008773804e-01,-2.250416576862335205e-01,-1.670839078724384308e-02,1.601829677820205688e-01,1.311211287975311279e-01,1.601829677820205688e-01,-1.670839078724384308e-02,-2.250416576862335205e-01,-1.633490175008773804e-01,3.506981432437896729e-01,-1.328457146883010864e-01,-3.621781244874000549e-03,-2.710988372564315796e-02
-6.333244591951370239e-02
7.995508611202239990e-02,-1.095976755023002625e-01,1.341182440519332886e-01,3.264791890978813171e-02,-3.031454086303710938e-01,1.481892913579940796e-01,2.156735807657241821e-01,2.812433242797851562e-01,1.795562952756881714e-01,2.812433242797851562e-01,2.156735807657241821e-01,1.481892913579940796e-01,-3.031454086303710938e-01,3.264791890978813171e-02,1.341182440519332886e-01,-1.095976755023002625e-01,7.995508611202239990e-02
-1.086658798158168793e-02,2.625799924135208130e-02,-1.463612616062164307e-01,3.300682604312896729e-01,-1.608129590749740601e-01,-2.478510737419128418e-01,-2.446615323424339294e-02,1.498095840215682983e-01,1.363904178142547607e-01,1.498095840215682983e-01,-2.446615323424339294e-02,-2.478510737419128418e-01,-1.608129590749740601e-01,3.300682604312896729e-01,-1.463612616062164307e-01,2.625799924135208130e-02,-1.086658798158168793e-02
-6.470178067684173584e-02
7.040049135684967041e-02,-8.570291846990585327e-02,1.251655369997024536e-01,6.062956154346466064e-02,-3.167138993740081787e-01,1.427816599607467651e-01,2.121732681989669800e-01,2.841104567050933838e-01,1.758424788713455200e-01,2.841104567050933838e-01,2.121732681989669800e-01,1.427816599607467651e-01,-3.167138993740081787e-01,6.062956154346466064e-02,1.251655369997024536e-01,-8.570291846990585327e-02,7.040049135684967041e-02
-4.506573081016540527e-02,2.330925315618515015e-02,-1.445485204458236694e-01,3.367181122303009033e-01,-1.286025643348693848e-01,-2.513612806797027588e-01,-7.513648830354213715e-03,1.470294892787933350e-01,1.413974314928054810e-01,1.470294892787933350e-01,-7.513648830354213715e-03,-2.513612806797027588e-01,-1.286025643348693848e-01,3.367181122303009033e-01,-1.445485204458236694e-01,2.330925315618515015e-02,-4.506573081016540527e-02
-6.608083844184875488e-02
6.137948110699653625e-02,-8.696512132883071899e-02,1.004555150866508484e-01,9.214043617248535156e-02,-3.198786973953247070e-01,1.411955058574676514e-01,2.157456874847412109e-01,2.895402610301971436e-01,1.745317578315734863e-01,2.895402610301971436e-01,2.157456874847412109e-01,1.411955058574676514e-01,-3.198786973953247070e-01,9.214043617248535156e-02,1.004555150866508484e-01,-8.696512132883071899e-02,6.137948110699653625e-02
-4.502673447132110596e-02,3.101827763020992279e-02,-1.565198749303817749e-01,3.290671110153198242e-01,-9.793645143508911133e-02,-2.642014324665069580e-01,-1.199151109904050827e-02,1.414109766483306885e-01,1.550572961568832397e-01,1.414109766483306885e-01,-1.199151109904050827e-02,-2.642014324665069580e-01,-9.793645143508911133e-02,3.290671110153198242e-01,-1.565198749303817749e-01,3.101827763020992279e-02,-4.502673447132110596e-02
-6.746955960988998413e-02
5.499719083309173584e-02,-6.070639565587043762e-02,8.447100967168807983e-02,1.007785797119140625e-01,-3.406656682491302490e-01,1.279820054769515991e-01,2.128605842590332031e-01,2.918962836265563965e-01,1.758873313665390015e-01,2.918962836265563965e-01,2.128605842590332031e-01,1.279820054769515991e-01,-3.406656682491302490e-01,1.007785797119140625e-01,8.447100967168807983e-02,-6.070639565587043762e-02,5.499719083309173584e-02
-5.729832872748374939e-02,4.079736024141311646e-02,-1.493233889341354370e-01,3.114930391311645508e-01,-9.091808646917343140e-02,-2.789707779884338379e-01,9.110203827731311321e-04,1.318732053041458130e-01,1.535711437463760376e-01,1.318732053041458130e-01,9.110203827731311321e-04,-2.789707779884338379e-01,-9.091808646917343140e-02,3.114930391311645508e-01,-1.493233889341354370e-01,4.079736024141311646e-02,-5.729832872748374939e-02
-6.886786967515945435e-02
4.315886646509170532e-02,-6.376325339078903198e-02,6.224471330642700195e-02,1.313532590866088867e-01,-3.361865878105163574e-01,1.284536421298980713e-01,2.222075164318084717e-01,2.945075035095214844e-01,1.741511076688766479e-01,2.945075035095214844e-01,2.222075164318084717e-01,1.284536421298980713e-01,-3.361865878105163574e-01,1.313532590866088867e-01,6.224471330642700195e-02,-6.376325339078903198e-02,4.315886646509170532e-02
-5.372716858983039856e-02,4.473032057285308838e-02,-1.583435982465744019e-01,3.012095987796783447e-01,-5.459645390510559082e-02,-2.889247536659240723e-01,-4.031311720609664917e-03,1.258756518363952637e-01,1.681110560894012451e-01,1.258756518363952637e-01,-4.031311720609664917e-03,-2.889247536659240723e-01,-5.459645390510559082e-02,3.012095987796783447e-01,-1.583435982465744019e-01,4.473032057285308838e-02,-5.372716858983039856e-02
-7.027571648359298706e-02
3.617314994335174561e-02,-4.718149080872535706e-02,3.715292364358901978e-02,1.333123594522476196e-01,-3.483695983886718750e-01,1.184884160757064819e-01,2.266749590635299683e-01,3.000990450382232666e-01,1.825104057788848877e-01,3.000990450382232666e-01,2.266749590635299683e-01,1.184884160757064819e-01,-3.483695983886718750e-01,1.333123594522476196e-01,3.715292364358901978e-02,-4.718149080872535706e-02,3.617314994335174561e-02
-5.235612392425537109e-02,5.952490493655204773e-02,-1.512259989976882935e-01,2.684907615184783936e-01,-5.950517952442169189e-02,-3.097876906394958496e-01,1.354674226604402065e-03,1.150012090802192688e-01,1.675769686698913574e-01,1.150012090802192688e-01,1.354674226604402065e-03,-3.097876906394958496e-01,-5.950517952442169189e-02,2.684907615184783936e-01,-1.512259989976882935e-01,5.952490493655204773e-02,-5.235612392425537109e-02
-7.169301807880401611e-02
2.545125782489776611e-02,-3.810701146721839905e-02,2.986150234937667847e-02,1.636880040168762207e-01,-3.437707424163818359e-01,1.093827635049819946e-01,2.310792207717895508e-01,2.944518923759460449e-01,1.770377010107040405e-01,2.944518923759460449e-01,2.310792207717895508e-01,1.093827635049819946e-01,-3.437707424163818359e-01,1.636880040168762207e-01,2.986150234937667847e-02,-3.810701146721839905e-02,2.545125782489776611e-02
-6.220519915223121643e-02,4.913231357932090759e-02,-1.511214226484298706e-01,2.715970575809478760e-01,-8.342227898538112640e-03,-3.120025396347045898e-01,2.190732397139072418e-03,1.107666715979576111e-01,1.805392950773239136e-01,1.107666715979576111e-01,2.190732397139072418e-03,-3.120025396347045898e-01,-8.342227898538112640e-03,2.715970575809478760e-01,-1.511214226484298706e-01,4.913231357932090759e-02,-6.220519915223121643e-02
-7.311972230672836304e-02
1.169020682573318481e-02,-3.824210539460182190e-02,4.989842884242534637e-03,1.701827645301818848e-01,-3.504738509654998779e-01,9.440626204013824463e-02,2.374433428049087524e-01,2.941346168518066406e-01,1.799887865781784058e-01,2.941346168518066406e-01,2.374433428049087524e-01,9.440626204013824463e-02,-3.504738509654998779e-01,1.701827645301818848e-01,4.989842884242534637e-03,-3.824210539460182190e-02,1.169020682573318481e-02
-5.141924321651458740e-02,5.387720093131065369e-02,-1.498138308525085449e-01,2.477405965328216553e-01,7.278635632246732712e-03,-3.285941779613494873e-01,-1.005437923595309258e-03,1.035570055246353149e-01,1.878426522016525269e-01,1.035570055246353149e-01,-1.005437923595309258e-03,-3.285941779613494873e-01,7.278635632246732712e-03,2.477405965328216553e-01,-1.498138308525085449e-01,5.387720093131065369e-02,-5.141924321651458740e-02
-7.455576956272125244e-02
1.030861306935548782e-02,-1.551830861717462540e-02,-2.597344107925891876e-03,1.825377345085144043e-01,-3.471158444881439209e-01,8.300837129354476929e-02,2.420738637447357178e-01,2.929139137268066406e-01,1.862282454967498779e-01,2.929139137268066406e-01,2.420738637447357178e-01,8.300837129354476929e-02,-3.471158444881439209e-01,1.825377345085144043e-01,-2.597344107925891876e-03,-1.551830861717462540e-02,1.030861306935548782e-02
-6.173053383827209473e-02,5.211916193366050720e-02,-1.369177252054214478e-01,2.342546880245208740e-01,2.809052728116512299e-02,-3.370562493801116943e-01,5.099548958241939545e-03,9.827827662229537964e-02,1.916039437055587769e-01,9.827827662229537964e-02,5.099548958241939545e-03,-3.370562493801116943e-01,2.809052728116512299e-02,2.342546880245208740e-01,-1.369177252054214478e-01,5.211916193366050720e-02,-6.173053383827209473e-02
-7.600108534097671509e-02
1.364951953291893005e-03,-5.188590846955776215e-03,-1.444201543927192688e-02,1.927529573440551758e-01,-3.427501618862152100e-01,7.143034785985946655e-02,2.502816617488861084e-01,2.911933064460754395e-01,1.912132501602172852e-01,2.911933064460754395e-01,2.502816617488861084e-01,7.143034785985946655e-02,-3.427501618862152100e-01,1.927529573440551758e-01,-1.444201543927192688e-02,-5.188590846955776215e-03,1.364951953291893005e-03
-6.301116943359375000e-02,5.000843852758407593e-02,-1.290128678083419800e-01,2.165349721908569336e-01,4.968040809035301208e-02,-3.447592854499816895e-01,7.702298462390899658e-03,9.285576641559600830e-02,1.961752623319625854e-01,9.285576641559600830e-02,7.702298462390899658e-03,-3.447592854499816895e-01,4.968040809035301208e-02,2.165349721908569336e-01,-1.290128678083419800e-01,5.000843852758407593e-02,-6.301116943359375000e-02
-7.745563238859176636e-02
-8.595269173383712769e-03,5.101529313833452761e-05,-2.779418602585792542e-02,1.975646615028381348e-01,-3.431839048862457275e-01,5.393468588590621948e-02,2.572942972183227539e-01,2.866466343402862549e-01,1.935956776142120361e-01,2.866466343402862549e-01,2.572942972183227539e-01,5.393468588590621948e-02,-3.431839048862457275e-01,1.975646615028381348e-01,-2.779418602585792542e-02,5.101529313833452761e-05,-8.595269173383712769e-03
-5.949253216385841370e-02,4.686442017555236816e-02,-1.209836751222610474e-01,2.028546929359436035e-01,7.632925361394882202e-02,-3.499611616134643555e-01,9.587264619767665863e-03,9.028504788875579834e-02,2.029860317707061768e-01,9.028504788875579834e-02,9.587264619767665863e-03,-3.499611616134643555e-01,7.632925361394882202e-02,2.028546929359436035e-01,-1.209836751222610474e-01,4.686442017555236816e-02,-5.949253216385841370e-02
-7.891933619976043701e-02
-1.188055239617824554e-02,1.576873660087585449e-02,-3.542210161685943604e-02,2.037324905395507812e-01,-3.343412876129150391e-01,3.770470246672630310e-02,2.609851360321044922e-01,2.864922881126403809e-01,2.061901986598968506e-01,2.864922881126403809e-01,2.609851360321044922e-01,3.770470246672630310e-02,-3.343412876129150391e-01,2.037324905395507812e-01,-3.542210161685943604e-02,1.576873660087585449e-02,-1.188055239617824554e-02
-5.891946703195571899e-02,4.452965408563613892e-02,-1.103960946202278137e-01,1.734884828329086304e-01,7.473946362733840942e-02,-3.653608858585357666e-01,1.099913660436868668e-02,8.564274758100509644e-02,2.024914771318435669e-01,8.564274758100509644e-02,1.099913660436868668e-02,-3.653608858585357666e-01,7.473946362733840942e-02,1.734884828329086304e-01,-1.103960946202278137e-01,4.452965408563613892e-02,-5.891946703195571899e-02
-8.039214462041854858e-02
-2.111811004579067230e-02,2.934579737484455109e-02,-3.664993122220039368e-02,2.105436623096466064e-01,-3.275187015533447266e-01,2.264479361474514008e-02,2.684092223644256592e-01,2.788238823413848877e-01,2.070237994194030762e-01,2.788238823413848877e-01,2.684092223644256592e-01,2.264479361474514008e-02,-3.275187015533447266e-01,2.105436623096466064e-01,-3.664993122220039368e-02,2.934579737484455109e-02,-2.111811004579067230e-02
-6.895706802606582642e-02,3.287135064601898193e-02,-9.535992890596389771e-02,1.706165224313735962e-01,1.070347949862480164e-01,-3.652081489562988281e-01,1.269710808992385864e-02,8.175712823867797852e-02,2.044231891632080078e-01,8.175712823867797852e-02,1.269710808992385864e-02,-3.652081489562988281e-01,1.070347949862480164e-01,1.706165224313735962e-01,-9.535992890596389771e-02,3.287135064601898193e-02,-6.895706802606582642e-02
-8.187400549650192261e-02
-2.707306481897830963e-02,3.014784492552280426e-02,-4.867629334330558777e-02,2.128851711750030518e-01,-3.175212740898132324e-01,9.197413921356201172e-03,2.801962494850158691e-01,2.775005400180816650e-01,2.146618068218231201e-01,2.775005400180816650e-01,2.801962494850158691e-01,9.197413921356201172e-03,-3.175212740898132324e-01,2.128851711750030518e-01,-4.867629334330558777e-02,3.014784492552280426e-02,-2.707306481897830963e-02
-5.862474814057350159e-02,3.175838291645050049e-02,-9.091942012310028076e-02,1.468339860439300537e-01,1.235074102878570557e-01,-3.700298666954040527e-01,7.450365927070379257e-03,7.826299220323562622e-02,2.086848318576812744e-01,7.826299220323562622e-02,7.450365927070379257e-03,-3.700298666954040527e-01,1.235074102878570557e-01,1.468339860439300537e-01,-9.091942012310028076e-02,3.175838291645050049e-02,-5.862474814057350159e-02
-8.336485922336578369e-02
-3.673352301120758057e-02,3.513400256633758545e-02,-5.182421207427978516e-02,2.163750678300857544e-01,-3.083228468894958496e-01,-7.052237633615732193e-03,2.891320288181304932e-01,2.714509963989257812e-01,2.175920903682708740e-01,2.714509963989257812e-01,2.891320288181304932e-01,-7.052237633615732193e-03,-3.083228468894958496e-01,2.163750678300857544e-01,-5.182421207427978516e-02,3.513400256633758545e-02,-3.673352301120758057e-02
-5.972506105899810791e-02,2.070979773998260498e-02,-8.171971142292022705e-02,1.378601938486099243e-01,1.503777205944061279e-01,-3.705898523330688477e-01,3.090846585109829903e-03,7.609573006629943848e-02,2.126110941171646118e-01,7.609573006629943848e-02,3.090846585109829903e-03,-3.705898523330688477e-01,1.503777205944061279e-01,1.378601938486099243e-01,-8.171971142292022705e-02,2.070979773998260498e-02,-5.972506105899810791e-02
-8.486464619636535645e-02
-4.121764004230499268e-02,4.474901407957077026e-02,-5.317544937133789062e-02,2.174821496009826660e-01,-2.971775531768798828e-01,-2.289366163313388824e-02,2.966717481613159180e-01,2.668280601501464844e-01,2.239029705524444580e-01,2.668280601501464844e-01,2.966717481613159180e-01,-2.289366163313388824e-02,-2.971775531768798828e-01,2.174821496009826660e-01,-5.317544937133789062e-02,4.474901407957077026e-02,-4.121764004230499268e-02
-6.154417991638183594e-02,1.276114210486412048e-02,-6.883170455694198608e-02,1.255322098731994629e-01,1.679498106241226196e-01,-3.706555366516113281e-01,2.637122292071580887e-03,7.471838593482971191e-02,2.119467109441757202e-01,7.471838593482971191e-02,2.637122292071580887e-03,-3.706555366516113281e-01,1.679498106241226196e-01,1.255322098731994629e-01,-6.883170455694198608e-02,1.276114210486412048e-02,-6.154417991638183594e-02
-8.637332916259765625e-02
-4.166099801659584045e-02,4.554359614849090576e-02,-6.485915929079055786e-02,2.128319889307022095e-01,-2.850953936576843262e-01,-3.982479497790336609e-02,3.038953840732574463e-01,2.671869397163391113e-01,2.369541227817535400e-01,2.671869397163391113e-01,3.038953840732574463e-01,-3.982479497790336609e-02,-2.850953936576843262e-01,2.128319889307022095e-01,-6.485915929079055786e-02,4.554359614849090576e-02,-4.166099801659584045e-02
-4.586809501051902771e-02,1.633891090750694275e-02,-6.168920546770095825e-02,9.182965755462646484e-02,1.591484546661376953e-01,-3.802257776260375977e-01,-1.019825140247121453e-04,7.695148885250091553e-02,2.121906727552413940e-01,7.695148885250091553e-02,-1.019825140247121453e-04,-3.802257776260375977e-01,1.591484546661376953e-01,9.182965755462646484e-02,-6.168920546770095825e-02,1.633891090750694275e-02,-4.586809501051902771e-02
-8.789084106683731079e-02
-5.011928826570510864e-02,4.942784458398818970e-02,-6.285768002271652222e-02,2.119461596012115479e-01,-2.761923074722290039e-01,-5.685447901487350464e-02,3.138397634029388428e-01,2.602016031742095947e-01,2.376276701688766479e-01,2.602016031742095947e-01,3.138397634029388428e-01,-5.685447901487350464e-02,-2.761923074722290039e-01,2.119461596012115479e-01,-6.285768002271652222e-02,4.942784458398818970e-02,-5.011928826570510864e-02
-4.711505025625228882e-02,3.292647656053304672e-03,-5.155701190233230591e-02,9.119396656751632690e-02,1.918127238750457764e-01,-3.740847110748291016e-01,-7.841180078685283661e-03,7.538671791553497314e-02,2.145292758941650391e-01,7.538671791553497314e-02,-7.841180078685283661e-03,-3.740847110748291016e-01,1.918127238750457764e-01,9.119396656751632690e-02,-5.155701190233230591e-02,3.292647656053304672e-03,-4.711505025625228882e-02
-8.941713720560073853e-02
-4.996100440621376038e-02,5.311593040823936462e-02,-6.759640574455261230e-02,2.081976830959320068e-01,-2.619853317737579346e-01,-7.478389143943786621e-02,3.173964619636535645e-01,2.580603063106536865e-01,2.484750151634216309e-01,2.580603063106536865e-01,3.173964619636535645e-01,-7.478389143943786621e-02,-2.619853317737579346e-01,2.081976830959320068e-01,-6.759640574455261230e-02,5.311593040823936462e-02,-4.996100440621376038e-02
-3.917960822582244873e-02,1.878965646028518677e-03,-4.009606316685676575e-02,6.796706467866897583e-02,1.865744739770889282e-01,-3.799476623535156250e-01,-1.154716499149799347e-02,7.698818296194076538e-02,2.111021280288696289e-01,7.698818296194076538e-02,-1.154716499149799347e-02,-3.799476623535156250e-01,1.865744739770889282e-01,6.796706467866897583e-02,-4.009606316685676575e-02,1.878965646028518677e-03,-3.917960822582244873e-02
-9.095217287540435791e-02
-4.978827387094497681e-02,5.168029665946960449e-02,-7.394888997077941895e-02,2.012838274240493774e-01,-2.510288655757904053e-01,-9.081377089023590088e-02,3.258609473705291748e-01,2.545618116855621338e-01,2.538778483867645264e-01,2.545618116855621338e-01,3.258609473705291748e-01,-9.081377089023590088e-02,-2.510288655757904053e-01,2.012838274240493774e-01,-7.394888997077941895e-02,5.168029665946960449e-02,-4.978827387094497681e-02
-2.662558294832706451e-02,2.630312461405992508e-03,-2.944316715002059937e-02,5.253265053033828735e-02,1.926514059305191040e-01,-3.814807832241058350e-01,-2.045404538512229919e-02,7.720083743333816528e-02,2.095094919204711914e-01,7.720083743333816528e-02,-2.045404538512229919e-02,-3.814807832241058350e-01,1.926514059305191040e-01,5.253265053033828735e-02,-2.944316715002059937e-02,2.630312461405992508e-03,-2.662558294832706451e-02
-9.249588847160339355e-02
-5.621257424354553223e-02,5.747844651341438293e-02,-6.680201739072799683e-02,1.998202204704284668e-01,-2.374277114868164062e-01,-1.055733188986778259e-01,3.348273038864135742e-01,2.509719729423522949e-01,2.583010196685791016e-01,2.509719729423522949e-01,3.348273038864135742e-01,-1.055733188986778259e-01,-2.374277114868164062e-01,1.998202204704284668e-01,-6.680201739072799683e-02,5.747844651341438293e-02,-5.621257424354553223e-02
-3.188839554786682129e-02,-1.278119813650846481e-02,-2.312704548239707947e-02,4.599212110042572021e-02,2.147774100303649902e-01,-3.709230422973632812e-01,-2.439028955996036530e-02,7.926384359598159790e-02,2.085714489221572876e-01,7.926384359598159790e-02,-2.439028955996036530e-02,-3.709230422973632812e-01,2.147774100303649902e-01,4.599212110042572021e-02,-2.312704548239707947e-02,-1.278119813650846481e-02,-3.188839554786682129e-02
-9.404823929071426392e-02
-5.801546573638916016e-02,5.932784080505371094e-02,-6.570293009281158447e-02,1.920531094074249268e-01,-2.281506359577178955e-01,-1.220757439732551575e-01,3.424400091171264648e-01,2.460635900497436523e-01,2.604641318321228027e-01,2.460635900497436523e-01,3.424400091171264648e-01,-1.220757439732551575e-01,-2.281506359577178955e-01,1.920531094074249268e-01,-6.570293009281158447e-02,5.932784080505371094e-02,-5.801546573638916016e-02
-2.627756632864475250e-02,-1.794290170073509216e-02,-1.381459739059209824e-02,3.807199001312255859e-02,2.280848771333694458e-01,-3.659705817699432373e-01,-3.327717632055282593e-02,8.050164580345153809e-02,2.068162560462951660e-01,8.050164580345153809e-02,-3.327717632055282593e-02,-3.659705817699432373e-01,2.280848771333694458e-01,3.807199001312255859e-02,-1.381459739059209824e-02,-1.794290170073509216e-02,-2.627756632864475250e-02
-9.560918062925338745e-02
-5.070777237415313721e-02,4.883088171482086182e-02,-7.895137369632720947e-02,1.840166896581649780e-01,-2.110303789377212524e-01,-1.365007311105728149e-01,3.478452861309051514e-01,2.466019541025161743e-01,2.703364491462707520e-01,2.466019541025161743e-01,3.478452861309051514e-01,-1.365007311105728149e-01,-2.110303789377212524e-01,1.840166896581649780e-01,-7.895137369632720947e-02,4.883088171482086182e-02,-5.070777237415313721e-02
-1.303656143136322498e-03,-8.498152717947959900e-03,-1.038436405360698700e-02,9.939555078744888306e-03,2.183298915624618530e-01,-3.677670359611511230e-01,-4.319735988974571228e-02,8.535600453615188599e-02,2.069873064756393433e-01,8.535600453615188599e-02,-4.319735988974571228e-02,-3.677670359611511230e-01,2.183298915624618530e-01,9.939555078744888306e-03,-1.038436405360698700e-02,-8.498152717947959900e-03,-1.303656143136322498e-03
-9.717866033315658569e-02
-5.941127613186836243e-02,5.620916932821273804e-02,-6.668084859848022461e-02,1.819984167814254761e-01,-1.958083063364028931e-01,-1.503550708293914795e-01,3.528890311717987061e-01,2.436758130788803101e-01,2.752848863601684570e-01,2.436758130788803101e-01,3.528890311717987061e-01,-1.503550708293914795e-01,-1.958083063364028931e-01,1.819984167814254761e-01,-6.668084859848022461e-02,5.620916932821273804e-02,-5.941127613186836243e-02
-1.246296707540750504e-02,-2.588671445846557617e-02,1.075679785571992397e-03,8.012615144252777100e-03,2.280711233615875244e-01,-3.621815145015716553e-01,-4.976534843444824219e-02,8.866205811500549316e-02,2.026603519916534424e-01,8.866205811500549316e-02,-4.976534843444824219e-02,-3.621815145015716553e-01,2.280711233615875244e-01,8.012615144252777100e-03,1.075679785571992397e-03,-2.588671445846557617e-02,-1.246296707540750504e-02
-9.875663369894027710e-02
-6.027592346072196960e-02,5.556184425950050354e-02,-6.398169696331024170e-02,1.747481971979141235e-01,-1.843146681785583496e-01,-1.660467088222503662e-01,3.577554821968078613e-01,2.408094257116317749e-01,2.783330976963043213e-01,2.408094257116317749e-01,3.577554821968078613e-01,-1.660467088222503662e-01,-1.843146681785583496e-01,1.747481971979141235e-01,-6.398169696331024170e-02,5.556184425950050354e-02,-6.027592346072196960e-02
-7.677968125790357590e-03,-3.182881698012351990e-02,8.012847043573856354e-03,1.184378750622272491e-03,2.382647246122360229e-01,-3.532845675945281982e-01,-5.838465690612792969e-02,9.111112356185913086e-02,1.990365236997604370e-01,9.111112356185913086e-02,-5.838465690612792969e-02,-3.532845675945281982e-01,2.382647246122360229e-01,1.184378750622272491e-03,8.012847043573856354e-03,-3.182881698012351990e-02,-7.677968125790357590e-03
-1.003430560231208801e-01
-6.318742036819458008e-02,5.613417923450469971e-02,-5.847876146435737610e-02,1.662317961454391479e-01,-1.748664826154708862e-01,-1.808300316333770752e-01,3.633133769035339355e-01,2.369467020034790039e-01,2.784571647644042969e-01,2.369467020034790039e-01,3.633133769035339355e-01,-1.808300316333770752e-01,-1.748664826154708862e-01,1.662317961454391479e-01,-5.847876146435737610e-02,5.613417923450469971e-02,-6.318742036819458008e-02
-5.727467592805624008e-03,-4.044456407427787781e-02,1.271098386496305466e-02,-3.545064246281981468e-03,2.510478198528289795e-01,-3.426758944988250732e-01,-6.835401803255081177e-02,9.435979276895523071e-02,1.971585750579833984e-01,9.435979276895523071e-02,-6.835401803255081177e-02,-3.426758944988250732e-01,2.510478198528289795e-01,-3.545064246281981468e-03,1.271098386496305466e-02,-4.044456407427787781e-02,-5.727467592805624008e-03
-1.019378826022148132e-01
-6.353569030761718750e-02,5.452779307961463928e-02,-5.502820014953613281e-02,1.594558656215667725e-01,-1.615303307771682739e-01,-1.939543783664703369e-01,3.675343990325927734e-01,2.361301779747009277e-01,2.824172973632812500e-01,2.361301779747009277e-01,3.675343990325927734e-01,-1.939543783664703369e-01,-1.615303307771682739e-01,1.594558656215667725e-01,-5.502820014953613281e-02,5.452779307961463928e-02,-6.353569030761718750e-02
-2.940767910331487656e-03,-4.572825878858566284e-02,2.004111185669898987e-02,-9.747099131345748901e-03,2.554617226123809814e-01,-3.351324796676635742e-01,-7.791468501091003418e-02,9.827136993408203125e-02,1.935527622699737549e-01,9.827136993408203125e-02,-7.791468501091003418e-02,-3.351324796676635742e-01,2.554617226123809814e-01,-9.747099131345748901e-03,2.004111185669898987e-02,-4.572825878858566284e-02,-2.940767910331487656e-03
-1.035410687327384949e-01
-6.269106268882751465e-02,5.281627178192138672e-02,-5.192103236913681030e-02,1.516356915235519409e-01,-1.485233455896377563e-01,-2.057166248559951782e-01,3.721182048320770264e-01,2.359277755022048950e-01,2.859506011009216309e-01,2.359277755022048950e-01,3.721182048320770264e-01,-2.057166248559951782e-01,-1.485233455896377563e-01,1.516356915235519409e-01,-5.192103236913681030e-02,5.281627178192138672e-02,-6.269106268882751465e-02
2.214611740782856941e-03,-5.038892850279808044e-02,2.462335675954818726e-02,-1.805530488491058350e-02,2.572928965091705322e-01,-3.275575637817382812e-01,-8.825856447219848633e-02,1.020658761262893677e-01,1.899020373821258545e-01,1.020658761262893677e-01,-8.825856447219848633e-02,-3.275575637817382812e-01,2.572928965091705322e-01,-1.805530488491058350e-02,2.462335675954818726e-02,-5.038892850279808044e-02,2.214611740782856941e-03
-1.051525771617889404e-01
-6.123073399066925049e-02,5.096962302923202515e-02,-4.834932833909988403e-02,1.444598585367202759e-01,-1.350888758897781372e-01,-2.169676274061203003e-01,3.756358325481414795e-01,2.362610101699829102e-01,2.895747721195220947e-01,2.362610101699829102e-01,3.756358325481414795e-01,-2.169676274061203003e-01,-1.350888758897781372e-01,1.444598585367202759e-01,-4.834932833909988403e-02,5.096962302923202515e-02,-6.123073399066925049e-02
6.999477744102478027e-03,-5.421100556850433350e-02,2.987473644316196442e-02,-2.448473311960697174e-02,2.591719925403594971e-01,-3.184862136840820312e-01,-9.748568385839462280e-02,1.071743741631507874e-01,1.863922178745269775e-01,1.071743741631507874e-01,-9.748568385839462280e-02,-3.184862136840820312e-01,2.591719925403594971e-01,-2.448473311960697174e-02,2.987473644316196442e-02,-5.421100556850433350e-02,6.999477744102478027e-03
-1.067723557353019714e-01
-5.736706778407096863e-02,4.522113502025604248e-02,-4.984935000538825989e-02,1.376752108335494995e-01,-1.185409277677536011e-01,-2.268805801868438721e-01,3.762858211994171143e-01,2.370156794786453247e-01,2.942328155040740967e-01,2.370156794786453247e-01,3.762858211994171143e-01,-2.268805801868438721e-01,-1.185409277677536011e-01,1.376752108335494995e-01,-4.984935000538825989e-02,4.522113502025604248e-02,-5.736706778407096863e-02
1.497329585254192352e-02,-5.228160321712493896e-02,3.580244630575180054e-02,-3.727551177144050598e-02,2.482750713825225830e-01,-3.152971267700195312e-01,-1.084947064518928528e-01,1.133820265531539917e-01,1.829734146595001221e-01,1.133820265531539917e-01,-1.084947064518928528e-01,-3.152971267700195312e-01,2.482750713825225830e-01,-3.727551177144050598e-02,3.580244630575180054e-02,-5.228160321712493896e-02,1.497329585254192352e-02
-1.084003672003746033e-01
-5.701408907771110535e-02,4.305700212717056274e-02,-4.461647942662239075e-02,1.308808922767639160e-01,-1.066040024161338806e-01,-2.381981760263442993e-01,3.774035274982452393e-01,2.370577156543731689e-01,2.959525287151336670e-01,2.370577156543731689e-01,3.774035274982452393e-01,-2.381981760263442993e-01,-1.066040024161338806e-01,1.308808922767639160e-01,-4.461647942662239075e-02,4.305700212717056274e-02,-5.701408907771110535e-02
1.987035572528839111e-02,-5.572871118783950806e-02,3.929884731769561768e-02,-4.348732903599739075e-02,2.480521053075790405e-01,-3.051551580429077148e-01,-1.178542748093605042e-01,1.183074340224266052e-01,1.786607205867767334e-01,1.183074340224266052e-01,-1.178542748093605042e-01,-3.051551580429077148e-01,2.480521053075790405e-01,-4.348732903599739075e-02,3.929884731769561768e-02,-5.572871118783950806e-02,1.987035572528839111e-02
-1.100365743041038513e-01
-5.113506317138671875e-02,3.381434828042984009e-02,-5.025097355246543884e-02,1.139339730143547058e-01,-1.021824032068252563e-01,-2.495786845684051514e-01,3.823966085910797119e-01,2.376883774995803833e-01,2.943449616432189941e-01,2.376883774995803833e-01,3.823966085910797119e-01,-2.495786845684051514e-01,-1.021824032068252563e-01,1.139339730143547058e-01,-5.025097355246543884e-02,3.381434828042984009e-02,-5.113506317138671875e-02
4.018762707710266113e-02,-4.847920686006546021e-02,3.608582541346549988e-02,-5.652302503585815430e-02,2.488258183002471924e-01,-2.950520515441894531e-01,-1.342449486255645752e-01,1.191344484686851501e-01,1.771186590194702148e-01,1.191344484686851501e-01,-1.342449486255645752e-01,-2.950520515441894531e-01,2.488258183002471924e-01,-5.652302503585815430e-02,3.608582541346549988e-02,-4.847920686006546021e-02,4.018762707710266113e-02
-1.116809248924255371e-01
-5.570693686604499817e-02,4.004026949405670166e-02,-3.242781758308410645e-02,1.133675500750541687e-01,-8.888386189937591553e-02,-2.591798007488250732e-01,3.823665976524353027e-01,2.398757785558700562e-01,2.974579334259033203e-01,2.398757785558700562e-01,3.823665976524353027e-01,-2.591798007488250732e-01,-8.888386189937591553e-02,1.133675500750541687e-01,-3.242781758308410645e-02,4.004026949405670166e-02,-5.570693686604499817e-02
2.581418305635452271e-02,-6.528856605291366577e-02,4.512742161750793457e-02,-4.710067063570022583e-02,2.561590373516082764e-01,-2.807235717773437500e-01,-1.384695470333099365e-01,1.255203187465667725e-01,1.703031063079833984e-01,1.255203187465667725e-01,-1.384695470333099365e-01,-2.807235717773437500e-01,2.561590373516082764e-01,-4.710067063570022583e-02,4.512742161750793457e-02,-6.528856605291366577e-02,2.581418305635452271e-02
-1.133333891630172729e-01
-5.120454356074333191e-02,3.574658185243606567e-02,-3.122866153717041016e-02,1.044238805770874023e-01,-7.778454571962356567e-02,-2.676154971122741699e-01,3.827933371067047119e-01,2.418675720691680908e-01,2.986178100109100342e-01,2.418675720691680908e-01,3.827933371067047119e-01,-2.676154971122741699e-01,-7.778454571962356567e-02,1.044238805770874023e-01,-3.122866153717041016e-02,3.574658185243606567e-02,-5.120454356074333191e-02
3.217670693993568420e-02,-6.486243009567260742e-02,4.723137244582176208e-02,-5.386110767722129822e-02,2.509749829769134521e-01,-2.733219861984252930e-01,-1.518179029226303101e-01,1.295706182718276978e-01,1.674137115478515625e-01,1.295706182718276978e-01,-1.518179029226303101e-01,-2.733219861984252930e-01,2.509749829769134521e-01,-5.386110767722129822e-02,4.723137244582176208e-02,-6.486243009567260742e-02,3.217670693993568420e-02
-1.149939149618148804e-01
-3.867068514227867126e-02,2.417455241084098816e-02,-4.122910648584365845e-02,9.319184720516204834e-02,-6.372141838073730469e-02,-2.730419933795928955e-01,3.834060728549957275e-01,2.451623976230621338e-01,3.004568219184875488e-01,2.451623976230621338e-01,3.834060728549957275e-01,-2.730419933795928955e-01,-6.372141838073730469e-02,9.319184720516204834e-02,-4.122910648584365845e-02,2.417455241084098816e-02,-3.867068514227867126e-02
5.244806781411170959e-02,-5.159769952297210693e-02,4.507438838481903076e-02,-7.154265791177749634e-02,2.388688325881958008e-01,-2.658023834228515625e-01,-1.652511209249496460e-01,1.352900266647338867e-01,1.677461564540863037e-01,1.352900266647338867e-01,-1.652511209249496460e-01,-2.658023834228515625e-01,2.388688325881958008e-01,-7.154265791177749634e-02,4.507438838481903076e-02,-5.159769952297210693e-02,5.244806781411170959e-02
-1.166624799370765686e-01
-4.442882537841796875e-02,2.494968473911285400e-02,-2.855879999697208405e-02,8.696123212575912476e-02,-5.658610537648200989e-02,-2.824458479881286621e-01,3.815693259239196777e-01,2.446243017911911011e-01,2.973484992980957031e-01,2.446243017911911011e-01,3.815693259239196777e-01,-2.824458479881286621e-01,-5.658610537648200989e-02,8.696123212575912476e-02,-2.855879999697208405e-02,2.494968473911285400e-02,-4.442882537841796875e-02
4.615604877471923828e-02,-6.491895765066146851e-02,4.735034331679344177e-02,-6.504204124212265015e-02,2.449570447206497192e-01,-2.521937489509582520e-01,-1.746144443750381470e-01,1.385282874107360840e-01,1.622512638568878174e-01,1.385282874107360840e-01,-1.746144443750381470e-01,-2.521937489509582520e-01,2.449570447206497192e-01,-6.504204124212265015e-02,4.735034331679344177e-02,-6.491895765066146851e-02,4.615604877471923828e-02
-1.183390393853187561e-01
-4.174269363284111023e-02,2.056400664150714874e-02,-2.616913989186286926e-02,7.849987596273422241e-02,-4.849070683121681213e-02,-2.904379963874816895e-01,3.801526129245758057e-01,2.475111484527587891e-01,2.971066236495971680e-01,2.475111484527587891e-01,3.801526129245758057e-01,-2.904379963874816895e-01,-4.849070683121681213e-02,7.849987596273422241e-02,-2.616913989186286926e-02,2.056400664150714874e-02,-4.174269363284111023e-02
5.079282447695732117e-02,-6.347738951444625854e-02,5.011922121047973633e-02,-6.823883205652236938e-02,2.401610165834426880e-01,-2.424327731132507324e-01,-1.856325417757034302e-01,1.427416801452636719e-01,1.587775200605392456e-01,1.427416801452636719e-01,-1.856325417757034302e-01,-2.424327731132507324e-01,2.401610165834426880e-01,-6.823883205652236938e-02,5.011922121047973633e-02,-6.347738951444625854e-02,5.079282447695732117e-02
-1.200235486030578613e-01
-3.571917861700057983e-02,2.426140010356903076e-02,-1.749879308044910431e-02,8.106418699026107788e-02,-2.650570683181285858e-02,-2.910541892051696777e-01,3.759400248527526855e-01,2.511805891990661621e-01,2.999797165393829346e-01,2.511805891990661621e-01,3.759400248527526855e-01,-2.910541892051696777e-01,-2.650570683181285858e-02,8.106418699026107788e-02,-1.749879308044910431e-02,2.426140010356903076e-02,-3.571917861700057983e-02
3.374034166336059570e-02,-6.537628918886184692e-02,6.087475270032882690e-02,-7.103670388460159302e-02,2.265973240137100220e-01,-2.327220290899276733e-01,-1.885204017162322998e-01,1.536892652511596680e-01,1.551109701395034790e-01,1.536892652511596680e-01,-1.885204017162322998e-01,-2.327220290899276733e-01,2.265973240137100220e-01,-7.103670388460159302e-02,6.087475270032882690e-02,-6.537628918886184692e-02,3.374034166336059570e-02
-1.217159777879714966e-01
-3.546049073338508606e-02,1.339524798095226288e-02,-1.862539164721965790e-02,6.575457006692886353e-02,-2.739528380334377289e-02,-3.002028465270996094e-01,3.774465024471282959e-01,2.557288110256195068e-01,2.974459528923034668e-01,2.557288110256195068e-01,3.774465024471282959e-01,-3.002028465270996094e-01,-2.739528380334377289e-02,6.575457006692886353e-02,-1.862539164721965790e-02,1.339524798095226288e-02,-3.546049073338508606e-02
5.730272084474563599e-02,-6.463392078876495361e-02,5.028417333960533142e-02,-7.543727010488510132e-02,2.305212169885635376e-01,-2.206571698188781738e-01,-2.060632407665252686e-01,1.503406018018722534e-01,1.518181264400482178e-01,1.503406018018722534e-01,-2.060632407665252686e-01,-2.206571698188781738e-01,2.305212169885635376e-01,-7.543727010488510132e-02,5.028417333960533142e-02,-6.463392078876495361e-02,5.730272084474563599e-02
-1.234162896871566772e-01
-3.709882870316505432e-02,1.283258944749832153e-02,-9.518621489405632019e-03,6.132827699184417725e-02,-1.988339051604270935e-02,-3.073835968971252441e-01,3.722932636737823486e-01,2.579785585403442383e-01,2.959055900573730469e-01,2.579785585403442383e-01,3.722932636737823486e-01,-3.073835968971252441e-01,-1.988339051604270935e-02,6.132827699184417725e-02,-9.518621489405632019e-03,1.283258944749832153e-02,-3.709882870316505432e-02
5.128727853298187256e-02,-7.130065560340881348e-02,5.681120231747627258e-02,-6.639994680881500244e-02,2.314741313457489014e-01,-2.079303264617919922e-01,-2.128994315862655640e-01,1.562724113464355469e-01,1.475685387849807739e-01,1.562724113464355469e-01,-2.128994315862655640e-01,-2.079303264617919922e-01,2.314741313457489014e-01,-6.639994680881500244e-02,5.681120231747627258e-02,-7.130065560340881348e-02,5.128727853298187256e-02
-1.251244395971298218e-01
-3.257886320352554321e-02,9.798947721719741821e-03,-5.295818671584129333e-03,5.489612743258476257e-02,-1.111609116196632385e-02,-3.104268610477447510e-01,3.708856701850891113e-01,2.616022825241088867e-01,2.933657467365264893e-01,2.616022825241088867e-01,3.708856701850891113e-01,-3.104268610477447510e-01,-1.111609116196632385e-02,5.489612743258476257e-02,-5.295818671584129333e-03,9.798947721719741821e-03,-3.257886320352554321e-02
5.540680512785911560e-02,-7.203568518161773682e-02,5.364346876740455627e-02,-7.036826014518737793e-02,2.265307754278182983e-01,-1.972516626119613647e-01,-2.245349586009979248e-01,1.575828343629837036e-01,1.443263143301010132e-01,1.575828343629837036e-01,-2.245349586009979248e-01,-1.972516626119613647e-01,2.265307754278182983e-01,-7.036826014518737793e-02,5.364346876740455627e-02,-7.203568518161773682e-02,5.540680512785911560e-02
-1.268403977155685425e-01
-2.263773046433925629e-02,3.899724979419261217e-04,-1.268780883401632309e-02,4.750679805874824524e-02,1.358979265205562115e-03,-3.118267655372619629e-01,3.669660687446594238e-01,2.674672007560729980e-01,2.946396172046661377e-01,2.674672007560729980e-01,3.669660687446594238e-01,-3.118267655372619629e-01,1.358979265205562115e-03,4.750679805874824524e-02,-1.268780883401632309e-02,3.899724979419261217e-04,-2.263773046433925629e-02
6.504334509372711182e-02,-5.954887717962265015e-02,5.622594803571701050e-02,-7.886414229869842529e-02,2.124154418706893921e-01,-1.893002837896347046e-01,-2.344971746206283569e-01,1.634227186441421509e-01,1.436278074979782104e-01,1.634227186441421509e-01,-2.344971746206283569e-01,-1.893002837896347046e-01,2.124154418706893921e-01,-7.886414229869842529e-02,5.622594803571701050e-02,-5.954887717962265015e-02,6.504334509372711182e-02
-1.285641342401504517e-01
-2.249366231262683868e-02,-8.808232087176293135e-05,-3.908148035407066345e-03,4.519094899296760559e-02,1.027318090200424194e-02,-3.144109249114990234e-01,3.632505536079406738e-01,2.720670700073242188e-01,2.931407392024993896e-01,2.720670700073242188e-01,3.632505536079406738e-01,-3.144109249114990234e-01,1.027318090200424194e-02,4.519094899296760559e-02,-3.908148035407066345e-03,-8.808232087176293135e-05,-2.249366231262683868e-02
5.937766656279563904e-02,-6.421521306037902832e-02,5.872652679681777954e-02,-7.521454244852066040e-02,2.078115940093994141e-01,-1.784952431917190552e-01,-2.422319054603576660e-01,1.670794039964675903e-01,1.393644213676452637e-01,1.670794039964675903e-01,-2.422319054603576660e-01,-1.784952431917190552e-01,2.078115940093994141e-01,-7.521454244852066040e-02,5.872652679681777954e-02,-6.421521306037902832e-02,5.937766656279563904e-02
-1.302956044673919678e-01
-2.213730849325656891e-02,-2.203359734266996384e-03,1.861934317275881767e-03,3.646485134959220886e-02,1.291534863412380219e-02,-3.189756274223327637e-01,3.606308400630950928e-01,2.775303423404693604e-01,2.909624278545379639e-01,2.775303423404693604e-01,3.606308400630950928e-01,-3.189756274223327637e-01,1.291534863412380219e-02,3.646485134959220886e-02,1.861934317275881767e-03,-2.203359734266996384e-03,-2.213730849325656891e-02
6.366270035505294800e-02,-6.901017576456069946e-02,5.235769227147102356e-02,-7.429060339927673340e-02,2.095565646886825562e-01,-1.646900773048400879e-01,-2.521508932113647461e-01,1.694165170192718506e-01,1.385996639728546143e-01,1.694165170192718506e-01,-2.521508932113647461e-01,-1.646900773048400879e-01,2.095565646886825562e-01,-7.429060339927673340e-02,5.235769227147102356e-02,-6.901017576456069946e-02,6.366270035505294800e-02
-1.320347785949707031e-01
-1.702844724059104919e-02,-5.431981757283210754e-03,3.016127971932291985e-03,2.827169373631477356e-02,1.743079163134098053e-02,-3.227265775203704834e-01,3.542539179325103760e-01,2.792207896709442139e-01,2.855020463466644287e-01,2.792207896709442139e-01,3.542539179325103760e-01,-3.227265775203704834e-01,1.743079163134098053e-02,2.827169373631477356e-02,3.016127971932291985e-03,-5.431981757283210754e-03,-1.702844724059104919e-02
6.737548857927322388e-02,-6.612554937601089478e-02,5.130551010370254517e-02,-7.466445118188858032e-02,2.053744494915008545e-01,-1.532681435346603394e-01,-2.619832456111907959e-01,1.705890297889709473e-01,1.360479891300201416e-01,1.705890297889709473e-01,-2.619832456111907959e-01,-1.532681435346603394e-01,2.053744494915008545e-01,-7.466445118188858032e-02,5.130551010370254517e-02,-6.612554937601089478e-02,6.737548857927322388e-02
-1.337816268205642700e-01
-1.733258739113807678e-02,-4.715063609182834625e-03,1.362639386206865311e-02,2.790676429867744446e-02,2.508153580129146576e-02,-3.243145942687988281e-01,3.500760793685913086e-01,2.845830619335174561e-01,2.834197580814361572e-01,2.845830619335174561e-01,3.500760793685913086e-01,-3.243145942687988281e-01,2.508153580129146576e-02,2.790676429867744446e-02,1.362639386206865311e-02,-4.715063609182834625e-03,-1.733258739113807678e-02
6.320913881063461304e-02,-7.263238728046417236e-02,4.969242960214614868e-02,-7.124488800764083862e-02,2.020678818225860596e-01,-1.414200961589813232e-01,-2.690165042877197266e-01,1.733697205781936646e-01,1.327044069766998291e-01,1.733697205781936646e-01,-2.690165042877197266e-01,-1.414200961589813232e-01,2.020678818225860596e-01,-7.124488800764083862e-02,4.969242960214614868e-02,-7.263238728046417236e-02,6.320913881063461304e-02
-1.355361044406890869e-01
-8.308521471917629242e-03,-6.997817661613225937e-03,1.397356949746608734e-02,2.507095597684383392e-02,3.609215095639228821e-02,-3.223432898521423340e-01,3.445936739444732666e-01,2.907918989658355713e-01,2.832194864749908447e-01,2.907918989658355713e-01,3.445936739444732666e-01,-3.223432898521423340e-01,3.609215095639228821e-02,2.507095597684383392e-02,1.397356949746608734e-02,-6.997817661613225937e-03,-8.308521471917629242e-03
6.009834632277488708e-02,-6.304727494716644287e-02,5.930649116635322571e-02,-7.215531915426254272e-02,1.849027425050735474e-01,-1.355255395174026489e-01,-2.747383415699005127e-01,1.800740361213684082e-01,1.309787929058074951e-01,1.800740361213684082e-01,-2.747383415699005127e-01,-1.355255395174026489e-01,1.849027425050735474e-01,-7.215531915426254272e-02,5.930649116635322571e-02,-6.304727494716644287e-02,6.009834632277488708e-02
-1.372981965541839600e-01
-1.056059170514345169e-02,-1.507232338190078735e-02,1.377683691680431366e-02,1.374263968318700790e-02,3.317972272634506226e-02,-3.275650739669799805e-01,3.410952985286712646e-01,2.968743741512298584e-01,2.796098589897155762e-01,2.968743741512298584e-01,3.410952985286712646e-01,-3.275650739669799805e-01,3.317972272634506226e-02,1.374263968318700790e-02,1.377683691680431366e-02,-1.507232338190078735e-02,-1.056059170514345169e-02
7.100225985050201416e-02,-6.364554911851882935e-02,5.113618448376655579e-02,-7.131741940975189209e-02,1.858679652214050293e-01,-1.238783001899719238e-01,-2.867684960365295410e-01,1.777917742729187012e-01,1.299030035734176636e-01,1.777917742729187012e-01,-2.867684960365295410e-01,-1.238783001899719238e-01,1.858679652214050293e-01,-7.131741940975189209e-02,5.113618448376655579e-02,-6.364554911851882935e-02,7.100225985050201416e-02
-1.390678435564041138e-01
-5.453887861222028732e-03,-1.771985925734043121e-02,1.555979903787374496e-02,1.008155010640621185e-02,4.042452573776245117e-02,-3.269779980182647705e-01,3.355756402015686035e-01,3.030501008033752441e-01,2.779951691627502441e-01,3.030501008033752441e-01,3.355756402015686035e-01,-3.269779980182647705e-01,4.042452573776245117e-02,1.008155010640621185e-02,1.555979903787374496e-02,-1.771985925734043121e-02,-5.453887861222028732e-03
7.052879780530929565e-02,-6.146705150604248047e-02,5.026767030358314514e-02,-7.149079442024230957e-02,1.786244511604309082e-01,-1.144030913710594177e-01,-2.948575615882873535e-01,1.802204996347427368e-01,1.293772161006927490e-01,1.802204996347427368e-01,-2.948575615882873535e-01,-1.144030913710594177e-01,1.786244511604309082e-01,-7.149079442024230957e-02,5.026767030358314514e-02,-6.146705150604248047e-02,7.052879780530929565e-02
-1.408450454473495483e-01
-4.966719541698694229e-03,-1.845405809581279755e-02,2.323915809392929077e-02,8.776012808084487915e-03,4.634976387023925781e-02,-3.266313076019287109e-01,3.301395773887634277e-01,3.081085681915283203e-01,2.744219303131103516e-01,3.081085681915283203e-01,3.301395773887634277e-01,-3.266313076019287109e-01,4.634976387023925781e-02,8.776012808084487915e-03,2.323915809392929077e-02,-1.845405809581279755e-02,-4.966719541698694229e-03
6.594637036323547363e-02,-6.678736954927444458e-02,4.760687425732612610e-02,-6.647266447544097900e-02,1.776532232761383057e-01,-1.021623089909553528e-01,-3.010510504245758057e-01,1.819550842046737671e-01,1.279300302267074585e-01,1.819550842046737671e-01,-3.010510504245758057e-01,-1.021623089909553528e-01,1.776532232761383057e-01,-6.647266447544097900e-02,4.760687425732612610e-02,-6.678736954927444458e-02,6.594637036323547363e-02
-1.426297426223754883e-01
-5.066323210485279560e-04,-2.393611334264278412e-02,2.119432576000690460e-02,4.338115919381380081e-03,5.249939113855361938e-02,-3.253013193607330322e-01,3.236604332923889160e-01,3.139582872390747070e-01,2.721855640411376953e-01,3.139582872390747070e-01,3.236604332923889160e-01,-3.253013193607330322e-01,5.249939113855361938e-02,4.338115919381380081e-03,2.119432576000690460e-02,-2.393611334264278412e-02,-5.066323210485279560e-04
6.663411110639572144e-02,-5.964960157871246338e-02,5.037045478820800781e-02,-6.693541258573532104e-02,1.661073565483093262e-01,-9.533543139696121216e-02,-3.088644444942474365e-01,1.844137758016586304e-01,1.273116916418075562e-01,1.844137758016586304e-01,-3.088644444942474365e-01,-9.533543139696121216e-02,1.661073565483093262e-01,-6.693541258573532104e-02,5.037045478820800781e-02,-5.964960157871246338e-02,6.663411110639572144e-02
-1.444219201803207397e-01
1.193060423247516155e-03,-2.575855888426303864e-02,2.452033199369907379e-02,-2.982979407534003258e-03,5.160561576485633850e-02,-3.270373046398162842e-01,3.181034326553344727e-01,3.190549910068511963e-01,2.674807906150817871e-01,3.190549910068511963e-01,3.181034326553344727e-01,-3.270373046398162842e-01,5.160561576485633850e-02,-2.982979407534003258e-03,2.452033199369907379e-02,-2.575855888426303864e-02,1.193060423247516155e-03
7.086104899644851685e-02,-5.958552286028862000e-02,4.506946727633476257e-02,-6.619365513324737549e-02,1.629409492015838623e-01,-8.466268330812454224e-02,-3.169476687908172607e-01,1.834904402494430542e-01,1.267642974853515625e-01,1.834904402494430542e-01,-3.169476687908172607e-01,-8.466268330812454224e-02,1.629409492015838623e-01,-6.619365513324737549e-02,4.506946727633476257e-02,-5.958552286028862000e-02,7.086104899644851685e-02
-1.462215334177017212e-01
3.130049444735050201e-03,-3.017738461494445801e-02,2.512073330581188202e-02,-4.526831209659576416e-03,5.890579894185066223e-02,-3.244108855724334717e-01,3.117426335811614990e-01,3.266776800155639648e-01,2.671366333961486816e-01,3.266776800155639648e-01,3.117426335811614990e-01,-3.244108855724334717e-01,5.890579894185066223e-02,-4.526831209659576416e-03,2.512073330581188202e-02,-3.017738461494445801e-02,3.130049444735050201e-03
6.908577680587768555e-02,-5.420877039432525635e-02,5.015749856829643250e-02,-6.273034214973449707e-02,1.524536013603210449e-01,-7.796439528465270996e-02,-3.225993812084197998e-01,1.859670728445053101e-01,1.255388855934143066e-01,1.859670728445053101e-01,-3.225993812084197998e-01,-7.796439528465270996e-02,1.524536013603210449e-01,-6.273034214973449707e-02,5.015749856829643250e-02,-5.420877039432525635e-02,6.908577680587768555e-02
-1.480285674333572388e-01
1.170979160815477371e-02,-3.359802812337875366e-02,2.260304801166057587e-02,-9.010400623083114624e-03,6.521560251712799072e-02,-3.221983015537261963e-01,3.042253255844116211e-01,3.318444192409515381e-01,2.637068629264831543e-01,3.318444192409515381e-01,3.042253255844116211e-01,-3.221983015537261963e-01,6.521560251712799072e-02,-9.010400623083114624e-03,2.260304801166057587e-02,-3.359802812337875366e-02,1.170979160815477371e-02
7.241873443126678467e-02,-4.817694053053855896e-02,4.506206884980201721e-02,-6.758943945169448853e-02,1.463851481676101685e-01,-6.571141630411148071e-02,-3.277744054794311523e-01,1.876621693372726440e-01,1.278918236494064331e-01,1.876621693372726440e-01,-3.277744054794311523e-01,-6.571141630411148071e-02,1.463851481676101685e-01,-6.758943945169448853e-02,4.506206884980201721e-02,-4.817694053053855896e-02,7.241873443126678467e-02
-1.498429775238037109e-01
1.334094721823930740e-02,-3.536985442042350769e-02,2.565493620932102203e-02,-1.342992112040519714e-02,6.541956961154937744e-02,-3.225367963314056396e-01,2.972573339939117432e-01,3.367826640605926514e-01,2.593439817428588867e-01,3.367826640605926514e-01,2.972573339939117432e-01,-3.225367963314056396e-01,6.541956961154937744e-02,-1.342992112040519714e-02,2.565493620932102203e-02,-3.536985442042350769e-02,1.334094721823930740e-02
7.297445833683013916e-02,-4.739197716116905212e-02,4.320395737886428833e-02,-6.424051523208618164e-02,1.417418718338012695e-01,-5.761513113975524902e-02,-3.353989124298095703e-01,1.867115348577499390e-01,1.276969760656356812e-01,1.867115348577499390e-01,-3.353989124298095703e-01,-5.761513113975524902e-02,1.417418718338012695e-01,-6.424051523208618164e-02,4.320395737886428833e-02,-4.739197716116905212e-02,7.297445833683013916e-02
-1.516647487878799438e-01
9.748698212206363678e-03,-3.528774157166481018e-02,3.561848774552345276e-02,-1.228434685617685318e-02,6.777612119913101196e-02,-3.221473693847656250e-01,2.901789844036102295e-01,3.420276641845703125e-01,2.553808689117431641e-01,3.420276641845703125e-01,2.901789844036102295e-01,-3.221473693847656250e-01,6.777612119913101196e-02,-1.228434685617685318e-02,3.561848774552345276e-02,-3.528774157166481018e-02,9.748698212206363678e-03
6.778514385223388672e-02,-5.587346851825714111e-02,3.933861851692199707e-02,-5.649052932858467102e-02,1.423991769552230835e-01,-4.673244804143905640e-02,-3.401574194431304932e-01,1.868993937969207764e-01,1.269769221544265747e-01,1.868993937969207764e-01,-3.401574194431304932e-01,-4.673244804143905640e-02,1.423991769552230835e-01,-5.649052932858467102e-02,3.933861851692199707e-02,-5.587346851825714111e-02,6.778514385223388672e-02
-1.534938365221023560e-01
9.786876849830150604e-03,-3.610036149621009827e-02,4.128389805555343628e-02,-1.244653575122356415e-02,7.076553255319595337e-02,-3.203603923320770264e-01,2.833687067031860352e-01,3.474787175655364990e-01,2.516668438911437988e-01,3.474787175655364990e-01,2.833687067031860352e-01,-3.203603923320770264e-01,7.076553255319595337e-02,-1.244653575122356415e-02,4.128389805555343628e-02,-3.610036149621009827e-02,9.786876849830150604e-03
6.426987051963806152e-02,-5.852287635207176208e-02,3.730191290378570557e-02,-5.149104818701744080e-02,1.393121927976608276e-01,-3.763981536030769348e-02,-3.453340530395507812e-01,1.860407441854476929e-01,1.261565089225769043e-01,1.860407441854476929e-01,-3.453340530395507812e-01,-3.763981536030769348e-02,1.393121927976608276e-01,-5.149104818701744080e-02,3.730191290378570557e-02,-5.852287635207176208e-02,6.426987051963806152e-02
-1.553302258253097534e-01
1.687565259635448456e-02,-3.984068706631660461e-02,3.690877184271812439e-02,-2.039561793208122253e-02,6.893115490674972534e-02,-3.197022676467895508e-01,2.766858637332916260e-01,3.541985452175140381e-01,2.491274327039718628e-01,3.541985452175140381e-01,2.766858637332916260e-01,-3.197022676467895508e-01,6.893115490674972534e-02,-2.039561793208122253e-02,3.690877184271812439e-02,-3.984068706631660461e-02,1.687565259635448456e-02
6.722842156887054443e-02,-4.907546937465667725e-02,3.862150385975837708e-02,-5.288721621036529541e-02,1.263709217309951782e-01,-3.430505841970443726e-02,-3.533790409564971924e-01,1.848590821027755737e-01,1.271271556615829468e-01,1.848590821027755737e-01,-3.533790409564971924e-01,-3.430505841970443726e-02,1.263709217309951782e-01,-5.288721621036529541e-02,3.862150385975837708e-02,-4.907546937465667725e-02,6.722842156887054443e-02
-1.571738719940185547e-01
1.999451220035552979e-02,-4.140138998627662659e-02,3.879635781049728394e-02,-2.222480997443199158e-02,7.106057554483413696e-02,-3.176880180835723877e-01,2.692916989326477051e-01,3.603244423866271973e-01,2.465086579322814941e-01,3.603244423866271973e-01,2.692916989326477051e-01,-3.176880180835723877e-01,7.106057554483413696e-02,-2.222480997443199158e-02,3.879635781049728394e-02,-4.140138998627662659e-02,1.999451220035552979e-02
6.644449383020401001e-02,-4.709816351532936096e-02,3.708445280790328979e-02,-5.061183869838714600e-02,1.209258511662483215e-01,-2.546934224665164948e-02,-3.569146096706390381e-01,1.856079250574111938e-01,1.283153295516967773e-01,1.856079250574111938e-01,-3.569146096706390381e-01,-2.546934224665164948e-02,1.209258511662483215e-01,-5.061183869838714600e-02,3.708445280790328979e-02,-4.709816351532936096e-02,6.644449383020401001e-02
-1.590247601270675659e-01
1.949398964643478394e-02,-4.398104175925254822e-02,4.285318031907081604e-02,-1.698479801416397095e-02,8.214078098535537720e-02,-3.104578256607055664e-01,2.624353766441345215e-01,3.671674430370330811e-01,2.452706247568130493e-01,3.671674430370330811e-01,2.624353766441345215e-01,-3.104578256607055664e-01,8.214078098535537720e-02,-1.698479801416397095e-02,4.285318031907081604e-02,-4.398104175925254822e-02,1.949398964643478394e-02
6.157287210226058960e-02,-4.800080507993698120e-02,3.432498127222061157e-02,-4.869617149233818054e-02,1.174924373626708984e-01,-1.434174645692110062e-02,-3.581952750682830811e-01,1.874877959489822388e-01,1.302718669176101685e-01,1.874877959489822388e-01,-3.581952750682830811e-01,-1.434174645692110062e-02,1.174924373626708984e-01,-4.869617149233818054e-02,3.432498127222061157e-02,-4.800080507993698120e-02,6.157287210226058960e-02
-1.608828604221343994e-01
2.430527098476886749e-02,-4.590956866741180420e-02,4.089124500751495361e-02,-2.347568422555923462e-02,7.985562831163406372e-02,-3.103207647800445557e-01,2.539886832237243652e-01,3.727548122406005859e-01,2.420074194669723511e-01,3.727548122406005859e-01,2.539886832237243652e-01,-3.103207647800445557e-01,7.985562831163406372e-02,-2.347568422555923462e-02,4.089124500751495361e-02,-4.590956866741180420e-02,2.430527098476886749e-02
6.431019306182861328e-02,-4.224532097578048706e-02,3.254231810569763184e-02,-4.875166341662406921e-02,1.101506948471069336e-01,-8.099945262074470520e-03,-3.641085624694824219e-01,1.861121654510498047e-01,1.326220780611038208e-01,1.861121654510498047e-01,-3.641085624694824219e-01,-8.099945262074470520e-03,1.101506948471069336e-01,-4.875166341662406921e-02,3.254231810569763184e-02,-4.224532097578048706e-02,6.431019306182861328e-02
-1.627481281757354736e-01
3.010527417063713074e-02,-4.737424477934837341e-02,3.997198864817619324e-02,-2.529034577310085297e-02,8.218996226787567139e-02,-3.069788217544555664e-01,2.460294067859649658e-01,3.779332935810089111e-01,2.386596500873565674e-01,3.779332935810089111e-01,2.460294067859649658e-01,-3.069788217544555664e-01,8.218996226787567139e-02,-2.529034577310085297e-02,3.997198864817619324e-02,-4.737424477934837341e-02,3.010527417063713074e-02
6.048750877380371094e-02,-3.473431989550590515e-02,3.805837407708168030e-02,-4.527520760893821716e-02,9.948730468750000000e-02,-4.160586278885602951e-03,-3.679716587066650391e-01,1.859603226184844971e-01,1.332975476980209351e-01,1.859603226184844971e-01,-3.679716587066650391e-01,-4.160586278885602951e-03,9.948730468750000000e-02,-4.527520760893821716e-02,3.805837407708168030e-02,-3.473431989550590515e-02,6.048750877380371094e-02
-1.646205633878707886e-01
3.142231330275535583e-02,-4.882467910647392273e-02,4.009797796607017517e-02,-3.161674737930297852e-02,7.826473563909530640e-02,-3.064221441745758057e-01,2.387712150812149048e-01,3.831363320350646973e-01,2.344194054603576660e-01,3.831363320350646973e-01,2.387712150812149048e-01,-3.064221441745758057e-01,7.826473563909530640e-02,-3.161674737930297852e-02,4.009797796607017517e-02,-4.882467910647392273e-02,3.142231330275535583e-02
6.415539234876632690e-02,-3.387382254004478455e-02,3.161551803350448608e-02,-4.530968144536018372e-02,9.529109299182891846e-02,2.153073903173208237e-03,-3.748242557048797607e-01,1.825172305107116699e-01,1.360691785812377930e-01,1.825172305107116699e-01,-3.748242557048797607e-01,2.153073903173208237e-03,9.529109299182891846e-02,-4.530968144536018372e-02,3.161551803350448608e-02,-3.387382254004478455e-02,6.415539234876632690e-02
-1.665001064538955688e-01
3.805214911699295044e-02,-4.930392280220985413e-02,3.833454474806785583e-02,-3.197315335273742676e-02,8.484394103288650513e-02,-2.990688979625701904e-01,2.311070859432220459e-01,3.878111839294433594e-01,2.312191128730773926e-01,3.878111839294433594e-01,2.311070859432220459e-01,-2.990688979625701904e-01,8.484394103288650513e-02,-3.197315335273742676e-02,3.833454474806785583e-02,-4.930392280220985413e-02,3.805214911699295044e-02
5.680466815829277039e-02,-2.780306525528430939e-02,3.644838184118270874e-02,-4.264310747385025024e-02,8.625897020101547241e-02,9.479423984885215759e-03,-3.745130300521850586e-01,1.855901777744293213e-01,1.384138315916061401e-01,1.855901777744293213e-01,-3.745130300521850586e-01,9.479423984885215759e-03,8.625897020101547241e-02,-4.264310747385025024e-02,3.644838184118270874e-02,-2.780306525528430939e-02,5.680466815829277039e-02
-1.683867722749710083e-01
1.363525819033384323e-02,-4.864161461591720581e-02,6.452690064907073975e-02,-1.858449727296829224e-02,8.229837566614151001e-02,-3.024361431598663330e-01,2.234278023242950439e-01,3.924579322338104248e-01,2.262079715728759766e-01,3.924579322338104248e-01,2.234278023242950439e-01,-3.024361431598663330e-01,8.229837566614151001e-02,-1.858449727296829224e-02,6.452690064907073975e-02,-4.864161461591720581e-02,1.363525819033384323e-02
4.917144030332565308e-02,-5.795214697718620300e-02,2.235007099807262421e-02,-2.380802854895591736e-02,1.033169627189636230e-01,2.291384898126125336e-02,-3.773162662982940674e-01,1.795452535152435303e-01,1.350508779287338257e-01,1.795452535152435303e-01,-3.773162662982940674e-01,2.291384898126125336e-02,1.033169627189636230e-01,-2.380802854895591736e-02,2.235007099807262421e-02,-5.795214697718620300e-02,4.917144030332565308e-02
-1.702805012464523315e-01
3.699677437543869019e-02,-5.399965122342109680e-02,4.160572960972785950e-02,-3.390183672308921814e-02,8.417601883411407471e-02,-2.941650152206420898e-01,2.172958105802536011e-01,4.006399214267730713e-01,2.264878898859024048e-01,4.006399214267730713e-01,2.172958105802536011e-01,-2.941650152206420898e-01,8.417601883411407471e-02,-3.390183672308921814e-02,4.160572960972785950e-02,-5.399965122342109680e-02,3.699677437543869019e-02
5.926281958818435669e-02,-2.672806382179260254e-02,2.674159966409206390e-02,-4.082155600190162659e-02,7.823498547077178955e-02,2.302049845457077026e-02,-3.827295601367950439e-01,1.788998693227767944e-01,1.415005177259445190e-01,1.788998693227767944e-01,-3.827295601367950439e-01,2.302049845457077026e-02,7.823498547077178955e-02,-4.082155600190162659e-02,2.674159966409206390e-02,-2.672806382179260254e-02,5.926281958818435669e-02
-1.721812635660171509e-01
3.742330148816108704e-02,-5.488258972764015198e-02,4.421761631965637207e-02,-3.610531613230705261e-02,8.085323870182037354e-02,-2.928977608680725098e-01,2.102683931589126587e-01,4.061328768730163574e-01,2.233051061630249023e-01,4.061328768730163574e-01,2.102683931589126587e-01,-2.928977608680725098e-01,8.085323870182037354e-02,-3.610531613230705261e-02,4.421761631965637207e-02,-5.488258972764015198e-02,3.742330148816108704e-02
5.910239741206169128e-02,-2.758589014410972595e-02,2.334995940327644348e-02,-3.727224841713905334e-02,7.366348803043365479e-02,2.644811943173408508e-02,-3.882752060890197754e-01,1.748995184898376465e-01,1.438055336475372314e-01,1.748995184898376465e-01,-3.882752060890197754e-01,2.644811943173408508e-02,7.366348803043365479e-02,-3.727224841713905334e-02,2.334995940327644348e-02,-2.758589014410972595e-02,5.910239741206169128e-02
-1.740890592336654663e-01
4.266865551471710205e-02,-5.527241528034210205e-02,4.294306412339210510e-02,-3.779614716768264771e-02,8.251326531171798706e-02,-2.879652380943298340e-01,2.034109532833099365e-01,4.121353030204772949e-01,2.213697880506515503e-01,4.121353030204772949e-01,2.034109532833099365e-01,-2.879652380943298340e-01,8.251326531171798706e-02,-3.779614716768264771e-02,4.294306412339210510e-02,-5.527241528034210205e-02,4.266865551471710205e-02
5.648115649819374084e-02,-2.273293584585189819e-02,2.344345301389694214e-02,-3.646463900804519653e-02,6.665995717048645020e-02,3.191876038908958435e-02,-3.901970386505126953e-01,1.736070513725280762e-01,1.466204077005386353e-01,1.736070513725280762e-01,-3.901970386505126953e-01,3.191876038908958435e-02,6.665995717048645020e-02,-3.646463900804519653e-02,2.344345301389694214e-02,-2.273293584585189819e-02,5.648115649819374084e-02
-1.760038435459136963e-01
1.950870826840400696e-02,-5.412130802869796753e-02,6.986756622791290283e-02,-1.646753773093223572e-02,8.934564888477325439e-02,-2.859632074832916260e-01,1.946067214012145996e-01,4.157531261444091797e-01,2.174245864152908325e-01,4.157531261444091797e-01,1.946067214012145996e-01,-2.859632074832916260e-01,8.934564888477325439e-02,-1.646753773093223572e-02,6.986756622791290283e-02,-5.412130802869796753e-02,1.950870826840400696e-02
4.135293141007423401e-02,-5.201665684580802917e-02,1.522635109722614288e-02,-1.436446513980627060e-02,8.457310497760772705e-02,4.826227948069572449e-02,-3.856037855148315430e-01,1.724293231964111328e-01,1.433524042367935181e-01,1.724293231964111328e-01,-3.856037855148315430e-01,4.826227948069572449e-02,8.457310497760772705e-02,-1.436446513980627060e-02,1.522635109722614288e-02,-5.201665684580802917e-02,4.135293141007423401e-02
-1.779256016016006470e-01
6.515303999185562134e-02,-5.108448863029479980e-02,3.508153557777404785e-02,-4.218480363488197327e-02,9.416869282722473145e-02,-2.677524685859680176e-01,1.925271302461624146e-01,4.208777248859405518e-01,2.143457382917404175e-01,4.208777248859405518e-01,1.925271302461624146e-01,-2.677524685859680176e-01,9.416869282722473145e-02,-4.218480363488197327e-02,3.508153557777404785e-02,-5.108448863029479980e-02,6.515303999185562134e-02
4.072329029440879822e-02,-4.336872603744268417e-03,3.440790250897407532e-02,-3.550868108868598938e-02,4.797973483800888062e-02,4.575716331601142883e-02,-3.855144083499908447e-01,1.788182407617568970e-01,1.548432111740112305e-01,1.788182407617568970e-01,-3.855144083499908447e-01,4.575716331601142883e-02,4.797973483800888062e-02,-3.550868108868598938e-02,3.440790250897407532e-02,-4.336872603744268417e-03,4.072329029440879822e-02
-1.798543035984039307e-01
4.679570719599723816e-02,-5.889032036066055298e-02,4.432483762502670288e-02,-3.863414376974105835e-02,8.446626365184783936e-02,-2.751211822032928467e-01,1.822654604911804199e-01,4.269300997257232666e-01,2.123901993036270142e-01,4.269300997257232666e-01,1.822654604911804199e-01,-2.751211822032928467e-01,8.446626365184783936e-02,-3.863414376974105835e-02,4.432483762502670288e-02,-5.889032036066055298e-02,4.679570719599723816e-02
5.151682719588279724e-02,-1.613141223788261414e-02,1.911445707082748413e-02,-2.990347146987915039e-02,5.334188789129257202e-02,4.892688989639282227e-02,-3.959910869598388672e-01,1.664959341287612915e-01,1.547361910343170166e-01,1.664959341287612915e-01,-3.959910869598388672e-01,4.892688989639282227e-02,5.334188789129257202e-02,-2.990347146987915039e-02,1.911445707082748413e-02,-1.613141223788261414e-02,5.151682719588279724e-02
-1.817899197340011597e-01
2.501952461898326874e-02,-5.937945470213890076e-02,6.570415198802947998e-02,-2.208432927727699280e-02,8.685527741909027100e-02,-2.752282619476318359e-01,1.726007312536239624e-01,4.304957985877990723e-01,2.089089006185531616e-01,4.304957985877990723e-01,1.726007312536239624e-01,-2.752282619476318359e-01,8.685527741909027100e-02,-2.208432927727699280e-02,6.570415198802947998e-02,-5.937945470213890076e-02,2.501952461898326874e-02
3.911121189594268799e-02,-4.067710787057876587e-02,1.237668469548225403e-02,-9.330623783171176910e-03,6.925256550312042236e-02,6.172273680567741394e-02,-3.944328129291534424e-01,1.623437702655792236e-01,1.517218351364135742e-01,1.623437702655792236e-01,-3.944328129291534424e-01,6.172273680567741394e-02,6.925256550312042236e-02,-9.330623783171176910e-03,1.237668469548225403e-02,-4.067710787057876587e-02,3.911121189594268799e-02
-1.837324351072311401e-01
5.496721714735031128e-02,-6.090212985873222351e-02,3.815878927707672119e-02,-4.104587063193321228e-02,9.010685235261917114e-02,-2.608123421669006348e-01,1.693312376737594604e-01,4.362590909004211426e-01,2.073455452919006348e-01,4.362590909004211426e-01,1.693312376737594604e-01,-2.608123421669006348e-01,9.010685235261917114e-02,-4.104587063193321228e-02,3.815878927707672119e-02,-6.090212985873222351e-02,5.496721714735031128e-02
3.927191346883773804e-02,-6.378171034157276154e-03,2.480513602495193481e-02,-2.458373084664344788e-02,4.093106463551521301e-02,5.777449905872344971e-02,-3.972139358520507812e-01,1.644584983587265015e-01,1.623206734657287598e-01,1.644584983587265015e-01,-3.972139358520507812e-01,5.777449905872344971e-02,4.093106463551521301e-02,-2.458373084664344788e-02,2.480513602495193481e-02,-6.378171034157276154e-03,3.927191346883773804e-02
-1.856818199157714844e-01
3.280423581600189209e-02,-6.326054036617279053e-02,5.732531845569610596e-02,-2.883737161755561829e-02,8.655747771263122559e-02,-2.648766934871673584e-01,1.579238176345825195e-01,4.384050369262695312e-01,2.028951197862625122e-01,4.384050369262695312e-01,1.579238176345825195e-01,-2.648766934871673584e-01,8.655747771263122559e-02,-2.883737161755561829e-02,5.732531845569610596e-02,-6.326054036617279053e-02,3.280423581600189209e-02
3.903021663427352905e-02,-3.137437999248504639e-02,7.092010229825973511e-03,-1.263077836483716965e-02,5.656886100769042969e-02,7.054407894611358643e-02,-3.978661000728607178e-01,1.569606512784957886e-01,1.605018526315689087e-01,1.569606512784957886e-01,-3.978661000728607178e-01,7.054407894611358643e-02,5.656886100769042969e-02,-1.263077836483716965e-02,7.092010229825973511e-03,-3.137437999248504639e-02,3.903021663427352905e-02
-1.876380443572998047e-01
5.378704145550727844e-02,-6.151139736175537109e-02,4.191347584128379822e-02,-4.374149069190025330e-02,8.100669085979461670e-02,-2.587563693523406982e-01,1.534885168075561523e-01,4.435410201549530029e-01,2.003233283758163452e-01,4.435410201549530029e-01,1.534885168075561523e-01,-2.587563693523406982e-01,8.100669085979461670e-02,-4.374149069190025330e-02,4.191347584128379822e-02,-6.151139736175537109e-02,5.378704145550727844e-02
4.100128635764122009e-02,-8.427962660789489746e-03,1.334145944565534592e-02,-2.314181625843048096e-02,3.449538722634315491e-02,6.664390116930007935e-02,-4.021345674991607666e-01,1.527050584554672241e-01,1.652435213327407837e-01,1.527050584554672241e-01,-4.021345674991607666e-01,6.664390116930007935e-02,3.449538722634315491e-02,-2.314181625843048096e-02,1.334145944565534592e-02,-8.427962660789489746e-03,4.100128635764122009e-02
-1.896010935306549072e-01
5.999559536576271057e-02,-6.074861437082290649e-02,3.995392471551895142e-02,-4.109979793429374695e-02,8.782926201820373535e-02,-2.492379844188690186e-01,1.476694494485855103e-01,4.488211572170257568e-01,1.997503787279129028e-01,4.488211572170257568e-01,1.476694494485855103e-01,-2.492379844188690186e-01,8.782926201820373535e-02,-4.109979793429374695e-02,3.995392471551895142e-02,-6.074861437082290649e-02,5.999559536576271057e-02
3.262048214673995972e-02,-1.170028233900666237e-03,1.676966995000839233e-02,-2.413372695446014404e-02,2.622470445930957794e-02,7.327674329280853271e-02,-3.976350724697113037e-01,1.536232084035873413e-01,1.683150976896286011e-01,1.536232084035873413e-01,-3.976350724697113037e-01,7.327674329280853271e-02,2.622470445930957794e-02,-2.413372695446014404e-02,1.676966995000839233e-02,-1.170028233900666237e-03,3.262048214673995972e-02
-1.915709525346755981e-01
5.151472613215446472e-02,-6.314535439014434814e-02,4.525573924183845520e-02,-4.062693938612937927e-02,8.081764727830886841e-02,-2.503428161144256592e-01,1.400235891342163086e-01,4.528493285179138184e-01,1.968117505311965942e-01,4.528493285179138184e-01,1.400235891342163086e-01,-2.503428161144256592e-01,8.081764727830886841e-02,-4.062693938612937927e-02,4.525573924183845520e-02,-6.314535439014434814e-02,5.151472613215446472e-02
3.703618049621582031e-02,-7.908694446086883545e-03,7.173155900090932846e-03,-2.088707499206066132e-02,2.720372378826141357e-02,7.656733691692352295e-02,-4.019375443458557129e-01,1.464615911245346069e-01,1.708147376775741577e-01,1.464615911245346069e-01,-4.019375443458557129e-01,7.656733691692352295e-02,2.720372378826141357e-02,-2.088707499206066132e-02,7.173155900090932846e-03,-7.908694446086883545e-03,3.703618049621582031e-02
-1.935475617647171021e-01
6.298466026782989502e-02,-6.162230670452117920e-02,3.871947154402732849e-02,-4.307555407285690308e-02,8.489507436752319336e-02,-2.403326779603958130e-01,1.357996463775634766e-01,4.581021070480346680e-01,1.957570910453796387e-01,4.581021070480346680e-01,1.357996463775634766e-01,-2.403326779603958130e-01,8.489507436752319336e-02,-4.307555407285690308e-02,3.871947154402732849e-02,-6.162230670452117920e-02,6.298466026782989502e-02
2.754534594714641571e-02,4.931028001010417938e-03,1.688424870371818542e-02,-2.130569703876972198e-02,1.381822023540735245e-02,7.757930457592010498e-02,-3.995518982410430908e-01,1.468862146139144897e-01,1.749046891927719116e-01,1.468862146139144897e-01,-3.995518982410430908e-01,7.757930457592010498e-02,1.381822023540735245e-02,-2.130569703876972198e-02,1.688424870371818542e-02,4.931028001010417938e-03,2.754534594714641571e-02
-1.955309510231018066e-01
6.064673885703086853e-02,-6.254196166992187500e-02,3.954448550939559937e-02,-4.158398881554603577e-02,8.586908876895904541e-02,-2.361409962177276611e-01,1.265612393617630005e-01,4.592840969562530518e-01,1.918149739503860474e-01,4.592840969562530518e-01,1.265612393617630005e-01,-2.361409962177276611e-01,8.586908876895904541e-02,-4.158398881554603577e-02,3.954448550939559937e-02,-6.254196166992187500e-02,6.064673885703086853e-02
2.767350710928440094e-02,3.688284661620855331e-03,1.149184256792068481e-02,-2.016911655664443970e-02,1.351635158061981201e-02,8.415279537439346313e-02,-3.989999890327453613e-01,1.435518562793731689e-01,1.783309280872344971e-01,1.435518562793731689e-01,-3.989999890327453613e-01,8.415279537439346313e-02,1.351635158061981201e-02,-2.016911655664443970e-02,1.149184256792068481e-02,3.688284661620855331e-03,2.767350710928440094e-02
-1.975210458040237427e-01
1.777863875031471252e-02,-6.640730798244476318e-02,7.582368701696395874e-02,-1.390234567224979401e-02,8.361121267080307007e-02,-2.429433465003967285e-01,1.145086809992790222e-01,4.578315913677215576e-01,1.843497157096862793e-01,4.578315913677215576e-01,1.145086809992790222e-01,-2.429433465003967285e-01,8.361121267080307007e-02,-1.390234567224979401e-02,7.582368701696395874e-02,-6.640730798244476318e-02,1.777863875031471252e-02
2.001008205115795135e-02,-4.132802784442901611e-02,-5.576652009040117264e-03,1.091847568750381470e-02,4.337839782238006592e-02,9.605738520622253418e-02,-3.994274437427520752e-01,1.353299319744110107e-01,1.738605052232742310e-01,1.353299319744110107e-01,-3.994274437427520752e-01,9.605738520622253418e-02,4.337839782238006592e-02,1.091847568750381470e-02,-5.576652009040117264e-03,-4.132802784442901611e-02,2.001008205115795135e-02
-1.995178610086441040e-01
4.659140482544898987e-02,-6.650961935520172119e-02,4.838443547487258911e-02,-3.329826518893241882e-02,8.440221101045608521e-02,-2.302876710891723633e-01,1.103026941418647766e-01,4.624714255332946777e-01,1.840166598558425903e-01,4.624714255332946777e-01,1.103026941418647766e-01,-2.302876710891723633e-01,8.440221101045608521e-02,-3.329826518893241882e-02,4.838443547487258911e-02,-6.650961935520172119e-02,4.659140482544898987e-02
2.519671805202960968e-02,-6.210707593709230423e-03,2.031272510066628456e-03,-9.919584728777408600e-03,1.616692543029785156e-02,9.360273927450180054e-02,-3.998916745185852051e-01,1.332790702581405640e-01,1.824486702680587769e-01,1.332790702581405640e-01,-3.998916745185852051e-01,9.360273927450180054e-02,1.616692543029785156e-02,-9.919584728777408600e-03,2.031272510066628456e-03,-6.210707593709230423e-03,2.519671805202960968e-02
-2.015213519334793091e-01
6.919977068901062012e-02,-6.073003262281417847e-02,3.307816013693809509e-02,-4.963715001940727234e-02,7.908782362937927246e-02,-2.225493490695953369e-01,1.058998256921768188e-01,4.639528691768646240e-01,1.792130023241043091e-01,4.639528691768646240e-01,1.058998256921768188e-01,-2.225493490695953369e-01,7.908782362937927246e-02,-4.963715001940727234e-02,3.307816013693809509e-02,-6.073003262281417847e-02,6.919977068901062012e-02
2.378228865563869476e-02,1.449015736579895020e-02,7.354618050158023834e-03,-2.056208625435829163e-02,-1.567459199577569962e-03,9.222445636987686157e-02,-4.012933373451232910e-01,1.286593526601791382e-01,1.880350857973098755e-01,1.286593526601791382e-01,-4.012933373451232910e-01,9.222445636987686157e-02,-1.567459199577569962e-03,-2.056208625435829163e-02,7.354618050158023834e-03,1.449015736579895020e-02,2.378228865563869476e-02
-2.035315036773681641e-01
2.090378105640411377e-02,-6.952537596225738525e-02,6.959339231252670288e-02,-1.640541478991508484e-02,8.046860247850418091e-02,-2.291507571935653687e-01,9.371181577444076538e-02,4.654046893119812012e-01,1.761696636676788330e-01,4.654046893119812012e-01,9.371181577444076538e-02,-2.291507571935653687e-01,8.046860247850418091e-02,-1.640541478991508484e-02,6.959339231252670288e-02,-6.952537596225738525e-02,2.090378105640411377e-02
1.713964901864528656e-02,-3.047880344092845917e-02,-1.127045042812824249e-02,7.855434902012348175e-03,2.794704213738441467e-02,1.057632416486740112e-01,-3.981824219226837158e-01,1.218059584498405457e-01,1.825299561023712158e-01,1.218059584498405457e-01,-3.981824219226837158e-01,1.057632416486740112e-01,2.794704213738441467e-02,7.855434902012348175e-03,-1.127045042812824249e-02,-3.047880344092845917e-02,1.713964901864528656e-02
-2.055483013391494751e-01
2.636531740427017212e-02,-7.023921608924865723e-02,6.228388100862503052e-02,-2.139533683657646179e-02,7.916683703660964966e-02,-2.235832661390304565e-01,8.752749115228652954e-02,4.689371585845947266e-01,1.751939505338668823e-01,4.689371585845947266e-01,8.752749115228652954e-02,-2.235832661390304565e-01,7.916683703660964966e-02,-2.139533683657646179e-02,6.228388100862503052e-02,-7.023921608924865723e-02,2.636531740427017212e-02
1.812910661101341248e-02,-2.208519913256168365e-02,-1.285465620458126068e-02,2.702722093090415001e-03,1.974319107830524445e-02,1.073358654975891113e-01,-3.988355696201324463e-01,1.166703775525093079e-01,1.870189905166625977e-01,1.166703775525093079e-01,-3.988355696201324463e-01,1.073358654975891113e-01,1.974319107830524445e-02,2.702722093090415001e-03,-1.285465620458126068e-02,-2.208519913256168365e-02,1.812910661101341248e-02
-2.075717151165008545e-01
7.010011374950408936e-02,-6.176393479108810425e-02,2.745176479220390320e-02,-5.140120908617973328e-02,7.867359369993209839e-02,-2.044015079736709595e-01,8.932436257600784302e-02,4.721397459506988525e-01,1.722459793090820312e-01,4.721397459506988525e-01,8.932436257600784302e-02,-2.044015079736709595e-01,7.867359369993209839e-02,-5.140120908617973328e-02,2.745176479220390320e-02,-6.176393479108810425e-02,7.010011374950408936e-02
1.261493097990751266e-02,2.478378079831600189e-02,9.425383992493152618e-03,-1.886667683720588684e-02,-1.759693585336208344e-02,1.005716919898986816e-01,-3.967309892177581787e-01,1.168465465307235718e-01,1.952741593122482300e-01,1.168465465307235718e-01,-3.967309892177581787e-01,1.005716919898986816e-01,-1.759693585336208344e-02,-1.886667683720588684e-02,9.425383992493152618e-03,2.478378079831600189e-02,1.261493097990751266e-02
-2.096017152070999146e-01
1.669300347566604614e-02,-7.150125503540039062e-02,6.893431395292282104e-02,-1.501476299017667770e-02,7.680820673704147339e-02,-2.156301438808441162e-01,7.493253797292709351e-02,4.718686342239379883e-01,1.680825203657150269e-01,4.718686342239379883e-01,7.493253797292709351e-02,-2.156301438808441162e-01,7.680820673704147339e-02,-1.501476299017667770e-02,6.893431395292282104e-02,-7.150125503540039062e-02,1.669300347566604614e-02
1.406857557594776154e-02,-2.686632238328456879e-02,-1.748102717101573944e-02,1.192837581038475037e-02,2.079513296484947205e-02,1.145454049110412598e-01,-3.979598879814147949e-01,1.063078194856643677e-01,1.915069818496704102e-01,1.063078194856643677e-01,-3.979598879814147949e-01,1.145454049110412598e-01,2.079513296484947205e-02,1.192837581038475037e-02,-1.748102717101573944e-02,-2.686632238328456879e-02,1.406857557594776154e-02
-2.116383016109466553e-01
4.862706735730171204e-02,-6.692589819431304932e-02,4.111757501959800720e-02,-3.763952851295471191e-02,7.523338496685028076e-02,-2.015865594148635864e-01,7.480784505605697632e-02,4.778586626052856445e-01,1.692296564579010010e-01,4.778586626052856445e-01,7.480784505605697632e-02,-2.015865594148635864e-01,7.523338496685028076e-02,-3.763952851295471191e-02,4.111757501959800720e-02,-6.692589819431304932e-02,4.862706735730171204e-02
1.570010930299758911e-02,1.164744887501001358e-02,-3.559096716344356537e-03,-7.740281522274017334e-03,-9.272686205804347992e-03,1.086283996701240540e-01,-3.980538547039031982e-01,1.035743579268455505e-01,1.995652914047241211e-01,1.035743579268455505e-01,-3.980538547039031982e-01,1.086283996701240540e-01,-9.272686205804347992e-03,-7.740281522274017334e-03,-3.559096716344356537e-03,1.164744887501001358e-02,1.570010930299758911e-02
-2.136814445257186890e-01
4.439895972609519958e-03,-6.965423375368118286e-02,8.227916806936264038e-02,-3.346175421029329300e-03,7.462789863348007202e-02,-2.094072401523590088e-01,6.288992613554000854e-02,4.762491881847381592e-01,1.631888151168823242e-01,4.762491881847381592e-01,6.288992613554000854e-02,-2.094072401523590088e-01,7.462789863348007202e-02,-3.346175421029329300e-03,8.227916806936264038e-02,-6.965423375368118286e-02,4.439895972609519958e-03
7.590887602418661118e-03,-3.530216589570045471e-02,-2.142916806042194366e-02,2.432716079056262970e-02,2.499293535947799683e-02,1.239943280816078186e-01,-3.928129971027374268e-01,9.860016405582427979e-02,1.953760236501693726e-01,9.860016405582427979e-02,-3.928129971027374268e-01,1.239943280816078186e-01,2.499293535947799683e-02,2.432716079056262970e-02,-2.142916806042194366e-02,-3.530216589570045471e-02,7.590887602418661118e-03
-2.157311141490936279e-01
7.393912971019744873e-02,-5.562869831919670105e-02,2.644291892647743225e-02,-5.012380331754684448e-02,7.754570990800857544e-02,-1.794407218694686890e-01,7.084742933511734009e-02,4.835486114025115967e-01,1.651752293109893799e-01,4.835486114025115967e-01,7.084742933511734009e-02,-1.794407218694686890e-01,7.754570990800857544e-02,-5.012380331754684448e-02,2.644291892647743225e-02,-5.562869831919670105e-02,7.393912971019744873e-02
1.259522745385766029e-03,3.994612395763397217e-02,1.267645973712205887e-02,-1.639393530786037445e-02,-3.498534858226776123e-02,1.118942946195602417e-01,-3.883422315120697021e-01,9.950190037488937378e-02,2.055265903472900391e-01,9.950190037488937378e-02,-3.883422315120697021e-01,1.118942946195602417e-01,-3.498534858226776123e-02,-1.639393530786037445e-02,1.267645973712205887e-02,3.994612395763397217e-02,1.259522745385766029e-03
-2.177872955799102783e-01
2.203588187694549561e-02,-7.024470716714859009e-02,6.020240113139152527e-02,-1.869961246848106384e-02,7.098102569580078125e-02,-1.957670301198959351e-01,5.414850637316703796e-02,4.856785833835601807e-01,1.657386720180511475e-01,4.856785833835601807e-01,5.414850637316703796e-02,-1.957670301198959351e-01,7.098102569580078125e-02,-1.869961246848106384e-02,6.020240113139152527e-02,-7.024470716714859009e-02,2.203588187694549561e-02
1.179578900337219238e-02,-7.448694668710231781e-03,-1.692940481007099152e-02,9.140376932919025421e-03,-7.698556291870772839e-04,1.204404383897781372e-01,-3.929781317710876465e-01,9.007558971643447876e-02,2.063267976045608521e-01,9.007558971643447876e-02,-3.929781317710876465e-01,1.204404383897781372e-01,-7.698556291870772839e-04,9.140376932919025421e-03,-1.692940481007099152e-02,-7.448694668710231781e-03,1.179578900337219238e-02
-2.198499590158462524e-01
8.064988069236278534e-03,-7.080622762441635132e-02,7.196151465177536011e-02,-8.129253983497619629e-03,7.015446573495864868e-02,-1.954121738672256470e-01,4.540131986141204834e-02,4.849046468734741211e-01,1.617249250411987305e-01,4.849046468734741211e-01,4.540131986141204834e-02,-1.954121738672256470e-01,7.015446573495864868e-02,-8.129253983497619629e-03,7.196151465177536011e-02,-7.080622762441635132e-02,8.064988069236278534e-03
7.704480085521936417e-03,-2.253397554159164429e-02,-2.449315786361694336e-02,2.031236886978149414e-02,1.010794844478368759e-02,1.269936710596084595e-01,-3.911716938018798828e-01,8.444099128246307373e-02,2.074461430311203003e-01,8.444099128246307373e-02,-3.911716938018798828e-01,1.269936710596084595e-01,1.010794844478368759e-02,2.031236886978149414e-02,-2.449315786361694336e-02,-2.253397554159164429e-02,7.704480085521936417e-03
-2.219191044569015503e-01
2.590777352452278137e-02,-6.981118023395538330e-02,5.086791515350341797e-02,-2.564628981053829193e-02,6.636651605367660522e-02,-1.855494230985641479e-01,4.334903880953788757e-02,4.892631173133850098e-01,1.626486182212829590e-01,4.892631173133850098e-01,4.334903880953788757e-02,-1.855494230985641479e-01,6.636651605367660522e-02,-2.564628981053829193e-02,5.086791515350341797e-02,-6.981118023395538330e-02,2.590777352452278137e-02
1.154622063040733337e-02,2.530008554458618164e-03,-1.860150136053562164e-02,5.985398776829242706e-03,-1.057022530585527420e-02,1.217481195926666260e-01,-3.928181231021881104e-01,7.968684285879135132e-02,2.155696004629135132e-01,7.968684285879135132e-02,-3.928181231021881104e-01,1.217481195926666260e-01,-1.057022530585527420e-02,5.985398776829242706e-03,-1.860150136053562164e-02,2.530008554458618164e-03,1.154622063040733337e-02
-2.239947021007537842e-01
5.445335991680622101e-03,-7.079999148845672607e-02,7.024617493152618408e-02,-8.283174596726894379e-03,6.525568664073944092e-02,-1.884953975677490234e-01,3.332459554076194763e-02,4.887501001358032227e-01,1.595811247825622559e-01,4.887501001358032227e-01,3.332459554076194763e-02,-1.884953975677490234e-01,6.525568664073944092e-02,-8.283174596726894379e-03,7.024617493152618408e-02,-7.079999148845672607e-02,5.445335991680622101e-03
8.446200750768184662e-03,-1.991781592369079590e-02,-3.116452135145664215e-02,1.975519023835659027e-02,7.251681294292211533e-03,1.323968321084976196e-01,-3.890406489372253418e-01,7.450981438159942627e-02,2.159927487373352051e-01,7.450981438159942627e-02,-3.890406489372253418e-01,1.323968321084976196e-01,7.251681294292211533e-03,1.975519023835659027e-02,-3.116452135145664215e-02,-1.991781592369079590e-02,8.446200750768184662e-03
-2.260767221450805664e-01
6.421489268541336060e-02,-5.276601389050483704e-02,2.889803797006607056e-02,-4.490089416503906250e-02,6.944549083709716797e-02,-1.594373285770416260e-01,4.313052445650100708e-02,4.963836967945098877e-01,1.620017737150192261e-01,4.963836967945098877e-01,4.313052445650100708e-02,-1.594373285770416260e-01,6.944549083709716797e-02,-4.490089416503906250e-02,2.889803797006607056e-02,-5.276601389050483704e-02,6.421489268541336060e-02
-7.751234807074069977e-03,4.135947301983833313e-02,2.773186424747109413e-03,-9.272746741771697998e-03,-4.155912250280380249e-02,1.231708079576492310e-01,-3.816659748554229736e-01,8.100830018520355225e-02,2.303087860345840454e-01,8.100830018520355225e-02,-3.816659748554229736e-01,1.231708079576492310e-01,-4.155912250280380249e-02,-9.272746741771697998e-03,2.773186424747109413e-03,4.135947301983833313e-02,-7.751234807074069977e-03
-2.281651645898818970e-01
-2.969527849927544594e-04,-7.126739621162414551e-02,7.255116105079650879e-02,-3.187926951795816422e-03,6.209383904933929443e-02,-1.825318336486816406e-01,2.171428874135017395e-02,4.944298267364501953e-01,1.606498807668685913e-01,4.944298267364501953e-01,2.171428874135017395e-02,-1.825318336486816406e-01,6.209383904933929443e-02,-3.187926951795816422e-03,7.255116105079650879e-02,-7.126739621162414551e-02,-2.969527849927544594e-04
9.086369536817073822e-03,-1.888304762542247772e-02,-3.719335794448852539e-02,2.037877216935157776e-02,5.257898941636085510e-03,1.377913057804107666e-01,-3.852412402629852295e-01,6.527939438819885254e-02,2.240800857543945312e-01,6.527939438819885254e-02,-3.852412402629852295e-01,1.377913057804107666e-01,5.257898941636085510e-03,2.037877216935157776e-02,-3.719335794448852539e-02,-1.888304762542247772e-02,9.086369536817073822e-03
-2.302599847316741943e-01
8.080737292766571045e-02,-3.825244680047035217e-02,2.382817491888999939e-02,-5.363072082400321960e-02,6.875998526811599731e-02,-1.398985832929611206e-01,4.078294709324836731e-02,4.999499320983886719e-01,1.582864373922348022e-01,4.999499320983886719e-01,4.078294709324836731e-02,-1.398985832929611206e-01,6.875998526811599731e-02,-5.363072082400321960e-02,2.382817491888999939e-02,-3.825244680047035217e-02,8.080737292766571045e-02
-2.008754201233386993e-02,5.234574154019355774e-02,6.242949515581130981e-03,-1.236031576991081238e-02,-4.869479686021804810e-02,1.346482336521148682e-01,-3.668020963668823242e-01,8.604506403207778931e-02,2.454015165567398071e-01,8.604506403207778931e-02,-3.668020963668823242e-01,1.346482336521148682e-01,-4.869479686021804810e-02,-1.236031576991081238e-02,6.242949515581130981e-03,5.234574154019355774e-02,-2.008754201233386993e-02
-2.323611825704574585e-01
8.676063269376754761e-03,-7.139127701520919800e-02,5.934193730354309082e-02,-1.170600764453411102e-02,5.648445710539817810e-02,-1.728604435920715332e-01,1.391564588993787766e-02,5.017066001892089844e-01,1.632983535528182983e-01,5.017066001892089844e-01,1.391564588993787766e-02,-1.728604435920715332e-01,5.648445710539817810e-02,-1.170600764453411102e-02,5.934193730354309082e-02,-7.139127701520919800e-02,8.676063269376754761e-03
9.433668106794357300e-03,-1.168820075690746307e-03,-3.308334201574325562e-02,1.436779089272022247e-02,-9.449951350688934326e-03,1.361006945371627808e-01,-3.828462660312652588e-01,5.894974991679191589e-02,2.369605749845504761e-01,5.894974991679191589e-02,-3.828462660312652588e-01,1.361006945371627808e-01,-9.449951350688934326e-03,1.436779089272022247e-02,-3.308334201574325562e-02,-1.168820075690746307e-03,9.433668106794357300e-03
-2.344687432050704956e-01
6.118642538785934448e-02,-4.947881773114204407e-02,3.091959469020366669e-02,-3.641217947006225586e-02,6.757111102342605591e-02,-1.418601721525192261e-01,2.385905385017395020e-02,5.060170292854309082e-01,1.628367751836776733e-01,5.060170292854309082e-01,2.385905385017395020e-02,-1.418601721525192261e-01,6.757111102342605591e-02,-3.641217947006225586e-02,3.091959469020366669e-02,-4.947881773114204407e-02,6.118642538785934448e-02
-1.842436566948890686e-02,4.768855497241020203e-02,2.189462073147296906e-03,-5.317213945090770721e-03,-4.932881519198417664e-02,1.318055689334869385e-01,-3.702990114688873291e-01,6.773737818002700806e-02,2.475036978721618652e-01,6.773737818002700806e-02,-3.702990114688873291e-01,1.318055689334869385e-01,-4.932881519198417664e-02,-5.317213945090770721e-03,2.189462073147296906e-03,4.768855497241020203e-02,-1.842436566948890686e-02
-2.365826219320297241e-01
4.956581164151430130e-03,-7.180427014827728271e-02,6.002863869071006775e-02,-7.192587945610284805e-03,5.462197959423065186e-02,-1.661715507507324219e-01,1.945097814314067364e-03,5.037715435028076172e-01,1.621768027544021606e-01,5.037715435028076172e-01,1.945097814314067364e-03,-1.661715507507324219e-01,5.462197959423065186e-02,-7.192587945610284805e-03,6.002863869071006775e-02,-7.180427014827728271e-02,4.956581164151430130e-03
7.238908205181360245e-03,-1.995070138946175575e-03,-3.637815266847610474e-02,1.768963783979415894e-02,-1.087458524852991104e-02,1.389713585376739502e-01,-3.790342211723327637e-01,5.028929561376571655e-02,2.446410506963729858e-01,5.028929561376571655e-02,-3.790342211723327637e-01,1.389713585376739502e-01,-1.087458524852991104e-02,1.768963783979415894e-02,-3.637815266847610474e-02,-1.995070138946175575e-03,7.238908205181360245e-03
-2.387028187513351440e-01
1.762064918875694275e-02,-6.728332489728927612e-02,5.105607584118843079e-02,-1.304472237825393677e-02,5.610278248786926270e-02,-1.554386615753173828e-01,1.440474181436002254e-03,5.063185095787048340e-01,1.624111682176589966e-01,5.063185095787048340e-01,1.440474181436002254e-03,-1.554386615753173828e-01,5.610278248786926270e-02,-1.304472237825393677e-02,5.105607584118843079e-02,-6.728332489728927612e-02,1.762064918875694275e-02
1.592003041878342628e-03,1.324393600225448608e-02,-2.737777307629585266e-02,1.204946264624595642e-02,-2.508698031306266785e-02,1.352076679468154907e-01,-3.770602941513061523e-01,4.740194976329803467e-02,2.505595982074737549e-01,4.740194976329803467e-02,-3.770602941513061523e-01,1.352076679468154907e-01,-2.508698031306266785e-02,1.204946264624595642e-02,-2.737777307629585266e-02,1.324393600225448608e-02,1.592003041878342628e-03
-2.408293187618255615e-01
-5.550944712013006210e-03,-7.207566499710083008e-02,7.047417014837265015e-02,5.043767858296632767e-03,5.218317359685897827e-02,-1.621793210506439209e-01,-9.952992200851440430e-03,5.036457777023315430e-01,1.590486168861389160e-01,5.036457777023315430e-01,-9.952992200851440430e-03,-1.621793210506439209e-01,5.218317359685897827e-02,5.043767858296632767e-03,7.047417014837265015e-02,-7.207566499710083008e-02,-5.550944712013006210e-03
5.511253606528043747e-03,-1.318355184048414230e-02,-4.268571361899375916e-02,2.900179661810398102e-02,-3.358048154041171074e-03,1.429600566625595093e-01,-3.765125572681427002e-01,3.861968219280242920e-02,2.497564554214477539e-01,3.861968219280242920e-02,-3.765125572681427002e-01,1.429600566625595093e-01,-3.358048154041171074e-03,2.900179661810398102e-02,-4.268571361899375916e-02,-1.318355184048414230e-02,5.511253606528043747e-03
-2.429620921611785889e-01
5.777228623628616333e-02,-5.002782866358757019e-02,2.535541541874408722e-02,-3.847545757889747620e-02,5.603921785950660706e-02,-1.295981854200363159e-01,3.783030901104211807e-03,5.106728076934814453e-01,1.614850610494613647e-01,5.106728076934814453e-01,3.783030901104211807e-03,-1.295981854200363159e-01,5.603921785950660706e-02,-3.847545757889747620e-02,2.535541541874408722e-02,-5.002782866358757019e-02,5.777228623628616333e-02
-1.387479435652494431e-02,4.897632449865341187e-02,-6.868962198495864868e-03,-2.260139444842934608e-03,-5.416211485862731934e-02,1.316630989313125610e-01,-3.681780993938446045e-01,4.735063761472702026e-02,2.674803137779235840e-01,4.735063761472702026e-02,-3.681780993938446045e-01,1.316630989313125610e-01,-5.416211485862731934e-02,-2.260139444842934608e-03,-6.868962198495864868e-03,4.897632449865341187e-02,-1.387479435652494431e-02
-2.451011240482330322e-01
1.143838241696357727e-01,-1.592198200523853302e-02,-8.325741509906947613e-04,-7.638011872768402100e-02,6.027388200163841248e-02,-8.894050866365432739e-02,2.373342029750347137e-02,5.083947777748107910e-01,1.504404097795486450e-01,5.083947777748107910e-01,2.373342029750347137e-02,-8.894050866365432739e-02,6.027388200163841248e-02,-7.638011872768402100e-02,-8.325741509906947613e-04,-1.592198200523853302e-02,1.143838241696357727e-01
-3.765457123517990112e-02,9.130663424730300903e-02,2.603095769882202148e-02,-2.056561224162578583e-02,-9.075143188238143921e-02,1.386569589376449585e-01,-3.428897261619567871e-01,5.503431335091590881e-02,2.640612423419952393e-01,5.503431335091590881e-02,-3.428897261619567871e-01,1.386569589376449585e-01,-9.075143188238143921e-02,-2.056561224162578583e-02,2.603095769882202148e-02,9.130663424730300903e-02,-3.765457123517990112e-02
-2.472463995218276978e-01
8.589974604547023773e-03,-7.190883904695510864e-02,5.057773739099502563e-02,-8.234209381043910980e-03,4.395614191889762878e-02,-1.474226862192153931e-01,-1.764518767595291138e-02,5.164020657539367676e-01,1.679500490427017212e-01,5.164020657539367676e-01,-1.764518767595291138e-02,-1.474226862192153931e-01,4.395614191889762878e-02,-8.234209381043910980e-03,5.057773739099502563e-02,-7.190883904695510864e-02,8.589974604547023773e-03
8.154355920851230621e-03,1.081933733075857162e-02,-3.168302401900291443e-02,2.228084951639175415e-02,-2.857803739607334137e-02,1.321671009063720703e-01,-3.741188347339630127e-01,2.416357956826686859e-02,2.629133760929107666e-01,2.416357956826686859e-02,-3.741188347339630127e-01,1.321671009063720703e-01,-2.857803739607334137e-02,2.228084951639175415e-02,-3.168302401900291443e-02,1.081933733075857162e-02,8.154355920851230621e-03
-2.493978887796401978e-01
4.153720568865537643e-03,-7.091456651687622070e-02,5.754568800330162048e-02,-1.156927086412906647e-03,4.268772900104522705e-02,-1.464010179042816162e-01,-2.240637317299842834e-02,5.206126570701599121e-01,1.713741123676300049e-01,5.206126570701599121e-01,-2.240637317299842834e-02,-1.464010179042816162e-01,4.268772900104522705e-02,-1.156927086412906647e-03,5.754568800330162048e-02,-7.091456651687622070e-02,4.153720568865537643e-03
7.909796200692653656e-03,2.335606142878532410e-03,-3.405710309743881226e-02,2.991592325270175934e-02,-2.404667995870113373e-02,1.338004767894744873e-01,-3.709994256496429443e-01,1.812016777694225311e-02,2.611438632011413574e-01,1.812016777694225311e-02,-3.709994256496429443e-01,1.338004767894744873e-01,-2.404667995870113373e-02,2.991592325270175934e-02,-3.405710309743881226e-02,2.335606142878532410e-03,7.909796200692653656e-03
-2.515555918216705322e-01
-5.257097072899341583e-03,-6.603653728961944580e-02,7.517954707145690918e-02,1.178721152245998383e-02,3.970304504036903381e-02,-1.480017751455307007e-01,-2.824132516980171204e-02,5.195181965827941895e-01,1.688588112592697144e-01,5.195181965827941895e-01,-2.824132516980171204e-02,-1.480017751455307007e-01,3.970304504036903381e-02,1.178721152245998383e-02,7.517954707145690918e-02,-6.603653728961944580e-02,-5.257097072899341583e-03
1.491227187216281891e-03,-1.519340742379426956e-02,-3.677749261260032654e-02,4.700763151049613953e-02,-1.112452615052461624e-02,1.368838399648666382e-01,-3.684698343276977539e-01,1.366974879056215286e-02,2.609986960887908936e-01,1.366974879056215286e-02,-3.684698343276977539e-01,1.368838399648666382e-01,-1.112452615052461624e-02,4.700763151049613953e-02,-3.677749261260032654e-02,-1.519340742379426956e-02,1.491227187216281891e-03
-2.537194788455963135e-01
-3.833887865766882896e-03,-6.636083126068115234e-02,6.914693862199783325e-02,6.276031490415334702e-03,3.573511913418769836e-02,-1.434909254312515259e-01,-3.233115375041961670e-02,5.176468491554260254e-01,1.660657078027725220e-01,5.176468491554260254e-01,-3.233115375041961670e-02,-1.434909254312515259e-01,3.573511913418769836e-02,6.276031490415334702e-03,6.914693862199783325e-02,-6.636083126068115234e-02,-3.833887865766882896e-03
8.259901776909828186e-03,-1.159613765776157379e-02,-3.986710309982299805e-02,4.422074556350708008e-02,-1.420188881456851959e-02,1.358676850795745850e-01,-3.683979511260986328e-01,6.867717951536178589e-03,2.644086778163909912e-01,6.867717951536178589e-03,-3.683979511260986328e-01,1.358676850795745850e-01,-1.420188881456851959e-02,4.422074556350708008e-02,-3.986710309982299805e-02,-1.159613765776157379e-02,8.259901776909828186e-03
-2.558895349502563477e-01
-3.740280633792281151e-03,-6.472593545913696289e-02,6.826777011156082153e-02,4.923187196254730225e-03,3.259874880313873291e-02,-1.394167393445968628e-01,-3.626566007733345032e-02,5.152607560157775879e-01,1.626562774181365967e-01,5.152607560157775879e-01,-3.626566007733345032e-02,-1.394167393445968628e-01,3.259874880313873291e-02,4.923187196254730225e-03,6.826777011156082153e-02,-6.472593545913696289e-02,-3.740280633792281151e-03
1.129868905991315842e-02,-1.262048538774251938e-02,-4.518133401870727539e-02,4.426848143339157104e-02,-1.065992005169391632e-02,1.399519145488739014e-01,-3.661420643329620361e-01,-4.451464337762445211e-04,2.663746774196624756e-01,-4.451464337762445211e-04,-3.661420643329620361e-01,1.399519145488739014e-01,-1.065992005169391632e-02,4.426848143339157104e-02,-4.518133401870727539e-02,-1.262048538774251938e-02,1.129868905991315842e-02
-2.580657303333282471e-01
-3.637154586613178253e-03,-6.368491053581237793e-02,6.765446811914443970e-02,6.242556497454643250e-03,3.153700381517410278e-02,-1.355788707733154297e-01,-3.985864296555519104e-02,5.161997675895690918e-01,1.632303744554519653e-01,5.161997675895690918e-01,-3.985864296555519104e-02,-1.355788707733154297e-01,3.153700381517410278e-02,6.242556497454643250e-03,6.765446811914443970e-02,-6.368491053581237793e-02,-3.637154586613178253e-03
1.043821591883897781e-02,-1.373029407113790512e-02,-5.033409222960472107e-02,4.391734302043914795e-02,-5.324963945895433426e-03,1.465731412172317505e-01,-3.625639677047729492e-01,-7.681022398173809052e-03,2.683791518211364746e-01,-7.681022398173809052e-03,-3.625639677047729492e-01,1.465731412172317505e-01,-5.324963945895433426e-03,4.391734302043914795e-02,-5.033409222960472107e-02,-1.373029407113790512e-02,1.043821591883897781e-02
-2.602480649948120117e-01
4.488864541053771973e-02,-5.374130606651306152e-02,1.584616675972938538e-02,-3.922191634774208069e-02,3.181356191635131836e-02,-1.071110740303993225e-01,-2.747018449008464813e-02,5.273009538650512695e-01,1.718807667493820190e-01,5.273009538650512695e-01,-2.747018449008464813e-02,-1.071110740303993225e-01,3.181356191635131836e-02,-3.922191634774208069e-02,1.584616675972938538e-02,-5.374130606651306152e-02,4.488864541053771973e-02
1.055861543864011765e-02,4.748011380434036255e-02,-2.558387815952301025e-02,4.891786258667707443e-03,-5.789669975638389587e-02,1.291512846946716309e-01,-3.620539605617523193e-01,-6.247605197131633759e-03,2.908111810684204102e-01,-6.247605197131633759e-03,-3.620539605617523193e-01,1.291512846946716309e-01,-5.789669975638389587e-02,4.891786258667707443e-03,-2.558387815952301025e-02,4.748011380434036255e-02,1.055861543864011765e-02
-2.624365389347076416e-01
9.712699055671691895e-02,-1.910626702010631561e-02,-4.861924680881202221e-04,-6.292700767517089844e-02,4.373189806938171387e-02,-6.884295493364334106e-02,-9.421915747225284576e-03,5.297710299491882324e-01,1.676260828971862793e-01,5.297710299491882324e-01,-9.421915747225284576e-03,-6.884295493364334106e-02,4.373189806938171387e-02,-6.292700767517089844e-02,-4.861924680881202221e-04,-1.910626702010631561e-02,9.712699055671691895e-02
-2.914187312126159668e-02,8.268094062805175781e-02,8.937858045101165771e-03,-7.978343404829502106e-03,-8.795507997274398804e-02,1.372445523738861084e-01,-3.350049555301666260e-01,1.386760827153921127e-02,2.998804152011871338e-01,1.386760827153921127e-02,-3.350049555301666260e-01,1.372445523738861084e-01,-8.795507997274398804e-02,-7.978343404829502106e-03,8.937858045101165771e-03,8.268094062805175781e-02,-2.914187312126159668e-02
-2.646310925483703613e-01
-5.722780711948871613e-03,-7.060139626264572144e-02,6.028955057263374329e-02,1.177422702312469482e-02,2.800478227436542511e-02,-1.294936686754226685e-01,-5.326344072818756104e-02,5.262633562088012695e-01,1.764838993549346924e-01,5.262633562088012695e-01,-5.326344072818756104e-02,-1.294936686754226685e-01,2.800478227436542511e-02,1.177422702312469482e-02,6.028955057263374329e-02,-7.060139626264572144e-02,-5.722780711948871613e-03
1.053384970873594284e-02,-8.214823901653289795e-03,-5.146060511469841003e-02,4.255981370806694031e-02,-1.242002099752426147e-02,1.438913941383361816e-01,-3.562436997890472412e-01,-1.560409180819988251e-02,2.895817458629608154e-01,-1.560409180819988251e-02,-3.562436997890472412e-01,1.438913941383361816e-01,-1.242002099752426147e-02,4.255981370806694031e-02,-5.146060511469841003e-02,-8.214823901653289795e-03,1.053384970873594284e-02
-2.668317258358001709e-01
8.565901219844818115e-02,-2.700593881309032440e-02,5.428989417850971222e-03,-4.791397973895072937e-02,4.227368906140327454e-02,-7.166344672441482544e-02,-2.321653626859188080e-02,5.313983559608459473e-01,1.731602102518081665e-01,5.313983559608459473e-01,-2.321653626859188080e-02,-7.166344672441482544e-02,4.227368906140327454e-02,-4.791397973895072937e-02,5.428989417850971222e-03,-2.700593881309032440e-02,8.565901219844818115e-02
-2.564843185245990753e-02,7.179635763168334961e-02,3.453773388173431158e-04,-8.056916994974017143e-04,-8.199499547481536865e-02,1.336199641227722168e-01,-3.364577591419219971e-01,2.889835974201560020e-03,3.097952902317047119e-01,2.889835974201560020e-03,-3.364577591419219971e-01,1.336199641227722168e-01,-8.199499547481536865e-02,-8.056916994974017143e-04,3.453773388173431158e-04,7.179635763168334961e-02,-2.564843185245990753e-02
-2.690384387969970703e-01
2.703475300222635269e-03,-7.004196196794509888e-02,5.256015434861183167e-02,1.033773552626371384e-02,2.674726396799087524e-02,-1.210911571979522705e-01,-5.899694934487342834e-02,5.301069021224975586e-01,1.816978603601455688e-01,5.301069021224975586e-01,-5.899694934487342834e-02,-1.210911571979522705e-01,2.674726396799087524e-02,1.033773552626371384e-02,5.256015434861183167e-02,-7.004196196794509888e-02,2.703475300222635269e-03
1.229379512369632721e-02,1.109326840378344059e-04,-4.779028147459030151e-02,3.914044424891471863e-02,-2.468123473227024078e-02,1.370939463376998901e-01,-3.524651229381561279e-01,-2.368576638400554657e-02,2.970053255558013916e-01,-2.368576638400554657e-02,-3.524651229381561279e-01,1.370939463376998901e-01,-2.468123473227024078e-02,3.914044424891471863e-02,-4.779028147459030151e-02,1.109326840378344059e-04,1.229379512369632721e-02
-2.712512016296386719e-01
1.003759098239243031e-03,-6.733682006597518921e-02,6.009924411773681641e-02,1.861063577234745026e-02,2.778667584061622620e-02,-1.174931675195693970e-01,-6.138590350747108459e-02,5.304970145225524902e-01,1.821431219577789307e-01,5.304970145225524902e-01,-6.138590350747108459e-02,-1.174931675195693970e-01,2.778667584061622620e-02,1.861063577234745026e-02,6.009924411773681641e-02,-6.733682006597518921e-02,1.003759098239243031e-03
1.053105667233467102e-02,-3.152112476527690887e-03,-4.675514250993728638e-02,4.317897558212280273e-02,-2.523779124021530151e-02,1.369884610176086426e-01,-3.475199639797210693e-01,-2.674361318349838257e-02,2.964820861816406250e-01,-2.674361318349838257e-02,-3.475199639797210693e-01,1.369884610176086426e-01,-2.523779124021530151e-02,4.317897558212280273e-02,-4.675514250993728638e-02,-3.152112476527690887e-03,1.053105667233467102e-02
-2.734699845314025879e-01
1.108943112194538116e-02,-7.105741649866104126e-02,3.569841384887695312e-02,-2.052222844213247299e-04,2.446359954774379730e-02,-1.091298609972000122e-01,-6.324424594640731812e-02,5.298222899436950684e-01,1.823238730430603027e-01,5.298222899436950684e-01,-6.324424594640731812e-02,-1.091298609972000122e-01,2.446359954774379730e-02,-2.052222844213247299e-04,3.569841384887695312e-02,-7.105741649866104126e-02,1.108943112194538116e-02
2.228383719921112061e-02,1.700110733509063721e-02,-4.621566087007522583e-02,2.642562426626682281e-02,-4.131611064076423645e-02,1.313996762037277222e-01,-3.484406769275665283e-01,-3.314707428216934204e-02,3.048804402351379395e-01,-3.314707428216934204e-02,-3.484406769275665283e-01,1.313996762037277222e-01,-4.131611064076423645e-02,2.642562426626682281e-02,-4.621566087007522583e-02,1.700110733509063721e-02,2.228383719921112061e-02
-2.756947875022888184e-01
-1.181503664702177048e-02,-5.870848149061203003e-02,8.390381932258605957e-02,3.415850549936294556e-02,1.925681158900260925e-02,-1.224312782287597656e-01,-7.546944916248321533e-02,5.220035910606384277e-01,1.752247661352157593e-01,5.220035910606384277e-01,-7.546944916248321533e-02,-1.224312782287597656e-01,1.925681158900260925e-02,3.415850549936294556e-02,8.390381932258605957e-02,-5.870848149061203003e-02,-1.181503664702177048e-02
-3.277699928730726242e-03,-3.100660443305969238e-02,-5.650478601455688477e-02,6.565670669078826904e-02,2.702712779864668846e-03,1.507961750030517578e-01,-3.395581245422363281e-01,-4.112426564097404480e-02,2.911830544471740723e-01,-4.112426564097404480e-02,-3.395581245422363281e-01,1.507961750030517578e-01,2.702712779864668846e-03,6.565670669078826904e-02,-5.650478601455688477e-02,-3.100660443305969238e-02,-3.277699928730726242e-03
-2.779256105422973633e-01
7.587626576423645020e-02,-3.330500796437263489e-02,-2.232081256806850433e-03,-4.331790655851364136e-02,3.473038226366043091e-02,-5.852013081312179565e-02,-4.242551326751708984e-02,5.318673253059387207e-01,1.782886236906051636e-01,5.318673253059387207e-01,-4.242551326751708984e-02,-5.852013081312179565e-02,3.473038226366043091e-02,-4.331790655851364136e-02,-2.232081256806850433e-03,-3.330500796437263489e-02,7.587626576423645020e-02
-1.549439318478107452e-02,7.445342093706130981e-02,-5.433805286884307861e-03,-1.540965400636196136e-03,-8.860967308282852173e-02,1.307611167430877686e-01,-3.258376121520996094e-01,-2.492877095937728882e-02,3.223949670791625977e-01,-2.492877095937728882e-02,-3.258376121520996094e-01,1.307611167430877686e-01,-8.860967308282852173e-02,-1.540965400636196136e-03,-5.433805286884307861e-03,7.445342093706130981e-02,-1.549439318478107452e-02
-2.801623940467834473e-01
-1.433112099766731262e-02,-6.758254021406173706e-02,7.135389745235443115e-02,3.146353363990783691e-02,1.488711591809988022e-02,-1.198715940117835999e-01,-8.598968386650085449e-02,5.228980183601379395e-01,1.805246472358703613e-01,5.228980183601379395e-01,-8.598968386650085449e-02,-1.198715940117835999e-01,1.488711591809988022e-02,3.146353363990783691e-02,7.135389745235443115e-02,-6.758254021406173706e-02,-1.433112099766731262e-02
5.526868160814046860e-03,-2.346719987690448761e-02,-5.821038037538528442e-02,6.120726838707923889e-02,-2.670190297067165375e-03,1.473775357007980347e-01,-3.367134332656860352e-01,-4.708826541900634766e-02,3.059131503105163574e-01,-4.708826541900634766e-02,-3.367134332656860352e-01,1.473775357007980347e-01,-2.670190297067165375e-03,6.120726838707923889e-02,-5.821038037538528442e-02,-2.346719987690448761e-02,5.526868160814046860e-03
-2.824051678180694580e-01
-8.062626235187053680e-03,-7.731094211339950562e-02,4.907904937863349915e-02,2.483757771551609039e-02,2.118886448442935944e-02,-1.098124161362648010e-01,-8.786500245332717896e-02,5.262071490287780762e-01,1.870967000722885132e-01,5.262071490287780762e-01,-8.786500245332717896e-02,-1.098124161362648010e-01,2.118886448442935944e-02,2.483757771551609039e-02,4.907904937863349915e-02,-7.731094211339950562e-02,-8.062626235187053680e-03
1.581187359988689423e-02,3.690403187647461891e-03,-4.866554215550422668e-02,4.388665407896041870e-02,-2.814423851668834686e-02,1.356091499328613281e-01,-3.360073566436767578e-01,-4.462766647338867188e-02,3.222707808017730713e-01,-4.462766647338867188e-02,-3.360073566436767578e-01,1.356091499328613281e-01,-2.814423851668834686e-02,4.388665407896041870e-02,-4.866554215550422668e-02,3.690403187647461891e-03,1.581187359988689423e-02
-2.846538722515106201e-01
1.232917681336402893e-01,3.366593644022941589e-02,-1.215747371315956116e-02,-1.015581041574478149e-01,1.687880232930183411e-02,7.273490075021982193e-03,-5.271249916404485703e-03,5.236772298812866211e-01,1.539731472730636597e-01,5.236772298812866211e-01,-5.271249916404485703e-03,7.273490075021982193e-03,1.687880232930183411e-02,-1.015581041574478149e-01,-1.215747371315956116e-02,3.366593644022941589e-02,1.232917681336402893e-01
-3.328853100538253784e-02,9.289851039648056030e-02,1.505546178668737411e-02,-1.675471290946006775e-02,-1.150941327214241028e-01,1.463535726070404053e-01,-2.896547317504882812e-01,-1.250138971954584122e-02,3.330498039722442627e-01,-1.250138971954584122e-02,-2.896547317504882812e-01,1.463535726070404053e-01,-1.150941327214241028e-01,-1.675471290946006775e-02,1.505546178668737411e-02,9.289851039648056030e-02,-3.328853100538253784e-02
-2.869085371494293213e-01
1.926542632281780243e-02,-7.558523118495941162e-02,1.764238253235816956e-02,5.936475005000829697e-03,2.726051211357116699e-02,-8.845504373311996460e-02,-8.574225753545761108e-02,5.299431085586547852e-01,1.939786970615386963e-01,5.299431085586547852e-01,-8.574225753545761108e-02,-8.845504373311996460e-02,2.726051211357116699e-02,5.936475005000829697e-03,1.764238253235816956e-02,-7.558523118495941162e-02,1.926542632281780243e-02
1.881785690784454346e-02,3.579463064670562744e-02,-3.651634603738784790e-02,2.288594096899032593e-02,-5.720499902963638306e-02,1.242326200008392334e-01,-3.327827751636505127e-01,-5.223880335688591003e-02,3.371519744396209717e-01,-5.223880335688591003e-02,-3.327827751636505127e-01,1.242326200008392334e-01,-5.720499902963638306e-02,2.288594096899032593e-02,-3.651634603738784790e-02,3.579463064670562744e-02,1.881785690784454346e-02
-2.891691029071807861e-01
4.072044976055622101e-03,-7.568057626485824585e-02,3.889032453298568726e-02,1.876432076096534729e-02,1.428865641355514526e-02,-9.976749122142791748e-02,-9.078810364007949829e-02,5.336316227912902832e-01,1.979355067014694214e-01,5.336316227912902832e-01,-9.078810364007949829e-02,-9.976749122142791748e-02,1.428865641355514526e-02,1.876432076096534729e-02,3.889032453298568726e-02,-7.568057626485824585e-02,4.072044976055622101e-03
1.910740323364734650e-02,6.598233245313167572e-03,-4.808742552995681763e-02,4.426007717847824097e-02,-3.367278724908828735e-02,1.288139224052429199e-01,-3.325160741806030273e-01,-6.452501565217971802e-02,3.260496258735656738e-01,-6.452501565217971802e-02,-3.325160741806030273e-01,1.288139224052429199e-01,-3.367278724908828735e-02,4.426007717847824097e-02,-4.808742552995681763e-02,6.598233245313167572e-03,1.910740323364734650e-02
-2.914355695247650146e-01
-1.416373415850102901e-03,-5.652245506644248962e-02,7.771915942430496216e-02,4.282203689217567444e-02,1.040367316454648972e-02,-1.046733036637306213e-01,-9.278254956007003784e-02,5.330091118812561035e-01,1.966882795095443726e-01,5.330091118812561035e-01,-9.278254956007003784e-02,-1.046733036637306213e-01,1.040367316454648972e-02,4.282203689217567444e-02,7.771915942430496216e-02,-5.652245506644248962e-02,-1.416373415850102901e-03
-9.805160574615001678e-03,-2.917743474245071411e-02,-5.091339722275733948e-02,7.458884268999099731e-02,-3.898209659382700920e-03,1.422187983989715576e-01,-3.231559395790100098e-01,-7.261322438716888428e-02,3.101185858249664307e-01,-7.261322438716888428e-02,-3.231559395790100098e-01,1.422187983989715576e-01,-3.898209659382700920e-03,7.458884268999099731e-02,-5.091339722275733948e-02,-2.917743474245071411e-02,-9.805160574615001678e-03
-2.937079370021820068e-01
3.071340173482894897e-02,-6.871842592954635620e-02,1.409497112035751343e-02,-1.463741064071655273e-03,1.545584853738546371e-02,-7.699508219957351685e-02,-8.319829404354095459e-02,5.357897281646728516e-01,2.001937031745910645e-01,5.357897281646728516e-01,-8.319829404354095459e-02,-7.699508219957351685e-02,1.545584853738546371e-02,-1.463741064071655273e-03,1.409497112035751343e-02,-6.871842592954635620e-02,3.071340173482894897e-02
2.245911955833435059e-02,3.480495139956474304e-02,-3.612736240029335022e-02,2.595547400414943695e-02,-6.162823364138603210e-02,1.174582317471504211e-01,-3.283197283744812012e-01,-7.589732855558395386e-02,3.303405046463012695e-01,-7.589732855558395386e-02,-3.283197283744812012e-01,1.174582317471504211e-01,-6.162823364138603210e-02,2.595547400414943695e-02,-3.612736240029335022e-02,3.480495139956474304e-02,2.245911955833435059e-02
-2.959862053394317627e-01
7.575006689876317978e-03,-5.143826454877853394e-02,7.254643738269805908e-02,3.828035295009613037e-02,7.388595957309007645e-03,-9.416773170232772827e-02,-9.343695640563964844e-02,5.299730896949768066e-01,1.953362375497817993e-01,5.299730896949768066e-01,-9.343695640563964844e-02,-9.416773170232772827e-02,7.388595957309007645e-03,3.828035295009613037e-02,7.254643738269805908e-02,-5.143826454877853394e-02,7.575006689876317978e-03
-9.278673678636550903e-03,-2.220496907830238342e-02,-4.877032339572906494e-02,6.955337524414062500e-02,-1.260069478303194046e-02,1.388379484415054321e-01,-3.169278204441070557e-01,-8.314491063356399536e-02,3.101221323013305664e-01,-8.314491063356399536e-02,-3.169278204441070557e-01,1.388379484415054321e-01,-1.260069478303194046e-02,6.955337524414062500e-02,-4.877032339572906494e-02,-2.220496907830238342e-02,-9.278673678636550903e-03
-2.982703149318695068e-01
5.032514780759811401e-02,-5.282205343246459961e-02,7.567638065665960312e-03,-1.293420139700174332e-02,1.342477370053529739e-02,-5.787370726466178894e-02,-7.649295032024383545e-02,5.324912667274475098e-01,1.960341036319732666e-01,5.324912667274475098e-01,-7.649295032024383545e-02,-5.787370726466178894e-02,1.342477370053529739e-02,-1.293420139700174332e-02,7.567638065665960312e-03,-5.282205343246459961e-02,5.032514780759811401e-02
1.627348363399505615e-02,4.602042585611343384e-02,-3.137156367301940918e-02,1.791940070688724518e-02,-7.060309499502182007e-02,1.194308102130889893e-01,-3.181413412094116211e-01,-8.649469912052154541e-02,3.308049440383911133e-01,-8.649469912052154541e-02,-3.181413412094116211e-01,1.194308102130889893e-01,-7.060309499502182007e-02,1.791940070688724518e-02,-3.137156367301940918e-02,4.602042585611343384e-02,1.627348363399505615e-02
-3.005602359771728516e-01
2.189536951482295990e-02,-5.823714658617973328e-02,3.539732098579406738e-02,9.865650907158851624e-03,2.192798303440213203e-03,-7.717815786600112915e-02,-9.146536886692047119e-02,5.281900763511657715e-01,1.960326880216598511e-01,5.281900763511657715e-01,-9.146536886692047119e-02,-7.717815786600112915e-02,2.192798303440213203e-03,9.865650907158851624e-03,3.539732098579406738e-02,-5.823714658617973328e-02,2.189536951482295990e-02
1.171381492167711258e-02,7.828049361705780029e-03,-4.866814613342285156e-02,4.383289441466331482e-02,-3.460217639803886414e-02,1.331084966659545898e-01,-3.134683668613433838e-01,-9.265114367008209229e-02,3.221601247787475586e-01,-9.265114367008209229e-02,-3.134683668613433838e-01,1.331084966659545898e-01,-3.460217639803886414e-02,4.383289441466331482e-02,-4.866814613342285156e-02,7.828049361705780029e-03,1.171381492167711258e-02
-3.028560280799865723e-01
1.088952179998159409e-02,-5.296112969517707825e-02,5.705061927437782288e-02,2.681153267621994019e-02,6.988818640820682049e-04,-7.981304079294204712e-02,-9.554094821214675903e-02,5.242709517478942871e-01,1.934452652931213379e-01,5.242709517478942871e-01,-9.554094821214675903e-02,-7.981304079294204712e-02,6.988818640820682049e-04,2.681153267621994019e-02,5.705061927437782288e-02,-5.296112969517707825e-02,1.088952179998159409e-02
-7.676583663851488382e-06,-1.225026696920394897e-02,-5.381437018513679504e-02,5.857907235622406006e-02,-1.546652987599372864e-02,1.446984708309173584e-01,-3.043195307254791260e-01,-9.804130345582962036e-02,3.133196532726287842e-01,-9.804130345582962036e-02,-3.043195307254791260e-01,1.446984708309173584e-01,-1.546652987599372864e-02,5.857907235622406006e-02,-5.381437018513679504e-02,-1.225026696920394897e-02,-7.676583663851488382e-06
-3.051576316356658936e-01
2.407232858240604401e-02,-6.219914555549621582e-02,1.958662457764148712e-02,1.370729994960129261e-03,1.747268019244074821e-03,-6.480312347412109375e-02,-9.219949692487716675e-02,5.252639055252075195e-01,1.967066973447799683e-01,5.252639055252075195e-01,-9.219949692487716675e-02,-6.480312347412109375e-02,1.747268019244074821e-03,1.370729994960129261e-03,1.958662457764148712e-02,-6.219914555549621582e-02,2.407232858240604401e-02
2.449454739689826965e-02,2.420546300709247589e-02,-4.959798604249954224e-02,2.937397733330726624e-02,-4.501558467745780945e-02,1.330221295356750488e-01,-3.065392374992370605e-01,-1.027374416589736938e-01,3.287630081176757812e-01,-1.027374416589736938e-01,-3.065392374992370605e-01,1.330221295356750488e-01,-4.501558467745780945e-02,2.937397733330726624e-02,-4.959798604249954224e-02,2.420546300709247589e-02,2.449454739689826965e-02
-3.074650168418884277e-01
5.148389935493469238e-02,-5.018531531095504761e-02,-6.073939613997936249e-03,-2.307775989174842834e-02,6.015575490891933441e-03,-4.159368574619293213e-02,-8.234255760908126831e-02,5.251816511154174805e-01,1.962559223175048828e-01,5.251816511154174805e-01,-8.234255760908126831e-02,-4.159368574619293213e-02,6.015575490891933441e-03,-2.307775989174842834e-02,-6.073939613997936249e-03,-5.018531531095504761e-02,5.148389935493469238e-02
2.497787773609161377e-02,5.834840983152389526e-02,-3.579545766115188599e-02,5.398058798164129257e-03,-7.551252096891403198e-02,1.252303570508956909e-01,-3.023034930229187012e-01,-1.053298711776733398e-01,3.415074944496154785e-01,-1.053298711776733398e-01,-3.023034930229187012e-01,1.252303570508956909e-01,-7.551252096891403198e-02,5.398058798164129257e-03,-3.579545766115188599e-02,5.834840983152389526e-02,2.497787773609161377e-02
-3.097782135009765625e-01
-1.307580620050430298e-02,-5.818237364292144775e-02,7.398181408643722534e-02,4.901755973696708679e-02,-3.297160612419247627e-03,-8.598741143941879272e-02,-1.135347336530685425e-01,5.156279206275939941e-01,1.943309903144836426e-01,5.156279206275939941e-01,-1.135347336530685425e-01,-8.598741143941879272e-02,-3.297160612419247627e-03,4.901755973696708679e-02,7.398181408643722534e-02,-5.818237364292144775e-02,-1.307580620050430298e-02
-2.738048206083476543e-04,-3.326091915369033813e-02,-6.928135454654693604e-02,6.869536638259887695e-02,7.245997898280620575e-03,1.581612676382064819e-01,-2.911345660686492920e-01,-1.062361449003219604e-01,3.226372003555297852e-01,-1.062361449003219604e-01,-2.911345660686492920e-01,1.581612676382064819e-01,7.245997898280620575e-03,6.869536638259887695e-02,-6.928135454654693604e-02,-3.326091915369033813e-02,-2.738048206083476543e-04
-3.120971620082855225e-01
-2.998763462528586388e-03,-7.880178093910217285e-02,2.740088291466236115e-02,2.882745116949081421e-02,6.500435993075370789e-03,-7.040820270776748657e-02,-1.134607419371604919e-01,5.213421583175659180e-01,2.061735689640045166e-01,5.213421583175659180e-01,-1.134607419371604919e-01,-7.040820270776748657e-02,6.500435993075370789e-03,2.882745116949081421e-02,2.740088291466236115e-02,-7.880178093910217285e-02,-2.998763462528586388e-03
3.294993191957473755e-02,2.159499563276767731e-02,-5.593848600983619690e-02,2.906170301139354706e-02,-4.329001158475875854e-02,1.304540783166885376e-01,-3.001705110073089600e-01,-1.033560857176780701e-01,3.533743619918823242e-01,-1.033560857176780701e-01,-3.001705110073089600e-01,1.304540783166885376e-01,-4.329001158475875854e-02,2.906170301139354706e-02,-5.593848600983619690e-02,2.159499563276767731e-02,3.294993191957473755e-02
-3.144218921661376953e-01
9.136684238910675049e-02,5.046317726373672485e-02,1.272359397262334824e-02,-8.187136799097061157e-02,-1.381227374076843262e-02,3.742278739809989929e-02,-2.645777352154254913e-02,5.088614821434020996e-01,1.630751639604568481e-01,5.088614821434020996e-01,-2.645777352154254913e-02,3.742278739809989929e-02,-1.381227374076843262e-02,-8.187136799097061157e-02,1.272359397262334824e-02,5.046317726373672485e-02,9.136684238910675049e-02
-1.403190940618515015e-01,7.481678575277328491e-02,8.373482525348663330e-02,3.542716428637504578e-02,-1.321315318346023560e-01,1.106788665056228638e-01,-2.449090033769607544e-01,7.796685211360454559e-03,4.135988056659698486e-01,7.796685211360454559e-03,-2.449090033769607544e-01,1.106788665056228638e-01,-1.321315318346023560e-01,3.542716428637504578e-02,8.373482525348663330e-02,7.481678575277328491e-02,-1.403190940618515015e-01
-3.167523443698883057e-01
9.219628572463989258e-02,-3.228664770722389221e-02,-2.885297127068042755e-02,-2.872650511562824249e-02,3.324899822473526001e-02,-4.717478528618812561e-03,-8.666641265153884888e-02,5.206756591796875000e-01,2.051140218973159790e-01,5.206756591796875000e-01,-8.666641265153884888e-02,-4.717478528618812561e-03,3.324899822473526001e-02,-2.872650511562824249e-02,-2.885297127068042755e-02,-3.228664770722389221e-02,9.219628572463989258e-02
2.283014357089996338e-03,9.602862596511840820e-02,-1.506342738866806030e-02,-1.931139826774597168e-02,-1.076097786426544189e-01,1.256837546825408936e-01,-2.798287868499755859e-01,-1.065127849578857422e-01,3.678129017353057861e-01,-1.065127849578857422e-01,-2.798287868499755859e-01,1.256837546825408936e-01,-1.076097786426544189e-01,-1.931139826774597168e-02,-1.506342738866806030e-02,9.602862596511840820e-02,2.283014357089996338e-03
-3.190885186195373535e-01
-1.463174074888229370e-02,-6.546365469694137573e-02,6.879810988903045654e-02,5.937613174319267273e-02,-5.216252990067005157e-03,-8.469778299331665039e-02,-1.282424032688140869e-01,5.186588764190673828e-01,2.115624547004699707e-01,5.186588764190673828e-01,-1.282424032688140869e-01,-8.469778299331665039e-02,-5.216252990067005157e-03,5.937613174319267273e-02,6.879810988903045654e-02,-6.546365469694137573e-02,-1.463174074888229370e-02
-4.903662018477916718e-03,-2.757414616644382477e-02,-6.829666346311569214e-02,6.398139148950576782e-02,4.152912646532058716e-03,1.510797441005706787e-01,-2.910545766353607178e-01,-1.203135699033737183e-01,3.544261157512664795e-01,-1.203135699033737183e-01,-2.910545766353607178e-01,1.510797441005706787e-01,4.152912646532058716e-03,6.398139148950576782e-02,-6.829666346311569214e-02,-2.757414616644382477e-02,-4.903662018477916718e-03
-3.214304149150848389e-01
2.810077276080846786e-03,-7.274097204208374023e-02,3.390235081315040588e-02,3.491352498531341553e-02,-5.345597863197326660e-03,-7.156670093536376953e-02,-1.237634047865867615e-01,5.243235230445861816e-01,2.201527953147888184e-01,5.243235230445861816e-01,-1.237634047865867615e-01,-7.156670093536376953e-02,-5.345597863197326660e-03,3.491352498531341553e-02,3.390235081315040588e-02,-7.274097204208374023e-02,2.810077276080846786e-03
1.344606000930070877e-02,1.068690791726112366e-02,-5.690017715096473694e-02,3.849551081657409668e-02,-2.646015398204326630e-02,1.364342272281646729e-01,-2.945419549942016602e-01,-1.253463178873062134e-01,3.660714328289031982e-01,-1.253463178873062134e-01,-2.945419549942016602e-01,1.364342272281646729e-01,-2.646015398204326630e-02,3.849551081657409668e-02,-5.690017715096473694e-02,1.068690791726112366e-02,1.344606000930070877e-02
-3.237780332565307617e-01
1.166431326419115067e-02,-7.282578945159912109e-02,2.230818942189216614e-02,2.780290320515632629e-02,-3.421584609895944595e-03,-6.321497261524200439e-02,-1.239189878106117249e-01,5.201275348663330078e-01,2.186291366815567017e-01,5.201275348663330078e-01,-1.239189878106117249e-01,-6.321497261524200439e-02,-3.421584609895944595e-03,2.780290320515632629e-02,2.230818942189216614e-02,-7.282578945159912109e-02,1.166431326419115067e-02
1.054561883211135864e-02,2.440075762569904327e-02,-5.122155696153640747e-02,2.933510765433311462e-02,-3.402864187955856323e-02,1.373673975467681885e-01,-2.901916801929473877e-01,-1.287306547164916992e-01,3.712468445301055908e-01,-1.287306547164916992e-01,-2.901916801929473877e-01,1.373673975467681885e-01,-3.402864187955856323e-02,2.933510765433311462e-02,-5.122155696153640747e-02,2.440075762569904327e-02,1.054561883211135864e-02
-3.261313140392303467e-01
4.958358407020568848e-02,-5.681134387850761414e-02,-1.004722248762845993e-02,-3.933070227503776550e-03,6.926910020411014557e-03,-2.830519154667854309e-02,-1.075708419084548950e-01,5.135202407836914062e-01,2.108085900545120239e-01,5.135202407836914062e-01,-1.075708419084548950e-01,-2.830519154667854309e-02,6.926910020411014557e-03,-3.933070227503776550e-03,-1.004722248762845993e-02,-5.681134387850761414e-02,4.958358407020568848e-02
9.274356998503208160e-03,6.822916120290756226e-02,-3.288087621331214905e-02,-1.076912740245461464e-03,-6.843726336956024170e-02,1.299958676099777222e-01,-2.869107127189636230e-01,-1.369971930980682373e-01,3.789783120155334473e-01,-1.369971930980682373e-01,-2.869107127189636230e-01,1.299958676099777222e-01,-6.843726336956024170e-02,-1.076912740245461464e-03,-3.288087621331214905e-02,6.822916120290756226e-02,9.274356998503208160e-03
-3.284902870655059814e-01
1.961681991815567017e-02,-2.087149396538734436e-02,2.525358460843563080e-03,6.579452753067016602e-02,-3.204724565148353577e-02,2.346071787178516388e-02,-1.124771311879158020e-01,2.232455313205718994e-01,6.498680114746093750e-01,2.232455313205718994e-01,-1.124771311879158020e-01,2.346071787178516388e-02,-3.204724565148353577e-02,6.579452753067016602e-02,2.525358460843563080e-03,-2.087149396538734436e-02,1.961681991815567017e-02
-2.482803910970687866e-02,2.555952034890651703e-02,-4.719514772295951843e-02,-1.590625941753387451e-02,6.248392909765243530e-02,4.667848348617553711e-02,-5.231202766299247742e-02,-3.582390844821929932e-01,4.979442656040191650e-01,-3.582390844821929932e-01,-5.231202766299247742e-02,4.667848348617553711e-02,6.248392909765243530e-02,-1.590625941753387451e-02,-4.719514772295951843e-02,2.555952034890651703e-02,-2.482803910970687866e-02
-0.000000000000000000e+00
