1.303994357585906982e-01,-2.059068381786346436e-01,1.601624935865402222e-01,6.266714632511138916e-02,-2.286424636840820312e-01,-3.791535273194313049e-02,1.759376823902130127e-01,2.291096001863479614e-01,1.780797839164733887e-01,1.605333238840103149e-01,1.780797839164733887e-01,2.291096001863479614e-01,1.759376823902130127e-01,-3.791535273194313049e-02,-2.286424636840820312e-01,6.266714632511138916e-02,1.601624935865402222e-01,-2.059068381786346436e-01,1.303994357585906982e-01
4.355677589774131775e-02,3.490038588643074036e-02,-2.062242031097412109e-01,2.673160433769226074e-01,-3.248327597975730896e-02,-1.855223625898361206e-01,-1.679673045873641968e-01,7.796841859817504883e-02,1.035626456141471863e-01,1.891128569841384888e-01,1.035626456141471863e-01,7.796841859817504883e-02,-1.679673045873641968e-01,-1.855223625898361206e-01,-3.248327597975730896e-02,2.673160433769226074e-01,-2.062242031097412109e-01,3.490038588643074036e-02,4.355677589774131775e-02
-3.271071612834930420e-01
1.214405596256256104e-01,-2.635852247476577759e-02,-1.332035362720489502e-01,-1.190936937928199768e-01,4.798392206430435181e-02,1.293761134147644043e-01,1.958121061325073242e-01,1.550320386886596680e-01,1.485649347305297852e-01,1.019026264548301697e-01,1.485649347305297852e-01,1.550320386886596680e-01,1.958121061325073242e-01,1.293761134147644043e-01,4.798392206430435181e-02,-1.190936937928199768e-01,-1.332035362720489502e-01,-2.635852247476577759e-02,1.214405596256256104e-01
4.716112464666366577e-02,2.087262570858001709e-01,3.187439590692520142e-02,-1.253762394189834595e-01,-1.729046553373336792e-01,-6.797826290130615234e-02,-2.037174627184867859e-02,6.537006050348281860e-02,9.513321518898010254e-02,1.390304416418075562e-01,9.513321518898010254e-02,6.537006050348281860e-02,-2.037174627184867859e-02,-6.797826290130615234e-02,-1.729046553373336792e-01,-1.253762394189834595e-01,3.187439590692520142e-02,2.087262570858001709e-01,4.716112464666366577e-02
-4.067060351371765137e-01
1.040507405996322632e-01,1.274138391017913818e-01,-1.254042387008666992e-01,-1.570615768432617188e-01,-1.098660007119178772e-02,1.403328478336334229e-01,1.696940064430236816e-01,1.677304059267044067e-01,1.296399384737014771e-01,1.265929490327835083e-01,1.296399384737014771e-01,1.677304059267044067e-01,1.696940064430236816e-01,1.403328478336334229e-01,-1.098660007119178772e-02,-1.570615768432617188e-01,-1.254042387008666992e-01,1.274138391017913818e-01,1.040507405996322632e-01
-9.883730113506317139e-02,1.026637926697731018e-01,1.530943661928176880e-01,-9.682041406631469727e-02,-1.588639318943023682e-01,-1.379499882459640503e-01,1.614535599946975708e-02,5.787159502506256104e-02,1.501662433147430420e-01,1.252566576004028320e-01,1.501662433147430420e-01,5.787159502506256104e-02,1.614535599946975708e-02,-1.379499882459640503e-01,-1.588639318943023682e-01,-9.682041406631469727e-02,1.530943661928176880e-01,1.026637926697731018e-01,-9.883730113506317139e-02
-4.918165504932403564e-01
-5.196001380681991577e-02,1.548638045787811279e-01,-1.714309304952621460e-02,-1.925846934318542480e-01,-4.583936557173728943e-02,9.674609452486038208e-02,1.903508752584457397e-01,1.577116400003433228e-01,1.483099460601806641e-01,1.107463017106056213e-01,1.483099460601806641e-01,1.577116400003433228e-01,1.903508752584457397e-01,9.674609452486038208e-02,-4.583936557173728943e-02,-1.925846934318542480e-01,-1.714309304952621460e-02,1.548638045787811279e-01,-5.196001380681991577e-02
-2.242407798767089844e-01,3.929011523723602295e-02,1.753999739885330200e-01,3.074739873409271240e-02,-2.070466130971908569e-01,-1.386008709669113159e-01,-4.314959049224853516e-02,9.562347829341888428e-02,9.875768423080444336e-02,1.485188901424407959e-01,9.875768423080444336e-02,9.562347829341888428e-02,-4.314959049224853516e-02,-1.386008709669113159e-01,-2.070466130971908569e-01,3.074739873409271240e-02,1.753999739885330200e-01,3.929011523723602295e-02,-2.242407798767089844e-01
-5.821056365966796875e-01
-2.167060971260070801e-01,1.986837536096572876e-01,5.818080902099609375e-02,-1.559724062681198120e-01,-1.621009856462478638e-01,1.024081036448478699e-01,1.667046993970870972e-01,2.125737071037292480e-01,1.238427162170410156e-01,1.560422927141189575e-01,1.238427162170410156e-01,2.125737071037292480e-01,1.667046993970870972e-01,1.024081036448478699e-01,-1.621009856462478638e-01,-1.559724062681198120e-01,5.818080902099609375e-02,1.986837536096572876e-01,-2.167060971260070801e-01
-5.008465051651000977e-02,-1.528009921312332153e-01,1.830695569515228271e-01,9.398899227380752563e-02,-1.465890854597091675e-01,-1.921235769987106323e-01,-4.926859587430953979e-02,6.459768116474151611e-02,1.183401420712471008e-01,1.237111613154411316e-01,1.183401420712471008e-01,6.459768116474151611e-02,-4.926859587430953979e-02,-1.921235769987106323e-01,-1.465890854597091675e-01,9.398899227380752563e-02,1.830695569515228271e-01,-1.528009921312332153e-01,-5.008465051651000977e-02
-6.772937774658203125e-01
-1.307150423526763916e-01,-1.634727232158184052e-02,1.945354640483856201e-01,-1.529347300529479980e-01,-1.576175391674041748e-01,3.594060987234115601e-02,2.052940875291824341e-01,1.820960789918899536e-01,1.638690382242202759e-01,1.241929978132247925e-01,1.638690382242202759e-01,1.820960789918899536e-01,2.052940875291824341e-01,3.594060987234115601e-02,-1.576175391674041748e-01,-1.529347300529479980e-01,1.945354640483856201e-01,-1.634727232158184052e-02,-1.307150423526763916e-01
1.903915852308273315e-01,-2.508882284164428711e-01,1.276912987232208252e-01,1.349808573722839355e-01,-8.493727445602416992e-02,-2.359369993209838867e-01,-5.392225831747055054e-02,3.868387639522552490e-02,1.422567069530487061e-01,1.095967888832092285e-01,1.422567069530487061e-01,3.868387639522552490e-02,-5.392225831747055054e-02,-2.359369993209838867e-01,-8.493727445602416992e-02,1.349808573722839355e-01,1.276912987232208252e-01,-2.508882284164428711e-01,1.903915852308273315e-01
-7.771421670913696289e-01
5.236790701746940613e-02,-1.935554295778274536e-01,2.551261782646179199e-01,-8.480348438024520874e-02,-1.781767308712005615e-01,-2.884309738874435425e-02,2.193093001842498779e-01,1.879489421844482422e-01,2.016952186822891235e-01,1.269262582063674927e-01,2.016952186822891235e-01,1.879489421844482422e-01,2.193093001842498779e-01,-2.884309738874435425e-02,-1.781767308712005615e-01,-8.480348438024520874e-02,2.551261782646179199e-01,-1.935554295778274536e-01,5.236790701746940613e-02
1.760514080524444580e-01,-1.346532851457595825e-01,-6.002616137266159058e-02,2.308343946933746338e-01,-7.382180541753768921e-02,-2.036529630422592163e-01,-1.207614839076995850e-01,6.334763765335083008e-02,1.068452373147010803e-01,1.532771587371826172e-01,1.068452373147010803e-01,6.334763765335083008e-02,-1.207614839076995850e-01,-2.036529630422592163e-01,-7.382180541753768921e-02,2.308343946933746338e-01,-6.002616137266159058e-02,-1.346532851457595825e-01,1.760514080524444580e-01
-8.814436793327331543e-01
1.327580213546752930e-01,-2.010276615619659424e-01,1.515056192874908447e-01,7.151416689157485962e-02,-2.312658280134201050e-01,-3.692737221717834473e-02,1.731559783220291138e-01,2.318505644798278809e-01,1.767140626907348633e-01,1.636774986982345581e-01,1.767140626907348633e-01,2.318505644798278809e-01,1.731559783220291138e-01,-3.692737221717834473e-02,-2.312658280134201050e-01,7.151416689157485962e-02,1.515056192874908447e-01,-2.010276615619659424e-01,1.327580213546752930e-01
3.581119701266288757e-02,4.497384279966354370e-02,-2.103000134229660034e-01,2.665621340274810791e-01,-2.861418016254901886e-02,-1.863858401775360107e-01,-1.698147952556610107e-01,7.748489826917648315e-02,1.056216955184936523e-01,1.908450573682785034e-01,1.056216955184936523e-01,7.748489826917648315e-02,-1.698147952556610107e-01,-1.863858401775360107e-01,-2.861418016254901886e-02,2.665621340274810791e-01,-2.103000134229660034e-01,4.497384279966354370e-02,3.581119701266288757e-02
-9.900165200233459473e-01
9.676702320575714111e-02,-9.267558157444000244e-02,-8.664544671773910522e-03,2.076946049928665161e-01,-2.615023851394653320e-01,-4.902664944529533386e-02,1.314144879579544067e-01,2.687361538410186768e-01,1.539801806211471558e-01,1.930057257413864136e-01,1.539801806211471558e-01,2.687361538410186768e-01,1.314144879579544067e-01,-4.902664944529533386e-02,-2.615023851394653320e-01,2.076946049928665161e-01,-8.664544671773910522e-03,-9.267558157444000244e-02,9.676702320575714111e-02
-6.564367562532424927e-02,1.437177956104278564e-01,-2.366761118173599243e-01,1.920355707406997681e-01,7.501728832721710205e-02,-2.081362307071685791e-01,-1.707503646612167358e-01,4.188150539994239807e-02,1.315313875675201416e-01,1.757306903600692749e-01,1.315313875675201416e-01,4.188150539994239807e-02,-1.707503646612167358e-01,-2.081362307071685791e-01,7.501728832721710205e-02,1.920355707406997681e-01,-2.366761118173599243e-01,1.437177956104278564e-01,-6.564367562532424927e-02
-1.102699279785156250e+00
1.920916698873043060e-02,1.592737995088100433e-02,-1.274111270904541016e-01,2.654161453247070312e-01,-2.232461571693420410e-01,-1.012265980243682861e-01,1.234004348516464233e-01,2.723133265972137451e-01,1.665527373552322388e-01,1.917524486780166626e-01,1.665527373552322388e-01,2.723133265972137451e-01,1.234004348516464233e-01,-1.012265980243682861e-01,-2.232461571693420410e-01,2.654161453247070312e-01,-1.274111270904541016e-01,1.592737995088100433e-02,1.920916698873043060e-02
-9.206653386354446411e-02,1.425557285547256470e-01,-1.689742654561996460e-01,5.738356709480285645e-02,1.919374614953994751e-01,-2.318131327629089355e-01,-1.591523885726928711e-01,-1.035992801189422607e-02,1.655786931514739990e-01,1.488582044839859009e-01,1.655786931514739990e-01,-1.035992801189422607e-02,-1.591523885726928711e-01,-2.318131327629089355e-01,1.919374614953994751e-01,5.738356709480285645e-02,-1.689742654561996460e-01,1.425557285547256470e-01,-9.206653386354446411e-02
-1.219347834587097168e+00
-3.439050912857055664e-02,7.820884883403778076e-02,-1.728259772062301636e-01,2.431868910789489746e-01,-1.300114393234252930e-01,-1.808786094188690186e-01,1.382316052913665771e-01,2.532717287540435791e-01,2.032922804355621338e-01,1.700785011053085327e-01,2.032922804355621338e-01,2.532717287540435791e-01,1.382316052913665771e-01,-1.808786094188690186e-01,-1.300114393234252930e-01,2.431868910789489746e-01,-1.728259772062301636e-01,7.820884883403778076e-02,-3.439050912857055664e-02
-6.771557778120040894e-02,8.987862616777420044e-02,-6.589745730161666870e-02,-7.175578176975250244e-02,2.684508562088012695e-01,-2.266536206007003784e-01,-1.640782058238983154e-01,-4.123309627175331116e-02,1.815300583839416504e-01,1.386829316616058350e-01,1.815300583839416504e-01,-4.123309627175331116e-02,-1.640782058238983154e-01,-2.266536206007003784e-01,2.684508562088012695e-01,-7.175578176975250244e-02,-6.589745730161666870e-02,8.987862616777420044e-02,-6.771557778120040894e-02
-1.339831829071044922e+00
-5.767238885164260864e-02,9.526977688074111938e-02,-1.567840725183486938e-01,1.686487942934036255e-01,-1.999144814908504486e-02,-2.572934329509735107e-01,1.522246301174163818e-01,2.310385555028915405e-01,2.412273883819580078e-01,1.469960957765579224e-01,2.412273883819580078e-01,2.310385555028915405e-01,1.522246301174163818e-01,-2.572934329509735107e-01,-1.999144814908504486e-02,1.686487942934036255e-01,-1.567840725183486938e-01,9.526977688074111938e-02,-5.767238885164260864e-02
-2.713684178888797760e-02,2.620322629809379578e-02,2.170243673026561737e-02,-1.568030267953872681e-01,2.928556203842163086e-01,-1.784591674804687500e-01,-1.956226825714111328e-01,-4.805516451597213745e-02,1.746974587440490723e-01,1.540084034204483032e-01,1.746974587440490723e-01,-4.805516451597213745e-02,-1.956226825714111328e-01,-1.784591674804687500e-01,2.928556203842163086e-01,-1.568030267953872681e-01,2.170243673026561737e-02,2.620322629809379578e-02,-2.713684178888797760e-02
-1.464033246040344238e+00
-5.325646698474884033e-02,7.730238139629364014e-02,-1.116093173623085022e-01,8.189261704683303833e-02,8.231841772794723511e-02,-3.084792196750640869e-01,1.471278220415115356e-01,2.209434509277343750e-01,2.654283046722412109e-01,1.366466283798217773e-01,2.654283046722412109e-01,2.209434509277343750e-01,1.471278220415115356e-01,-3.084792196750640869e-01,8.231841772794723511e-02,8.189261704683303833e-02,-1.116093173623085022e-01,7.730238139629364014e-02,-5.325646698474884033e-02
6.883045192807912827e-03,-2.267091162502765656e-02,7.725104689598083496e-02,-1.915903389453887939e-01,2.664017081260681152e-01,-1.024556085467338562e-01,-2.425218522548675537e-01,-3.728471696376800537e-02,1.517094075679779053e-01,1.835506260395050049e-01,1.517094075679779053e-01,-3.728471696376800537e-02,-2.425218522548675537e-01,-1.024556085467338562e-01,2.664017081260681152e-01,-1.915903389453887939e-01,7.725104689598083496e-02,-2.267091162502765656e-02,6.883045192807912827e-03
-1.591844081878662109e+00
-3.909686952829360962e-02,4.398245736956596375e-02,-5.783977732062339783e-02,5.998749751597642899e-03,1.580998003482818604e-01,-3.271096348762512207e-01,1.184408962726593018e-01,2.273135036230087280e-01,2.721594572067260742e-01,1.427997797727584839e-01,2.721594572067260742e-01,2.273135036230087280e-01,1.184408962726593018e-01,-3.271096348762512207e-01,1.580998003482818604e-01,5.998749751597642899e-03,-5.783977732062339783e-02,4.398245736956596375e-02,-3.909686952829360962e-02
2.825699001550674438e-02,-4.961388930678367615e-02,9.925464540719985962e-02,-1.876596212387084961e-01,2.089870572090148926e-01,-1.487988047301769257e-02,-2.911338508129119873e-01,-2.312599122524261475e-02,1.246681958436965942e-01,2.157566696405410767e-01,1.246681958436965942e-01,-2.312599122524261475e-02,-2.911338508129119873e-01,-1.487988047301769257e-02,2.089870572090148926e-01,-1.876596212387084961e-01,9.925464540719985962e-02,-4.961388930678367615e-02,2.825699001550674438e-02
-1.723165392875671387e+00
-1.567256078124046326e-02,1.545360684394836426e-02,-1.111965719610452652e-02,-5.525305867195129395e-02,1.997036188840866089e-01,-3.145197331905364990e-01,7.248802483081817627e-02,2.482294887304306030e-01,2.656759619712829590e-01,1.628294438123703003e-01,2.656759619712829590e-01,2.482294887304306030e-01,7.248802483081817627e-02,-3.145197331905364990e-01,1.997036188840866089e-01,-5.525305867195129395e-02,-1.111965719610452652e-02,1.545360684394836426e-02,-1.567256078124046326e-02
3.142496943473815918e-02,-5.690906196832656860e-02,9.860302507877349854e-02,-1.580447703599929810e-01,1.387412399053573608e-01,6.994798779487609863e-02,-3.295740485191345215e-01,-1.527279242873191833e-02,1.036864668130874634e-01,2.425286173820495605e-01,1.036864668130874634e-01,-1.527279242873191833e-02,-3.295740485191345215e-01,6.994798779487609863e-02,1.387412399053573608e-01,-1.580447703599929810e-01,9.860302507877349854e-02,-5.690906196832656860e-02,3.142496943473815918e-02
-1.857905864715576172e+00
7.037842646241188049e-03,-5.654761567711830139e-03,2.349152229726314545e-02,-9.423551708459854126e-02,2.120430767536163330e-01,-2.792063057422637939e-01,1.464916486293077469e-02,2.766795158386230469e-01,2.516759932041168213e-01,1.901294291019439697e-01,2.516759932041168213e-01,2.766795158386230469e-01,1.464916486293077469e-02,-2.792063057422637939e-01,2.120430767536163330e-01,-9.423551708459854126e-02,2.349152229726314545e-02,-5.654761567711830139e-03,7.037842646241188049e-03
2.175096794962882996e-02,-4.843763634562492371e-02,8.567129075527191162e-02,-1.185148432850837708e-01,6.567081063985824585e-02,1.410564631223678589e-01,-3.502916097640991211e-01,-1.738977804780006409e-02,9.294579178094863892e-02,2.586945295333862305e-01,9.294579178094863892e-02,-1.738977804780006409e-02,-3.502916097640991211e-01,1.410564631223678589e-01,6.567081063985824585e-02,-1.185148432850837708e-01,8.567129075527191162e-02,-4.843763634562492371e-02,2.175096794962882996e-02
-1.995981097221374512e+00
1.873153448104858398e-02,-2.138356491923332214e-02,4.677082225680351257e-02,-1.114317476749420166e-01,2.042516320943832397e-01,-2.305362373590469360e-01,-4.804008454084396362e-02,3.045822978019714355e-01,2.354215383529663086e-01,2.187804728746414185e-01,2.354215383529663086e-01,3.045822978019714355e-01,-4.804008454084396362e-02,-2.305362373590469360e-01,2.042516320943832397e-01,-1.114317476749420166e-01,4.677082225680351257e-02,-2.138356491923332214e-02,1.873153448104858398e-02
1.025262009352445602e-02,-3.829346969723701477e-02,6.172061711549758911e-02,-7.436313480138778687e-02,6.012128666043281555e-03,1.954064667224884033e-01,-3.546975255012512207e-01,-3.254283592104911804e-02,9.387353807687759399e-02,2.647694349288940430e-01,9.387353807687759399e-02,-3.254283592104911804e-02,-3.546975255012512207e-01,1.954064667224884033e-01,6.012128666043281555e-03,-7.436313480138778687e-02,6.172061711549758911e-02,-3.829346969723701477e-02,1.025262009352445602e-02
-2.137312412261962891e+00
3.344433382153511047e-02,-2.472577057778835297e-02,5.614228919148445129e-02,-1.171945109963417053e-01,1.825155317783355713e-01,-1.724415421485900879e-01,-1.066692769527435303e-01,3.290202021598815918e-01,2.217202335596084595e-01,2.442334592342376709e-01,2.217202335596084595e-01,3.290202021598815918e-01,-1.066692769527435303e-01,-1.724415421485900879e-01,1.825155317783355713e-01,-1.171945109963417053e-01,5.614228919148445129e-02,-2.472577057778835297e-02,3.344433382153511047e-02
-7.126927375793457031e-03,-1.831132546067237854e-02,4.285214841365814209e-02,-3.648117557168006897e-02,-4.727977514266967773e-02,2.297020703554153442e-01,-3.412769138813018799e-01,-5.718206614255905151e-02,1.032095253467559814e-01,2.608589828014373779e-01,1.032095253467559814e-01,-5.718206614255905151e-02,-3.412769138813018799e-01,2.297020703554153442e-01,-4.727977514266967773e-02,-3.648117557168006897e-02,4.285214841365814209e-02,-1.831132546067237854e-02,-7.126927375793457031e-03
-2.281826257705688477e+00
3.429149463772773743e-02,-2.738614939153194427e-02,5.919418856501579285e-02,-1.083261966705322266e-01,1.529346853494644165e-01,-1.164537221193313599e-01,-1.607432216405868530e-01,3.464067876338958740e-01,2.135087847709655762e-01,2.629429101943969727e-01,2.135087847709655762e-01,3.464067876338958740e-01,-1.607432216405868530e-01,-1.164537221193313599e-01,1.529346853494644165e-01,-1.083261966705322266e-01,5.919418856501579285e-02,-2.738614939153194427e-02,3.429149463772773743e-02
-2.065511979162693024e-02,-4.638887941837310791e-03,2.088897861540317535e-02,-3.782198298722505569e-03,-8.302363753318786621e-02,2.474174648523330688e-01,-3.178388476371765137e-01,-9.195287525653839111e-02,1.186959296464920044e-01,2.511735260486602783e-01,1.186959296464920044e-01,-9.195287525653839111e-02,-3.178388476371765137e-01,2.474174648523330688e-01,-8.302363753318786621e-02,-3.782198298722505569e-03,2.088897861540317535e-02,-4.638887941837310791e-03,-2.065511979162693024e-02
-2.429454565048217773e+00
3.328274190425872803e-02,-2.202651463449001312e-02,5.603409931063652039e-02,-9.656230360269546509e-02,1.183326020836830139e-01,-6.254135817289352417e-02,-2.046141922473907471e-01,3.553025126457214355e-01,2.114034593105316162e-01,2.758200764656066895e-01,2.114034593105316162e-01,3.553025126457214355e-01,-2.046141922473907471e-01,-6.254135817289352417e-02,1.183326020836830139e-01,-9.656230360269546509e-02,5.603409931063652039e-02,-2.202651463449001312e-02,3.328274190425872803e-02
-3.457261994481086731e-02,7.671392522752285004e-03,4.426235333085060120e-03,2.171287871897220612e-02,-1.077559292316436768e-01,2.501629292964935303e-01,-2.849032878875732422e-01,-1.305904686450958252e-01,1.374852955341339111e-01,2.374832481145858765e-01,1.374852955341339111e-01,-1.305904686450958252e-01,-2.849032878875732422e-01,2.501629292964935303e-01,-1.077559292316436768e-01,2.171287871897220612e-02,4.426235333085060120e-03,7.671392522752285004e-03,-3.457261994481086731e-02
-2.580132961273193359e+00
-2.437924593687057495e-01,1.263290345668792725e-01,1.089474856853485107e-01,-1.465856283903121948e-01,-1.730396449565887451e-01,7.921089977025985718e-02,1.810579597949981689e-01,2.190539389848709106e-01,1.481968909502029419e-01,1.612278968095779419e-01,1.481968909502029419e-01,2.190539389848709106e-01,1.810579597949981689e-01,7.921089977025985718e-02,-1.730396449565887451e-01,-1.465856283903121948e-01,1.089474856853485107e-01,1.263290345668792725e-01,-2.437924593687057495e-01
4.072622209787368774e-02,-1.965445280075073242e-01,1.950026750564575195e-01,9.219804406166076660e-02,-1.285760849714279175e-01,-2.219571024179458618e-01,-5.147910118103027344e-02,3.289322182536125183e-02,1.354687660932540894e-01,1.161963269114494324e-01,1.354687660932540894e-01,3.289322182536125183e-02,-5.147910118103027344e-02,-2.219571024179458618e-01,-1.285760849714279175e-01,9.219804406166076660e-02,1.950026750564575195e-01,-1.965445280075073242e-01,4.072622209787368774e-02
-3.271071612834930420e-01
1.565927118062973022e-01,-2.781394682824611664e-02,-1.713444739580154419e-01,-1.270138323307037354e-01,8.800193667411804199e-02,1.456300467252731323e-01,1.706698983907699585e-01,1.334110200405120850e-01,1.530239880084991455e-01,1.178567335009574890e-01,1.530239880084991455e-01,1.334110200405120850e-01,1.706698983907699585e-01,1.456300467252731323e-01,8.800193667411804199e-02,-1.270138323307037354e-01,-1.713444739580154419e-01,-2.781394682824611664e-02,1.565927118062973022e-01
3.069678880274295807e-02,1.580226421356201172e-01,2.461147122085094452e-02,-7.173467427492141724e-02,-1.697419285774230957e-01,-1.217809841036796570e-01,-1.149515900760889053e-02,1.164904907345771790e-01,1.016775146126747131e-01,1.001946926116943359e-01,1.016775146126747131e-01,1.164904907345771790e-01,-1.149515900760889053e-02,-1.217809841036796570e-01,-1.697419285774230957e-01,-7.173467427492141724e-02,2.461147122085094452e-02,1.580226421356201172e-01,3.069678880274295807e-02
-4.067060351371765137e-01
8.397763967514038086e-02,1.496502310037612915e-01,-9.128127992153167725e-02,-1.644404381513595581e-01,-4.865539073944091797e-02,1.309670060873031616e-01,1.862955242395401001e-01,1.783760190010070801e-01,1.251010596752166748e-01,1.184308975934982300e-01,1.251010596752166748e-01,1.783760190010070801e-01,1.862955242395401001e-01,1.309670060873031616e-01,-4.865539073944091797e-02,-1.644404381513595581e-01,-9.128127992153167725e-02,1.496502310037612915e-01,8.397763967514038086e-02
-6.710052490234375000e-02,1.225848421454429626e-01,1.225823014974594116e-01,-1.300421953201293945e-01,-1.378181874752044678e-01,-1.040395423769950867e-01,-6.836289539933204651e-03,2.538085728883743286e-02,1.601432561874389648e-01,1.562922149896621704e-01,1.601432561874389648e-01,2.538085728883743286e-02,-6.836289539933204651e-03,-1.040395423769950867e-01,-1.378181874752044678e-01,-1.300421953201293945e-01,1.225823014974594116e-01,1.225848421454429626e-01,-6.710052490234375000e-02
-4.918165504932403564e-01
-3.156604990363121033e-02,1.876098811626434326e-01,-3.622598946094512939e-03,-2.063717246055603027e-01,-5.651741474866867065e-02,1.050987541675567627e-01,2.015155255794525146e-01,1.599206030368804932e-01,1.442686021327972412e-01,1.055344939231872559e-01,1.442686021327972412e-01,1.599206030368804932e-01,2.015155255794525146e-01,1.050987541675567627e-01,-5.651741474866867065e-02,-2.063717246055603027e-01,-3.622598946094512939e-03,1.876098811626434326e-01,-3.156604990363121033e-02
-1.855105757713317871e-01,3.184300661087036133e-02,1.475917249917984009e-01,2.846121042966842651e-02,-1.829335689544677734e-01,-1.251672208309173584e-01,-5.457444489002227783e-02,7.743997871875762939e-02,9.754787385463714600e-02,1.538826078176498413e-01,9.754787385463714600e-02,7.743997871875762939e-02,-5.457444489002227783e-02,-1.251672208309173584e-01,-1.829335689544677734e-01,2.846121042966842651e-02,1.475917249917984009e-01,3.184300661087036133e-02,-1.855105757713317871e-01
-5.821056365966796875e-01
-2.170809358358383179e-01,1.926742643117904663e-01,5.641492456197738647e-02,-1.509273201227188110e-01,-1.558128446340560913e-01,1.074066609144210815e-01,1.679046601057052612e-01,2.131324112415313721e-01,1.256771385669708252e-01,1.582739800214767456e-01,1.256771385669708252e-01,2.131324112415313721e-01,1.679046601057052612e-01,1.074066609144210815e-01,-1.558128446340560913e-01,-1.509273201227188110e-01,5.641492456197738647e-02,1.926742643117904663e-01,-2.170809358358383179e-01
-5.130694806575775146e-02,-1.534239649772644043e-01,1.810887902975082397e-01,9.115363657474517822e-02,-1.458940804004669189e-01,-1.917215287685394287e-01,-5.593620240688323975e-02,5.826877057552337646e-02,1.226819306612014771e-01,1.306982785463333130e-01,1.226819306612014771e-01,5.826877057552337646e-02,-5.593620240688323975e-02,-1.917215287685394287e-01,-1.458940804004669189e-01,9.115363657474517822e-02,1.810887902975082397e-01,-1.534239649772644043e-01,-5.130694806575775146e-02
-6.772937774658203125e-01
-1.267656683921813965e-01,-1.735047250986099243e-02,1.913700997829437256e-01,-1.530110836029052734e-01,-1.542223989963531494e-01,3.872623294591903687e-02,2.034027874469757080e-01,1.792902499437332153e-01,1.626410633325576782e-01,1.243303418159484863e-01,1.626410633325576782e-01,1.792902499437332153e-01,2.034027874469757080e-01,3.872623294591903687e-02,-1.542223989963531494e-01,-1.530110836029052734e-01,1.913700997829437256e-01,-1.735047250986099243e-02,-1.267656683921813965e-01
1.940345615148544312e-01,-2.477163672447204590e-01,1.309494525194168091e-01,1.370188295841217041e-01,-8.684736490249633789e-02,-2.392817586660385132e-01,-5.500745773315429688e-02,4.071265086531639099e-02,1.433270722627639771e-01,1.097632050514221191e-01,1.433270722627639771e-01,4.071265086531639099e-02,-5.500745773315429688e-02,-2.392817586660385132e-01,-8.684736490249633789e-02,1.370188295841217041e-01,1.309494525194168091e-01,-2.477163672447204590e-01,1.940345615148544312e-01
-7.771421670913696289e-01
5.237535387277603149e-02,-1.948366910219192505e-01,2.566576302051544189e-01,-8.310367912054061890e-02,-1.788682043552398682e-01,-2.993096783757209778e-02,2.202505618333816528e-01,1.884012371301651001e-01,2.000452876091003418e-01,1.245902627706527710e-01,2.000452876091003418e-01,1.884012371301651001e-01,2.202505618333816528e-01,-2.993096783757209778e-02,-1.788682043552398682e-01,-8.310367912054061890e-02,2.566576302051544189e-01,-1.948366910219192505e-01,5.237535387277603149e-02
1.739755719900131226e-01,-1.299605071544647217e-01,-5.272953212261199951e-02,2.334871292114257812e-01,-7.599413394927978516e-02,-2.063219696283340454e-01,-1.228524446487426758e-01,6.200609728693962097e-02,1.075142472982406616e-01,1.542393714189529419e-01,1.075142472982406616e-01,6.200609728693962097e-02,-1.228524446487426758e-01,-2.063219696283340454e-01,-7.599413394927978516e-02,2.334871292114257812e-01,-5.272953212261199951e-02,-1.299605071544647217e-01,1.739755719900131226e-01
-8.814436793327331543e-01
1.322221308946609497e-01,-2.021057903766632080e-01,1.522087007761001587e-01,7.335883378982543945e-02,-2.302074283361434937e-01,-3.741496056318283081e-02,1.716585159301757812e-01,2.316656112670898438e-01,1.787141859531402588e-01,1.660826802253723145e-01,1.787141859531402588e-01,2.316656112670898438e-01,1.716585159301757812e-01,-3.741496056318283081e-02,-2.302074283361434937e-01,7.335883378982543945e-02,1.522087007761001587e-01,-2.021057903766632080e-01,1.322221308946609497e-01
3.640929237008094788e-02,4.607935994863510132e-02,-2.080967277288436890e-01,2.675838768482208252e-01,-3.020707331597805023e-02,-1.877277642488479614e-01,-1.682940870523452759e-01,8.030906319618225098e-02,1.047953590750694275e-01,1.891978979110717773e-01,1.047953590750694275e-01,8.030906319618225098e-02,-1.682940870523452759e-01,-1.877277642488479614e-01,-3.020707331597805023e-02,2.675838768482208252e-01,-2.080967277288436890e-01,4.607935994863510132e-02,3.640929237008094788e-02
-9.900165200233459473e-01
1.034164652228355408e-01,-9.338615089654922485e-02,-1.273650676012039185e-02,2.064031660556793213e-01,-2.608103454113006592e-01,-4.905087500810623169e-02,1.308501958847045898e-01,2.690556347370147705e-01,1.553130149841308594e-01,1.943024247884750366e-01,1.553130149841308594e-01,2.690556347370147705e-01,1.308501958847045898e-01,-4.905087500810623169e-02,-2.608103454113006592e-01,2.064031660556793213e-01,-1.273650676012039185e-02,-9.338615089654922485e-02,1.034164652228355408e-01
-6.396269053220748901e-02,1.525097489356994629e-01,-2.329509705305099487e-01,1.874308586120605469e-01,6.924491375684738159e-02,-2.075002789497375488e-01,-1.662667095661163330e-01,4.580505564808845520e-02,1.306003034114837646e-01,1.740452200174331665e-01,1.306003034114837646e-01,4.580505564808845520e-02,-1.662667095661163330e-01,-2.075002789497375488e-01,6.924491375684738159e-02,1.874308586120605469e-01,-2.329509705305099487e-01,1.525097489356994629e-01,-6.396269053220748901e-02
-1.102699279785156250e+00
2.156484499573707581e-02,1.547734253108501434e-02,-1.274458914995193481e-01,2.664660513401031494e-01,-2.228082567453384399e-01,-1.017039120197296143e-01,1.227041482925415039e-01,2.723898589611053467e-01,1.672067940235137939e-01,1.924409568309783936e-01,1.672067940235137939e-01,2.723898589611053467e-01,1.227041482925415039e-01,-1.017039120197296143e-01,-2.228082567453384399e-01,2.664660513401031494e-01,-1.274458914995193481e-01,1.547734253108501434e-02,2.156484499573707581e-02
-9.047717601060867310e-02,1.464178115129470825e-01,-1.658069342374801636e-01,5.766998231410980225e-02,1.908116936683654785e-01,-2.320879548788070679e-01,-1.583177596330642700e-01,-9.887744672596454620e-03,1.644913405179977417e-01,1.477293074131011963e-01,1.644913405179977417e-01,-9.887744672596454620e-03,-1.583177596330642700e-01,-2.320879548788070679e-01,1.908116936683654785e-01,5.766998231410980225e-02,-1.658069342374801636e-01,1.464178115129470825e-01,-9.047717601060867310e-02
-1.219347834587097168e+00
-3.569278120994567871e-02,7.787959277629852295e-02,-1.721538603305816650e-01,2.432236522436141968e-01,-1.306076496839523315e-01,-1.813021451234817505e-01,1.376848965883255005e-01,2.529601156711578369e-01,2.033753842115402222e-01,1.703869700431823730e-01,2.033753842115402222e-01,2.529601156711578369e-01,1.376848965883255005e-01,-1.813021451234817505e-01,-1.306076496839523315e-01,2.432236522436141968e-01,-1.721538603305816650e-01,7.787959277629852295e-02,-3.569278120994567871e-02
-6.533799320459365845e-02,9.202938526868820190e-02,-6.402892619371414185e-02,-7.085950672626495361e-02,2.692044377326965332e-01,-2.260525822639465332e-01,-1.635496616363525391e-01,-4.078613966703414917e-02,1.817683726549148560e-01,1.387580186128616333e-01,1.817683726549148560e-01,-4.078613966703414917e-02,-1.635496616363525391e-01,-2.260525822639465332e-01,2.692044377326965332e-01,-7.085950672626495361e-02,-6.402892619371414185e-02,9.202938526868820190e-02,-6.533799320459365845e-02
-1.339831829071044922e+00
-5.880345031619071960e-02,9.444987773895263672e-02,-1.558511406183242798e-01,1.698856353759765625e-01,-2.033275179564952850e-02,-2.581040263175964355e-01,1.525620222091674805e-01,2.320366948843002319e-01,2.418201863765716553e-01,1.471739411354064941e-01,2.418201863765716553e-01,2.320366948843002319e-01,1.525620222091674805e-01,-2.581040263175964355e-01,-2.033275179564952850e-02,1.698856353759765625e-01,-1.558511406183242798e-01,9.444987773895263672e-02,-5.880345031619071960e-02
-2.696555107831954956e-02,2.731660753488540649e-02,2.436537854373455048e-02,-1.550470441579818726e-01,2.926449477672576904e-01,-1.792538315057754517e-01,-1.948680281639099121e-01,-4.680301994085311890e-02,1.740674972534179688e-01,1.529353559017181396e-01,1.740674972534179688e-01,-4.680301994085311890e-02,-1.948680281639099121e-01,-1.792538315057754517e-01,2.926449477672576904e-01,-1.550470441579818726e-01,2.436537854373455048e-02,2.731660753488540649e-02,-2.696555107831954956e-02
-1.464033246040344238e+00
-5.176508054137229919e-02,7.918643206357955933e-02,-1.114708855748176575e-01,8.023369312286376953e-02,8.029388636350631714e-02,-3.092419207096099854e-01,1.477774977684020996e-01,2.218591570854187012e-01,2.659020423889160156e-01,1.367608606815338135e-01,2.659020423889160156e-01,2.218591570854187012e-01,1.477774977684020996e-01,-3.092419207096099854e-01,8.029388636350631714e-02,8.023369312286376953e-02,-1.114708855748176575e-01,7.918643206357955933e-02,-5.176508054137229919e-02
5.933027714490890503e-03,-1.940502226352691650e-02,8.131050318479537964e-02,-1.904487609863281250e-01,2.656736671924591064e-01,-1.025217473506927490e-01,-2.411982119083404541e-01,-3.571749851107597351e-02,1.521754264831542969e-01,1.834613382816314697e-01,1.521754264831542969e-01,-3.571749851107597351e-02,-2.411982119083404541e-01,-1.025217473506927490e-01,2.656736671924591064e-01,-1.904487609863281250e-01,8.131050318479537964e-02,-1.940502226352691650e-02,5.933027714490890503e-03
-1.591844081878662109e+00
-3.311494365334510803e-02,4.869079589843750000e-02,-5.929313600063323975e-02,6.030151271261274815e-04,1.546954661607742310e-01,-3.267008364200592041e-01,1.212520450353622437e-01,2.292217314243316650e-01,2.729038596153259277e-01,1.429909169673919678e-01,2.729038596153259277e-01,2.292217314243316650e-01,1.212520450353622437e-01,-3.267008364200592041e-01,1.546954661607742310e-01,6.030151271261274815e-04,-5.929313600063323975e-02,4.869079589843750000e-02,-3.311494365334510803e-02
2.562341094017028809e-02,-4.402470216155052185e-02,1.047275289893150330e-01,-1.871891170740127563e-01,2.077272236347198486e-01,-1.416965294629335403e-02,-2.897526025772094727e-01,-2.258722856640815735e-02,1.245144605636596680e-01,2.155868858098983765e-01,1.245144605636596680e-01,-2.258722856640815735e-02,-2.897526025772094727e-01,-1.416965294629335403e-02,2.077272236347198486e-01,-1.871891170740127563e-01,1.047275289893150330e-01,-4.402470216155052185e-02,2.562341094017028809e-02
-1.723165392875671387e+00
-2.108297497034072876e-02,1.109222695231437683e-02,-9.346578270196914673e-03,-5.008346587419509888e-02,2.009045630693435669e-01,-3.170826435089111328e-01,6.966665387153625488e-02,2.476121038198471069e-01,2.655636668205261230e-01,1.626385450363159180e-01,2.655636668205261230e-01,2.476121038198471069e-01,6.966665387153625488e-02,-3.170826435089111328e-01,2.009045630693435669e-01,-5.008346587419509888e-02,-9.346578270196914673e-03,1.109222695231437683e-02,-2.108297497034072876e-02
3.431796282529830933e-02,-5.565033853054046631e-02,9.934378415346145630e-02,-1.570495665073394775e-01,1.393194645643234253e-01,6.965075433254241943e-02,-3.294832706451416016e-01,-1.494956482201814651e-02,1.038787141442298889e-01,2.424964904785156250e-01,1.038787141442298889e-01,-1.494956482201814651e-02,-3.294832706451416016e-01,6.965075433254241943e-02,1.393194645643234253e-01,-1.570495665073394775e-01,9.934378415346145630e-02,-5.565033853054046631e-02,3.431796282529830933e-02
-1.857905864715576172e+00
2.601941581815481186e-03,-8.768467232584953308e-03,2.452634461224079132e-02,-9.238939732313156128e-02,2.117667645215988159e-01,-2.804261147975921631e-01,1.378405280411243439e-02,2.768011689186096191e-01,2.519898116588592529e-01,1.904126405715942383e-01,2.519898116588592529e-01,2.768011689186096191e-01,1.378405280411243439e-02,-2.804261147975921631e-01,2.117667645215988159e-01,-9.238939732313156128e-02,2.452634461224079132e-02,-8.768467232584953308e-03,2.601941581815481186e-03
2.617834322154521942e-02,-4.912485182285308838e-02,8.458099514245986938e-02,-1.165942922234535217e-01,6.880847364664077759e-02,1.418979018926620483e-01,-3.513496816158294678e-01,-1.840886846184730530e-02,9.344376623630523682e-02,2.594388425350189209e-01,9.344376623630523682e-02,-1.840886846184730530e-02,-3.513496816158294678e-01,1.418979018926620483e-01,6.880847364664077759e-02,-1.165942922234535217e-01,8.458099514245986938e-02,-4.912485182285308838e-02,2.617834322154521942e-02
-1.995981097221374512e+00
2.607658132910728455e-02,-1.691058278083801270e-02,4.461346566677093506e-02,-1.153596118092536926e-01,2.039469182491302490e-01,-2.277503311634063721e-01,-4.585745930671691895e-02,3.048149049282073975e-01,2.354626208543777466e-01,2.190252989530563354e-01,2.354626208543777466e-01,3.048149049282073975e-01,-4.585745930671691895e-02,-2.277503311634063721e-01,2.039469182491302490e-01,-1.153596118092536926e-01,4.461346566677093506e-02,-1.691058278083801270e-02,2.607658132910728455e-02
8.687969297170639038e-03,-3.104037605226039886e-02,6.789115816354751587e-02,-7.511771470308303833e-02,2.525520278140902519e-03,1.947516947984695435e-01,-3.538270890712738037e-01,-3.233783692121505737e-02,9.423799067735671997e-02,2.653930187225341797e-01,9.423799067735671997e-02,-3.233783692121505737e-02,-3.538270890712738037e-01,1.947516947984695435e-01,2.525520278140902519e-03,-7.511771470308303833e-02,6.789115816354751587e-02,-3.104037605226039886e-02,8.687969297170639038e-03
-2.137312412261962891e+00
3.696617856621742249e-02,-2.148184180259704590e-02,5.629421025514602661e-02,-1.190747916698455811e-01,1.819199621677398682e-01,-1.712740361690521240e-01,-1.067091450095176697e-01,3.273838758468627930e-01,2.203499972820281982e-01,2.434592545032501221e-01,2.203499972820281982e-01,3.273838758468627930e-01,-1.067091450095176697e-01,-1.712740361690521240e-01,1.819199621677398682e-01,-1.190747916698455811e-01,5.629421025514602661e-02,-2.148184180259704590e-02,3.696617856621742249e-02
-7.257935591042041779e-03,-1.558960229158401489e-02,4.703484103083610535e-02,-3.373996913433074951e-02,-4.745001718401908875e-02,2.267515808343887329e-01,-3.447512388229370117e-01,-5.971868336200714111e-02,1.029958277940750122e-01,2.616969347000122070e-01,1.029958277940750122e-01,-5.971868336200714111e-02,-3.447512388229370117e-01,2.267515808343887329e-01,-4.745001718401908875e-02,-3.373996913433074951e-02,4.703484103083610535e-02,-1.558960229158401489e-02,-7.257935591042041779e-03
-2.281826257705688477e+00
3.665924817323684692e-02,-2.695418335497379303e-02,5.749900639057159424e-02,-1.100553870201110840e-01,1.528695970773696899e-01,-1.149419620633125305e-01,-1.598151624202728271e-01,3.462978601455688477e-01,2.135280817747116089e-01,2.632693052291870117e-01,2.135280817747116089e-01,3.462978601455688477e-01,-1.598151624202728271e-01,-1.149419620633125305e-01,1.528695970773696899e-01,-1.100553870201110840e-01,5.749900639057159424e-02,-2.695418335497379303e-02,3.665924817323684692e-02
-1.763937622308731079e-02,-2.016965998336672783e-03,2.103537321090698242e-02,-4.675875883549451828e-03,-8.314962685108184814e-02,2.480770945549011230e-01,-3.180773854255676270e-01,-9.271393716335296631e-02,1.191221773624420166e-01,2.520923912525177002e-01,1.191221773624420166e-01,-9.271393716335296631e-02,-3.180773854255676270e-01,2.480770945549011230e-01,-8.314962685108184814e-02,-4.675875883549451828e-03,2.103537321090698242e-02,-2.016965998336672783e-03,-1.763937622308731079e-02
-2.429454565048217773e+00
3.472084552049636841e-02,-2.204556576907634735e-02,5.508724972605705261e-02,-9.770775586366653442e-02,1.175226792693138123e-01,-6.250769644975662231e-02,-2.047267556190490723e-01,3.549035787582397461e-01,2.111364752054214478e-01,2.757906317710876465e-01,2.111364752054214478e-01,3.549035787582397461e-01,-2.047267556190490723e-01,-6.250769644975662231e-02,1.175226792693138123e-01,-9.770775586366653442e-02,5.508724972605705261e-02,-2.204556576907634735e-02,3.472084552049636841e-02
-3.127125278115272522e-02,8.145323023200035095e-03,2.864776179194450378e-03,2.107798680663108826e-02,-1.067229434847831726e-01,2.509769201278686523e-01,-2.859028875827789307e-01,-1.320162117481231689e-01,1.376884132623672485e-01,2.384417057037353516e-01,1.376884132623672485e-01,-1.320162117481231689e-01,-2.859028875827789307e-01,2.509769201278686523e-01,-1.067229434847831726e-01,2.107798680663108826e-02,2.864776179194450378e-03,8.145323023200035095e-03,-3.127125278115272522e-02
-2.580132961273193359e+00
-2.130726724863052368e-01,1.376009434461593628e-01,1.065540313720703125e-01,-1.482478976249694824e-01,-1.655828058719635010e-01,8.788129687309265137e-02,1.801384836435317993e-01,2.106842398643493652e-01,1.319675445556640625e-01,1.468539834022521973e-01,1.319675445556640625e-01,2.106842398643493652e-01,1.801384836435317993e-01,8.788129687309265137e-02,-1.655828058719635010e-01,-1.482478976249694824e-01,1.065540313720703125e-01,1.376009434461593628e-01,-2.130726724863052368e-01
5.796434357762336731e-02,-2.103112190961837769e-01,1.814119815826416016e-01,9.414473921060562134e-02,-1.206856593489646912e-01,-2.178013473749160767e-01,-4.248410090804100037e-02,4.903283715248107910e-02,1.399244070053100586e-01,1.156068742275238037e-01,1.399244070053100586e-01,4.903283715248107910e-02,-4.248410090804100037e-02,-2.178013473749160767e-01,-1.206856593489646912e-01,9.414473921060562134e-02,1.814119815826416016e-01,-2.103112190961837769e-01,5.796434357762336731e-02
-3.271071612834930420e-01
1.391787678003311157e-01,-2.365365624427795410e-02,-1.437441408634185791e-01,-1.292658150196075439e-01,4.667044058442115784e-02,1.340705305337905884e-01,2.003458887338638306e-01,1.552658826112747192e-01,1.466372013092041016e-01,1.004001945257186890e-01,1.466372013092041016e-01,1.552658826112747192e-01,2.003458887338638306e-01,1.340705305337905884e-01,4.667044058442115784e-02,-1.292658150196075439e-01,-1.437441408634185791e-01,-2.365365624427795410e-02,1.391787678003311157e-01
4.407786950469017029e-02,1.939886957406997681e-01,2.201920934021472931e-02,-1.190898418426513672e-01,-1.633558720350265503e-01,-6.613506376743316650e-02,-2.662411518394947052e-02,6.273397058248519897e-02,1.007391959428787231e-01,1.459935754537582397e-01,1.007391959428787231e-01,6.273397058248519897e-02,-2.662411518394947052e-02,-6.613506376743316650e-02,-1.633558720350265503e-01,-1.190898418426513672e-01,2.201920934021472931e-02,1.939886957406997681e-01,4.407786950469017029e-02
-4.067060351371765137e-01
1.034899204969406128e-01,1.388167887926101685e-01,-1.159177199006080627e-01,-1.636558175086975098e-01,-2.175509557127952576e-02,1.411710232496261597e-01,1.726018041372299194e-01,1.661693602800369263e-01,1.294770836830139160e-01,1.283951997756958008e-01,1.294770836830139160e-01,1.661693602800369263e-01,1.726018041372299194e-01,1.411710232496261597e-01,-2.175509557127952576e-02,-1.636558175086975098e-01,-1.159177199006080627e-01,1.388167887926101685e-01,1.034899204969406128e-01
-8.224856853485107422e-02,1.073792874813079834e-01,1.401476114988327026e-01,-1.052400246262550354e-01,-1.469933688640594482e-01,-1.265982240438461304e-01,4.331769421696662903e-03,4.428333416581153870e-02,1.547902822494506836e-01,1.381365805864334106e-01,1.547902822494506836e-01,4.428333416581153870e-02,4.331769421696662903e-03,-1.265982240438461304e-01,-1.469933688640594482e-01,-1.052400246262550354e-01,1.401476114988327026e-01,1.073792874813079834e-01,-8.224856853485107422e-02
-4.918165504932403564e-01
-3.023454360663890839e-02,1.866978555917739868e-01,-8.864423260092735291e-03,-2.128141671419143677e-01,-5.930617824196815491e-02,1.084134504199028015e-01,2.042153924703598022e-01,1.605228930711746216e-01,1.440358757972717285e-01,1.054968163371086121e-01,1.440358757972717285e-01,1.605228930711746216e-01,2.042153924703598022e-01,1.084134504199028015e-01,-5.930617824196815491e-02,-2.128141671419143677e-01,-8.864423260092735291e-03,1.866978555917739868e-01,-3.023454360663890839e-02
-1.938423365354537964e-01,2.855912223458290100e-02,1.486690640449523926e-01,3.207997232675552368e-02,-1.810761988162994385e-01,-1.283785402774810791e-01,-5.867338925600051880e-02,7.804509997367858887e-02,1.010833904147148132e-01,1.571281999349594116e-01,1.010833904147148132e-01,7.804509997367858887e-02,-5.867338925600051880e-02,-1.283785402774810791e-01,-1.810761988162994385e-01,3.207997232675552368e-02,1.486690640449523926e-01,2.855912223458290100e-02,-1.938423365354537964e-01
-5.821056365966796875e-01
-2.176562249660491943e-01,1.925716847181320190e-01,5.679135024547576904e-02,-1.522482335567474365e-01,-1.585023552179336548e-01,1.057373881340026855e-01,1.692313998937606812e-01,2.147620916366577148e-01,1.244390457868576050e-01,1.559019833803176880e-01,1.244390457868576050e-01,2.147620916366577148e-01,1.692313998937606812e-01,1.057373881340026855e-01,-1.585023552179336548e-01,-1.522482335567474365e-01,5.679135024547576904e-02,1.925716847181320190e-01,-2.176562249660491943e-01
-4.866147041320800781e-02,-1.508163660764694214e-01,1.813900321722030640e-01,8.856353908777236938e-02,-1.492107659578323364e-01,-1.926044076681137085e-01,-5.417462438344955444e-02,6.001486256718635559e-02,1.212945356965065002e-01,1.287688463926315308e-01,1.212945356965065002e-01,6.001486256718635559e-02,-5.417462438344955444e-02,-1.926044076681137085e-01,-1.492107659578323364e-01,8.856353908777236938e-02,1.813900321722030640e-01,-1.508163660764694214e-01,-4.866147041320800781e-02
-6.772937774658203125e-01
-1.309481859207153320e-01,-1.787719503045082092e-02,1.977985799312591553e-01,-1.489749550819396973e-01,-1.579252630472183228e-01,3.279825299978256226e-02,2.052338272333145142e-01,1.830879002809524536e-01,1.625310927629470825e-01,1.217638775706291199e-01,1.625310927629470825e-01,1.830879002809524536e-01,2.052338272333145142e-01,3.279825299978256226e-02,-1.579252630472183228e-01,-1.489749550819396973e-01,1.977985799312591553e-01,-1.787719503045082092e-02,-1.309481859207153320e-01
1.908358037471771240e-01,-2.470252066850662231e-01,1.318094879388809204e-01,1.354924589395523071e-01,-8.686395734548568726e-02,-2.369325459003448486e-01,-5.418210476636886597e-02,4.024924710392951965e-02,1.453704386949539185e-01,1.124762892723083496e-01,1.453704386949539185e-01,4.024924710392951965e-02,-5.418210476636886597e-02,-2.369325459003448486e-01,-8.686395734548568726e-02,1.354924589395523071e-01,1.318094879388809204e-01,-2.470252066850662231e-01,1.908358037471771240e-01
-7.771421670913696289e-01
5.779672786593437195e-02,-1.904538273811340332e-01,2.558057904243469238e-01,-8.775243908166885376e-02,-1.829876750707626343e-01,-3.150612488389015198e-02,2.219832390546798706e-01,1.907823085784912109e-01,2.010536342859268188e-01,1.246180236339569092e-01,2.010536342859268188e-01,1.907823085784912109e-01,2.219832390546798706e-01,-3.150612488389015198e-02,-1.829876750707626343e-01,-8.775243908166885376e-02,2.558057904243469238e-01,-1.904538273811340332e-01,5.779672786593437195e-02
1.755075156688690186e-01,-1.263277679681777954e-01,-5.072696879506111145e-02,2.318624258041381836e-01,-7.969781011343002319e-02,-2.066916525363922119e-01,-1.201632693409919739e-01,6.458327919244766235e-02,1.062477603554725647e-01,1.525075733661651611e-01,1.062477603554725647e-01,6.458327919244766235e-02,-1.201632693409919739e-01,-2.066916525363922119e-01,-7.969781011343002319e-02,2.318624258041381836e-01,-5.072696879506111145e-02,-1.263277679681777954e-01,1.755075156688690186e-01
-8.814436793327331543e-01
1.341284513473510742e-01,-2.018023282289505005e-01,1.521004438400268555e-01,7.247541099786758423e-02,-2.320582568645477295e-01,-3.873261436820030212e-02,1.725751757621765137e-01,2.324796319007873535e-01,1.773406416177749634e-01,1.640031635761260986e-01,1.773406416177749634e-01,2.324796319007873535e-01,1.725751757621765137e-01,-3.873261436820030212e-02,-2.320582568645477295e-01,7.247541099786758423e-02,1.521004438400268555e-01,-2.018023282289505005e-01,1.341284513473510742e-01
3.818099945783615112e-02,4.786795750260353088e-02,-2.084573656320571899e-01,2.658383846282958984e-01,-3.042246401309967041e-02,-1.872464269399642944e-01,-1.695334464311599731e-01,7.819007337093353271e-02,1.057535335421562195e-01,1.908502578735351562e-01,1.057535335421562195e-01,7.819007337093353271e-02,-1.695334464311599731e-01,-1.872464269399642944e-01,-3.042246401309967041e-02,2.658383846282958984e-01,-2.084573656320571899e-01,4.786795750260353088e-02,3.818099945783615112e-02
-9.900165200233459473e-01
9.707844257354736328e-02,-9.533010423183441162e-02,-8.093812502920627594e-03,2.086743414402008057e-01,-2.642721831798553467e-01,-5.120012536644935608e-02,1.346219927072525024e-01,2.719277739524841309e-01,1.536268442869186401e-01,1.908734738826751709e-01,1.536268442869186401e-01,2.719277739524841309e-01,1.346219927072525024e-01,-5.120012536644935608e-02,-2.642721831798553467e-01,2.086743414402008057e-01,-8.093812502920627594e-03,-9.533010423183441162e-02,9.707844257354736328e-02
-5.923498794436454773e-02,1.483655422925949097e-01,-2.343224287033081055e-01,1.910805553197860718e-01,7.309596240520477295e-02,-2.086242288351058960e-01,-1.711951345205307007e-01,3.832486644387245178e-02,1.272729784250259399e-01,1.727880537509918213e-01,1.272729784250259399e-01,3.832486644387245178e-02,-1.711951345205307007e-01,-2.086242288351058960e-01,7.309596240520477295e-02,1.910805553197860718e-01,-2.343224287033081055e-01,1.483655422925949097e-01,-5.923498794436454773e-02
-1.102699279785156250e+00
2.367391251027584076e-02,1.607119850814342499e-02,-1.283026188611984253e-01,2.647851109504699707e-01,-2.245305329561233521e-01,-1.025246605277061462e-01,1.234139651060104370e-01,2.733768820762634277e-01,1.678801476955413818e-01,1.928084343671798706e-01,1.678801476955413818e-01,2.733768820762634277e-01,1.234139651060104370e-01,-1.025246605277061462e-01,-2.245305329561233521e-01,2.647851109504699707e-01,-1.283026188611984253e-01,1.607119850814342499e-02,2.367391251027584076e-02
-8.750411868095397949e-02,1.489131748676300049e-01,-1.662175953388214111e-01,5.505817010998725891e-02,1.888624876737594604e-01,-2.317304611206054688e-01,-1.575482189655303955e-01,-9.861195459961891174e-03,1.644812077283859253e-01,1.478874683380126953e-01,1.644812077283859253e-01,-9.861195459961891174e-03,-1.575482189655303955e-01,-2.317304611206054688e-01,1.888624876737594604e-01,5.505817010998725891e-02,-1.662175953388214111e-01,1.489131748676300049e-01,-8.750411868095397949e-02
-1.219347834587097168e+00
-3.855564817786216736e-02,7.800678163766860962e-02,-1.707970499992370605e-01,2.424645423889160156e-01,-1.329033225774765015e-01,-1.814466267824172974e-01,1.412892341613769531e-01,2.560889720916748047e-01,2.051829248666763306e-01,1.712737530469894409e-01,2.051829248666763306e-01,2.560889720916748047e-01,1.412892341613769531e-01,-1.814466267824172974e-01,-1.329033225774765015e-01,2.424645423889160156e-01,-1.707970499992370605e-01,7.800678163766860962e-02,-3.855564817786216736e-02
-6.335797160863876343e-02,9.042529016733169556e-02,-6.606264412403106689e-02,-7.182041555643081665e-02,2.691402733325958252e-01,-2.257067263126373291e-01,-1.633248329162597656e-01,-4.153597354888916016e-02,1.802675575017929077e-01,1.377962082624435425e-01,1.802675575017929077e-01,-4.153597354888916016e-02,-1.633248329162597656e-01,-2.257067263126373291e-01,2.691402733325958252e-01,-7.182041555643081665e-02,-6.606264412403106689e-02,9.042529016733169556e-02,-6.335797160863876343e-02
-1.339831829071044922e+00
-5.765744671225547791e-02,9.579038619995117188e-02,-1.556708961725234985e-01,1.687251925468444824e-01,-2.115324325859546661e-02,-2.575170099735260010e-01,1.536688357591629028e-01,2.323945611715316772e-01,2.421443611383438110e-01,1.476025134325027466e-01,2.421443611383438110e-01,2.323945611715316772e-01,1.536688357591629028e-01,-2.575170099735260010e-01,-2.115324325859546661e-02,1.687251925468444824e-01,-1.556708961725234985e-01,9.579038619995117188e-02,-5.765744671225547791e-02
-2.471513301134109497e-02,2.762254886329174042e-02,2.300682850182056427e-02,-1.563025116920471191e-01,2.926276028156280518e-01,-1.787847727537155151e-01,-1.951124221086502075e-01,-4.732932150363922119e-02,1.748431324958801270e-01,1.539385467767715454e-01,1.748431324958801270e-01,-4.732932150363922119e-02,-1.951124221086502075e-01,-1.787847727537155151e-01,2.926276028156280518e-01,-1.563025116920471191e-01,2.300682850182056427e-02,2.762254886329174042e-02,-2.471513301134109497e-02
-1.464033246040344238e+00
-5.018179118633270264e-02,8.031000941991806030e-02,-1.116257607936859131e-01,7.932408899068832397e-02,8.020012080669403076e-02,-3.081013560295104980e-01,1.486908644437789917e-01,2.215392589569091797e-01,2.654878795146942139e-01,1.366249471902847290e-01,2.654878795146942139e-01,2.215392589569091797e-01,1.486908644437789917e-01,-3.081013560295104980e-01,8.020012080669403076e-02,7.932408899068832397e-02,-1.116257607936859131e-01,8.031000941991806030e-02,-5.018179118633270264e-02
8.734416216611862183e-03,-1.882269233465194702e-02,8.003092557191848755e-02,-1.917432546615600586e-01,2.653929591178894043e-01,-1.027915850281715393e-01,-2.423400580883026123e-01,-3.735227510333061218e-02,1.517738252878189087e-01,1.836315095424652100e-01,1.517738252878189087e-01,-3.735227510333061218e-02,-2.423400580883026123e-01,-1.027915850281715393e-01,2.653929591178894043e-01,-1.917432546615600586e-01,8.003092557191848755e-02,-1.882269233465194702e-02,8.734416216611862183e-03
-1.591844081878662109e+00
-3.498715907335281372e-02,4.683454707264900208e-02,-5.875965580344200134e-02,2.409632317721843719e-03,1.561439484357833862e-01,-3.261355757713317871e-01,1.202976927161216736e-01,2.276526093482971191e-01,2.719409167766571045e-01,1.426540017127990723e-01,2.719409167766571045e-01,2.276526093482971191e-01,1.202976927161216736e-01,-3.261355757713317871e-01,1.561439484357833862e-01,2.409632317721843719e-03,-5.875965580344200134e-02,4.683454707264900208e-02,-3.498715907335281372e-02
3.032530657947063446e-02,-4.559328407049179077e-02,1.014479473233222961e-01,-1.883004158735275269e-01,2.080892473459243774e-01,-1.466727908700704575e-02,-2.907367050647735596e-01,-2.314412593841552734e-02,1.249426454305648804e-01,2.160273790359497070e-01,1.249426454305648804e-01,-2.314412593841552734e-02,-2.907367050647735596e-01,-1.466727908700704575e-02,2.080892473459243774e-01,-1.883004158735275269e-01,1.014479473233222961e-01,-4.559328407049179077e-02,3.032530657947063446e-02
-1.723165392875671387e+00
-1.614561118185520172e-02,1.452759280800819397e-02,-1.110898144543170929e-02,-5.517708510160446167e-02,1.991786509752273560e-01,-3.145672380924224854e-01,7.253700494766235352e-02,2.479010671377182007e-01,2.651808857917785645e-01,1.625003516674041748e-01,2.651808857917785645e-01,2.479010671377182007e-01,7.253700494766235352e-02,-3.145672380924224854e-01,1.991786509752273560e-01,-5.517708510160446167e-02,-1.110898144543170929e-02,1.452759280800819397e-02,-1.614561118185520172e-02
3.584731370210647583e-02,-5.494689196348190308e-02,9.870308637619018555e-02,-1.582242101430892944e-01,1.391330808401107788e-01,7.032786309719085693e-02,-3.296583294868469238e-01,-1.570066064596176147e-02,1.037262976169586182e-01,2.426874786615371704e-01,1.037262976169586182e-01,-1.570066064596176147e-02,-3.296583294868469238e-01,7.032786309719085693e-02,1.391330808401107788e-01,-1.582242101430892944e-01,9.870308637619018555e-02,-5.494689196348190308e-02,3.584731370210647583e-02
-1.857905864715576172e+00
8.945526555180549622e-03,-5.421840585768222809e-03,2.227699197828769684e-02,-9.580728411674499512e-02,2.114350646734237671e-01,-2.781092822551727295e-01,1.575823687016963959e-02,2.766050994396209717e-01,2.512562572956085205e-01,1.898946315050125122e-01,2.512562572956085205e-01,2.766050994396209717e-01,1.575823687016963959e-02,-2.781092822551727295e-01,2.114350646734237671e-01,-9.580728411674499512e-02,2.227699197828769684e-02,-5.421840585768222809e-03,8.945526555180549622e-03
2.511697076261043549e-02,-4.601589590311050415e-02,8.561918884515762329e-02,-1.196619868278503418e-01,6.544771045446395874e-02,1.418106108903884888e-01,-3.499789834022521973e-01,-1.760306581854820251e-02,9.348373860120773315e-02,2.593144178390502930e-01,9.348373860120773315e-02,-1.760306581854820251e-02,-3.499789834022521973e-01,1.418106108903884888e-01,6.544771045446395874e-02,-1.196619868278503418e-01,8.561918884515762329e-02,-4.601589590311050415e-02,2.511697076261043549e-02
-1.995981097221374512e+00
2.129318378865718842e-02,-2.205870673060417175e-02,4.510864615440368652e-02,-1.119218394160270691e-01,2.049678266048431396e-01,-2.291963696479797363e-01,-4.715421795845031738e-02,3.044053018093109131e-01,2.349330484867095947e-01,2.184486836194992065e-01,2.349330484867095947e-01,3.044053018093109131e-01,-4.715421795845031738e-02,-2.291963696479797363e-01,2.049678266048431396e-01,-1.119218394160270691e-01,4.510864615440368652e-02,-2.205870673060417175e-02,2.129318378865718842e-02
1.295605860650539398e-02,-3.470876440405845642e-02,6.236362457275390625e-02,-7.656664401292800903e-02,3.985925111919641495e-03,1.949771642684936523e-01,-3.550908863544464111e-01,-3.345001861453056335e-02,9.392458200454711914e-02,2.653160989284515381e-01,9.392458200454711914e-02,-3.345001861453056335e-02,-3.550908863544464111e-01,1.949771642684936523e-01,3.985925111919641495e-03,-7.656664401292800903e-02,6.236362457275390625e-02,-3.470876440405845642e-02,1.295605860650539398e-02
-2.137312412261962891e+00
2.832980640232563019e-02,-2.876828238368034363e-02,5.687334761023521423e-02,-1.153528541326522827e-01,1.820165961980819702e-01,-1.738823801279067993e-01,-1.078353822231292725e-01,3.284894526004791260e-01,2.213690727949142456e-01,2.439859509468078613e-01,2.213690727949142456e-01,3.284894526004791260e-01,-1.078353822231292725e-01,-1.738823801279067993e-01,1.820165961980819702e-01,-1.153528541326522827e-01,5.687334761023521423e-02,-2.876828238368034363e-02,2.832980640232563019e-02
-3.109506331384181976e-03,-2.200174331665039062e-02,3.916056454181671143e-02,-3.502750769257545471e-02,-4.408629983663558960e-02,2.289288789033889771e-01,-3.448106944561004639e-01,-5.984746664762496948e-02,1.038595885038375854e-01,2.623105347156524658e-01,1.038595885038375854e-01,-5.984746664762496948e-02,-3.448106944561004639e-01,2.289288789033889771e-01,-4.408629983663558960e-02,-3.502750769257545471e-02,3.916056454181671143e-02,-2.200174331665039062e-02,-3.109506331384181976e-03
-2.281826257705688477e+00
3.171236813068389893e-02,-3.038780577480792999e-02,5.857710167765617371e-02,-1.078303679823875427e-01,1.528094559907913208e-01,-1.167128533124923706e-01,-1.616898924112319946e-01,3.452652692794799805e-01,2.127248793840408325e-01,2.625500261783599854e-01,2.127248793840408325e-01,3.452652692794799805e-01,-1.616898924112319946e-01,-1.167128533124923706e-01,1.528094559907913208e-01,-1.078303679823875427e-01,5.857710167765617371e-02,-3.038780577480792999e-02,3.171236813068389893e-02
-1.577659137547016144e-02,-6.715209223330020905e-03,1.710491068661212921e-02,-3.853105008602142334e-03,-8.111415058374404907e-02,2.467220574617385864e-01,-3.209740519523620605e-01,-9.443600475788116455e-02,1.190810427069664001e-01,2.524265050888061523e-01,1.190810427069664001e-01,-9.443600475788116455e-02,-3.209740519523620605e-01,2.467220574617385864e-01,-8.111415058374404907e-02,-3.853105008602142334e-03,1.710491068661212921e-02,-6.715209223330020905e-03,-1.577659137547016144e-02
-2.429454565048217773e+00
3.352253139019012451e-02,-2.594329603016376495e-02,5.357402190566062927e-02,-9.564594924449920654e-02,1.201208606362342834e-01,-6.187988445162773132e-02,-2.053948789834976196e-01,3.545429408550262451e-01,2.115122079849243164e-01,2.763690948486328125e-01,2.115122079849243164e-01,3.545429408550262451e-01,-2.053948789834976196e-01,-6.187988445162773132e-02,1.201208606362342834e-01,-9.564594924449920654e-02,5.357402190566062927e-02,-2.594329603016376495e-02,3.352253139019012451e-02
-2.837892249226570129e-02,7.757734972983598709e-03,1.338363275863230228e-03,2.075150981545448303e-02,-1.066269800066947937e-01,2.499554455280303955e-01,-2.874571681022644043e-01,-1.327962130308151245e-01,1.378920823335647583e-01,2.387979477643966675e-01,1.378920823335647583e-01,-1.327962130308151245e-01,-2.874571681022644043e-01,2.499554455280303955e-01,-1.066269800066947937e-01,2.075150981545448303e-02,1.338363275863230228e-03,7.757734972983598709e-03,-2.837892249226570129e-02
-2.580132961273193359e+00
-2.081730216741561890e-01,1.389955580234527588e-01,1.018716543912887573e-01,-1.527607887983322144e-01,-1.665262579917907715e-01,8.758322149515151978e-02,1.797889471054077148e-01,2.123870551586151123e-01,1.365315318107604980e-01,1.512276232242584229e-01,1.365315318107604980e-01,2.123870551586151123e-01,1.797889471054077148e-01,8.758322149515151978e-02,-1.665262579917907715e-01,-1.527607887983322144e-01,1.018716543912887573e-01,1.389955580234527588e-01,-2.081730216741561890e-01
5.731960758566856384e-02,-2.071787267923355103e-01,1.890513002872467041e-01,1.003575325012207031e-01,-1.258585155010223389e-01,-2.267695814371109009e-01,-4.535686969757080078e-02,5.127885192632675171e-02,1.386071145534515381e-01,1.126727163791656494e-01,1.386071145534515381e-01,5.127885192632675171e-02,-4.535686969757080078e-02,-2.267695814371109009e-01,-1.258585155010223389e-01,1.003575325012207031e-01,1.890513002872467041e-01,-2.071787267923355103e-01,5.731960758566856384e-02
-3.271071612834930420e-01
1.614182442426681519e-01,-3.194758668541908264e-02,-1.675824373960494995e-01,-1.239195168018341064e-01,7.966920733451843262e-02,1.381934434175491333e-01,1.756973862648010254e-01,1.414508372545242310e-01,1.508003026247024536e-01,1.105804666876792908e-01,1.508003026247024536e-01,1.414508372545242310e-01,1.756973862648010254e-01,1.381934434175491333e-01,7.966920733451843262e-02,-1.239195168018341064e-01,-1.675824373960494995e-01,-3.194758668541908264e-02,1.614182442426681519e-01
2.200713753700256348e-02,1.721306741237640381e-01,2.742780558764934540e-02,-9.520568698644638062e-02,-1.739138811826705933e-01,-9.759394079446792603e-02,-6.813730578869581223e-03,1.022103577852249146e-01,1.022710651159286499e-01,1.154120787978172302e-01,1.022710651159286499e-01,1.022103577852249146e-01,-6.813730578869581223e-03,-9.759394079446792603e-02,-1.739138811826705933e-01,-9.520568698644638062e-02,2.742780558764934540e-02,1.721306741237640381e-01,2.200713753700256348e-02
-4.067060351371765137e-01
8.696690946817398071e-02,1.414614021778106689e-01,-1.013444736599922180e-01,-1.653932034969329834e-01,-4.031716287136077881e-02,1.370583325624465942e-01,1.853372752666473389e-01,1.768968403339385986e-01,1.286068111658096313e-01,1.232022792100906372e-01,1.286068111658096313e-01,1.768968403339385986e-01,1.853372752666473389e-01,1.370583325624465942e-01,-4.031716287136077881e-02,-1.653932034969329834e-01,-1.013444736599922180e-01,1.414614021778106689e-01,8.696690946817398071e-02
-6.691153347492218018e-02,1.211928874254226685e-01,1.167275458574295044e-01,-1.285746693611145020e-01,-1.262085735797882080e-01,-9.852346777915954590e-02,-2.076670713722705841e-02,1.384174264967441559e-02,1.612320989370346069e-01,1.632921546697616577e-01,1.612320989370346069e-01,1.384174264967441559e-02,-2.076670713722705841e-02,-9.852346777915954590e-02,-1.262085735797882080e-01,-1.285746693611145020e-01,1.167275458574295044e-01,1.211928874254226685e-01,-6.691153347492218018e-02
-4.918165504932403564e-01
-3.645533695816993713e-02,1.674721986055374146e-01,-1.568924635648727417e-02,-1.994204819202423096e-01,-4.963331669569015503e-02,1.000088825821876526e-01,1.963460147380828857e-01,1.599395424127578735e-01,1.454411596059799194e-01,1.058032810688018799e-01,1.454411596059799194e-01,1.599395424127578735e-01,1.963460147380828857e-01,1.000088825821876526e-01,-4.963331669569015503e-02,-1.994204819202423096e-01,-1.568924635648727417e-02,1.674721986055374146e-01,-3.645533695816993713e-02
-2.157795280218124390e-01,2.981003373861312866e-02,1.649183183908462524e-01,3.471499308943748474e-02,-1.973948776721954346e-01,-1.367544084787368774e-01,-5.146855115890502930e-02,8.729895204305648804e-02,9.886557608842849731e-02,1.512244492769241333e-01,9.886557608842849731e-02,8.729895204305648804e-02,-5.146855115890502930e-02,-1.367544084787368774e-01,-1.973948776721954346e-01,3.471499308943748474e-02,1.649183183908462524e-01,2.981003373861312866e-02,-2.157795280218124390e-01
-5.821056365966796875e-01
-2.159003317356109619e-01,1.966835558414459229e-01,5.789084732532501221e-02,-1.549677252769470215e-01,-1.605461537837982178e-01,1.058705747127532959e-01,1.702143847942352295e-01,2.162625491619110107e-01,1.273140907287597656e-01,1.587580144405364990e-01,1.273140907287597656e-01,2.162625491619110107e-01,1.702143847942352295e-01,1.058705747127532959e-01,-1.605461537837982178e-01,-1.549677252769470215e-01,5.789084732532501221e-02,1.966835558414459229e-01,-2.159003317356109619e-01
-5.101912841200828552e-02,-1.525423079729080200e-01,1.818913817405700684e-01,9.172545373439788818e-02,-1.465700268745422363e-01,-1.926121860742568970e-01,-5.404889583587646484e-02,6.071950122714042664e-02,1.213720291852951050e-01,1.283470094203948975e-01,1.213720291852951050e-01,6.071950122714042664e-02,-5.404889583587646484e-02,-1.926121860742568970e-01,-1.465700268745422363e-01,9.172545373439788818e-02,1.818913817405700684e-01,-1.525423079729080200e-01,-5.101912841200828552e-02
-6.772937774658203125e-01
-1.326534003019332886e-01,-1.724735833704471588e-02,2.009235024452209473e-01,-1.470709294080734253e-01,-1.581877470016479492e-01,3.360492363572120667e-02,2.090150266885757446e-01,1.864991635084152222e-01,1.639809906482696533e-01,1.217501536011695862e-01,1.639809906482696533e-01,1.864991635084152222e-01,2.090150266885757446e-01,3.360492363572120667e-02,-1.581877470016479492e-01,-1.470709294080734253e-01,2.009235024452209473e-01,-1.724735833704471588e-02,-1.326534003019332886e-01
1.894942671060562134e-01,-2.502844035625457764e-01,1.296780556440353394e-01,1.351600587368011475e-01,-8.455183357000350952e-02,-2.340671569108963013e-01,-5.298556014895439148e-02,3.905091434717178345e-02,1.445365101099014282e-01,1.123064756393432617e-01,1.445365101099014282e-01,3.905091434717178345e-02,-5.298556014895439148e-02,-2.340671569108963013e-01,-8.455183357000350952e-02,1.351600587368011475e-01,1.296780556440353394e-01,-2.502844035625457764e-01,1.894942671060562134e-01
-7.771421670913696289e-01
5.205514281988143921e-02,-2.011906951665878296e-01,2.516329288482666016e-01,-8.037450909614562988e-02,-1.728042811155319214e-01,-2.861359156668186188e-02,2.164605110883712769e-01,1.867283433675765991e-01,2.020318657159805298e-01,1.276709139347076416e-01,2.020318657159805298e-01,1.867283433675765991e-01,2.164605110883712769e-01,-2.861359156668186188e-02,-1.728042811155319214e-01,-8.037450909614562988e-02,2.516329288482666016e-01,-2.011906951665878296e-01,5.205514281988143921e-02
1.782610416412353516e-01,-1.338324546813964844e-01,-5.900841951370239258e-02,2.321214228868484497e-01,-7.429982721805572510e-02,-2.050688266754150391e-01,-1.210760176181793213e-01,6.602811813354492188e-02,1.108562722802162170e-01,1.563179194927215576e-01,1.108562722802162170e-01,6.602811813354492188e-02,-1.210760176181793213e-01,-2.050688266754150391e-01,-7.429982721805572510e-02,2.321214228868484497e-01,-5.900841951370239258e-02,-1.338324546813964844e-01,1.782610416412353516e-01
-8.814436793327331543e-01
1.385769397020339966e-01,-1.955283284187316895e-01,1.518214344978332520e-01,6.626448035240173340e-02,-2.356114089488983154e-01,-3.570179268717765808e-02,1.782450675964355469e-01,2.354097962379455566e-01,1.789542287588119507e-01,1.648722738027572632e-01,1.789542287588119507e-01,2.354097962379455566e-01,1.782450675964355469e-01,-3.570179268717765808e-02,-2.356114089488983154e-01,6.626448035240173340e-02,1.518214344978332520e-01,-1.955283284187316895e-01,1.385769397020339966e-01
3.503389284014701843e-02,5.180835723876953125e-02,-2.043587416410446167e-01,2.646668255329132080e-01,-3.474208340048789978e-02,-1.873529851436614990e-01,-1.662012934684753418e-01,8.095353096723556519e-02,1.038449630141258240e-01,1.886078566312789917e-01,1.038449630141258240e-01,8.095353096723556519e-02,-1.662012934684753418e-01,-1.873529851436614990e-01,-3.474208340048789978e-02,2.646668255329132080e-01,-2.043587416410446167e-01,5.180835723876953125e-02,3.503389284014701843e-02
-9.900165200233459473e-01
1.029036641120910645e-01,-9.304358810186386108e-02,-1.163938734680414200e-02,2.058403640985488892e-01,-2.621057331562042236e-01,-4.914264753460884094e-02,1.325842589139938354e-01,2.703391015529632568e-01,1.557069271802902222e-01,1.942959427833557129e-01,1.557069271802902222e-01,2.703391015529632568e-01,1.325842589139938354e-01,-4.914264753460884094e-02,-2.621057331562042236e-01,2.058403640985488892e-01,-1.163938734680414200e-02,-9.304358810186386108e-02,1.029036641120910645e-01
-6.292234361171722412e-02,1.509403437376022339e-01,-2.339597493410110474e-01,1.879280358552932739e-01,6.970538198947906494e-02,-2.081870287656784058e-01,-1.683582663536071777e-01,4.345190525054931641e-02,1.307269632816314697e-01,1.748080253601074219e-01,1.307269632816314697e-01,4.345190525054931641e-02,-1.683582663536071777e-01,-2.081870287656784058e-01,6.970538198947906494e-02,1.879280358552932739e-01,-2.339597493410110474e-01,1.509403437376022339e-01,-6.292234361171722412e-02
-1.102699279785156250e+00
2.125998027622699738e-02,1.546868588775396347e-02,-1.270184665918350220e-01,2.656834125518798828e-01,-2.235754281282424927e-01,-1.010872721672058105e-01,1.246258914470672607e-01,2.734505534172058105e-01,1.678923666477203369e-01,1.929817348718643188e-01,1.678923666477203369e-01,2.734505534172058105e-01,1.246258914470672607e-01,-1.010872721672058105e-01,-2.235754281282424927e-01,2.656834125518798828e-01,-1.270184665918350220e-01,1.546868588775396347e-02,2.125998027622699738e-02
-8.804305642843246460e-02,1.451753824949264526e-01,-1.680161803960800171e-01,5.719724670052528381e-02,1.914944350719451904e-01,-2.319569736719131470e-01,-1.598473191261291504e-01,-1.176604628562927246e-02,1.649877727031707764e-01,1.487438827753067017e-01,1.649877727031707764e-01,-1.176604628562927246e-02,-1.598473191261291504e-01,-2.319569736719131470e-01,1.914944350719451904e-01,5.719724670052528381e-02,-1.680161803960800171e-01,1.451753824949264526e-01,-8.804305642843246460e-02
-1.219347834587097168e+00
-3.683943301439285278e-02,7.920636236667633057e-02,-1.706091016530990601e-01,2.423817515373229980e-01,-1.312720030546188354e-01,-1.800559908151626587e-01,1.397093683481216431e-01,2.532666325569152832e-01,2.030162960290908813e-01,1.701015830039978027e-01,2.030162960290908813e-01,2.532666325569152832e-01,1.397093683481216431e-01,-1.800559908151626587e-01,-1.312720030546188354e-01,2.423817515373229980e-01,-1.706091016530990601e-01,7.920636236667633057e-02,-3.683943301439285278e-02
-6.375950574874877930e-02,8.976390957832336426e-02,-6.604454666376113892e-02,-7.003878057003021240e-02,2.712309062480926514e-01,-2.260843962430953979e-01,-1.661498397588729858e-01,-4.420771822333335876e-02,1.808470785617828369e-01,1.389064490795135498e-01,1.808470785617828369e-01,-4.420771822333335876e-02,-1.661498397588729858e-01,-2.260843962430953979e-01,2.712309062480926514e-01,-7.003878057003021240e-02,-6.604454666376113892e-02,8.976390957832336426e-02,-6.375950574874877930e-02
-1.339831829071044922e+00
-6.029254570603370667e-02,9.307769685983657837e-02,-1.556140482425689697e-01,1.705586016178131104e-01,-1.928897947072982788e-02,-2.568717896938323975e-01,1.534892767667770386e-01,2.320713549852371216e-01,2.421896904706954956e-01,1.478345096111297607e-01,2.421896904706954956e-01,2.320713549852371216e-01,1.534892767667770386e-01,-2.568717896938323975e-01,-1.928897947072982788e-02,1.705586016178131104e-01,-1.556140482425689697e-01,9.307769685983657837e-02,-6.029254570603370667e-02
-2.383751794695854187e-02,2.584365569055080414e-02,2.245429344475269318e-02,-1.547309458255767822e-01,2.935765385627746582e-01,-1.792152822017669678e-01,-1.957230120897293091e-01,-4.752426594495773315e-02,1.743349134922027588e-01,1.533530205488204956e-01,1.743349134922027588e-01,-4.752426594495773315e-02,-1.957230120897293091e-01,-1.792152822017669678e-01,2.935765385627746582e-01,-1.547309458255767822e-01,2.245429344475269318e-02,2.584365569055080414e-02,-2.383751794695854187e-02
-1.464033246040344238e+00
-5.393921211361885071e-02,7.483629882335662842e-02,-1.121821030974388123e-01,8.252395689487457275e-02,8.325585722923278809e-02,-3.075820803642272949e-01,1.470456719398498535e-01,2.198025882244110107e-01,2.645613253116607666e-01,1.363075822591781616e-01,2.645613253116607666e-01,2.198025882244110107e-01,1.470456719398498535e-01,-3.075820803642272949e-01,8.325585722923278809e-02,8.252395689487457275e-02,-1.121821030974388123e-01,7.483629882335662842e-02,-5.393921211361885071e-02
1.303964201360940933e-02,-2.097016200423240662e-02,7.807796448469161987e-02,-1.899136453866958618e-01,2.674299776554107666e-01,-1.030048429965972900e-01,-2.432795614004135132e-01,-3.749049827456474304e-02,1.519349962472915649e-01,1.835786998271942139e-01,1.519349962472915649e-01,-3.749049827456474304e-02,-2.432795614004135132e-01,-1.030048429965972900e-01,2.674299776554107666e-01,-1.899136453866958618e-01,7.807796448469161987e-02,-2.097016200423240662e-02,1.303964201360940933e-02
-1.591844081878662109e+00
-3.242567926645278931e-02,4.809940978884696960e-02,-5.961636826395988464e-02,9.317457443103194237e-04,1.560392975807189941e-01,-3.255504369735717773e-01,1.204174309968948364e-01,2.272037863731384277e-01,2.717411816120147705e-01,1.426720917224884033e-01,2.717411816120147705e-01,2.272037863731384277e-01,1.204174309968948364e-01,-3.255504369735717773e-01,1.560392975807189941e-01,9.317457443103194237e-04,-5.961636826395988464e-02,4.809940978884696960e-02,-3.242567926645278931e-02
2.860470861196517944e-02,-4.510197043418884277e-02,1.035082116723060608e-01,-1.864783465862274170e-01,2.084028422832489014e-01,-1.496760826557874680e-02,-2.906893789768218994e-01,-2.246024645864963531e-02,1.255202293395996094e-01,2.161593735218048096e-01,1.255202293395996094e-01,-2.246024645864963531e-02,-2.906893789768218994e-01,-1.496760826557874680e-02,2.084028422832489014e-01,-1.864783465862274170e-01,1.035082116723060608e-01,-4.510197043418884277e-02,2.860470861196517944e-02
-1.723165392875671387e+00
-9.617589414119720459e-03,1.808403618633747101e-02,-1.330016180872917175e-02,-5.885112285614013672e-02,1.986918598413467407e-01,-3.131626248359680176e-01,7.338519394397735596e-02,2.474988251924514771e-01,2.649556696414947510e-01,1.625177115201950073e-01,2.649556696414947510e-01,2.474988251924514771e-01,7.338519394397735596e-02,-3.131626248359680176e-01,1.986918598413467407e-01,-5.885112285614013672e-02,-1.330016180872917175e-02,1.808403618633747101e-02,-9.617589414119720459e-03
3.196173533797264099e-02,-5.173619464039802551e-02,1.027936935424804688e-01,-1.582286059856414795e-01,1.364119648933410645e-01,6.932513415813446045e-02,-3.283624947071075439e-01,-1.387502718716859818e-02,1.040254756808280945e-01,2.422130405902862549e-01,1.040254756808280945e-01,-1.387502718716859818e-02,-3.283624947071075439e-01,6.932513415813446045e-02,1.364119648933410645e-01,-1.582286059856414795e-01,1.027936935424804688e-01,-5.173619464039802551e-02,3.196173533797264099e-02
-1.857905864715576172e+00
1.337992679327726364e-02,-2.277337014675140381e-03,2.301269583404064178e-02,-9.584094583988189697e-02,2.126087993383407593e-01,-2.781003117561340332e-01,1.214383635669946671e-02,2.722728252410888672e-01,2.488097697496414185e-01,1.887505352497100830e-01,2.488097697496414185e-01,2.722728252410888672e-01,1.214383635669946671e-02,-2.781003117561340332e-01,2.126087993383407593e-01,-9.584094583988189697e-02,2.301269583404064178e-02,-2.277337014675140381e-03,1.337992679327726364e-02
2.221632190048694611e-02,-4.570481553673744202e-02,9.005506336688995361e-02,-1.154211238026618958e-01,6.535874307155609131e-02,1.384488791227340698e-01,-3.517451286315917969e-01,-1.699144951999187469e-02,9.437235444784164429e-02,2.594589293003082275e-01,9.437235444784164429e-02,-1.699144951999187469e-02,-3.517451286315917969e-01,1.384488791227340698e-01,6.535874307155609131e-02,-1.154211238026618958e-01,9.005506336688995361e-02,-4.570481553673744202e-02,2.221632190048694611e-02
-1.995981097221374512e+00
1.928496733307838440e-02,-2.506154403090476990e-02,4.543566703796386719e-02,-1.095126792788505554e-01,2.063081562519073486e-01,-2.301016449928283691e-01,-4.916595295071601868e-02,3.028373420238494873e-01,2.337851077318191528e-01,2.175582051277160645e-01,2.337851077318191528e-01,3.028373420238494873e-01,-4.916595295071601868e-02,-2.301016449928283691e-01,2.063081562519073486e-01,-1.095126792788505554e-01,4.543566703796386719e-02,-2.506154403090476990e-02,1.928496733307838440e-02
1.624486967921257019e-02,-3.557907044887542725e-02,6.223655119538307190e-02,-7.412374019622802734e-02,5.888076033443212509e-03,1.941523700952529907e-01,-3.560730516910552979e-01,-3.334904089570045471e-02,9.350303560495376587e-02,2.644591033458709717e-01,9.350303560495376587e-02,-3.334904089570045471e-02,-3.560730516910552979e-01,1.941523700952529907e-01,5.888076033443212509e-03,-7.412374019622802734e-02,6.223655119538307190e-02,-3.557907044887542725e-02,1.624486967921257019e-02
-2.137312412261962891e+00
3.286168351769447327e-02,-2.921140752732753754e-02,5.412047728896141052e-02,-1.157714873552322388e-01,1.842668652534484863e-01,-1.725049465894699097e-01,-1.087612733244895935e-01,3.265570700168609619e-01,2.198875248432159424e-01,2.430406510829925537e-01,2.198875248432159424e-01,3.265570700168609619e-01,-1.087612733244895935e-01,-1.725049465894699097e-01,1.842668652534484863e-01,-1.157714873552322388e-01,5.412047728896141052e-02,-2.921140752732753754e-02,3.286168351769447327e-02
-1.035286622936837375e-04,-1.681402698159217834e-02,4.156347364187240601e-02,-3.682898357510566711e-02,-4.694004356861114502e-02,2.289721071720123291e-01,-3.424310982227325439e-01,-5.797649547457695007e-02,1.024538278579711914e-01,2.602238953113555908e-01,1.024538278579711914e-01,-5.797649547457695007e-02,-3.424310982227325439e-01,2.289721071720123291e-01,-4.694004356861114502e-02,-3.682898357510566711e-02,4.156347364187240601e-02,-1.681402698159217834e-02,-1.035286622936837375e-04
-2.281826257705688477e+00
3.318703174591064453e-02,-3.024253062903881073e-02,5.853016674518585205e-02,-1.079303175210952759e-01,1.523986011743545532e-01,-1.174903735518455505e-01,-1.618468761444091797e-01,3.453812599182128906e-01,2.122528851032257080e-01,2.617994844913482666e-01,2.122528851032257080e-01,3.453812599182128906e-01,-1.618468761444091797e-01,-1.174903735518455505e-01,1.523986011743545532e-01,-1.079303175210952759e-01,5.853016674518585205e-02,-3.024253062903881073e-02,3.318703174591064453e-02
-1.665462367236614227e-02,-5.439846776425838470e-03,1.984919980168342590e-02,-2.229307778179645538e-03,-8.156149834394454956e-02,2.465770095586776733e-01,-3.189576268196105957e-01,-9.215602278709411621e-02,1.184259504079818726e-01,2.505694031715393066e-01,1.184259504079818726e-01,-9.215602278709411621e-02,-3.189576268196105957e-01,2.465770095586776733e-01,-8.156149834394454956e-02,-2.229307778179645538e-03,1.984919980168342590e-02,-5.439846776425838470e-03,-1.665462367236614227e-02
-2.429454565048217773e+00
3.435656800866127014e-02,-2.492464333772659302e-02,5.440622940659523010e-02,-9.664720296859741211e-02,1.175431162118911743e-01,-6.413801759481430054e-02,-2.054797410964965820e-01,3.552663028240203857e-01,2.108701020479202271e-01,2.750411629676818848e-01,2.108701020479202271e-01,3.552663028240203857e-01,-2.054797410964965820e-01,-6.413801759481430054e-02,1.175431162118911743e-01,-9.664720296859741211e-02,5.440622940659523010e-02,-2.492464333772659302e-02,3.435656800866127014e-02
-3.028325550258159637e-02,8.525870740413665771e-03,4.033221863210201263e-03,2.241925522685050964e-02,-1.070854440331459045e-01,2.497887611389160156e-01,-2.854773104190826416e-01,-1.308956444263458252e-01,1.365366131067276001e-01,2.364498376846313477e-01,1.365366131067276001e-01,-1.308956444263458252e-01,-2.854773104190826416e-01,2.497887611389160156e-01,-1.070854440331459045e-01,2.241925522685050964e-02,4.033221863210201263e-03,8.525870740413665771e-03,-3.028325550258159637e-02
-2.580132961273193359e+00
-2.102597504854202271e-01,1.368263810873031616e-01,1.045895963907241821e-01,-1.458379775285720825e-01,-1.594019681215286255e-01,9.218656271696090698e-02,1.773555725812911987e-01,2.075792849063873291e-01,1.340064555406570435e-01,1.510168761014938354e-01,1.340064555406570435e-01,2.075792849063873291e-01,1.773555725812911987e-01,9.218656271696090698e-02,-1.594019681215286255e-01,-1.458379775285720825e-01,1.045895963907241821e-01,1.368263810873031616e-01,-2.102597504854202271e-01
5.341595038771629333e-02,-2.153366804122924805e-01,1.809615790843963623e-01,9.765559434890747070e-02,-1.191071867942810059e-01,-2.197648584842681885e-01,-4.655803367495536804e-02,4.671074450016021729e-02,1.417208909988403320e-01,1.180160418152809143e-01,1.417208909988403320e-01,4.671074450016021729e-02,-4.655803367495536804e-02,-2.197648584842681885e-01,-1.191071867942810059e-01,9.765559434890747070e-02,1.809615790843963623e-01,-2.153366804122924805e-01,5.341595038771629333e-02
-3.271071612834930420e-01
1.584215462207794189e-01,-2.982173487544059753e-02,-1.606837213039398193e-01,-1.256223171949386597e-01,6.824541091918945312e-02,1.342623382806777954e-01,1.826440840959548950e-01,1.469174027442932129e-01,1.484741717576980591e-01,1.046030595898628235e-01,1.484741717576980591e-01,1.469174027442932129e-01,1.826440840959548950e-01,1.342623382806777954e-01,6.824541091918945312e-02,-1.256223171949386597e-01,-1.606837213039398193e-01,-2.982173487544059753e-02,1.584215462207794189e-01
2.628484554588794708e-02,1.809790283441543579e-01,2.435563504695892334e-02,-1.086713969707489014e-01,-1.709386408329010010e-01,-8.149514347314834595e-02,-9.310522116720676422e-03,8.846414089202880859e-02,1.019701808691024780e-01,1.272293478250503540e-01,1.019701808691024780e-01,8.846414089202880859e-02,-9.310522116720676422e-03,-8.149514347314834595e-02,-1.709386408329010010e-01,-1.086713969707489014e-01,2.435563504695892334e-02,1.809790283441543579e-01,2.628484554588794708e-02
-4.067060351371765137e-01
1.094299629330635071e-01,1.381757408380508423e-01,-1.206295937299728394e-01,-1.647863835096359253e-01,-2.001978084444999695e-02,1.411969512701034546e-01,1.733786165714263916e-01,1.683491468429565430e-01,1.298056095838546753e-01,1.273372173309326172e-01,1.298056095838546753e-01,1.683491468429565430e-01,1.733786165714263916e-01,1.411969512701034546e-01,-2.001978084444999695e-02,-1.647863835096359253e-01,-1.206295937299728394e-01,1.381757408380508423e-01,1.094299629330635071e-01
-8.346077799797058105e-02,1.062132716178894043e-01,1.421235501766204834e-01,-1.034629940986633301e-01,-1.484506279230117798e-01,-1.290328055620193481e-01,5.244982428848743439e-03,4.539771378040313721e-02,1.535478383302688599e-01,1.358681321144104004e-01,1.535478383302688599e-01,4.539771378040313721e-02,5.244982428848743439e-03,-1.290328055620193481e-01,-1.484506279230117798e-01,-1.034629940986633301e-01,1.421235501766204834e-01,1.062132716178894043e-01,-8.346077799797058105e-02
-4.918165504932403564e-01
-2.558841742575168610e-02,1.875764429569244385e-01,-1.030696742236614227e-02,-2.132460027933120728e-01,-5.943939834833145142e-02,1.064789518713951111e-01,2.030486166477203369e-01,1.602681726217269897e-01,1.424795091152191162e-01,1.034466624259948730e-01,1.424795091152191162e-01,1.602681726217269897e-01,2.030486166477203369e-01,1.064789518713951111e-01,-5.943939834833145142e-02,-2.132460027933120728e-01,-1.030696742236614227e-02,1.875764429569244385e-01,-2.558841742575168610e-02
-1.919615864753723145e-01,2.836140058934688568e-02,1.489674896001815796e-01,3.233998641371726990e-02,-1.817054450511932373e-01,-1.287887841463088989e-01,-5.916041508316993713e-02,7.507351785898208618e-02,9.663186222314834595e-02,1.531387418508529663e-01,9.663186222314834595e-02,7.507351785898208618e-02,-5.916041508316993713e-02,-1.287887841463088989e-01,-1.817054450511932373e-01,3.233998641371726990e-02,1.489674896001815796e-01,2.836140058934688568e-02,-1.919615864753723145e-01
-5.821056365966796875e-01
-2.153321653604507446e-01,1.943576335906982422e-01,5.589030310511589050e-02,-1.537693589925765991e-01,-1.577782183885574341e-01,1.081396266818046570e-01,1.701522469520568848e-01,2.154041975736618042e-01,1.268716901540756226e-01,1.586937755346298218e-01,1.268716901540756226e-01,2.154041975736618042e-01,1.701522469520568848e-01,1.081396266818046570e-01,-1.577782183885574341e-01,-1.537693589925765991e-01,5.589030310511589050e-02,1.943576335906982422e-01,-2.153321653604507446e-01
-4.820276051759719849e-02,-1.521294862031936646e-01,1.796059906482696533e-01,8.812224119901657104e-02,-1.473941653966903687e-01,-1.919951587915420532e-01,-5.661374330520629883e-02,5.625920742750167847e-02,1.212395504117012024e-01,1.298467814922332764e-01,1.212395504117012024e-01,5.625920742750167847e-02,-5.661374330520629883e-02,-1.919951587915420532e-01,-1.473941653966903687e-01,8.812224119901657104e-02,1.796059906482696533e-01,-1.521294862031936646e-01,-4.820276051759719849e-02
-6.772937774658203125e-01
-1.251061111688613892e-01,-1.959813758730888367e-02,1.902374625205993652e-01,-1.538742631673812866e-01,-1.567735224962234497e-01,3.776925429701805115e-02,2.085662037134170532e-01,1.861057281494140625e-01,1.670392006635665894e-01,1.258232593536376953e-01,1.670392006635665894e-01,1.861057281494140625e-01,2.085662037134170532e-01,3.776925429701805115e-02,-1.567735224962234497e-01,-1.538742631673812866e-01,1.902374625205993652e-01,-1.959813758730888367e-02,-1.251061111688613892e-01
1.935017853975296021e-01,-2.429119497537612915e-01,1.325461715459823608e-01,1.318842172622680664e-01,-9.244164079427719116e-02,-2.374455332756042480e-01,-4.943917319178581238e-02,4.451077058911323547e-02,1.447275131940841675e-01,1.107378676533699036e-01,1.447275131940841675e-01,4.451077058911323547e-02,-4.943917319178581238e-02,-2.374455332756042480e-01,-9.244164079427719116e-02,1.318842172622680664e-01,1.325461715459823608e-01,-2.429119497537612915e-01,1.935017853975296021e-01
-7.771421670913696289e-01
5.280611291527748108e-02,-1.948665529489517212e-01,2.565617561340332031e-01,-8.378969132900238037e-02,-1.788387596607208252e-01,-2.948488108813762665e-02,2.201136946678161621e-01,1.880349218845367432e-01,2.000870853662490845e-01,1.249296441674232483e-01,2.000870853662490845e-01,1.880349218845367432e-01,2.201136946678161621e-01,-2.948488108813762665e-02,-1.788387596607208252e-01,-8.378969132900238037e-02,2.565617561340332031e-01,-1.948665529489517212e-01,5.280611291527748108e-02
1.739025264978408813e-01,-1.312239468097686768e-01,-5.293249338865280151e-02,2.340481281280517578e-01,-7.598013430833816528e-02,-2.065628319978713989e-01,-1.230250149965286255e-01,6.234383583068847656e-02,1.080764383077621460e-01,1.548232436180114746e-01,1.080764383077621460e-01,6.234383583068847656e-02,-1.230250149965286255e-01,-2.065628319978713989e-01,-7.598013430833816528e-02,2.340481281280517578e-01,-5.293249338865280151e-02,-1.312239468097686768e-01,1.739025264978408813e-01
-8.814436793327331543e-01
1.391165554523468018e-01,-1.963192820549011230e-01,1.506911516189575195e-01,6.608885526657104492e-02,-2.345587164163589478e-01,-3.599947318434715271e-02,1.753308475017547607e-01,2.331019937992095947e-01,1.791383326053619385e-01,1.662164330482482910e-01,1.791383326053619385e-01,2.331019937992095947e-01,1.753308475017547607e-01,-3.599947318434715271e-02,-2.345587164163589478e-01,6.608885526657104492e-02,1.506911516189575195e-01,-1.963192820549011230e-01,1.391165554523468018e-01
3.393198922276496887e-02,5.070551857352256775e-02,-2.035408169031143188e-01,2.663628756999969482e-01,-3.466094285249710083e-02,-1.884289085865020752e-01,-1.661941260099411011e-01,8.252347260713577271e-02,1.042439490556716919e-01,1.883838176727294922e-01,1.042439490556716919e-01,8.252347260713577271e-02,-1.661941260099411011e-01,-1.884289085865020752e-01,-3.466094285249710083e-02,2.663628756999969482e-01,-2.035408169031143188e-01,5.070551857352256775e-02,3.393198922276496887e-02
-9.900165200233459473e-01
1.043072715401649475e-01,-9.287583082914352417e-02,-1.325567718595266342e-02,2.038247436285018921e-01,-2.620875835418701172e-01,-4.871955141425132751e-02,1.314096897840499878e-01,2.690558135509490967e-01,1.561320275068283081e-01,1.955564767122268677e-01,1.561320275068283081e-01,2.690558135509490967e-01,1.314096897840499878e-01,-4.871955141425132751e-02,-2.620875835418701172e-01,2.038247436285018921e-01,-1.325567718595266342e-02,-9.287583082914352417e-02,1.043072715401649475e-01
-6.115620210766792297e-02,1.507612317800521851e-01,-2.347315847873687744e-01,1.880424022674560547e-01,7.022888958454132080e-02,-2.080127149820327759e-01,-1.680616587400436401e-01,4.424264281988143921e-02,1.306781172752380371e-01,1.744651347398757935e-01,1.306781172752380371e-01,4.424264281988143921e-02,-1.680616587400436401e-01,-2.080127149820327759e-01,7.022888958454132080e-02,1.880424022674560547e-01,-2.347315847873687744e-01,1.507612317800521851e-01,-6.115620210766792297e-02
-1.102699279785156250e+00
2.242350764572620392e-02,1.285167504101991653e-02,-1.292535066604614258e-01,2.664903104305267334e-01,-2.217613607645034790e-01,-1.015938892960548401e-01,1.221062168478965759e-01,2.722881734371185303e-01,1.686878651380538940e-01,1.943802535533905029e-01,1.686878651380538940e-01,2.722881734371185303e-01,1.221062168478965759e-01,-1.015938892960548401e-01,-2.217613607645034790e-01,2.664903104305267334e-01,-1.292535066604614258e-01,1.285167504101991653e-02,2.242350764572620392e-02
-8.863487094640731812e-02,1.452908068895339966e-01,-1.659848690032958984e-01,5.869494006037712097e-02,1.895019263029098511e-01,-2.345360666513442993e-01,-1.592030078172683716e-01,-9.001971222460269928e-03,1.645034700632095337e-01,1.472247689962387085e-01,1.645034700632095337e-01,-9.001971222460269928e-03,-1.592030078172683716e-01,-2.345360666513442993e-01,1.895019263029098511e-01,5.869494006037712097e-02,-1.659848690032958984e-01,1.452908068895339966e-01,-8.863487094640731812e-02
-1.219347834587097168e+00
-3.408511355519294739e-02,7.638172060251235962e-02,-1.734867393970489502e-01,2.422929853200912476e-01,-1.301557868719100952e-01,-1.803818792104721069e-01,1.386621892452239990e-01,2.534123957157135010e-01,2.044571340084075928e-01,1.716924309730529785e-01,2.044571340084075928e-01,2.534123957157135010e-01,1.386621892452239990e-01,-1.803818792104721069e-01,-1.301557868719100952e-01,2.422929853200912476e-01,-1.734867393970489502e-01,7.638172060251235962e-02,-3.408511355519294739e-02
-5.757728964090347290e-02,9.428148716688156128e-02,-6.614933162927627563e-02,-7.346433401107788086e-02,2.673408389091491699e-01,-2.269721776247024536e-01,-1.638312488794326782e-01,-4.055709391832351685e-02,1.821350902318954468e-01,1.390409618616104126e-01,1.821350902318954468e-01,-4.055709391832351685e-02,-1.638312488794326782e-01,-2.269721776247024536e-01,2.673408389091491699e-01,-7.346433401107788086e-02,-6.614933162927627563e-02,9.428148716688156128e-02,-5.757728964090347290e-02
-1.339831829071044922e+00
-5.655327811837196350e-02,9.433038532733917236e-02,-1.565162539482116699e-01,1.690937578678131104e-01,-1.942654326558113098e-02,-2.569088041782379150e-01,1.519702523946762085e-01,2.307418882846832275e-01,2.423663735389709473e-01,1.487473547458648682e-01,2.423663735389709473e-01,2.307418882846832275e-01,1.519702523946762085e-01,-2.569088041782379150e-01,-1.942654326558113098e-02,1.690937578678131104e-01,-1.565162539482116699e-01,9.433038532733917236e-02,-5.655327811837196350e-02
-2.277279645204544067e-02,2.741432003676891327e-02,2.414271607995033264e-02,-1.535436660051345825e-01,2.933813631534576416e-01,-1.808541566133499146e-01,-1.969048231840133667e-01,-4.755269736051559448e-02,1.743196398019790649e-01,1.530975252389907837e-01,1.743196398019790649e-01,-4.755269736051559448e-02,-1.969048231840133667e-01,-1.808541566133499146e-01,2.933813631534576416e-01,-1.535436660051345825e-01,2.414271607995033264e-02,2.741432003676891327e-02,-2.277279645204544067e-02
-1.464033246040344238e+00
-5.777574330568313599e-02,7.118520140647888184e-02,-1.110924780368804932e-01,8.670413494110107422e-02,8.519978076219558716e-02,-3.087956309318542480e-01,1.449518352746963501e-01,2.193807214498519897e-01,2.653292715549468994e-01,1.372436136007308960e-01,2.653292715549468994e-01,2.193807214498519897e-01,1.449518352746963501e-01,-3.087956309318542480e-01,8.519978076219558716e-02,8.670413494110107422e-02,-1.110924780368804932e-01,7.118520140647888184e-02,-5.777574330568313599e-02
1.749545522034168243e-02,-2.160871215164661407e-02,7.613112032413482666e-02,-1.910268962383270264e-01,2.661257386207580566e-01,-1.042215004563331604e-01,-2.420763373374938965e-01,-3.481635451316833496e-02,1.519713848829269409e-01,1.825451105833053589e-01,1.519713848829269409e-01,-3.481635451316833496e-02,-2.420763373374938965e-01,-1.042215004563331604e-01,2.661257386207580566e-01,-1.910268962383270264e-01,7.613112032413482666e-02,-2.160871215164661407e-02,1.749545522034168243e-02
-1.591844081878662109e+00
-3.467328846454620361e-02,4.450925812125205994e-02,-5.885413289070129395e-02,4.236593376845121384e-03,1.577461063861846924e-01,-3.266834616661071777e-01,1.184833943843841553e-01,2.267990559339523315e-01,2.725271582603454590e-01,1.436982899904251099e-01,2.725271582603454590e-01,2.267990559339523315e-01,1.184833943843841553e-01,-3.266834616661071777e-01,1.577461063861846924e-01,4.236593376845121384e-03,-5.885413289070129395e-02,4.450925812125205994e-02,-3.467328846454620361e-02
3.246456012129783630e-02,-4.763658344745635986e-02,1.012013033032417297e-01,-1.855625957250595093e-01,2.092571705579757690e-01,-1.633224636316299438e-02,-2.911470234394073486e-01,-2.147747576236724854e-02,1.251152306795120239e-01,2.151466906070709229e-01,1.251152306795120239e-01,-2.147747576236724854e-02,-2.911470234394073486e-01,-1.633224636316299438e-02,2.092571705579757690e-01,-1.855625957250595093e-01,1.012013033032417297e-01,-4.763658344745635986e-02,3.246456012129783630e-02
-1.723165392875671387e+00
-1.246258802711963654e-02,1.399989053606987000e-02,-1.213370822370052338e-02,-5.474096536636352539e-02,2.004925608634948730e-01,-3.146352469921112061e-01,7.175497710704803467e-02,2.476705163717269897e-01,2.658339142799377441e-01,1.632980853319168091e-01,2.658339142799377441e-01,2.476705163717269897e-01,7.175497710704803467e-02,-3.146352469921112061e-01,2.004925608634948730e-01,-5.474096536636352539e-02,-1.213370822370052338e-02,1.399989053606987000e-02,-1.246258802711963654e-02
3.571893274784088135e-02,-5.412194132804870605e-02,1.002386659383773804e-01,-1.576837152242660522e-01,1.373606771230697632e-01,6.805061548948287964e-02,-3.292695879936218262e-01,-1.355563662946224213e-02,1.037553176283836365e-01,2.415500134229660034e-01,1.037553176283836365e-01,-1.355563662946224213e-02,-3.292695879936218262e-01,6.805061548948287964e-02,1.373606771230697632e-01,-1.576837152242660522e-01,1.002386659383773804e-01,-5.412194132804870605e-02,3.571893274784088135e-02
-1.857905864715576172e+00
7.868091575801372528e-03,-9.634481742978096008e-03,2.238945662975311279e-02,-9.210302680730819702e-02,2.150184363126754761e-01,-2.791340351104736328e-01,1.339628174901008606e-02,2.755871117115020752e-01,2.514666020870208740e-01,1.903709322214126587e-01,2.514666020870208740e-01,2.755871117115020752e-01,1.339628174901008606e-02,-2.791340351104736328e-01,2.150184363126754761e-01,-9.210302680730819702e-02,2.238945662975311279e-02,-9.634481742978096008e-03,7.868091575801372528e-03
2.832928113639354706e-02,-4.760926961898803711e-02,8.521306514739990234e-02,-1.175500229001045227e-01,6.587783247232437134e-02,1.393079906702041626e-01,-3.507533967494964600e-01,-1.639124192297458649e-02,9.275621920824050903e-02,2.576371431350708008e-01,9.275621920824050903e-02,-1.639124192297458649e-02,-3.507533967494964600e-01,1.393079906702041626e-01,6.587783247232437134e-02,-1.175500229001045227e-01,8.521306514739990234e-02,-4.760926961898803711e-02,2.832928113639354706e-02
-1.995981097221374512e+00
1.995858550071716309e-02,-2.575773559510707855e-02,4.532932490110397339e-02,-1.093320921063423157e-01,2.059537917375564575e-01,-2.306897938251495361e-01,-4.872383549809455872e-02,3.043632209300994873e-01,2.355729937553405762e-01,2.190057635307312012e-01,2.355729937553405762e-01,3.043632209300994873e-01,-4.872383549809455872e-02,-2.306897938251495361e-01,2.059537917375564575e-01,-1.093320921063423157e-01,4.532932490110397339e-02,-2.575773559510707855e-02,1.995858550071716309e-02
1.631855033338069916e-02,-3.753607347607612610e-02,6.139788404107093811e-02,-7.347309589385986328e-02,5.784294568002223969e-03,1.930716782808303833e-01,-3.553499281406402588e-01,-3.166136145591735840e-02,9.301008284091949463e-02,2.630320489406585693e-01,9.301008284091949463e-02,-3.166136145591735840e-02,-3.553499281406402588e-01,1.930716782808303833e-01,5.784294568002223969e-03,-7.347309589385986328e-02,6.139788404107093811e-02,-3.753607347607612610e-02,1.631855033338069916e-02
-2.137312412261962891e+00
3.595766052603721619e-02,-2.915483713150024414e-02,5.346224829554557800e-02,-1.156031116843223572e-01,1.846470087766647339e-01,-1.728112399578094482e-01,-1.090001538395881653e-01,3.271840512752532959e-01,2.210409045219421387e-01,2.440542578697204590e-01,2.210409045219421387e-01,3.271840512752532959e-01,-1.090001538395881653e-01,-1.728112399578094482e-01,1.846470087766647339e-01,-1.156031116843223572e-01,5.346224829554557800e-02,-2.915483713150024414e-02,3.595766052603721619e-02
-9.360394906252622604e-04,-1.685833372175693512e-02,4.277797415852546692e-02,-3.627604991197586060e-02,-4.852015525102615356e-02,2.270947694778442383e-01,-3.411914706230163574e-01,-5.554659664630889893e-02,1.021356433629989624e-01,2.585914433002471924e-01,1.021356433629989624e-01,-5.554659664630889893e-02,-3.411914706230163574e-01,2.270947694778442383e-01,-4.852015525102615356e-02,-3.627604991197586060e-02,4.277797415852546692e-02,-1.685833372175693512e-02,-9.360394906252622604e-04
-2.281826257705688477e+00
3.760405257344245911e-02,-3.277385234832763672e-02,5.526132509112358093e-02,-1.068673878908157349e-01,1.553692370653152466e-01,-1.167088225483894348e-01,-1.629466116428375244e-01,3.448011875152587891e-01,2.128107249736785889e-01,2.626503109931945801e-01,2.128107249736785889e-01,3.448011875152587891e-01,-1.629466116428375244e-01,-1.167088225483894348e-01,1.553692370653152466e-01,-1.068673878908157349e-01,5.526132509112358093e-02,-3.277385234832763672e-02,3.760405257344245911e-02
-1.369481068104505539e-02,-2.904477296397089958e-03,1.958431303501129150e-02,-4.538329318165779114e-03,-8.396691083908081055e-02,2.460497170686721802e-01,-3.171992599964141846e-01,-9.038957953453063965e-02,1.173440665006637573e-01,2.486665993928909302e-01,1.173440665006637573e-01,-9.038957953453063965e-02,-3.171992599964141846e-01,2.460497170686721802e-01,-8.396691083908081055e-02,-4.538329318165779114e-03,1.958431303501129150e-02,-2.904477296397089958e-03,-1.369481068104505539e-02
-2.429454565048217773e+00
3.603807464241981506e-02,-2.702919021248817444e-02,5.383547395467758179e-02,-9.461194276809692383e-02,1.188863888382911682e-01,-6.495096534490585327e-02,-2.063774317502975464e-01,3.556879758834838867e-01,2.115841656923294067e-01,2.754983603954315186e-01,2.115841656923294067e-01,3.556879758834838867e-01,-2.063774317502975464e-01,-6.495096534490585327e-02,1.188863888382911682e-01,-9.461194276809692383e-02,5.383547395467758179e-02,-2.702919021248817444e-02,3.603807464241981506e-02
-3.031144104897975922e-02,7.130390033125877380e-03,3.247140906751155853e-03,2.283243834972381592e-02,-1.072991415858268738e-01,2.485120445489883423e-01,-2.853844463825225830e-01,-1.299804598093032837e-01,1.359520703554153442e-01,2.351406961679458618e-01,1.359520703554153442e-01,-1.299804598093032837e-01,-2.853844463825225830e-01,2.485120445489883423e-01,-1.072991415858268738e-01,2.283243834972381592e-02,3.247140906751155853e-03,7.130390033125877380e-03,-3.031144104897975922e-02
-2.580132961273193359e+00
-2.032788246870040894e-01,1.411002576351165771e-01,1.003403365612030029e-01,-1.556309461593627930e-01,-1.672169566154479980e-01,8.823555707931518555e-02,1.787562817335128784e-01,2.115276306867599487e-01,1.387840062379837036e-01,1.544482707977294922e-01,1.387840062379837036e-01,2.115276306867599487e-01,1.787562817335128784e-01,8.823555707931518555e-02,-1.672169566154479980e-01,-1.556309461593627930e-01,1.003403365612030029e-01,1.411002576351165771e-01,-2.032788246870040894e-01
5.629519373178482056e-02,-2.081965804100036621e-01,1.876215636730194092e-01,9.905696660280227661e-02,-1.257599592208862305e-01,-2.262699604034423828e-01,-4.646942764520645142e-02,4.844929277896881104e-02,1.377910524606704712e-01,1.128803640604019165e-01,1.377910524606704712e-01,4.844929277896881104e-02,-4.646942764520645142e-02,-2.262699604034423828e-01,-1.257599592208862305e-01,9.905696660280227661e-02,1.876215636730194092e-01,-2.081965804100036621e-01,5.629519373178482056e-02
-3.271071612834930420e-01
1.310742795467376709e-01,-2.400293946266174316e-02,-1.337349712848663330e-01,-1.197947263717651367e-01,4.571828246116638184e-02,1.266792118549346924e-01,1.976315081119537354e-01,1.585688889026641846e-01,1.480160653591156006e-01,9.902054071426391602e-02,1.480160653591156006e-01,1.585688889026641846e-01,1.976315081119537354e-01,1.266792118549346924e-01,4.571828246116638184e-02,-1.197947263717651367e-01,-1.337349712848663330e-01,-2.400293946266174316e-02,1.310742795467376709e-01
5.329760164022445679e-02,2.054053843021392822e-01,2.357349917292594910e-02,-1.267562210559844971e-01,-1.662050187587738037e-01,-6.306165456771850586e-02,-2.357982657849788666e-02,6.269343197345733643e-02,9.870096296072006226e-02,1.442884057760238647e-01,9.870096296072006226e-02,6.269343197345733643e-02,-2.357982657849788666e-02,-6.306165456771850586e-02,-1.662050187587738037e-01,-1.267562210559844971e-01,2.357349917292594910e-02,2.054053843021392822e-01,5.329760164022445679e-02
-4.067060351371765137e-01
1.195528879761695862e-01,1.281733661890029907e-01,-1.304470449686050415e-01,-1.585157811641693115e-01,-1.156284566968679428e-02,1.371553987264633179e-01,1.691800057888031006e-01,1.702146828174591064e-01,1.295928508043289185e-01,1.245090886950492859e-01,1.295928508043289185e-01,1.702146828174591064e-01,1.691800057888031006e-01,1.371553987264633179e-01,-1.156284566968679428e-02,-1.585157811641693115e-01,-1.304470449686050415e-01,1.281733661890029907e-01,1.195528879761695862e-01
-9.974687546491622925e-02,1.010978743433952332e-01,1.531307548284530640e-01,-9.611311554908752441e-02,-1.581085622310638428e-01,-1.394582986831665039e-01,1.313152629882097244e-02,5.595446377992630005e-02,1.498283296823501587e-01,1.256373971700668335e-01,1.498283296823501587e-01,5.595446377992630005e-02,1.313152629882097244e-02,-1.394582986831665039e-01,-1.581085622310638428e-01,-9.611311554908752441e-02,1.531307548284530640e-01,1.010978743433952332e-01,-9.974687546491622925e-02
-4.918165504932403564e-01
-3.956082835793495178e-02,1.566735953092575073e-01,-1.973152533173561096e-02,-1.942724138498306274e-01,-4.687878116965293884e-02,9.207982569932937622e-02,1.883454620838165283e-01,1.632871031761169434e-01,1.595481485128402710e-01,1.219888925552368164e-01,1.595481485128402710e-01,1.632871031761169434e-01,1.883454620838165283e-01,9.207982569932937622e-02,-4.687878116965293884e-02,-1.942724138498306274e-01,-1.973152533173561096e-02,1.566735953092575073e-01,-3.956082835793495178e-02
-2.246555984020233154e-01,3.824516385793685913e-02,1.727939099073410034e-01,2.850016206502914429e-02,-2.060512602329254150e-01,-1.358700543642044067e-01,-4.323048144578933716e-02,9.302052110433578491e-02,9.865148365497589111e-02,1.501638442277908325e-01,9.865148365497589111e-02,9.302052110433578491e-02,-4.323048144578933716e-02,-1.358700543642044067e-01,-2.060512602329254150e-01,2.850016206502914429e-02,1.727939099073410034e-01,3.824516385793685913e-02,-2.246555984020233154e-01
-5.821056365966796875e-01
-2.195815443992614746e-01,1.972556561231613159e-01,6.267351657152175903e-02,-1.508490592241287231e-01,-1.635406911373138428e-01,9.696190804243087769e-02,1.664526015520095825e-01,2.186674475669860840e-01,1.342518031597137451e-01,1.649375259876251221e-01,1.342518031597137451e-01,2.186674475669860840e-01,1.664526015520095825e-01,9.696190804243087769e-02,-1.635406911373138428e-01,-1.508490592241287231e-01,6.267351657152175903e-02,1.972556561231613159e-01,-2.195815443992614746e-01
-4.903073236346244812e-02,-1.474196612834930420e-01,1.854901462793350220e-01,9.053777158260345459e-02,-1.504886746406555176e-01,-1.930603682994842529e-01,-5.456985905766487122e-02,5.511290207505226135e-02,1.156293600797653198e-01,1.245732083916664124e-01,1.156293600797653198e-01,5.511290207505226135e-02,-5.456985905766487122e-02,-1.930603682994842529e-01,-1.504886746406555176e-01,9.053777158260345459e-02,1.854901462793350220e-01,-1.474196612834930420e-01,-4.903073236346244812e-02
-6.772937774658203125e-01
-1.263687908649444580e-01,-1.186269987374544144e-02,2.019487619400024414e-01,-1.504535824060440063e-01,-1.607704013586044312e-01,3.235752135515213013e-02,2.075730562210083008e-01,1.845738440752029419e-01,1.637015640735626221e-01,1.222009360790252686e-01,1.637015640735626221e-01,1.845738440752029419e-01,2.075730562210083008e-01,3.235752135515213013e-02,-1.607704013586044312e-01,-1.504535824060440063e-01,2.019487619400024414e-01,-1.186269987374544144e-02,-1.263687908649444580e-01
1.882692277431488037e-01,-2.535162866115570068e-01,1.276722252368927002e-01,1.360031962394714355e-01,-8.262567222118377686e-02,-2.324316203594207764e-01,-5.238957330584526062e-02,3.873614221811294556e-02,1.442551761865615845e-01,1.122457236051559448e-01,1.442551761865615845e-01,3.873614221811294556e-02,-5.238957330584526062e-02,-2.324316203594207764e-01,-8.262567222118377686e-02,1.360031962394714355e-01,1.276722252368927002e-01,-2.535162866115570068e-01,1.882692277431488037e-01
-7.771421670913696289e-01
5.693174526095390320e-02,-1.927149593830108643e-01,2.553045451641082764e-01,-8.636627346277236938e-02,-1.795116811990737915e-01,-2.985551953315734863e-02,2.181516140699386597e-01,1.865973770618438721e-01,2.021018713712692261e-01,1.280480474233627319e-01,2.021018713712692261e-01,1.865973770618438721e-01,2.181516140699386597e-01,-2.985551953315734863e-02,-1.795116811990737915e-01,-8.636627346277236938e-02,2.553045451641082764e-01,-1.927149593830108643e-01,5.693174526095390320e-02
1.708425134420394897e-01,-1.327406018972396851e-01,-5.202181264758110046e-02,2.355625182390213013e-01,-7.623334228992462158e-02,-2.072205841541290283e-01,-1.219934821128845215e-01,6.488822400569915771e-02,1.086422130465507507e-01,1.546354889869689941e-01,1.086422130465507507e-01,6.488822400569915771e-02,-1.219934821128845215e-01,-2.072205841541290283e-01,-7.623334228992462158e-02,2.355625182390213013e-01,-5.202181264758110046e-02,-1.327406018972396851e-01,1.708425134420394897e-01
-8.814436793327331543e-01
1.372408419847488403e-01,-1.987733691930770874e-01,1.505361199378967285e-01,6.898178160190582275e-02,-2.297334671020507812e-01,-3.497142344713211060e-02,1.691929847002029419e-01,2.277231365442276001e-01,1.788389980792999268e-01,1.686531603336334229e-01,1.788389980792999268e-01,2.277231365442276001e-01,1.691929847002029419e-01,-3.497142344713211060e-02,-2.297334671020507812e-01,6.898178160190582275e-02,1.505361199378967285e-01,-1.987733691930770874e-01,1.372408419847488403e-01
3.456205129623413086e-02,4.182313755154609680e-02,-2.092176973819732666e-01,2.696791887283325195e-01,-2.901617065072059631e-02,-1.886461079120635986e-01,-1.685282438993453979e-01,8.255157619714736938e-02,1.060988381505012512e-01,1.897017210721969604e-01,1.060988381505012512e-01,8.255157619714736938e-02,-1.685282438993453979e-01,-1.886461079120635986e-01,-2.901617065072059631e-02,2.696791887283325195e-01,-2.092176973819732666e-01,4.182313755154609680e-02,3.456205129623413086e-02
-9.900165200233459473e-01
1.040022224187850952e-01,-9.381928294897079468e-02,-1.209704764187335968e-02,2.063353359699249268e-01,-2.595402896404266357e-01,-4.835849255323410034e-02,1.277171820402145386e-01,2.655268013477325439e-01,1.551285386085510254e-01,1.961880326271057129e-01,1.551285386085510254e-01,2.655268013477325439e-01,1.277171820402145386e-01,-4.835849255323410034e-02,-2.595402896404266357e-01,2.063353359699249268e-01,-1.209704764187335968e-02,-9.381928294897079468e-02,1.040022224187850952e-01
-6.502050161361694336e-02,1.454115509986877441e-01,-2.337461858987808228e-01,1.931474804878234863e-01,7.227905094623565674e-02,-2.102504819631576538e-01,-1.692889779806137085e-01,4.504722729325294495e-02,1.302266716957092285e-01,1.734616160392761230e-01,1.302266716957092285e-01,4.504722729325294495e-02,-1.692889779806137085e-01,-2.102504819631576538e-01,7.227905094623565674e-02,1.931474804878234863e-01,-2.337461858987808228e-01,1.454115509986877441e-01,-6.502050161361694336e-02
-1.102699279785156250e+00
2.482317388057708740e-02,1.447763293981552124e-02,-1.291820704936981201e-01,2.653514742851257324e-01,-2.214403003454208374e-01,-1.005924716591835022e-01,1.211066618561744690e-01,2.705942988395690918e-01,1.686689555644989014e-01,1.953897327184677124e-01,1.686689555644989014e-01,2.705942988395690918e-01,1.211066618561744690e-01,-1.005924716591835022e-01,-2.214403003454208374e-01,2.653514742851257324e-01,-1.291820704936981201e-01,1.447763293981552124e-02,2.482317388057708740e-02
-8.998117595911026001e-02,1.423857957124710083e-01,-1.672690212726593018e-01,5.977005138993263245e-02,1.911697536706924438e-01,-2.338308691978454590e-01,-1.583294272422790527e-01,-7.826250977814197540e-03,1.636011898517608643e-01,1.459217518568038940e-01,1.636011898517608643e-01,-7.826250977814197540e-03,-1.583294272422790527e-01,-2.338308691978454590e-01,1.911697536706924438e-01,5.977005138993263245e-02,-1.672690212726593018e-01,1.423857957124710083e-01,-8.998117595911026001e-02
-1.219347834587097168e+00
-3.140673786401748657e-02,7.625661045312881470e-02,-1.738092154264450073e-01,2.438812255859375000e-01,-1.276025772094726562e-01,-1.797687411308288574e-01,1.358719170093536377e-01,2.507639527320861816e-01,2.038135081529617310e-01,1.722140759229660034e-01,2.038135081529617310e-01,2.507639527320861816e-01,1.358719170093536377e-01,-1.797687411308288574e-01,-1.276025772094726562e-01,2.438812255859375000e-01,-1.738092154264450073e-01,7.625661045312881470e-02,-3.140673786401748657e-02
-6.540722399950027466e-02,8.797666430473327637e-02,-6.477507203817367554e-02,-6.817428767681121826e-02,2.689191997051239014e-01,-2.293401956558227539e-01,-1.643236279487609863e-01,-3.927244618535041809e-02,1.795604079961776733e-01,1.357444524765014648e-01,1.795604079961776733e-01,-3.927244618535041809e-02,-1.643236279487609863e-01,-2.293401956558227539e-01,2.689191997051239014e-01,-6.817428767681121826e-02,-6.477507203817367554e-02,8.797666430473327637e-02,-6.540722399950027466e-02
-1.339831829071044922e+00
-5.723895132541656494e-02,9.207857400178909302e-02,-1.566194593906402588e-01,1.712803244590759277e-01,-1.732947304844856262e-02,-2.567236423492431641e-01,1.511448621749877930e-01,2.304763942956924438e-01,2.429547905921936035e-01,1.495294868946075439e-01,2.429547905921936035e-01,2.304763942956924438e-01,1.511448621749877930e-01,-2.567236423492431641e-01,-1.732947304844856262e-02,1.712803244590759277e-01,-1.566194593906402588e-01,9.207857400178909302e-02,-5.723895132541656494e-02
-2.575688250362873077e-02,2.283061854541301727e-02,2.286411635577678680e-02,-1.525942534208297729e-01,2.925593256950378418e-01,-1.822228729724884033e-01,-1.947225183248519897e-01,-4.366390034556388855e-02,1.728612780570983887e-01,1.502690315246582031e-01,1.728612780570983887e-01,-4.366390034556388855e-02,-1.947225183248519897e-01,-1.822228729724884033e-01,2.925593256950378418e-01,-1.525942534208297729e-01,2.286411635577678680e-02,2.283061854541301727e-02,-2.575688250362873077e-02
-1.464033246040344238e+00
-5.122104287147521973e-02,7.317912578582763672e-02,-1.130006387829780579e-01,8.406305313110351562e-02,8.561314642429351807e-02,-3.073415756225585938e-01,1.453610509634017944e-01,2.187963724136352539e-01,2.650893330574035645e-01,1.373530030250549316e-01,2.650893330574035645e-01,2.187963724136352539e-01,1.453610509634017944e-01,-3.073415756225585938e-01,8.561314642429351807e-02,8.406305313110351562e-02,-1.130006387829780579e-01,7.317912578582763672e-02,-5.122104287147521973e-02
1.218708232045173645e-02,-2.297445945441722870e-02,7.860714942216873169e-02,-1.884706467390060425e-01,2.660469114780426025e-01,-1.055421829223632812e-01,-2.415265440940856934e-01,-3.341452404856681824e-02,1.500906348228454590e-01,1.800637096166610718e-01,1.500906348228454590e-01,-3.341452404856681824e-02,-2.415265440940856934e-01,-1.055421829223632812e-01,2.660469114780426025e-01,-1.884706467390060425e-01,7.860714942216873169e-02,-2.297445945441722870e-02,1.218708232045173645e-02
-1.591844081878662109e+00
-2.978993020951747894e-02,4.667859524488449097e-02,-5.983236804604530334e-02,3.042924683541059494e-03,1.580586731433868408e-01,-3.262019455432891846e-01,1.185124963521957397e-01,2.267700582742691040e-01,2.725859582424163818e-01,1.436827182769775391e-01,2.725859582424163818e-01,2.267700582742691040e-01,1.185124963521957397e-01,-3.262019455432891846e-01,1.580586731433868408e-01,3.042924683541059494e-03,-5.983236804604530334e-02,4.667859524488449097e-02,-2.978993020951747894e-02
2.655167877674102783e-02,-4.706889763474464417e-02,1.047598347067832947e-01,-1.845921277999877930e-01,2.066487371921539307e-01,-1.821820996701717377e-02,-2.890053987503051758e-01,-1.791253499686717987e-02,1.243920102715492249e-01,2.129464298486709595e-01,1.243920102715492249e-01,-1.791253499686717987e-02,-2.890053987503051758e-01,-1.821820996701717377e-02,2.066487371921539307e-01,-1.845921277999877930e-01,1.047598347067832947e-01,-4.706889763474464417e-02,2.655167877674102783e-02
-1.723165392875671387e+00
-7.363148964941501617e-03,1.573648117482662201e-02,-1.349769346415996552e-02,-5.559540912508964539e-02,2.017773091793060303e-01,-3.135395348072052002e-01,7.111331820487976074e-02,2.466628998517990112e-01,2.656210958957672119e-01,1.634514331817626953e-01,2.656210958957672119e-01,2.466628998517990112e-01,7.111331820487976074e-02,-3.135395348072052002e-01,2.017773091793060303e-01,-5.559540912508964539e-02,-1.349769346415996552e-02,1.573648117482662201e-02,-7.363148964941501617e-03
3.057645820081233978e-02,-5.351208522915840149e-02,1.036415174603462219e-01,-1.566225588321685791e-01,1.349170058965682983e-01,6.646598130464553833e-02,-3.265183269977569580e-01,-9.226691909134387970e-03,1.036676093935966492e-01,2.395400255918502808e-01,1.036676093935966492e-01,-9.226691909134387970e-03,-3.265183269977569580e-01,6.646598130464553833e-02,1.349170058965682983e-01,-1.566225588321685791e-01,1.036415174603462219e-01,-5.351208522915840149e-02,3.057645820081233978e-02
-1.857905864715576172e+00
9.206006303429603577e-03,-1.197779364883899689e-02,2.152767404913902283e-02,-8.996099233627319336e-02,2.172187566757202148e-01,-2.794464826583862305e-01,1.155676506459712982e-02,2.744407355785369873e-01,2.507479488849639893e-01,1.897660195827484131e-01,2.507479488849639893e-01,2.744407355785369873e-01,1.155676506459712982e-02,-2.794464826583862305e-01,2.172187566757202148e-01,-8.996099233627319336e-02,2.152767404913902283e-02,-1.197779364883899689e-02,9.206006303429603577e-03
2.630707807838916779e-02,-4.768635332584381104e-02,8.655076473951339722e-02,-1.173161268234252930e-01,6.401830911636352539e-02,1.383880227804183960e-01,-3.477941453456878662e-01,-1.237800624221563339e-02,9.189073741436004639e-02,2.548893094062805176e-01,9.189073741436004639e-02,-1.237800624221563339e-02,-3.477941453456878662e-01,1.383880227804183960e-01,6.401830911636352539e-02,-1.173161268234252930e-01,8.655076473951339722e-02,-4.768635332584381104e-02,2.630707807838916779e-02
-1.995981097221374512e+00
1.991417072713375092e-02,-2.857699617743492126e-02,4.549013078212738037e-02,-1.061427369713783264e-01,2.080568969249725342e-01,-2.318661212921142578e-01,-5.117100849747657776e-02,3.028931617736816406e-01,2.341389507055282593e-01,2.175420075654983521e-01,2.341389507055282593e-01,3.028931617736816406e-01,-5.117100849747657776e-02,-2.318661212921142578e-01,2.080568969249725342e-01,-1.061427369713783264e-01,4.549013078212738037e-02,-2.857699617743492126e-02,1.991417072713375092e-02
1.363050565123558044e-02,-3.791477903723716736e-02,6.354846805334091187e-02,-7.204925268888473511e-02,4.347087815403938293e-03,1.915548443794250488e-01,-3.531144559383392334e-01,-2.826331742107868195e-02,9.175249189138412476e-02,2.600201070308685303e-01,9.175249189138412476e-02,-2.826331742107868195e-02,-3.531144559383392334e-01,1.915548443794250488e-01,4.347087815403938293e-03,-7.204925268888473511e-02,6.354846805334091187e-02,-3.791477903723716736e-02,1.363050565123558044e-02
-2.137312412261962891e+00
2.958261035382747650e-02,-3.511662036180496216e-02,5.690378695726394653e-02,-1.085668429732322693e-01,1.859732568264007568e-01,-1.766874790191650391e-01,-1.116494536399841309e-01,3.275358676910400391e-01,2.202714979648590088e-01,2.423201352357864380e-01,2.202714979648590088e-01,3.275358676910400391e-01,-1.116494536399841309e-01,-1.766874790191650391e-01,1.859732568264007568e-01,-1.085668429732322693e-01,5.690378695726394653e-02,-3.511662036180496216e-02,2.958261035382747650e-02
-3.950086887925863266e-03,-2.221361361443996429e-02,4.192328080534934998e-02,-3.246960788965225220e-02,-4.592121392488479614e-02,2.263390570878982544e-01,-3.408772647380828857e-01,-5.399408936500549316e-02,1.006815508008003235e-01,2.558320760726928711e-01,1.006815508008003235e-01,-5.399408936500549316e-02,-3.408772647380828857e-01,2.263390570878982544e-01,-4.592121392488479614e-02,-3.246960788965225220e-02,4.192328080534934998e-02,-2.221361361443996429e-02,-3.950086887925863266e-03
-2.281826257705688477e+00
3.310443460941314697e-02,-3.679800778627395630e-02,5.885113775730133057e-02,-1.009096056222915649e-01,1.562578678131103516e-01,-1.203972473740577698e-01,-1.655336022377014160e-01,3.449307680130004883e-01,2.120083272457122803e-01,2.609864175319671631e-01,2.120083272457122803e-01,3.449307680130004883e-01,-1.655336022377014160e-01,-1.203972473740577698e-01,1.562578678131103516e-01,-1.009096056222915649e-01,5.885113775730133057e-02,-3.679800778627395630e-02,3.310443460941314697e-02
-1.661856099963188171e-02,-5.456921644508838654e-03,2.080067433416843414e-02,-1.720855128951370716e-03,-8.343461155891418457e-02,2.446847110986709595e-01,-3.159058094024658203e-01,-8.775348961353302002e-02,1.161571666598320007e-01,2.456782609224319458e-01,1.161571666598320007e-01,-8.775348961353302002e-02,-3.159058094024658203e-01,2.446847110986709595e-01,-8.343461155891418457e-02,-1.720855128951370716e-03,2.080067433416843414e-02,-5.456921644508838654e-03,-1.661856099963188171e-02
-2.429454565048217773e+00
3.318805992603302002e-02,-3.156931698322296143e-02,5.596724897623062134e-02,-8.860640227794647217e-02,1.207277625799179077e-01,-6.871881335973739624e-02,-2.100004851818084717e-01,3.554318845272064209e-01,2.114876210689544678e-01,2.748060822486877441e-01,2.114876210689544678e-01,3.554318845272064209e-01,-2.100004851818084717e-01,-6.871881335973739624e-02,1.207277625799179077e-01,-8.860640227794647217e-02,5.596724897623062134e-02,-3.156931698322296143e-02,3.318805992603302002e-02
-3.217248246073722839e-02,7.897780276834964752e-03,5.466966889798641205e-03,2.369177341461181641e-02,-1.086433380842208862e-01,2.478823214769363403e-01,-2.824217677116394043e-01,-1.263766437768936157e-01,1.348904371261596680e-01,2.319557517766952515e-01,1.348904371261596680e-01,-1.263766437768936157e-01,-2.824217677116394043e-01,2.478823214769363403e-01,-1.086433380842208862e-01,2.369177341461181641e-02,5.466966889798641205e-03,7.897780276834964752e-03,-3.217248246073722839e-02
-2.580132961273193359e+00
-2.035185992717742920e-01,1.416967511177062988e-01,1.016881465911865234e-01,-1.538722813129425049e-01,-1.627558767795562744e-01,9.423132985830307007e-02,1.773172020912170410e-01,2.063798755407333374e-01,1.379525810480117798e-01,1.568068414926528931e-01,1.379525810480117798e-01,2.063798755407333374e-01,1.773172020912170410e-01,9.423132985830307007e-02,-1.627558767795562744e-01,-1.538722813129425049e-01,1.016881465911865234e-01,1.416967511177062988e-01,-2.035185992717742920e-01
5.193220824003219604e-02,-2.140141427516937256e-01,1.822295337915420532e-01,9.846956282854080200e-02,-1.170485392212867737e-01,-2.193918228149414062e-01,-4.841880500316619873e-02,4.479700326919555664e-02,1.439931541681289673e-01,1.207902282476425171e-01,1.439931541681289673e-01,4.479700326919555664e-02,-4.841880500316619873e-02,-2.193918228149414062e-01,-1.170485392212867737e-01,9.846956282854080200e-02,1.822295337915420532e-01,-2.140141427516937256e-01,5.193220824003219604e-02
-3.271071612834930420e-01
1.703947037458419800e-01,-2.859514951705932617e-02,-1.652870774269104004e-01,-1.251445412635803223e-01,6.989027559757232666e-02,1.301560252904891968e-01,1.806103140115737915e-01,1.505705863237380981e-01,1.469860970973968506e-01,1.009021773934364319e-01,1.469860970973968506e-01,1.505705863237380981e-01,1.806103140115737915e-01,1.301560252904891968e-01,6.989027559757232666e-02,-1.251445412635803223e-01,-1.652870774269104004e-01,-2.859514951705932617e-02,1.703947037458419800e-01
2.204446308314800262e-02,1.692905724048614502e-01,1.872891001403331757e-02,-9.854426234960556030e-02,-1.674001514911651611e-01,-8.955355733633041382e-02,-8.011057972908020020e-03,9.902466833591461182e-02,1.059994101524353027e-01,1.212845742702484131e-01,1.059994101524353027e-01,9.902466833591461182e-02,-8.011057972908020020e-03,-8.955355733633041382e-02,-1.674001514911651611e-01,-9.854426234960556030e-02,1.872891001403331757e-02,1.692905724048614502e-01,2.204446308314800262e-02
-4.067060351371765137e-01
-3.517663478851318359e-02,1.350220441818237305e-01,2.481703646481037140e-02,-8.581916242837905884e-02,-1.361509263515472412e-01,2.145365625619888306e-02,2.056017071008682251e-01,2.591164410114288330e-01,1.413230448961257935e-01,8.381152153015136719e-02,1.413230448961257935e-01,2.591164410114288330e-01,2.056017071008682251e-01,2.145365625619888306e-02,-1.361509263515472412e-01,-8.581916242837905884e-02,2.481703646481037140e-02,1.350220441818237305e-01,-3.517663478851318359e-02
2.468336187303066254e-02,1.510816067457199097e-01,5.156026035547256470e-02,-1.690869331359863281e-01,-5.590913444757461548e-02,-2.895173244178295135e-02,-8.514189720153808594e-02,-6.478106230497360229e-02,1.631951332092285156e-01,2.155831754207611084e-01,1.631951332092285156e-01,-6.478106230497360229e-02,-8.514189720153808594e-02,-2.895173244178295135e-02,-5.590913444757461548e-02,-1.690869331359863281e-01,5.156026035547256470e-02,1.510816067457199097e-01,2.468336187303066254e-02
-4.918165504932403564e-01
-3.011880069971084595e-02,1.630722284317016602e-01,-2.243249118328094482e-02,-2.008384615182876587e-01,-4.921960830688476562e-02,9.686424583196640015e-02,1.907782554626464844e-01,1.584765911102294922e-01,1.507852971553802490e-01,1.129572689533233643e-01,1.507852971553802490e-01,1.584765911102294922e-01,1.907782554626464844e-01,9.686424583196640015e-02,-4.921960830688476562e-02,-2.008384615182876587e-01,-2.243249118328094482e-02,1.630722284317016602e-01,-3.011880069971084595e-02
-2.259719073772430420e-01,3.293193131685256958e-02,1.693200320005416870e-01,3.247763589024543762e-02,-1.982185840606689453e-01,-1.356012076139450073e-01,-5.673084780573844910e-02,7.707859575748443604e-02,9.676373749971389771e-02,1.533535420894622803e-01,9.676373749971389771e-02,7.707859575748443604e-02,-5.673084780573844910e-02,-1.356012076139450073e-01,-1.982185840606689453e-01,3.247763589024543762e-02,1.693200320005416870e-01,3.293193131685256958e-02,-2.259719073772430420e-01
-5.821056365966796875e-01
-2.128482908010482788e-01,1.993224918842315674e-01,6.050265952944755554e-02,-1.518471091985702515e-01,-1.611476689577102661e-01,9.949713200330734253e-02,1.645761728286743164e-01,2.157428711652755737e-01,1.352617293596267700e-01,1.677313745021820068e-01,1.352617293596267700e-01,2.157428711652755737e-01,1.645761728286743164e-01,9.949713200330734253e-02,-1.611476689577102661e-01,-1.518471091985702515e-01,6.050265952944755554e-02,1.993224918842315674e-01,-2.128482908010482788e-01
-5.348568037152290344e-02,-1.503787934780120850e-01,1.864994913339614868e-01,9.430156648159027100e-02,-1.482838690280914307e-01,-1.941131502389907837e-01,-5.872345715761184692e-02,5.194979906082153320e-02,1.181700825691223145e-01,1.281608194112777710e-01,1.181700825691223145e-01,5.194979906082153320e-02,-5.872345715761184692e-02,-1.941131502389907837e-01,-1.482838690280914307e-01,9.430156648159027100e-02,1.864994913339614868e-01,-1.503787934780120850e-01,-5.348568037152290344e-02
-6.772937774658203125e-01
-1.205118298530578613e-01,-1.856689900159835815e-02,1.874719113111495972e-01,-1.559713780879974365e-01,-1.543255597352981567e-01,4.110934585332870483e-02,2.050821185111999512e-01,1.810547560453414917e-01,1.689266413450241089e-01,1.309829950332641602e-01,1.689266413450241089e-01,1.810547560453414917e-01,2.050821185111999512e-01,4.110934585332870483e-02,-1.543255597352981567e-01,-1.559713780879974365e-01,1.874719113111495972e-01,-1.856689900159835815e-02,-1.205118298530578613e-01
1.871713846921920776e-01,-2.464790046215057373e-01,1.340429186820983887e-01,1.364181339740753174e-01,-8.949034661054611206e-02,-2.385921776294708252e-01,-5.292573571205139160e-02,4.289655759930610657e-02,1.476863771677017212e-01,1.140122190117835999e-01,1.476863771677017212e-01,4.289655759930610657e-02,-5.292573571205139160e-02,-2.385921776294708252e-01,-8.949034661054611206e-02,1.364181339740753174e-01,1.340429186820983887e-01,-2.464790046215057373e-01,1.871713846921920776e-01
-7.771421670913696289e-01
5.592421442270278931e-02,-2.009052336215972900e-01,2.475796192884445190e-01,-8.242552727460861206e-02,-1.672625243663787842e-01,-2.352718822658061981e-02,2.096173465251922607e-01,1.783887892961502075e-01,2.050764709711074829e-01,1.359011381864547729e-01,2.050764709711074829e-01,1.783887892961502075e-01,2.096173465251922607e-01,-2.352718822658061981e-02,-1.672625243663787842e-01,-8.242552727460861206e-02,2.475796192884445190e-01,-2.009052336215972900e-01,5.592421442270278931e-02
1.703488528728485107e-01,-1.402584165334701538e-01,-5.598440393805503845e-02,2.401371002197265625e-01,-7.213293761014938354e-02,-2.098139226436614990e-01,-1.246501728892326355e-01,6.858846545219421387e-02,1.137186363339424133e-01,1.577048897743225098e-01,1.137186363339424133e-01,6.858846545219421387e-02,-1.246501728892326355e-01,-2.098139226436614990e-01,-7.213293761014938354e-02,2.401371002197265625e-01,-5.598440393805503845e-02,-1.402584165334701538e-01,1.703488528728485107e-01
-8.814436793327331543e-01
1.415530890226364136e-01,-1.984214633703231812e-01,1.479111909866333008e-01,6.671177595853805542e-02,-2.300393581390380859e-01,-3.334676474332809448e-02,1.702945530414581299e-01,2.274823784828186035e-01,1.799668222665786743e-01,1.702891886234283447e-01,1.799668222665786743e-01,2.274823784828186035e-01,1.702945530414581299e-01,-3.334676474332809448e-02,-2.300393581390380859e-01,6.671177595853805542e-02,1.479111909866333008e-01,-1.984214633703231812e-01,1.415530890226364136e-01
2.812783792614936829e-02,4.485412687063217163e-02,-2.019156217575073242e-01,2.731901109218597412e-01,-3.263073414564132690e-02,-1.921858638525009155e-01,-1.685562282800674438e-01,8.456216007471084595e-02,1.051911637187004089e-01,1.880797594785690308e-01,1.051911637187004089e-01,8.456216007471084595e-02,-1.685562282800674438e-01,-1.921858638525009155e-01,-3.263073414564132690e-02,2.731901109218597412e-01,-2.019156217575073242e-01,4.485412687063217163e-02,2.812783792614936829e-02
-9.900165200233459473e-01
9.908386319875717163e-02,-9.922903031110763550e-02,-1.101850625127553940e-02,2.103071659803390503e-01,-2.586720883846282959e-01,-4.968267679214477539e-02,1.272974461317062378e-01,2.658020853996276855e-01,1.556187421083450317e-01,1.965647339820861816e-01,1.556187421083450317e-01,2.658020853996276855e-01,1.272974461317062378e-01,-4.968267679214477539e-02,-2.586720883846282959e-01,2.103071659803390503e-01,-1.101850625127553940e-02,-9.922903031110763550e-02,9.908386319875717163e-02
-6.663021445274353027e-02,1.394737064838409424e-01,-2.319058477878570557e-01,2.012145370244979858e-01,7.497963309288024902e-02,-2.151850610971450806e-01,-1.743707060813903809e-01,4.181684926152229309e-02,1.272117793560028076e-01,1.705799996852874756e-01,1.272117793560028076e-01,4.181684926152229309e-02,-1.743707060813903809e-01,-2.151850610971450806e-01,7.497963309288024902e-02,2.012145370244979858e-01,-2.319058477878570557e-01,1.394737064838409424e-01,-6.663021445274353027e-02
-1.102699279785156250e+00
2.814552746713161469e-02,1.186511665582656860e-02,-1.319054514169692993e-01,2.652340233325958252e-01,-2.209946066141128540e-01,-1.026253774762153625e-01,1.185037046670913696e-01,2.705405056476593018e-01,1.707978248596191406e-01,1.977464705705642700e-01,1.707978248596191406e-01,2.705405056476593018e-01,1.185037046670913696e-01,-1.026253774762153625e-01,-2.209946066141128540e-01,2.652340233325958252e-01,-1.319054514169692993e-01,1.186511665582656860e-02,2.814552746713161469e-02
-8.992445468902587891e-02,1.449945718050003052e-01,-1.656344681978225708e-01,5.953609570860862732e-02,1.878452450037002563e-01,-2.368853539228439331e-01,-1.583127081394195557e-01,-5.097959190607070923e-03,1.647335439920425415e-01,1.457959711551666260e-01,1.647335439920425415e-01,-5.097959190607070923e-03,-1.583127081394195557e-01,-2.368853539228439331e-01,1.878452450037002563e-01,5.953609570860862732e-02,-1.656344681978225708e-01,1.449945718050003052e-01,-8.992445468902587891e-02
-1.219347834587097168e+00
-3.648471459746360779e-02,7.448574155569076538e-02,-1.711563616991043091e-01,2.463048398494720459e-01,-1.282280832529067993e-01,-1.827377974987030029e-01,1.331992000341415405e-01,2.512411773204803467e-01,2.067830413579940796e-01,1.754593551158905029e-01,2.067830413579940796e-01,2.512411773204803467e-01,1.331992000341415405e-01,-1.827377974987030029e-01,-1.282280832529067993e-01,2.463048398494720459e-01,-1.711563616991043091e-01,7.448574155569076538e-02,-3.648471459746360779e-02
-7.020747661590576172e-02,8.280375599861145020e-02,-6.318338960409164429e-02,-6.219002231955528259e-02,2.709422111511230469e-01,-2.324059307575225830e-01,-1.660253703594207764e-01,-3.729054331779479980e-02,1.803710013628005981e-01,1.351957917213439941e-01,1.803710013628005981e-01,-3.729054331779479980e-02,-1.660253703594207764e-01,-2.324059307575225830e-01,2.709422111511230469e-01,-6.219002231955528259e-02,-6.318338960409164429e-02,8.280375599861145020e-02,-7.020747661590576172e-02
-1.339831829071044922e+00
-5.684132501482963562e-02,8.746368438005447388e-02,-1.573708057403564453e-01,1.751477718353271484e-01,-1.498621236532926559e-02,-2.592960298061370850e-01,1.462189257144927979e-01,2.290138006210327148e-01,2.440118193626403809e-01,1.511413156986236572e-01,2.440118193626403809e-01,2.290138006210327148e-01,1.462189257144927979e-01,-2.592960298061370850e-01,-1.498621236532926559e-02,1.751477718353271484e-01,-1.573708057403564453e-01,8.746368438005447388e-02,-5.684132501482963562e-02
-2.559678815305233002e-02,2.297294326126575470e-02,2.483449317514896393e-02,-1.496167182922363281e-01,2.924032211303710938e-01,-1.848841905593872070e-01,-1.958735585212707520e-01,-4.198331013321876526e-02,1.741975098848342896e-01,1.503308564424514771e-01,1.741975098848342896e-01,-4.198331013321876526e-02,-1.958735585212707520e-01,-1.848841905593872070e-01,2.924032211303710938e-01,-1.496167182922363281e-01,2.483449317514896393e-02,2.297294326126575470e-02,-2.559678815305233002e-02
-1.464033246040344238e+00
-4.962123185396194458e-02,7.668491452932357788e-02,-1.079195067286491394e-01,8.711159229278564453e-02,8.372613787651062012e-02,-3.124871253967285156e-01,1.423402875661849976e-01,2.212574332952499390e-01,2.697144746780395508e-01,1.413436233997344971e-01,2.697144746780395508e-01,2.212574332952499390e-01,1.423402875661849976e-01,-3.124871253967285156e-01,8.372613787651062012e-02,8.711159229278564453e-02,-1.079195067286491394e-01,7.668491452932357788e-02,-4.962123185396194458e-02
8.952703210525214672e-04,-2.712425217032432556e-02,8.272002637386322021e-02,-1.825144588947296143e-01,2.664025127887725830e-01,-1.088393181562423706e-01,-2.418934404850006104e-01,-2.978667430579662323e-02,1.522460877895355225e-01,1.801545619964599609e-01,1.522460877895355225e-01,-2.978667430579662323e-02,-2.418934404850006104e-01,-1.088393181562423706e-01,2.664025127887725830e-01,-1.825144588947296143e-01,8.272002637386322021e-02,-2.712425217032432556e-02,8.952703210525214672e-04
-1.591844081878662109e+00
-3.159111365675926208e-02,4.513991996645927429e-02,-5.643678829073905945e-02,7.258236408233642578e-03,1.574843078851699829e-01,-3.308418095111846924e-01,1.154157519340515137e-01,2.283412814140319824e-01,2.754289805889129639e-01,1.459033340215682983e-01,2.754289805889129639e-01,2.283412814140319824e-01,1.154157519340515137e-01,-3.308418095111846924e-01,1.574843078851699829e-01,7.258236408233642578e-03,-5.643678829073905945e-02,4.513991996645927429e-02,-3.159111365675926208e-02
2.503078617155551910e-02,-4.924865067005157471e-02,1.049053743481636047e-01,-1.819108724594116211e-01,2.079206854104995728e-01,-1.932454481720924377e-02,-2.896595299243927002e-01,-1.647394336760044098e-02,1.260602325201034546e-01,2.135664373636245728e-01,1.260602325201034546e-01,-1.647394336760044098e-02,-2.896595299243927002e-01,-1.932454481720924377e-02,2.079206854104995728e-01,-1.819108724594116211e-01,1.049053743481636047e-01,-4.924865067005157471e-02,2.503078617155551910e-02
-1.723165392875671387e+00
-1.123500522226095200e-02,1.234175078570842743e-02,-1.004358008503913879e-02,-5.080041661858558655e-02,2.006853073835372925e-01,-3.188967108726501465e-01,6.899517774581909180e-02,2.496914565563201904e-01,2.688362002372741699e-01,1.654039174318313599e-01,2.688362002372741699e-01,2.496914565563201904e-01,6.899517774581909180e-02,-3.188967108726501465e-01,2.006853073835372925e-01,-5.080041661858558655e-02,-1.004358008503913879e-02,1.234175078570842743e-02,-1.123500522226095200e-02
3.267844021320343018e-02,-5.520807579159736633e-02,1.015781313180923462e-01,-1.553725898265838623e-01,1.373352408409118652e-01,6.716279685497283936e-02,-3.275748789310455322e-01,-9.821701794862747192e-03,1.043105423450469971e-01,2.401620298624038696e-01,1.043105423450469971e-01,-9.821701794862747192e-03,-3.275748789310455322e-01,6.716279685497283936e-02,1.373352408409118652e-01,-1.553725898265838623e-01,1.015781313180923462e-01,-5.520807579159736633e-02,3.267844021320343018e-02
-1.857905864715576172e+00
4.501001443713903427e-03,-1.398043055087327957e-02,2.599600329995155334e-02,-8.582030236721038818e-02,2.152277380228042603e-01,-2.850193679332733154e-01,9.390757419168949127e-03,2.776310145854949951e-01,2.544377744197845459e-01,1.922721415758132935e-01,2.544377744197845459e-01,2.776310145854949951e-01,9.390757419168949127e-03,-2.850193679332733154e-01,2.152277380228042603e-01,-8.582030236721038818e-02,2.599600329995155334e-02,-1.398043055087327957e-02,4.501001443713903427e-03
2.914308570325374603e-02,-5.092247948050498962e-02,8.353798091411590576e-02,-1.147053465247154236e-01,6.864769011735916138e-02,1.392377018928527832e-01,-3.507162630558013916e-01,-1.469133049249649048e-02,9.330584853887557983e-02,2.569444477558135986e-01,9.330584853887557983e-02,-1.469133049249649048e-02,-3.507162630558013916e-01,1.392377018928527832e-01,6.864769011735916138e-02,-1.147053465247154236e-01,8.353798091411590576e-02,-5.092247948050498962e-02,2.914308570325374603e-02
-1.995981097221374512e+00
2.007345668971538544e-02,-2.892524003982543945e-02,4.762765765190124512e-02,-1.036330834031105042e-01,2.070999741554260254e-01,-2.354160845279693604e-01,-5.192329734563827515e-02,3.063107430934906006e-01,2.378505915403366089e-01,2.201313078403472900e-01,2.378505915403366089e-01,3.063107430934906006e-01,-5.192329734563827515e-02,-2.354160845279693604e-01,2.070999741554260254e-01,-1.036330834031105042e-01,4.762765765190124512e-02,-2.892524003982543945e-02,2.007345668971538544e-02
1.668962836265563965e-02,-3.617570549249649048e-02,6.168819963932037354e-02,-7.339957356452941895e-02,6.014558486640453339e-03,1.938375234603881836e-01,-3.547787070274353027e-01,-3.106738440692424774e-02,9.337687492370605469e-02,2.631053030490875244e-01,9.337687492370605469e-02,-3.106738440692424774e-02,-3.547787070274353027e-01,1.938375234603881836e-01,6.014558486640453339e-03,-7.339957356452941895e-02,6.168819963932037354e-02,-3.617570549249649048e-02,1.668962836265563965e-02
-2.137312412261962891e+00
2.682835794985294342e-02,-3.610176220536231995e-02,5.861072614789009094e-02,-1.075349748134613037e-01,1.840871721506118774e-01,-1.796377450227737427e-01,-1.116807833313941956e-01,3.309390246868133545e-01,2.241323739290237427e-01,2.452817857265472412e-01,2.241323739290237427e-01,3.309390246868133545e-01,-1.116807833313941956e-01,-1.796377450227737427e-01,1.840871721506118774e-01,-1.075349748134613037e-01,5.861072614789009094e-02,-3.610176220536231995e-02,2.682835794985294342e-02
3.126231255009770393e-03,-2.192549034953117371e-02,3.704935684800148010e-02,-3.419267386198043823e-02,-4.224841669201850891e-02,2.293818593025207520e-01,-3.440675437450408936e-01,-5.853076651692390442e-02,1.026439964771270752e-01,2.601532638072967529e-01,1.026439964771270752e-01,-5.853076651692390442e-02,-3.440675437450408936e-01,2.293818593025207520e-01,-4.224841669201850891e-02,-3.419267386198043823e-02,3.704935684800148010e-02,-2.192549034953117371e-02,3.126231255009770393e-03
-2.281826257705688477e+00
3.622547909617424011e-02,-3.458015620708465576e-02,5.760027095675468445e-02,-1.034325882792472839e-01,1.549138277769088745e-01,-1.206002458930015564e-01,-1.644394546747207642e-01,3.473922014236450195e-01,2.152640670537948608e-01,2.639139294624328613e-01,2.152640670537948608e-01,3.473922014236450195e-01,-1.644394546747207642e-01,-1.206002458930015564e-01,1.549138277769088745e-01,-1.034325882792472839e-01,5.760027095675468445e-02,-3.458015620708465576e-02,3.622547909617424011e-02
-9.950615465641021729e-03,-1.730363350361585617e-03,1.802978664636611938e-02,-4.925176501274108887e-03,-8.226615935564041138e-02,2.473125457763671875e-01,-3.188068270683288574e-01,-9.263538569211959839e-02,1.175863444805145264e-01,2.500531673431396484e-01,1.175863444805145264e-01,-9.263538569211959839e-02,-3.188068270683288574e-01,2.473125457763671875e-01,-8.226615935564041138e-02,-4.925176501274108887e-03,1.802978664636611938e-02,-1.730363350361585617e-03,-9.950615465641021729e-03
-2.429454565048217773e+00
3.757351264357566833e-02,-2.891429327428340912e-02,5.281780660152435303e-02,-9.273498505353927612e-02,1.208218932151794434e-01,-6.588522344827651978e-02,-2.081063985824584961e-01,3.558579385280609131e-01,2.129513621330261230e-01,2.768459320068359375e-01,2.129513621330261230e-01,3.558579385280609131e-01,-2.081063985824584961e-01,-6.588522344827651978e-02,1.208218932151794434e-01,-9.273498505353927612e-02,5.281780660152435303e-02,-2.891429327428340912e-02,3.757351264357566833e-02
-2.200151048600673676e-02,1.182423811405897141e-02,8.127157343551516533e-04,1.946641877293586731e-02,-1.065791547298431396e-01,2.515701651573181152e-01,-2.856980860233306885e-01,-1.321837902069091797e-01,1.358347982168197632e-01,2.365978211164474487e-01,1.358347982168197632e-01,-1.321837902069091797e-01,-2.856980860233306885e-01,2.515701651573181152e-01,-1.065791547298431396e-01,1.946641877293586731e-02,8.127157343551516533e-04,1.182423811405897141e-02,-2.200151048600673676e-02
-2.580132961273193359e+00
-2.080978602170944214e-01,1.392969191074371338e-01,1.040879637002944946e-01,-1.524035036563873291e-01,-1.692911237478256226e-01,8.448843657970428467e-02,1.796647012233734131e-01,2.142862528562545776e-01,1.396970301866531372e-01,1.538595408201217651e-01,1.396970301866531372e-01,2.142862528562545776e-01,1.796647012233734131e-01,8.448843657970428467e-02,-1.692911237478256226e-01,-1.524035036563873291e-01,1.040879637002944946e-01,1.392969191074371338e-01,-2.080978602170944214e-01
5.433932319283485413e-02,-2.046137154102325439e-01,1.913467645645141602e-01,9.831114858388900757e-02,-1.281957626342773438e-01,-2.254641950130462646e-01,-4.365577548742294312e-02,5.054483935236930847e-02,1.377985328435897827e-01,1.126309186220169067e-01,1.377985328435897827e-01,5.054483935236930847e-02,-4.365577548742294312e-02,-2.254641950130462646e-01,-1.281957626342773438e-01,9.831114858388900757e-02,1.913467645645141602e-01,-2.046137154102325439e-01,5.433932319283485413e-02
-3.271071612834930420e-01
1.631535589694976807e-01,-2.945568412542343140e-02,-1.615393757820129395e-01,-1.253063380718231201e-01,6.800907105207443237e-02,1.320490986108779907e-01,1.810527145862579346e-01,1.469181180000305176e-01,1.475636065006256104e-01,1.042190864682197571e-01,1.475636065006256104e-01,1.469181180000305176e-01,1.810527145862579346e-01,1.320490986108779907e-01,6.800907105207443237e-02,-1.253063380718231201e-01,-1.615393757820129395e-01,-2.945568412542343140e-02,1.631535589694976807e-01
2.449933253228664398e-02,1.784640550613403320e-01,2.383747696876525879e-02,-1.071265339851379395e-01,-1.708671897649765015e-01,-8.287083357572555542e-02,-7.861778140068054199e-03,9.088288247585296631e-02,1.031251475214958191e-01,1.266006976366043091e-01,1.031251475214958191e-01,9.088288247585296631e-02,-7.861778140068054199e-03,-8.287083357572555542e-02,-1.708671897649765015e-01,-1.071265339851379395e-01,2.383747696876525879e-02,1.784640550613403320e-01,2.449933253228664398e-02
-4.067060351371765137e-01
8.366619795560836792e-02,1.486042290925979614e-01,-9.120726585388183594e-02,-1.638101637363433838e-01,-4.828931018710136414e-02,1.289234906435012817e-01,1.838646382093429565e-01,1.786381453275680542e-01,1.289597004652023315e-01,1.220323294401168823e-01,1.289597004652023315e-01,1.786381453275680542e-01,1.838646382093429565e-01,1.289234906435012817e-01,-4.828931018710136414e-02,-1.638101637363433838e-01,-9.120726585388183594e-02,1.486042290925979614e-01,8.366619795560836792e-02
-5.597964301705360413e-02,1.276916712522506714e-01,1.168395876884460449e-01,-1.335399746894836426e-01,-1.257668733596801758e-01,-9.492759406566619873e-02,-1.722789369523525238e-02,1.268495433032512665e-02,1.600987911224365234e-01,1.633285731077194214e-01,1.600987911224365234e-01,1.268495433032512665e-02,-1.722789369523525238e-02,-9.492759406566619873e-02,-1.257668733596801758e-01,-1.335399746894836426e-01,1.168395876884460449e-01,1.276916712522506714e-01,-5.597964301705360413e-02
-4.918165504932403564e-01
-3.390555828809738159e-02,1.627105474472045898e-01,-1.930478215217590332e-02,-1.978127062320709229e-01,-4.889245703816413879e-02,9.587093442678451538e-02,1.921106129884719849e-01,1.598362922668457031e-01,1.483674645423889160e-01,1.088708043098449707e-01,1.483674645423889160e-01,1.598362922668457031e-01,1.921106129884719849e-01,9.587093442678451538e-02,-4.889245703816413879e-02,-1.978127062320709229e-01,-1.930478215217590332e-02,1.627105474472045898e-01,-3.390555828809738159e-02
-2.230037152767181396e-01,3.174653649330139160e-02,1.695450395345687866e-01,3.393989056348800659e-02,-2.002083212137222290e-01,-1.367463618516921997e-01,-4.986589774489402771e-02,8.665069937705993652e-02,9.630212187767028809e-02,1.490338891744613647e-01,9.630212187767028809e-02,8.665069937705993652e-02,-4.986589774489402771e-02,-1.367463618516921997e-01,-2.002083212137222290e-01,3.393989056348800659e-02,1.695450395345687866e-01,3.174653649330139160e-02,-2.230037152767181396e-01
-5.821056365966796875e-01
-2.288982123136520386e-01,1.915930360555648804e-01,6.566469371318817139e-02,-1.442213654518127441e-01,-1.628954857587814331e-01,9.118170291185379028e-02,1.637387871742248535e-01,2.207891196012496948e-01,1.391262263059616089e-01,1.689615696668624878e-01,1.391262263059616089e-01,2.207891196012496948e-01,1.637387871742248535e-01,9.118170291185379028e-02,-1.628954857587814331e-01,-1.442213654518127441e-01,6.566469371318817139e-02,1.915930360555648804e-01,-2.288982123136520386e-01
-5.044157803058624268e-02,-1.441966444253921509e-01,1.884980946779251099e-01,8.982666581869125366e-02,-1.518751978874206543e-01,-1.930729746818542480e-01,-5.561434850096702576e-02,5.374886840581893921e-02,1.162460371851921082e-01,1.260529607534408569e-01,1.162460371851921082e-01,5.374886840581893921e-02,-5.561434850096702576e-02,-1.930729746818542480e-01,-1.518751978874206543e-01,8.982666581869125366e-02,1.884980946779251099e-01,-1.441966444253921509e-01,-5.044157803058624268e-02
-6.772937774658203125e-01
-1.304559558629989624e-01,-1.543322578072547913e-02,2.041095495223999023e-01,-1.424750387668609619e-01,-1.547505557537078857e-01,3.222504258155822754e-02,2.032090574502944946e-01,1.824031174182891846e-01,1.653307676315307617e-01,1.249724999070167542e-01,1.653307676315307617e-01,1.824031174182891846e-01,2.032090574502944946e-01,3.222504258155822754e-02,-1.547505557537078857e-01,-1.424750387668609619e-01,2.041095495223999023e-01,-1.543322578072547913e-02,-1.304559558629989624e-01
1.811544895172119141e-01,-2.581668198108673096e-01,1.303565800189971924e-01,1.416552066802978516e-01,-8.192028850317001343e-02,-2.352360337972640991e-01,-5.666726455092430115e-02,3.666812181472778320e-02,1.462994813919067383e-01,1.148952767252922058e-01,1.462994813919067383e-01,3.666812181472778320e-02,-5.666726455092430115e-02,-2.352360337972640991e-01,-8.192028850317001343e-02,1.416552066802978516e-01,1.303565800189971924e-01,-2.581668198108673096e-01,1.811544895172119141e-01
-7.771421670913696289e-01
5.305982753634452820e-02,-1.971438378095626831e-01,2.541343271732330322e-01,-8.276703953742980957e-02,-1.754255741834640503e-01,-2.872089482843875885e-02,2.162247598171234131e-01,1.855676323175430298e-01,2.022689878940582275e-01,1.288138478994369507e-01,2.022689878940582275e-01,1.855676323175430298e-01,2.162247598171234131e-01,-2.872089482843875885e-02,-1.754255741834640503e-01,-8.276703953742980957e-02,2.541343271732330322e-01,-1.971438378095626831e-01,5.305982753634452820e-02
1.751647293567657471e-01,-1.347772479057312012e-01,-5.680359154939651489e-02,2.335573732852935791e-01,-7.492328435182571411e-02,-2.057441025972366333e-01,-1.203797981142997742e-01,6.715170294046401978e-02,1.088497638702392578e-01,1.541808545589447021e-01,1.088497638702392578e-01,6.715170294046401978e-02,-1.203797981142997742e-01,-2.057441025972366333e-01,-7.492328435182571411e-02,2.335573732852935791e-01,-5.680359154939651489e-02,-1.347772479057312012e-01,1.751647293567657471e-01
-8.814436793327331543e-01
1.333149671554565430e-01,-2.014901638031005859e-01,1.525765657424926758e-01,7.227980345487594604e-02,-2.306936681270599365e-01,-3.782115131616592407e-02,1.697940081357955933e-01,2.296028882265090942e-01,1.779859513044357300e-01,1.664945930242538452e-01,1.779859513044357300e-01,2.296028882265090942e-01,1.697940081357955933e-01,-3.782115131616592407e-02,-2.306936681270599365e-01,7.227980345487594604e-02,1.525765657424926758e-01,-2.014901638031005859e-01,1.333149671554565430e-01
3.528389707207679749e-02,4.296552762389183044e-02,-2.084699273109436035e-01,2.691267728805541992e-01,-2.988049574196338654e-02,-1.882415264844894409e-01,-1.673503369092941284e-01,8.280633389949798584e-02,1.049278080463409424e-01,1.885736137628555298e-01,1.049278080463409424e-01,8.280633389949798584e-02,-1.673503369092941284e-01,-1.882415264844894409e-01,-2.988049574196338654e-02,2.691267728805541992e-01,-2.084699273109436035e-01,4.296552762389183044e-02,3.528389707207679749e-02
-9.900165200233459473e-01
9.752457588911056519e-02,-9.417778998613357544e-02,-8.097520098090171814e-03,2.082871794700622559e-01,-2.614409029483795166e-01,-5.028209835290908813e-02,1.282231062650680542e-01,2.664163112640380859e-01,1.542349904775619507e-01,1.947394758462905884e-01,1.542349904775619507e-01,2.664163112640380859e-01,1.282231062650680542e-01,-5.028209835290908813e-02,-2.614409029483795166e-01,2.082871794700622559e-01,-8.097520098090171814e-03,-9.417778998613357544e-02,9.752457588911056519e-02
-6.463380157947540283e-02,1.433741599321365356e-01,-2.345749139785766602e-01,1.944787353277206421e-01,7.433079928159713745e-02,-2.101259529590606689e-01,-1.705394983291625977e-01,4.341067746281623840e-02,1.297835707664489746e-01,1.733779609203338623e-01,1.297835707664489746e-01,4.341067746281623840e-02,-1.705394983291625977e-01,-2.101259529590606689e-01,7.433079928159713745e-02,1.944787353277206421e-01,-2.345749139785766602e-01,1.433741599321365356e-01,-6.463380157947540283e-02
-1.102699279785156250e+00
2.291417121887207031e-02,1.194797828793525696e-02,-1.289117634296417236e-01,2.673096954822540283e-01,-2.225435227155685425e-01,-1.034527868032455444e-01,1.207814291119575500e-01,2.720511853694915771e-01,1.683990359306335449e-01,1.941110491752624512e-01,1.683990359306335449e-01,2.720511853694915771e-01,1.207814291119575500e-01,-1.034527868032455444e-01,-2.225435227155685425e-01,2.673096954822540283e-01,-1.289117634296417236e-01,1.194797828793525696e-02,2.291417121887207031e-02
-8.954626321792602539e-02,1.447012722492218018e-01,-1.661409437656402588e-01,5.846177414059638977e-02,1.886531561613082886e-01,-2.346534430980682373e-01,-1.577167510986328125e-01,-7.395992986857891083e-03,1.631174385547637939e-01,1.453487575054168701e-01,1.631174385547637939e-01,-7.395992986857891083e-03,-1.577167510986328125e-01,-2.346534430980682373e-01,1.886531561613082886e-01,5.846177414059638977e-02,-1.661409437656402588e-01,1.447012722492218018e-01,-8.954626321792602539e-02
-1.219347834587097168e+00
-3.786383569240570068e-02,7.734990864992141724e-02,-1.696125566959381104e-01,2.437493503093719482e-01,-1.320461630821228027e-01,-1.826277375221252441e-01,1.375765800476074219e-01,2.532589137554168701e-01,2.042286992073059082e-01,1.715535521507263184e-01,2.042286992073059082e-01,2.532589137554168701e-01,1.375765800476074219e-01,-1.826277375221252441e-01,-1.320461630821228027e-01,2.437493503093719482e-01,-1.696125566959381104e-01,7.734990864992141724e-02,-3.786383569240570068e-02
-6.435938179492950439e-02,8.686004579067230225e-02,-6.605587154626846313e-02,-6.777518987655639648e-02,2.712520956993103027e-01,-2.277377396821975708e-01,-1.650568842887878418e-01,-4.145542159676551819e-02,1.788162589073181152e-01,1.357827037572860718e-01,1.788162589073181152e-01,-4.145542159676551819e-02,-1.650568842887878418e-01,-2.277377396821975708e-01,2.712520956993103027e-01,-6.777518987655639648e-02,-6.605587154626846313e-02,8.686004579067230225e-02,-6.435938179492950439e-02
-1.339831829071044922e+00
-5.854547396302223206e-02,9.154712408781051636e-02,-1.557630002498626709e-01,1.710851341485977173e-01,-1.978838071227073669e-02,-2.589932382106781006e-01,1.506937146186828613e-01,2.306557446718215942e-01,2.414236366748809814e-01,1.475092619657516479e-01,2.414236366748809814e-01,2.306557446718215942e-01,1.506937146186828613e-01,-2.589932382106781006e-01,-1.978838071227073669e-02,1.710851341485977173e-01,-1.557630002498626709e-01,9.154712408781051636e-02,-5.854547396302223206e-02
-2.077594399452209473e-02,2.617082186043262482e-02,2.194790355861186981e-02,-1.543580442667007446e-01,2.935117483139038086e-01,-1.801975667476654053e-01,-1.955749094486236572e-01,-4.652650281786918640e-02,1.728933304548263550e-01,1.513156890869140625e-01,1.728933304548263550e-01,-4.652650281786918640e-02,-1.955749094486236572e-01,-1.801975667476654053e-01,2.935117483139038086e-01,-1.543580442667007446e-01,2.194790355861186981e-02,2.617082186043262482e-02,-2.077594399452209473e-02
-1.464033246040344238e+00
-5.231113731861114502e-02,7.662698626518249512e-02,-1.100129559636116028e-01,8.252874761819839478e-02,8.063820749521255493e-02,-3.104909062385559082e-01,1.469318866729736328e-01,2.218616008758544922e-01,2.661537230014801025e-01,1.371653228998184204e-01,2.661537230014801025e-01,2.218616008758544922e-01,1.469318866729736328e-01,-3.104909062385559082e-01,8.063820749521255493e-02,8.252874761819839478e-02,-1.100129559636116028e-01,7.662698626518249512e-02,-5.231113731861114502e-02
1.159136556088924408e-02,-2.161569893360137939e-02,7.840371876955032349e-02,-1.891836673021316528e-01,2.672927379608154297e-01,-1.035142093896865845e-01,-2.420052140951156616e-01,-3.534154221415519714e-02,1.508463919162750244e-01,1.815467327833175659e-01,1.508463919162750244e-01,-3.534154221415519714e-02,-2.420052140951156616e-01,-1.035142093896865845e-01,2.672927379608154297e-01,-1.891836673021316528e-01,7.840371876955032349e-02,-2.161569893360137939e-02,1.159136556088924408e-02
-1.591844081878662109e+00
-3.601608797907829285e-02,4.395934939384460449e-02,-5.679661035537719727e-02,5.507710389792919159e-03,1.560170948505401611e-01,-3.289232850074768066e-01,1.189921349287033081e-01,2.287414371967315674e-01,2.728146314620971680e-01,1.430172026157379150e-01,2.728146314620971680e-01,2.287414371967315674e-01,1.189921349287033081e-01,-3.289232850074768066e-01,1.560170948505401611e-01,5.507710389792919159e-03,-5.679661035537719727e-02,4.395934939384460449e-02,-3.601608797907829285e-02
3.388949111104011536e-02,-4.810795187950134277e-02,9.936552494764328003e-02,-1.861370503902435303e-01,2.102491706609725952e-01,-1.494598481804132462e-02,-2.904702425003051758e-01,-2.174744941294193268e-02,1.236980408430099487e-01,2.138877809047698975e-01,1.236980408430099487e-01,-2.174744941294193268e-02,-2.904702425003051758e-01,-1.494598481804132462e-02,2.102491706609725952e-01,-1.861370503902435303e-01,9.936552494764328003e-02,-4.810795187950134277e-02,3.388949111104011536e-02
-1.723165392875671387e+00
-9.856164455413818359e-03,1.696592569351196289e-02,-1.112072076648473740e-02,-5.637169256806373596e-02,1.979169547557830811e-01,-3.158975243568420410e-01,7.280902564525604248e-02,2.494955211877822876e-01,2.663523256778717041e-01,1.630705744028091431e-01,2.663523256778717041e-01,2.494955211877822876e-01,7.280902564525604248e-02,-3.158975243568420410e-01,1.979169547557830811e-01,-5.637169256806373596e-02,-1.112072076648473740e-02,1.696592569351196289e-02,-9.856164455413818359e-03
3.502573445439338684e-02,-5.264131352305412292e-02,1.004187688231468201e-01,-1.583065986633300781e-01,1.377159208059310913e-01,6.979615986347198486e-02,-3.283118903636932373e-01,-1.358261518180370331e-02,1.039734631776809692e-01,2.418503761291503906e-01,1.039734631776809692e-01,-1.358261518180370331e-02,-3.283118903636932373e-01,6.979615986347198486e-02,1.377159208059310913e-01,-1.583065986633300781e-01,1.004187688231468201e-01,-5.264131352305412292e-02,3.502573445439338684e-02
-1.857905864715576172e+00
1.605130918323993683e-02,-3.839773999061435461e-04,2.551688440144062042e-02,-9.514635801315307617e-02,2.115389853715896606e-01,-2.803278565406799316e-01,1.324830111116170883e-02,2.759403288364410400e-01,2.517533600330352783e-01,1.905285120010375977e-01,2.517533600330352783e-01,2.759403288364410400e-01,1.324830111116170883e-02,-2.803278565406799316e-01,2.115389853715896606e-01,-9.514635801315307617e-02,2.551688440144062042e-02,-3.839773999061435461e-04,1.605130918323993683e-02
2.331527508795261383e-02,-4.547880217432975769e-02,9.019926935434341431e-02,-1.145433634519577026e-01,6.569290161132812500e-02,1.383942812681198120e-01,-3.506173491477966309e-01,-1.536545343697071075e-02,9.454242140054702759e-02,2.588395178318023682e-01,9.454242140054702759e-02,-1.536545343697071075e-02,-3.506173491477966309e-01,1.383942812681198120e-01,6.569290161132812500e-02,-1.145433634519577026e-01,9.019926935434341431e-02,-4.547880217432975769e-02,2.331527508795261383e-02
-1.995981097221374512e+00
2.325406484305858612e-02,-2.341201156377792358e-02,4.554054513573646545e-02,-1.103046163916587830e-01,2.050214111804962158e-01,-2.308968305587768555e-01,-4.765186831355094910e-02,3.058621883392333984e-01,2.361323535442352295e-01,2.190452367067337036e-01,2.361323535442352295e-01,3.058621883392333984e-01,-4.765186831355094910e-02,-2.308968305587768555e-01,2.050214111804962158e-01,-1.103046163916587830e-01,4.554054513573646545e-02,-2.341201156377792358e-02,2.325406484305858612e-02
1.696127466857433319e-02,-3.387778624892234802e-02,6.160105392336845398e-02,-7.551310211420059204e-02,5.460183601826429367e-03,1.951689869165420532e-01,-3.552446067333221436e-01,-3.324067592620849609e-02,9.324451535940170288e-02,2.642443776130676270e-01,9.324451535940170288e-02,-3.324067592620849609e-02,-3.552446067333221436e-01,1.951689869165420532e-01,5.460183601826429367e-03,-7.551310211420059204e-02,6.160105392336845398e-02,-3.387778624892234802e-02,1.696127466857433319e-02
-2.137312412261962891e+00
2.858612872660160065e-02,-3.227541223168373108e-02,5.734207108616828918e-02,-1.121783033013343811e-01,1.826968193054199219e-01,-1.758031100034713745e-01,-1.076371595263481140e-01,3.312210142612457275e-01,2.230921536684036255e-01,2.445940673351287842e-01,2.230921536684036255e-01,3.312210142612457275e-01,-1.076371595263481140e-01,-1.758031100034713745e-01,1.826968193054199219e-01,-1.121783033013343811e-01,5.734207108616828918e-02,-3.227541223168373108e-02,2.858612872660160065e-02
3.822890110313892365e-03,-2.046030387282371521e-02,3.667001798748970032e-02,-3.577637672424316406e-02,-4.253413155674934387e-02,2.301676571369171143e-01,-3.450999259948730469e-01,-6.089264526963233948e-02,1.021788120269775391e-01,2.610428333282470703e-01,1.021788120269775391e-01,-6.089264526963233948e-02,-3.450999259948730469e-01,2.301676571369171143e-01,-4.253413155674934387e-02,-3.577637672424316406e-02,3.667001798748970032e-02,-2.046030387282371521e-02,3.822890110313892365e-03
-2.281826257705688477e+00
3.963023424148559570e-02,-2.720095030963420868e-02,5.812357738614082336e-02,-1.087940558791160583e-01,1.531699597835540771e-01,-1.162598356604576111e-01,-1.613941639661788940e-01,3.458028137683868408e-01,2.135277688503265381e-01,2.632908523082733154e-01,2.135277688503265381e-01,3.458028137683868408e-01,-1.613941639661788940e-01,-1.162598356604576111e-01,1.531699597835540771e-01,-1.087940558791160583e-01,5.812357738614082336e-02,-2.720095030963420868e-02,3.963023424148559570e-02
-1.277000550180673599e-02,-2.012045821174979210e-03,2.065532468259334564e-02,-2.136811846867203712e-03,-8.183760941028594971e-02,2.451836764812469482e-01,-3.217498660087585449e-01,-9.499025344848632812e-02,1.167773753404617310e-01,2.502977848052978516e-01,1.167773753404617310e-01,-9.499025344848632812e-02,-3.217498660087585449e-01,2.451836764812469482e-01,-8.183760941028594971e-02,-2.136811846867203712e-03,2.065532468259334564e-02,-2.012045821174979210e-03,-1.277000550180673599e-02
-2.429454565048217773e+00
3.460608050227165222e-02,-2.645807899534702301e-02,5.472842603921890259e-02,-9.445680677890777588e-02,1.191376224160194397e-01,-6.364000588655471802e-02,-2.049946933984756470e-01,3.566850721836090088e-01,2.127262055873870850e-01,2.767443060874938965e-01,2.127262055873870850e-01,3.566850721836090088e-01,-2.049946933984756470e-01,-6.364000588655471802e-02,1.191376224160194397e-01,-9.445680677890777588e-02,5.472842603921890259e-02,-2.645807899534702301e-02,3.460608050227165222e-02
-2.371591515839099884e-02,8.172680623829364777e-03,-7.648948230780661106e-04,2.085353620350360870e-02,-1.046645343303680420e-01,2.516042292118072510e-01,-2.871081531047821045e-01,-1.332612633705139160e-01,1.364755481481552124e-01,2.375482916831970215e-01,1.364755481481552124e-01,-1.332612633705139160e-01,-2.871081531047821045e-01,2.516042292118072510e-01,-1.046645343303680420e-01,2.085353620350360870e-02,-7.648948230780661106e-04,8.172680623829364777e-03,-2.371591515839099884e-02
-2.580132961273193359e+00
-2.109453529119491577e-01,1.376353204250335693e-01,1.036034375429153442e-01,-1.504375785589218140e-01,-1.642526984214782715e-01,8.909201622009277344e-02,1.788003295660018921e-01,2.112653702497482300e-01,1.368608772754669189e-01,1.523586809635162354e-01,1.368608772754669189e-01,2.112653702497482300e-01,1.788003295660018921e-01,8.909201622009277344e-02,-1.642526984214782715e-01,-1.504375785589218140e-01,1.036034375429153442e-01,1.376353204250335693e-01,-2.109453529119491577e-01
5.480629950761795044e-02,-2.097264975309371948e-01,1.850146949291229248e-01,9.708575904369354248e-02,-1.231721863150596619e-01,-2.221913486719131470e-01,-4.367319494485855103e-02,5.029551684856414795e-02,1.390705704689025879e-01,1.139535307884216309e-01,1.390705704689025879e-01,5.029551684856414795e-02,-4.367319494485855103e-02,-2.221913486719131470e-01,-1.231721863150596619e-01,9.708575904369354248e-02,1.850146949291229248e-01,-2.097264975309371948e-01,5.480629950761795044e-02
-3.271071612834930420e-01
1.615256220102310181e-01,-2.739412523806095123e-02,-1.579703241586685181e-01,-1.286294162273406982e-01,6.082227081060409546e-02,1.324003636837005615e-01,1.844307035207748413e-01,1.466473639011383057e-01,1.452632248401641846e-01,1.018770858645439148e-01,1.452632248401641846e-01,1.466473639011383057e-01,1.844307035207748413e-01,1.324003636837005615e-01,6.082227081060409546e-02,-1.286294162273406982e-01,-1.579703241586685181e-01,-2.739412523806095123e-02,1.615256220102310181e-01
2.382076531648635864e-02,1.793888509273529053e-01,2.000777795910835266e-02,-1.139017716050148010e-01,-1.696155816316604614e-01,-7.513236999511718750e-02,-6.777221802622079849e-03,8.624651283025741577e-02,1.027798727154731750e-01,1.309007704257965088e-01,1.027798727154731750e-01,8.624651283025741577e-02,-6.777221802622079849e-03,-7.513236999511718750e-02,-1.696155816316604614e-01,-1.139017716050148010e-01,2.000777795910835266e-02,1.793888509273529053e-01,2.382076531648635864e-02
-4.067060351371765137e-01
9.763943403959274292e-02,1.429720371961593628e-01,-1.098783165216445923e-01,-1.660328209400177002e-01,-2.928750962018966675e-02,1.391550004482269287e-01,1.761723160743713379e-01,1.694453358650207520e-01,1.297972947359085083e-01,1.278319060802459717e-01,1.297972947359085083e-01,1.694453358650207520e-01,1.761723160743713379e-01,1.391550004482269287e-01,-2.928750962018966675e-02,-1.660328209400177002e-01,-1.098783165216445923e-01,1.429720371961593628e-01,9.763943403959274292e-02
-7.162307947874069214e-02,1.124534979462623596e-01,1.301429122686386108e-01,-1.125326827168464661e-01,-1.366697698831558228e-01,-1.161014661192893982e-01,-5.618721246719360352e-03,3.224880993366241455e-02,1.550694704055786133e-01,1.460237354040145874e-01,1.550694704055786133e-01,3.224880993366241455e-02,-5.618721246719360352e-03,-1.161014661192893982e-01,-1.366697698831558228e-01,-1.125326827168464661e-01,1.301429122686386108e-01,1.124534979462623596e-01,-7.162307947874069214e-02
-4.918165504932403564e-01
-3.087883256375789642e-02,1.840638667345046997e-01,-1.154223736375570297e-02,-2.134405523538589478e-01,-6.017553061246871948e-02,1.067669391632080078e-01,2.006358653306961060e-01,1.585710197687149048e-01,1.453198641538619995e-01,1.080410033464431763e-01,1.453198641538619995e-01,1.585710197687149048e-01,2.006358653306961060e-01,1.067669391632080078e-01,-6.017553061246871948e-02,-2.134405523538589478e-01,-1.154223736375570297e-02,1.840638667345046997e-01,-3.087883256375789642e-02
-1.952691525220870972e-01,3.007900714874267578e-02,1.468422859907150269e-01,2.969892323017120361e-02,-1.789124161005020142e-01,-1.269479840993881226e-01,-6.595992296934127808e-02,6.791309267282485962e-02,9.748996794223785400e-02,1.572625339031219482e-01,9.748996794223785400e-02,6.791309267282485962e-02,-6.595992296934127808e-02,-1.269479840993881226e-01,-1.789124161005020142e-01,2.969892323017120361e-02,1.468422859907150269e-01,3.007900714874267578e-02,-1.952691525220870972e-01
-5.821056365966796875e-01
-2.140335738658905029e-01,1.948655694723129272e-01,5.786355212330818176e-02,-1.516702920198440552e-01,-1.606964617967605591e-01,9.887154400348663330e-02,1.667638421058654785e-01,2.175449579954147339e-01,1.291617006063461304e-01,1.592507660388946533e-01,1.291617006063461304e-01,2.175449579954147339e-01,1.667638421058654785e-01,9.887154400348663330e-02,-1.606964617967605591e-01,-1.516702920198440552e-01,5.786355212330818176e-02,1.948655694723129272e-01,-2.140335738658905029e-01
-5.219136923551559448e-02,-1.513155400753021240e-01,1.864838004112243652e-01,9.410547465085983276e-02,-1.507403105497360229e-01,-1.949391514062881470e-01,-5.080527067184448242e-02,6.241973862051963806e-02,1.161707788705825806e-01,1.223777458071708679e-01,1.161707788705825806e-01,6.241973862051963806e-02,-5.080527067184448242e-02,-1.949391514062881470e-01,-1.507403105497360229e-01,9.410547465085983276e-02,1.864838004112243652e-01,-1.513155400753021240e-01,-5.219136923551559448e-02
-6.772937774658203125e-01
-1.275660395622253418e-01,-1.704698242247104645e-02,1.937531530857086182e-01,-1.520946174860000610e-01,-1.553285270929336548e-01,3.758599609136581421e-02,2.053537219762802124e-01,1.829979270696640015e-01,1.655186563730239868e-01,1.256532371044158936e-01,1.655186563730239868e-01,1.829979270696640015e-01,2.053537219762802124e-01,3.758599609136581421e-02,-1.553285270929336548e-01,-1.520946174860000610e-01,1.937531530857086182e-01,-1.704698242247104645e-02,-1.275660395622253418e-01
1.920806914567947388e-01,-2.485191673040390015e-01,1.305505633354187012e-01,1.357346773147583008e-01,-8.746255934238433838e-02,-2.369745075702667236e-01,-5.098977684974670410e-02,4.367887601256370544e-02,1.437819451093673706e-01,1.098848730325698853e-01,1.437819451093673706e-01,4.367887601256370544e-02,-5.098977684974670410e-02,-2.369745075702667236e-01,-8.746255934238433838e-02,1.357346773147583008e-01,1.305505633354187012e-01,-2.485191673040390015e-01,1.920806914567947388e-01
-7.771421670913696289e-01
4.978806897997856140e-02,-2.055467963218688965e-01,2.510522007942199707e-01,-7.756298780441284180e-02,-1.713775992393493652e-01,-3.080960735678672791e-02,2.128196805715560913e-01,1.839244365692138672e-01,1.999954432249069214e-01,1.265358626842498779e-01,1.999954432249069214e-01,1.839244365692138672e-01,2.128196805715560913e-01,-3.080960735678672791e-02,-1.713775992393493652e-01,-7.756298780441284180e-02,2.510522007942199707e-01,-2.055467963218688965e-01,4.978806897997856140e-02
1.770865470170974731e-01,-1.305202543735504150e-01,-5.701623111963272095e-02,2.306524515151977539e-01,-7.495891302824020386e-02,-2.030557543039321899e-01,-1.199455857276916504e-01,6.529642641544342041e-02,1.117088645696640015e-01,1.577664464712142944e-01,1.117088645696640015e-01,6.529642641544342041e-02,-1.199455857276916504e-01,-2.030557543039321899e-01,-7.495891302824020386e-02,2.306524515151977539e-01,-5.701623111963272095e-02,-1.305202543735504150e-01,1.770865470170974731e-01
-8.814436793327331543e-01
1.392595916986465454e-01,-1.950982809066772461e-01,1.515819728374481201e-01,6.563241779804229736e-02,-2.360850721597671509e-01,-3.626591339707374573e-02,1.770739108324050903e-01,2.343271672725677490e-01,1.786314398050308228e-01,1.650818288326263428e-01,1.786314398050308228e-01,2.343271672725677490e-01,1.770739108324050903e-01,-3.626591339707374573e-02,-2.360850721597671509e-01,6.563241779804229736e-02,1.515819728374481201e-01,-1.950982809066772461e-01,1.392595916986465454e-01
3.416815772652626038e-02,5.256623774766921997e-02,-2.031423747539520264e-01,2.646002471446990967e-01,-3.549996018409729004e-02,-1.869591176509857178e-01,-1.646133959293365479e-01,8.227716386318206787e-02,1.034104228019714355e-01,1.879639923572540283e-01,1.034104228019714355e-01,8.227716386318206787e-02,-1.646133959293365479e-01,-1.869591176509857178e-01,-3.549996018409729004e-02,2.646002471446990967e-01,-2.031423747539520264e-01,5.256623774766921997e-02,3.416815772652626038e-02
-9.900165200233459473e-01
9.766580909490585327e-02,-9.289559721946716309e-02,-7.723341695964336395e-03,2.077084034681320190e-01,-2.620790302753448486e-01,-4.923084750771522522e-02,1.307040899991989136e-01,2.677787840366363525e-01,1.540970802307128906e-01,1.940322816371917725e-01,1.540970802307128906e-01,2.677787840366363525e-01,1.307040899991989136e-01,-4.923084750771522522e-02,-2.620790302753448486e-01,2.077084034681320190e-01,-7.723341695964336395e-03,-9.289559721946716309e-02,9.766580909490585327e-02
-6.328999251127243042e-02,1.447889059782028198e-01,-2.346056699752807617e-01,1.934098154306411743e-01,7.440526038408279419e-02,-2.090721279382705688e-01,-1.710491776466369629e-01,4.098743200302124023e-02,1.296514719724655151e-01,1.742070168256759644e-01,1.296514719724655151e-01,4.098743200302124023e-02,-1.710491776466369629e-01,-2.090721279382705688e-01,7.440526038408279419e-02,1.934098154306411743e-01,-2.346056699752807617e-01,1.447889059782028198e-01,-6.328999251127243042e-02
-1.102699279785156250e+00
1.682184077799320221e-02,1.251272857189178467e-02,-1.264201253652572632e-01,2.665682137012481689e-01,-2.245214730501174927e-01,-1.011949777603149414e-01,1.272833496332168579e-01,2.754872739315032959e-01,1.688522845506668091e-01,1.934177875518798828e-01,1.688522845506668091e-01,2.754872739315032959e-01,1.272833496332168579e-01,-1.011949777603149414e-01,-2.245214730501174927e-01,2.665682137012481689e-01,-1.264201253652572632e-01,1.251272857189178467e-02,1.682184077799320221e-02
-8.623266965150833130e-02,1.428045034408569336e-01,-1.687707155942916870e-01,5.786877125501632690e-02,1.903502345085144043e-01,-2.337431609630584717e-01,-1.596848368644714355e-01,-1.218120474368333817e-02,1.611265838146209717e-01,1.451558768749237061e-01,1.611265838146209717e-01,-1.218120474368333817e-02,-1.596848368644714355e-01,-2.337431609630584717e-01,1.903502345085144043e-01,5.786877125501632690e-02,-1.687707155942916870e-01,1.428045034408569336e-01,-8.623266965150833130e-02
-1.219347834587097168e+00
-3.804745525121688843e-02,7.920467853546142578e-02,-1.694252341985702515e-01,2.422878891229629517e-01,-1.328104585409164429e-01,-1.805603504180908203e-01,1.409893333911895752e-01,2.544153034687042236e-01,2.041248381137847900e-01,1.712745428085327148e-01,2.041248381137847900e-01,2.544153034687042236e-01,1.409893333911895752e-01,-1.805603504180908203e-01,-1.328104585409164429e-01,2.422878891229629517e-01,-1.694252341985702515e-01,7.920467853546142578e-02,-3.804745525121688843e-02
-6.366103142499923706e-02,8.753546327352523804e-02,-6.696558743715286255e-02,-6.940546631813049316e-02,2.708728611469268799e-01,-2.272332906723022461e-01,-1.657384932041168213e-01,-4.335128143429756165e-02,1.793997287750244141e-01,1.371529549360275269e-01,1.793997287750244141e-01,-4.335128143429756165e-02,-1.657384932041168213e-01,-2.272332906723022461e-01,2.708728611469268799e-01,-6.940546631813049316e-02,-6.696558743715286255e-02,8.753546327352523804e-02,-6.366103142499923706e-02
-1.339831829071044922e+00
-5.743572860956192017e-02,9.512423723936080933e-02,-1.554674655199050903e-01,1.686685532331466675e-01,-2.090947516262531281e-02,-2.572864294052124023e-01,1.522826999425888062e-01,2.304596602916717529e-01,2.415889054536819458e-01,1.482484489679336548e-01,2.415889054536819458e-01,2.304596602916717529e-01,1.522826999425888062e-01,-2.572864294052124023e-01,-2.090947516262531281e-02,1.686685532331466675e-01,-1.554674655199050903e-01,9.512423723936080933e-02,-5.743572860956192017e-02
-2.162331156432628632e-02,2.606061659753322601e-02,2.196398936212062836e-02,-1.554615050554275513e-01,2.932326495647430420e-01,-1.800468266010284424e-01,-1.966524422168731689e-01,-4.814576730132102966e-02,1.745081543922424316e-01,1.535195410251617432e-01,1.745081543922424316e-01,-4.814576730132102966e-02,-1.966524422168731689e-01,-1.800468266010284424e-01,2.932326495647430420e-01,-1.554615050554275513e-01,2.196398936212062836e-02,2.606061659753322601e-02,-2.162331156432628632e-02
-1.464033246040344238e+00
-5.412955209612846375e-02,7.537674158811569214e-02,-1.105291396379470825e-01,8.315397799015045166e-02,8.238721638917922974e-02,-3.083961606025695801e-01,1.468292027711868286e-01,2.201562523841857910e-01,2.655312120914459229e-01,1.376100778579711914e-01,2.655312120914459229e-01,2.201562523841857910e-01,1.468292027711868286e-01,-3.083961606025695801e-01,8.238721638917922974e-02,8.315397799015045166e-02,-1.105291396379470825e-01,7.537674158811569214e-02,-5.412955209612846375e-02
1.493730489164590836e-02,-2.171643823385238647e-02,7.685333490371704102e-02,-1.902473419904708862e-01,2.669385075569152832e-01,-1.042251959443092346e-01,-2.434339076280593872e-01,-3.699815273284912109e-02,1.514541655778884888e-01,1.827949583530426025e-01,1.514541655778884888e-01,-3.699815273284912109e-02,-2.434339076280593872e-01,-1.042251959443092346e-01,2.669385075569152832e-01,-1.902473419904708862e-01,7.685333490371704102e-02,-2.171643823385238647e-02,1.493730489164590836e-02
-1.591844081878662109e+00
-3.236099705100059509e-02,4.932793229818344116e-02,-5.746135860681533813e-02,1.376811414957046509e-03,1.546898484230041504e-01,-3.265331983566284180e-01,1.209529563784599304e-01,2.285484969615936279e-01,2.734702825546264648e-01,1.444368660449981689e-01,2.734702825546264648e-01,2.285484969615936279e-01,1.209529563784599304e-01,-3.265331983566284180e-01,1.546898484230041504e-01,1.376811414957046509e-03,-5.746135860681533813e-02,4.932793229818344116e-02,-3.236099705100059509e-02
3.059180080890655518e-02,-4.531705006957054138e-02,1.023375764489173889e-01,-1.867683827877044678e-01,2.082633972167968750e-01,-1.601450890302658081e-02,-2.912381887435913086e-01,-2.248726226389408112e-02,1.252320259809494019e-01,2.157414108514785767e-01,1.252320259809494019e-01,-2.248726226389408112e-02,-2.912381887435913086e-01,-1.601450890302658081e-02,2.082633972167968750e-01,-1.867683827877044678e-01,1.023375764489173889e-01,-4.531705006957054138e-02,3.059180080890655518e-02
-1.723165392875671387e+00
-1.024235505610704422e-02,1.859633252024650574e-02,-1.067673973739147186e-02,-5.735308304429054260e-02,1.976544409990310669e-01,-3.144554495811462402e-01,7.392245531082153320e-02,2.494584769010543823e-01,2.673708200454711914e-01,1.647760570049285889e-01,2.673708200454711914e-01,2.494584769010543823e-01,7.392245531082153320e-02,-3.144554495811462402e-01,1.976544409990310669e-01,-5.735308304429054260e-02,-1.067673973739147186e-02,1.859633252024650574e-02,-1.024235505610704422e-02
3.469699993729591370e-02,-5.201378464698791504e-02,1.014102101325988770e-01,-1.579702049493789673e-01,1.371503621339797974e-01,6.862990558147430420e-02,-3.292640745639801025e-01,-1.408415287733078003e-02,1.046046987175941467e-01,2.426299899816513062e-01,1.046046987175941467e-01,-1.408415287733078003e-02,-3.292640745639801025e-01,6.862990558147430420e-02,1.371503621339797974e-01,-1.579702049493789673e-01,1.014102101325988770e-01,-5.201378464698791504e-02,3.469699993729591370e-02
-1.857905864715576172e+00
7.009239867329597473e-03,-7.308545056730508804e-03,2.435146085917949677e-02,-9.302096813917160034e-02,2.128988355398178101e-01,-2.796181142330169678e-01,1.428026612848043442e-02,2.768553495407104492e-01,2.529764473438262939e-01,1.919394582509994507e-01,2.529764473438262939e-01,2.768553495407104492e-01,1.428026612848043442e-02,-2.796181142330169678e-01,2.128988355398178101e-01,-9.302096813917160034e-02,2.435146085917949677e-02,-7.308545056730508804e-03,7.009239867329597473e-03
2.895607985556125641e-02,-4.723026975989341736e-02,8.476708829402923584e-02,-1.173331066966056824e-01,6.680586189031600952e-02,1.396517455577850342e-01,-3.518120646476745605e-01,-1.757146790623664856e-02,9.386074542999267578e-02,2.591281235218048096e-01,9.386074542999267578e-02,-1.757146790623664856e-02,-3.518120646476745605e-01,1.396517455577850342e-01,6.680586189031600952e-02,-1.173331066966056824e-01,8.476708829402923584e-02,-4.723026975989341736e-02,2.895607985556125641e-02
-1.995981097221374512e+00
1.819854415953159332e-02,-2.371883764863014221e-02,4.858922213315963745e-02,-1.078666001558303833e-01,2.048316150903701782e-01,-2.316980659961700439e-01,-4.855789616703987122e-02,3.055718839168548584e-01,2.372145950794219971e-01,2.205986380577087402e-01,2.372145950794219971e-01,3.055718839168548584e-01,-4.855789616703987122e-02,-2.316980659961700439e-01,2.048316150903701782e-01,-1.078666001558303833e-01,4.858922213315963745e-02,-2.371883764863014221e-02,1.819854415953159332e-02
1.512392237782478333e-02,-3.770526126027107239e-02,6.213708221912384033e-02,-7.136462628841400146e-02,7.249676622450351715e-03,1.921312063932418823e-01,-3.581996858119964600e-01,-3.415299579501152039e-02,9.364090114831924438e-02,2.646027207374572754e-01,9.364090114831924438e-02,-3.415299579501152039e-02,-3.581996858119964600e-01,1.921312063932418823e-01,7.249676622450351715e-03,-7.136462628841400146e-02,6.213708221912384033e-02,-3.770526126027107239e-02,1.512392237782478333e-02
-2.137312412261962891e+00
2.839774824678897858e-02,-2.992509491741657257e-02,5.750042200088500977e-02,-1.141543313860893250e-01,1.820118129253387451e-01,-1.747021675109863281e-01,-1.082010194659233093e-01,3.296621739864349365e-01,2.236687690019607544e-01,2.463562935590744019e-01,2.236687690019607544e-01,3.296621739864349365e-01,-1.082010194659233093e-01,-1.747021675109863281e-01,1.820118129253387451e-01,-1.141543313860893250e-01,5.750042200088500977e-02,-2.992509491741657257e-02,2.839774824678897858e-02
1.639356021769344807e-03,-2.071228437125682831e-02,3.890708833932876587e-02,-3.448627516627311707e-02,-4.435293376445770264e-02,2.269260585308074951e-01,-3.456419706344604492e-01,-5.920687690377235413e-02,1.037508323788642883e-01,2.614475190639495850e-01,1.037508323788642883e-01,-5.920687690377235413e-02,-3.456419706344604492e-01,2.269260585308074951e-01,-4.435293376445770264e-02,-3.448627516627311707e-02,3.890708833932876587e-02,-2.071228437125682831e-02,1.639356021769344807e-03
-2.281826257705688477e+00
3.326647728681564331e-02,-2.975800447165966034e-02,5.893729999661445618e-02,-1.084135845303535461e-01,1.519072651863098145e-01,-1.168228536844253540e-01,-1.603941321372985840e-01,3.473985195159912109e-01,2.151427417993545532e-01,2.647177577018737793e-01,2.151427417993545532e-01,3.473985195159912109e-01,-1.603941321372985840e-01,-1.168228536844253540e-01,1.519072651863098145e-01,-1.084135845303535461e-01,5.893729999661445618e-02,-2.975800447165966034e-02,3.326647728681564331e-02
-1.352547761052846909e-02,-4.269625991582870483e-03,1.986612007021903992e-02,-1.708381460048258305e-03,-8.183029294013977051e-02,2.440320551395416260e-01,-3.216487169265747070e-01,-9.345829486846923828e-02,1.187104359269142151e-01,2.511032223701477051e-01,1.187104359269142151e-01,-9.345829486846923828e-02,-3.216487169265747070e-01,2.440320551395416260e-01,-8.183029294013977051e-02,-1.708381460048258305e-03,1.986612007021903992e-02,-4.269625991582870483e-03,-1.352547761052846909e-02
-2.429454565048217773e+00
3.525746613740921021e-02,-2.650912478566169739e-02,5.254736915230751038e-02,-9.646113961935043335e-02,1.194306612014770508e-01,-6.244849413633346558e-02,-2.052833735942840576e-01,3.556403815746307373e-01,2.131779640913009644e-01,2.779938578605651855e-01,2.131779640913009644e-01,3.556403815746307373e-01,-2.052833735942840576e-01,-6.244849413633346558e-02,1.194306612014770508e-01,-9.646113961935043335e-02,5.254736915230751038e-02,-2.650912478566169739e-02,3.525746613740921021e-02
-2.526512555778026581e-02,1.112389750778675079e-02,3.251561662182211876e-03,2.119330875575542450e-02,-1.079499125480651855e-01,2.487603276968002319e-01,-2.863466739654541016e-01,-1.309605836868286133e-01,1.376177668571472168e-01,2.373822778463363647e-01,1.376177668571472168e-01,-1.309605836868286133e-01,-2.863466739654541016e-01,2.487603276968002319e-01,-1.079499125480651855e-01,2.119330875575542450e-02,3.251561662182211876e-03,1.112389750778675079e-02,-2.526512555778026581e-02
-2.580132961273193359e+00
-2.093843072652816772e-01,1.359521597623825073e-01,1.022248044610023499e-01,-1.512869894504547119e-01,-1.680573374032974243e-01,8.541706204414367676e-02,1.817241609096527100e-01,2.160417437553405762e-01,1.383850127458572388e-01,1.512457579374313354e-01,1.383850127458572388e-01,2.160417437553405762e-01,1.817241609096527100e-01,8.541706204414367676e-02,-1.680573374032974243e-01,-1.512869894504547119e-01,1.022248044610023499e-01,1.359521597623825073e-01,-2.093843072652816772e-01
5.607714131474494934e-02,-2.038643360137939453e-01,1.903482079505920410e-01,9.744407236576080322e-02,-1.271578520536422729e-01,-2.241169363260269165e-01,-4.416389390826225281e-02,4.878436401486396790e-02,1.386807858943939209e-01,1.142618730664253235e-01,1.386807858943939209e-01,4.878436401486396790e-02,-4.416389390826225281e-02,-2.241169363260269165e-01,-1.271578520536422729e-01,9.744407236576080322e-02,1.903482079505920410e-01,-2.038643360137939453e-01,5.607714131474494934e-02
-3.271071612834930420e-01
1.587344110012054443e-01,-2.396596036851406097e-02,-1.543031185865402222e-01,-1.307777762413024902e-01,5.448855087161064148e-02,1.309682577848434448e-01,1.884406208992004395e-01,1.501453369855880737e-01,1.411095410585403442e-01,9.688512980937957764e-02,1.411095410585403442e-01,1.501453369855880737e-01,1.884406208992004395e-01,1.309682577848434448e-01,5.448855087161064148e-02,-1.307777762413024902e-01,-1.543031185865402222e-01,-2.396596036851406097e-02,1.587344110012054443e-01
2.836098521947860718e-02,1.778545975685119629e-01,1.568239927291870117e-02,-1.141141504049301147e-01,-1.658618599176406860e-01,-7.253508269786834717e-02,-8.890797384083271027e-03,8.409080654382705688e-02,1.041655391454696655e-01,1.335801780223846436e-01,1.041655391454696655e-01,8.409080654382705688e-02,-8.890797384083271027e-03,-7.253508269786834717e-02,-1.658618599176406860e-01,-1.141141504049301147e-01,1.568239927291870117e-02,1.778545975685119629e-01,2.836098521947860718e-02
-4.067060351371765137e-01
1.122357472777366638e-01,1.191697716712951660e-01,-1.330246776342391968e-01,-1.533579677343368530e-01,-7.849154993891716003e-03,1.355363726615905762e-01,1.681447029113769531e-01,1.721899360418319702e-01,1.299229264259338379e-01,1.234299391508102417e-01,1.299229264259338379e-01,1.721899360418319702e-01,1.681447029113769531e-01,1.355363726615905762e-01,-7.849154993891716003e-03,-1.533579677343368530e-01,-1.330246776342391968e-01,1.191697716712951660e-01,1.122357472777366638e-01
-1.030356064438819885e-01,9.930010885000228882e-02,1.583827435970306396e-01,-8.980435878038406372e-02,-1.611747443675994873e-01,-1.453658491373062134e-01,1.597125083208084106e-02,6.256258487701416016e-02,1.494269520044326782e-01,1.212999522686004639e-01,1.494269520044326782e-01,6.256258487701416016e-02,1.597125083208084106e-02,-1.453658491373062134e-01,-1.611747443675994873e-01,-8.980435878038406372e-02,1.583827435970306396e-01,9.930010885000228882e-02,-1.030356064438819885e-01
-4.918165504932403564e-01
-3.621375188231468201e-02,1.934560537338256836e-01,5.282843019813299179e-03,-2.033283114433288574e-01,-6.117064505815505981e-02,9.709705412387847900e-02,1.912391632795333862e-01,1.545000970363616943e-01,1.500966399908065796e-01,1.151288151741027832e-01,1.500966399908065796e-01,1.545000970363616943e-01,1.912391632795333862e-01,9.709705412387847900e-02,-6.117064505815505981e-02,-2.033283114433288574e-01,5.282843019813299179e-03,1.934560537338256836e-01,-3.621375188231468201e-02
-1.594451069831848145e-01,4.317726194858551025e-02,1.378067284822463989e-01,1.299283560365438461e-02,-1.839211583137512207e-01,-1.147981211543083191e-01,-4.481147229671478271e-02,7.159217447042465210e-02,8.310034871101379395e-02,1.404376327991485596e-01,8.310034871101379395e-02,7.159217447042465210e-02,-4.481147229671478271e-02,-1.147981211543083191e-01,-1.839211583137512207e-01,1.299283560365438461e-02,1.378067284822463989e-01,4.317726194858551025e-02,-1.594451069831848145e-01
-5.821056365966796875e-01
-2.146421521902084351e-01,1.854203343391418457e-01,5.132044851779937744e-02,-1.471617221832275391e-01,-1.507826596498489380e-01,1.074830740690231323e-01,1.652702689170837402e-01,2.126659899950027466e-01,1.269004642963409424e-01,1.595570296049118042e-01,1.269004642963409424e-01,2.126659899950027466e-01,1.652702689170837402e-01,1.074830740690231323e-01,-1.507826596498489380e-01,-1.471617221832275391e-01,5.132044851779937744e-02,1.854203343391418457e-01,-2.146421521902084351e-01
-5.834975466132164001e-02,-1.569356471300125122e-01,1.809025108814239502e-01,9.022189676761627197e-02,-1.485560089349746704e-01,-1.929173618555068970e-01,-5.645121634006500244e-02,5.780422315001487732e-02,1.236672103404998779e-01,1.323408335447311401e-01,1.236672103404998779e-01,5.780422315001487732e-02,-5.645121634006500244e-02,-1.929173618555068970e-01,-1.485560089349746704e-01,9.022189676761627197e-02,1.809025108814239502e-01,-1.569356471300125122e-01,-5.834975466132164001e-02
-6.772937774658203125e-01
-1.297964602708816528e-01,-1.740835979580879211e-02,2.012808024883270264e-01,-1.433509439229965210e-01,-1.542204916477203369e-01,3.383419290184974670e-02,2.054779827594757080e-01,1.836436688899993896e-01,1.636761873960494995e-01,1.222374737262725830e-01,1.636761873960494995e-01,1.836436688899993896e-01,2.054779827594757080e-01,3.383419290184974670e-02,-1.542204916477203369e-01,-1.433509439229965210e-01,2.012808024883270264e-01,-1.740835979580879211e-02,-1.297964602708816528e-01
1.830929964780807495e-01,-2.564421296119689941e-01,1.302570849657058716e-01,1.407664865255355835e-01,-8.155705779790878296e-02,-2.339484989643096924e-01,-5.613198876380920410e-02,3.564017266035079956e-02,1.462127566337585449e-01,1.152567416429519653e-01,1.462127566337585449e-01,3.564017266035079956e-02,-5.613198876380920410e-02,-2.339484989643096924e-01,-8.155705779790878296e-02,1.407664865255355835e-01,1.302570849657058716e-01,-2.564421296119689941e-01,1.830929964780807495e-01
-7.771421670913696289e-01
5.378560349345207214e-02,-1.961177885532379150e-01,2.548914849758148193e-01,-8.402389287948608398e-02,-1.793502569198608398e-01,-3.131193667650222778e-02,2.190313339233398438e-01,1.882843673229217529e-01,2.014033645391464233e-01,1.260723918676376343e-01,2.014033645391464233e-01,1.882843673229217529e-01,2.190313339233398438e-01,-3.131193667650222778e-02,-1.793502569198608398e-01,-8.402389287948608398e-02,2.548914849758148193e-01,-1.961177885532379150e-01,5.378560349345207214e-02
1.722180247306823730e-01,-1.292187571525573730e-01,-5.037333071231842041e-02,2.341732978820800781e-01,-7.660540193319320679e-02,-2.056859880685806274e-01,-1.214509531855583191e-01,6.314315646886825562e-02,1.090760305523872375e-01,1.558146476745605469e-01,1.090760305523872375e-01,6.314315646886825562e-02,-1.214509531855583191e-01,-2.056859880685806274e-01,-7.660540193319320679e-02,2.341732978820800781e-01,-5.037333071231842041e-02,-1.292187571525573730e-01,1.722180247306823730e-01
-8.814436793327331543e-01
1.396819651126861572e-01,-1.983219385147094727e-01,1.477955728769302368e-01,6.543239951133728027e-02,-2.336585521697998047e-01,-3.458917513489723206e-02,1.754567921161651611e-01,2.322773188352584839e-01,1.785372942686080933e-01,1.660107970237731934e-01,1.785372942686080933e-01,2.322773188352584839e-01,1.754567921161651611e-01,-3.458917513489723206e-02,-2.336585521697998047e-01,6.543239951133728027e-02,1.477955728769302368e-01,-1.983219385147094727e-01,1.396819651126861572e-01
3.399543091654777527e-02,5.206776037812232971e-02,-2.029814571142196655e-01,2.649843692779541016e-01,-3.539775311946868896e-02,-1.872694194316864014e-01,-1.650269627571105957e-01,8.178351819515228271e-02,1.035454571247100830e-01,1.882131099700927734e-01,1.035454571247100830e-01,8.178351819515228271e-02,-1.650269627571105957e-01,-1.872694194316864014e-01,-3.539775311946868896e-02,2.649843692779541016e-01,-2.029814571142196655e-01,5.206776037812232971e-02,3.399543091654777527e-02
-9.900165200233459473e-01
1.005710139870643616e-01,-9.459523111581802368e-02,-1.249564811587333679e-02,2.060136497020721436e-01,-2.599033415317535400e-01,-4.729656502604484558e-02,1.291056126356124878e-01,2.657153904438018799e-01,1.543103605508804321e-01,1.954174041748046875e-01,1.543103605508804321e-01,2.657153904438018799e-01,1.291056126356124878e-01,-4.729656502604484558e-02,-2.599033415317535400e-01,2.060136497020721436e-01,-1.249564811587333679e-02,-9.459523111581802368e-02,1.005710139870643616e-01
-6.583809107542037964e-02,1.465226411819458008e-01,-2.333946824073791504e-01,1.921418607234954834e-01,7.314337790012359619e-02,-2.087312787771224976e-01,-1.702781021595001221e-01,4.190522432327270508e-02,1.312691271305084229e-01,1.756138056516647339e-01,1.312691271305084229e-01,4.190522432327270508e-02,-1.702781021595001221e-01,-2.087312787771224976e-01,7.314337790012359619e-02,1.921418607234954834e-01,-2.333946824073791504e-01,1.465226411819458008e-01,-6.583809107542037964e-02
-1.102699279785156250e+00
2.429603226482868195e-02,1.272505801171064377e-02,-1.319454312324523926e-01,2.642941176891326904e-01,-2.220446020364761353e-01,-1.001982167363166809e-01,1.223655492067337036e-01,2.711315453052520752e-01,1.679561585187911987e-01,1.944699436426162720e-01,1.679561585187911987e-01,2.711315453052520752e-01,1.223655492067337036e-01,-1.001982167363166809e-01,-2.220446020364761353e-01,2.642941176891326904e-01,-1.319454312324523926e-01,1.272505801171064377e-02,2.429603226482868195e-02
-8.824852108955383301e-02,1.480025351047515869e-01,-1.675626635551452637e-01,5.362362042069435120e-02,1.873480677604675293e-01,-2.323101013898849487e-01,-1.570543050765991211e-01,-8.885449729859828949e-03,1.649316251277923584e-01,1.479768306016921997e-01,1.649316251277923584e-01,-8.885449729859828949e-03,-1.570543050765991211e-01,-2.323101013898849487e-01,1.873480677604675293e-01,5.362362042069435120e-02,-1.675626635551452637e-01,1.480025351047515869e-01,-8.824852108955383301e-02
-1.219347834587097168e+00
-3.398862853646278381e-02,7.674894481897354126e-02,-1.746760010719299316e-01,2.416976839303970337e-01,-1.291619837284088135e-01,-1.787326186895370483e-01,1.376272439956665039e-01,2.511154413223266602e-01,2.036654800176620483e-01,1.723520457744598389e-01,2.036654800176620483e-01,2.511154413223266602e-01,1.376272439956665039e-01,-1.787326186895370483e-01,-1.291619837284088135e-01,2.416976839303970337e-01,-1.746760010719299316e-01,7.674894481897354126e-02,-3.398862853646278381e-02
-6.517783552408218384e-02,9.116178005933761597e-02,-6.419049948453903198e-02,-7.061164826154708862e-02,2.685995399951934814e-01,-2.274746447801589966e-01,-1.647503972053527832e-01,-4.187342151999473572e-02,1.814596354961395264e-01,1.387525200843811035e-01,1.814596354961395264e-01,-4.187342151999473572e-02,-1.647503972053527832e-01,-2.274746447801589966e-01,2.685995399951934814e-01,-7.061164826154708862e-02,-6.419049948453903198e-02,9.116178005933761597e-02,-6.517783552408218384e-02
-1.339831829071044922e+00
-5.631483346223831177e-02,9.244827926158905029e-02,-1.588218510150909424e-01,1.693122386932373047e-01,-1.708617061376571655e-02,-2.546676695346832275e-01,1.513253897428512573e-01,2.287294417619705200e-01,2.415426373481750488e-01,1.491843909025192261e-01,2.415426373481750488e-01,2.287294417619705200e-01,1.513253897428512573e-01,-2.546676695346832275e-01,-1.708617061376571655e-02,1.693122386932373047e-01,-1.588218510150909424e-01,9.244827926158905029e-02,-5.631483346223831177e-02
-2.263848111033439636e-02,2.766860835254192352e-02,2.436202019453048706e-02,-1.552292853593826294e-01,2.919175624847412109e-01,-1.803792864084243774e-01,-1.953688561916351318e-01,-4.651521146297454834e-02,1.751045584678649902e-01,1.536794900894165039e-01,1.751045584678649902e-01,-4.651521146297454834e-02,-1.953688561916351318e-01,-1.803792864084243774e-01,2.919175624847412109e-01,-1.552292853593826294e-01,2.436202019453048706e-02,2.766860835254192352e-02,-2.263848111033439636e-02
-1.464033246040344238e+00
-5.235647410154342651e-02,7.599453628063201904e-02,-1.125219762325286865e-01,8.186782151460647583e-02,8.402986824512481689e-02,-3.061565458774566650e-01,1.466872543096542358e-01,2.187278121709823608e-01,2.652959525585174561e-01,1.382199078798294067e-01,2.652959525585174561e-01,2.187278121709823608e-01,1.466872543096542358e-01,-3.061565458774566650e-01,8.402986824512481689e-02,8.186782151460647583e-02,-1.125219762325286865e-01,7.599453628063201904e-02,-5.235647410154342651e-02
1.209739875048398972e-02,-1.985868811607360840e-02,7.957750558853149414e-02,-1.901744306087493896e-01,2.657689154148101807e-01,-1.042773500084877014e-01,-2.423648238182067871e-01,-3.577116131782531738e-02,1.523786485195159912e-01,1.833769232034683228e-01,1.523786485195159912e-01,-3.577116131782531738e-02,-2.423648238182067871e-01,-1.042773500084877014e-01,2.657689154148101807e-01,-1.901744306087493896e-01,7.957750558853149414e-02,-1.985868811607360840e-02,1.209739875048398972e-02
-1.591844081878662109e+00
-3.183984011411666870e-02,4.852934554219245911e-02,-5.962739512324333191e-02,8.063065470196306705e-04,1.569166928529739380e-01,-3.240113854408264160e-01,1.208234801888465881e-01,2.267967760562896729e-01,2.726875841617584229e-01,1.445233821868896484e-01,2.726875841617584229e-01,2.267967760562896729e-01,1.208234801888465881e-01,-3.240113854408264160e-01,1.569166928529739380e-01,8.063065470196306705e-04,-5.962739512324333191e-02,4.852934554219245911e-02,-3.183984011411666870e-02
2.901237830519676208e-02,-4.411298036575317383e-02,1.042240038514137268e-01,-1.867939978837966919e-01,2.071031332015991211e-01,-1.642028987407684326e-02,-2.905289232730865479e-01,-2.164142206311225891e-02,1.257374286651611328e-01,2.160408347845077515e-01,1.257374286651611328e-01,-2.164142206311225891e-02,-2.905289232730865479e-01,-1.642028987407684326e-02,2.071031332015991211e-01,-1.867939978837966919e-01,1.042240038514137268e-01,-4.411298036575317383e-02,2.901237830519676208e-02
-1.723165392875671387e+00
-1.806749589741230011e-02,1.127655617892742157e-02,-1.127695664763450623e-02,-5.227402597665786743e-02,2.020885944366455078e-01,-3.135678172111511230e-01,7.106894999742507935e-02,2.464262843132019043e-01,2.656975388526916504e-01,1.640695631504058838e-01,2.656975388526916504e-01,2.464262843132019043e-01,7.106894999742507935e-02,-3.135678172111511230e-01,2.020885944366455078e-01,-5.227402597665786743e-02,-1.127695664763450623e-02,1.127655617892742157e-02,-1.806749589741230011e-02
3.758275508880615234e-02,-5.508456379175186157e-02,9.938821196556091309e-02,-1.568468660116195679e-01,1.383728682994842529e-01,6.800734251737594604e-02,-3.294905126094818115e-01,-1.364725735038518906e-02,1.043929308652877808e-01,2.421719133853912354e-01,1.043929308652877808e-01,-1.364725735038518906e-02,-3.294905126094818115e-01,6.800734251737594604e-02,1.383728682994842529e-01,-1.568468660116195679e-01,9.938821196556091309e-02,-5.508456379175186157e-02,3.758275508880615234e-02
-1.857905864715576172e+00
3.058031899854540825e-03,-1.093028765171766281e-02,2.302238345146179199e-02,-9.205041825771331787e-02,2.149997502565383911e-01,-2.781101167201995850e-01,1.350547093898057938e-02,2.750207781791687012e-01,2.519282400608062744e-01,1.916200369596481323e-01,2.519282400608062744e-01,2.750207781791687012e-01,1.350547093898057938e-02,-2.781101167201995850e-01,2.149997502565383911e-01,-9.205041825771331787e-02,2.302238345146179199e-02,-1.093028765171766281e-02,3.058031899854540825e-03
3.003267571330070496e-02,-4.904040321707725525e-02,8.352717757225036621e-02,-1.168686076998710632e-01,6.780755519866943359e-02,1.400728672742843628e-01,-3.511768281459808350e-01,-1.671972684562206268e-02,9.435653686523437500e-02,2.592796981334686279e-01,9.435653686523437500e-02,-1.671972684562206268e-02,-3.511768281459808350e-01,1.400728672742843628e-01,6.780755519866943359e-02,-1.168686076998710632e-01,8.352717757225036621e-02,-4.904040321707725525e-02,3.003267571330070496e-02
-1.995981097221374512e+00
2.034209109842777252e-02,-2.404640242457389832e-02,4.495897516608238220e-02,-1.110217496752738953e-01,2.070644944906234741e-01,-2.283784151077270508e-01,-4.721270129084587097e-02,3.043374717235565186e-01,2.360429167747497559e-01,2.201024293899536133e-01,2.360429167747497559e-01,3.043374717235565186e-01,-4.721270129084587097e-02,-2.283784151077270508e-01,2.070644944906234741e-01,-1.110217496752738953e-01,4.495897516608238220e-02,-2.404640242457389832e-02,2.034209109842777252e-02
1.475787628442049026e-02,-3.484079614281654358e-02,6.282123923301696777e-02,-7.485646754503250122e-02,4.154591821134090424e-03,1.932246237993240356e-01,-3.552148640155792236e-01,-3.204279020428657532e-02,9.452156722545623779e-02,2.649179100990295410e-01,9.452156722545623779e-02,-3.204279020428657532e-02,-3.552148640155792236e-01,1.932246237993240356e-01,4.154591821134090424e-03,-7.485646754503250122e-02,6.282123923301696777e-02,-3.484079614281654358e-02,1.475787628442049026e-02
-2.137312412261962891e+00
4.756269231438636780e-02,-1.668535731732845306e-02,5.192479491233825684e-02,-1.269002854824066162e-01,1.787015199661254883e-01,-1.690322458744049072e-01,-1.055587753653526306e-01,3.265027701854705811e-01,2.214461863040924072e-01,2.457819879055023193e-01,2.214461863040924072e-01,3.265027701854705811e-01,-1.055587753653526306e-01,-1.690322458744049072e-01,1.787015199661254883e-01,-1.269002854824066162e-01,5.192479491233825684e-02,-1.668535731732845306e-02,4.756269231438636780e-02
-4.218153655529022217e-03,-9.238104335963726044e-03,5.488960072398185730e-02,-3.098273836076259613e-02,-5.320953205227851868e-02,2.197169661521911621e-01,-3.428000211715698242e-01,-5.332737416028976440e-02,1.051021441817283630e-01,2.601883411407470703e-01,1.051021441817283630e-01,-5.332737416028976440e-02,-3.428000211715698242e-01,2.197169661521911621e-01,-5.320953205227851868e-02,-3.098273836076259613e-02,5.488960072398185730e-02,-9.238104335963726044e-03,-4.218153655529022217e-03
-2.281826257705688477e+00
3.422132134437561035e-02,-2.811933122575283051e-02,5.890761315822601318e-02,-1.098194420337677002e-01,1.513288617134094238e-01,-1.161122620105743408e-01,-1.601589173078536987e-01,3.463303148746490479e-01,2.138869017362594604e-01,2.637833952903747559e-01,2.138869017362594604e-01,3.463303148746490479e-01,-1.601589173078536987e-01,-1.161122620105743408e-01,1.513288617134094238e-01,-1.098194420337677002e-01,5.890761315822601318e-02,-2.811933122575283051e-02,3.422132134437561035e-02
-1.858572661876678467e-02,-6.477750372141599655e-03,1.950176060199737549e-02,-1.826917519792914391e-03,-8.196600526571273804e-02,2.453813105821609497e-01,-3.198303878307342529e-01,-9.237104654312133789e-02,1.195489838719367981e-01,2.517189085483551025e-01,1.195489838719367981e-01,-9.237104654312133789e-02,-3.198303878307342529e-01,2.453813105821609497e-01,-8.196600526571273804e-02,-1.826917519792914391e-03,1.950176060199737549e-02,-6.477750372141599655e-03,-1.858572661876678467e-02
-2.429454565048217773e+00
3.451605141162872314e-02,-2.672711387276649475e-02,5.248841643333435059e-02,-9.633805602788925171e-02,1.203783750534057617e-01,-6.136183813214302063e-02,-2.057113051414489746e-01,3.538254201412200928e-01,2.117363959550857544e-01,2.772005498409271240e-01,2.117363959550857544e-01,3.538254201412200928e-01,-2.057113051414489746e-01,-6.136183813214302063e-02,1.203783750534057617e-01,-9.633805602788925171e-02,5.248841643333435059e-02,-2.672711387276649475e-02,3.451605141162872314e-02
-2.628452703356742859e-02,9.349301457405090332e-03,7.821528706699609756e-04,1.963800378143787384e-02,-1.075161620974540710e-01,2.505936026573181152e-01,-2.855842411518096924e-01,-1.311940550804138184e-01,1.384377330541610718e-01,2.386584430932998657e-01,1.384377330541610718e-01,-1.311940550804138184e-01,-2.855842411518096924e-01,2.505936026573181152e-01,-1.075161620974540710e-01,1.963800378143787384e-02,7.821528706699609756e-04,9.349301457405090332e-03,-2.628452703356742859e-02
-2.580132961273193359e+00
-2.104908376932144165e-01,1.348717212677001953e-01,1.030182838439941406e-01,-1.491277068853378296e-01,-1.650826185941696167e-01,8.760992437601089478e-02,1.806016266345977783e-01,2.133254855871200562e-01,1.355303376913070679e-01,1.495534330606460571e-01,1.355303376913070679e-01,2.133254855871200562e-01,1.806016266345977783e-01,8.760992437601089478e-02,-1.650826185941696167e-01,-1.491277068853378296e-01,1.030182838439941406e-01,1.348717212677001953e-01,-2.104908376932144165e-01
5.514164641499519348e-02,-2.123772948980331421e-01,1.812947839498519897e-01,9.474710375070571899e-02,-1.205991730093955994e-01,-2.185933887958526611e-01,-4.184364527463912964e-02,5.141182616353034973e-02,1.418917030096054077e-01,1.168765351176261902e-01,1.418917030096054077e-01,5.141182616353034973e-02,-4.184364527463912964e-02,-2.185933887958526611e-01,-1.205991730093955994e-01,9.474710375070571899e-02,1.812947839498519897e-01,-2.123772948980331421e-01,5.514164641499519348e-02
-3.271071612834930420e-01
1.352558135986328125e-01,-2.331982925534248352e-02,-1.432598829269409180e-01,-1.236909031867980957e-01,5.871320888400077820e-02,1.335290372371673584e-01,1.868535429239273071e-01,1.480476856231689453e-01,1.499618887901306152e-01,1.074620261788368225e-01,1.499618887901306152e-01,1.480476856231689453e-01,1.868535429239273071e-01,1.335290372371673584e-01,5.871320888400077820e-02,-1.236909031867980957e-01,-1.432598829269409180e-01,-2.331982925534248352e-02,1.352558135986328125e-01
4.540599137544631958e-02,1.967014521360397339e-01,2.753570675849914551e-02,-1.162624433636665344e-01,-1.709996014833450317e-01,-7.474923878908157349e-02,-1.373310666531324387e-02,7.790912687778472900e-02,9.862563759088516235e-02,1.319789886474609375e-01,9.862563759088516235e-02,7.790912687778472900e-02,-1.373310666531324387e-02,-7.474923878908157349e-02,-1.709996014833450317e-01,-1.162624433636665344e-01,2.753570675849914551e-02,1.967014521360397339e-01,4.540599137544631958e-02
-4.067060351371765137e-01
1.127123683691024780e-01,1.362531036138534546e-01,-1.232235729694366455e-01,-1.644398719072341919e-01,-1.924664713442325592e-02,1.403885781764984131e-01,1.730242967605590820e-01,1.690448820590972900e-01,1.278940588235855103e-01,1.248639151453971863e-01,1.278940588235855103e-01,1.690448820590972900e-01,1.730242967605590820e-01,1.403885781764984131e-01,-1.924664713442325592e-02,-1.644398719072341919e-01,-1.232235729694366455e-01,1.362531036138534546e-01,1.127123683691024780e-01
-8.806787431240081787e-02,9.924406558275222778e-02,1.417616158723831177e-01,-9.882898628711700439e-02,-1.495951116085052490e-01,-1.329679191112518311e-01,8.418858051300048828e-03,5.195376276969909668e-02,1.544100046157836914e-01,1.331925988197326660e-01,1.544100046157836914e-01,5.195376276969909668e-02,8.418858051300048828e-03,-1.329679191112518311e-01,-1.495951116085052490e-01,-9.882898628711700439e-02,1.417616158723831177e-01,9.924406558275222778e-02,-8.806787431240081787e-02
-4.918165504932403564e-01
-3.102074190974235535e-02,1.844783574342727661e-01,-1.349725015461444855e-02,-2.166153639554977417e-01,-5.890093743801116943e-02,1.103272661566734314e-01,2.020331323146820068e-01,1.575749069452285767e-01,1.448846161365509033e-01,1.086147502064704895e-01,1.448846161365509033e-01,1.575749069452285767e-01,2.020331323146820068e-01,1.103272661566734314e-01,-5.890093743801116943e-02,-2.166153639554977417e-01,-1.349725015461444855e-02,1.844783574342727661e-01,-3.102074190974235535e-02
-1.940120309591293335e-01,2.407553233206272125e-02,1.406843811273574829e-01,3.043165244162082672e-02,-1.734848022460937500e-01,-1.251424998044967651e-01,-6.734491884708404541e-02,6.843791902065277100e-02,9.965272992849349976e-02,1.594814956188201904e-01,9.965272992849349976e-02,6.843791902065277100e-02,-6.734491884708404541e-02,-1.251424998044967651e-01,-1.734848022460937500e-01,3.043165244162082672e-02,1.406843811273574829e-01,2.407553233206272125e-02,-1.940120309591293335e-01
-5.821056365966796875e-01
-2.212133407592773438e-01,1.915827989578247070e-01,6.207453832030296326e-02,-1.463922411203384399e-01,-1.630139797925949097e-01,9.403502941131591797e-02,1.677026897668838501e-01,2.220436185598373413e-01,1.315673291683197021e-01,1.593578904867172241e-01,1.315673291683197021e-01,2.220436185598373413e-01,1.677026897668838501e-01,9.403502941131591797e-02,-1.630139797925949097e-01,-1.463922411203384399e-01,6.207453832030296326e-02,1.915827989578247070e-01,-2.212133407592773438e-01
-5.136489868164062500e-02,-1.487937867641448975e-01,1.863587647676467896e-01,9.120263904333114624e-02,-1.517514735460281372e-01,-1.933464258909225464e-01,-5.142106115818023682e-02,5.986832454800605774e-02,1.159715056419372559e-01,1.236834377050399780e-01,1.159715056419372559e-01,5.986832454800605774e-02,-5.142106115818023682e-02,-1.933464258909225464e-01,-1.517514735460281372e-01,9.120263904333114624e-02,1.863587647676467896e-01,-1.487937867641448975e-01,-5.136489868164062500e-02
-6.772937774658203125e-01
-1.261364221572875977e-01,-2.388332597911357880e-02,1.895672529935836792e-01,-1.517716497182846069e-01,-1.579203754663467407e-01,3.355723246932029724e-02,2.086526900529861450e-01,1.889084875583648682e-01,1.675160378217697144e-01,1.243404597043991089e-01,1.675160378217697144e-01,1.889084875583648682e-01,2.086526900529861450e-01,3.355723246932029724e-02,-1.579203754663467407e-01,-1.517716497182846069e-01,1.895672529935836792e-01,-2.388332597911357880e-02,-1.261364221572875977e-01
1.907069385051727295e-01,-2.426468133926391602e-01,1.320502907037734985e-01,1.296389847993850708e-01,-9.153714030981063843e-02,-2.342607527971267700e-01,-4.570148512721061707e-02,4.692039266228675842e-02,1.461692601442337036e-01,1.120955944061279297e-01,1.461692601442337036e-01,4.692039266228675842e-02,-4.570148512721061707e-02,-2.342607527971267700e-01,-9.153714030981063843e-02,1.296389847993850708e-01,1.320502907037734985e-01,-2.426468133926391602e-01,1.907069385051727295e-01
-7.771421670913696289e-01
5.254128947854042053e-02,-1.969452351331710815e-01,2.558557391166687012e-01,-8.268679678440093994e-02,-1.796369254589080811e-01,-3.250379115343093872e-02,2.188668251037597656e-01,1.885009557008743286e-01,1.994996219873428345e-01,1.236107945442199707e-01,1.994996219873428345e-01,1.885009557008743286e-01,2.188668251037597656e-01,-3.250379115343093872e-02,-1.796369254589080811e-01,-8.268679678440093994e-02,2.558557391166687012e-01,-1.969452351331710815e-01,5.254128947854042053e-02
1.707807481288909912e-01,-1.317826211452484131e-01,-5.331071466207504272e-02,2.324344664812088013e-01,-7.610826194286346436e-02,-2.040727287530899048e-01,-1.196475252509117126e-01,6.460772454738616943e-02,1.093977987766265869e-01,1.558250933885574341e-01,1.093977987766265869e-01,6.460772454738616943e-02,-1.196475252509117126e-01,-2.040727287530899048e-01,-7.610826194286346436e-02,2.324344664812088013e-01,-5.331071466207504272e-02,-1.317826211452484131e-01,1.707807481288909912e-01
-8.814436793327331543e-01
1.399132907390594482e-01,-2.049378454685211182e-01,1.488107889890670776e-01,7.312299311161041260e-02,-2.311728149652481079e-01,-3.843780606985092163e-02,1.731100678443908691e-01,2.312840670347213745e-01,1.725101619958877563e-01,1.588257998228073120e-01,1.725101619958877563e-01,2.312840670347213745e-01,1.731100678443908691e-01,-3.843780606985092163e-02,-2.311728149652481079e-01,7.312299311161041260e-02,1.488107889890670776e-01,-2.049378454685211182e-01,1.399132907390594482e-01
3.769608587026596069e-02,4.862115904688835144e-02,-2.069052308797836304e-01,2.662909030914306641e-01,-2.992333658039569855e-02,-1.865580677986145020e-01,-1.706018447875976562e-01,7.569003850221633911e-02,1.073049604892730713e-01,1.931142956018447876e-01,1.073049604892730713e-01,7.569003850221633911e-02,-1.706018447875976562e-01,-1.865580677986145020e-01,-2.992333658039569855e-02,2.662909030914306641e-01,-2.069052308797836304e-01,4.862115904688835144e-02,3.769608587026596069e-02
-9.900165200233459473e-01
9.698965400457382202e-02,-9.657368063926696777e-02,-1.011962443590164185e-02,2.092630714178085327e-01,-2.601791024208068848e-01,-4.940539970993995667e-02,1.295436918735504150e-01,2.671540677547454834e-01,1.531241089105606079e-01,1.929951459169387817e-01,1.531241089105606079e-01,2.671540677547454834e-01,1.295436918735504150e-01,-4.940539970993995667e-02,-2.601791024208068848e-01,2.092630714178085327e-01,-1.011962443590164185e-02,-9.657368063926696777e-02,9.698965400457382202e-02
-6.675113737583160400e-02,1.435128450393676758e-01,-2.349361181259155273e-01,1.925263702869415283e-01,7.391144335269927979e-02,-2.087323665618896484e-01,-1.708237528800964355e-01,4.082733765244483948e-02,1.307617574930191040e-01,1.754373162984848022e-01,1.307617574930191040e-01,4.082733765244483948e-02,-1.708237528800964355e-01,-2.087323665618896484e-01,7.391144335269927979e-02,1.925263702869415283e-01,-2.349361181259155273e-01,1.435128450393676758e-01,-6.675113737583160400e-02
-1.102699279785156250e+00
2.370756305754184723e-02,1.351043954491615295e-02,-1.303932517766952515e-01,2.654077410697937012e-01,-2.217659354209899902e-01,-1.004162356257438660e-01,1.226004809141159058e-01,2.715290784835815430e-01,1.674270629882812500e-01,1.936443150043487549e-01,1.674270629882812500e-01,2.715290784835815430e-01,1.226004809141159058e-01,-1.004162356257438660e-01,-2.217659354209899902e-01,2.654077410697937012e-01,-1.303932517766952515e-01,1.351043954491615295e-02,2.370756305754184723e-02
-9.189525991678237915e-02,1.459201723337173462e-01,-1.668638586997985840e-01,5.536238849163055420e-02,1.887941062450408936e-01,-2.319607287645339966e-01,-1.579641699790954590e-01,-1.054758019745349884e-02,1.650158911943435669e-01,1.486544609069824219e-01,1.650158911943435669e-01,-1.054758019745349884e-02,-1.579641699790954590e-01,-2.319607287645339966e-01,1.887941062450408936e-01,5.536238849163055420e-02,-1.668638586997985840e-01,1.459201723337173462e-01,-9.189525991678237915e-02
-1.219347834587097168e+00
-3.539458662271499634e-02,7.951909303665161133e-02,-1.719872206449508667e-01,2.411892265081405640e-01,-1.306423544883728027e-01,-1.786731183528900146e-01,1.398269683122634888e-01,2.527511119842529297e-01,2.049588412046432495e-01,1.720653176307678223e-01,2.049588412046432495e-01,2.527511119842529297e-01,1.398269683122634888e-01,-1.786731183528900146e-01,-1.306423544883728027e-01,2.411892265081405640e-01,-1.719872206449508667e-01,7.951909303665161133e-02,-3.539458662271499634e-02
-6.695095449686050415e-02,8.964391797780990601e-02,-6.544799357652664185e-02,-7.122394442558288574e-02,2.700897753238677979e-01,-2.254943251609802246e-01,-1.647339165210723877e-01,-4.374707117676734924e-02,1.808293163776397705e-01,1.390301883220672607e-01,1.808293163776397705e-01,-4.374707117676734924e-02,-1.647339165210723877e-01,-2.254943251609802246e-01,2.700897753238677979e-01,-7.122394442558288574e-02,-6.544799357652664185e-02,8.964391797780990601e-02,-6.695095449686050415e-02
-1.339831829071044922e+00
-5.639887601137161255e-02,9.574772417545318604e-02,-1.565303504467010498e-01,1.679826080799102783e-01,-1.952525414526462555e-02,-2.551313340663909912e-01,1.536134630441665649e-01,2.305277287960052490e-01,2.417080104351043701e-01,1.486532092094421387e-01,2.417080104351043701e-01,2.305277287960052490e-01,1.536134630441665649e-01,-2.551313340663909912e-01,-1.952525414526462555e-02,1.679826080799102783e-01,-1.565303504467010498e-01,9.574772417545318604e-02,-5.639887601137161255e-02
-2.493880130350589752e-02,2.723866701126098633e-02,2.286095358431339264e-02,-1.558958888053894043e-01,2.930377423763275146e-01,-1.778113394975662231e-01,-1.952574551105499268e-01,-4.861398413777351379e-02,1.750756949186325073e-01,1.547381877899169922e-01,1.750756949186325073e-01,-4.861398413777351379e-02,-1.952574551105499268e-01,-1.778113394975662231e-01,2.930377423763275146e-01,-1.558958888053894043e-01,2.286095358431339264e-02,2.723866701126098633e-02,-2.493880130350589752e-02
-1.464033246040344238e+00
-5.846989154815673828e-02,7.299676537513732910e-02,-1.103787124156951904e-01,8.577756583690643311e-02,8.482903242111206055e-02,-3.075928986072540283e-01,1.458600610494613647e-01,2.189553380012512207e-01,2.649901211261749268e-01,1.376596391201019287e-01,2.649901211261749268e-01,2.189553380012512207e-01,1.458600610494613647e-01,-3.075928986072540283e-01,8.482903242111206055e-02,8.577756583690643311e-02,-1.103787124156951904e-01,7.299676537513732910e-02,-5.846989154815673828e-02
1.559912040829658508e-02,-2.063041180372238159e-02,7.487198710441589355e-02,-1.941022425889968872e-01,2.656732797622680664e-01,-1.015447229146957397e-01,-2.403642684221267700e-01,-3.524917364120483398e-02,1.534194052219390869e-01,1.845311969518661499e-01,1.534194052219390869e-01,-3.524917364120483398e-02,-2.403642684221267700e-01,-1.015447229146957397e-01,2.656732797622680664e-01,-1.941022425889968872e-01,7.487198710441589355e-02,-2.063041180372238159e-02,1.559912040829658508e-02
-1.591844081878662109e+00
-3.493827953934669495e-02,4.707111790776252747e-02,-5.816929787397384644e-02,2.529071643948554993e-03,1.571625322103500366e-01,-3.246173560619354248e-01,1.207690611481666565e-01,2.272491753101348877e-01,2.729201614856719971e-01,1.446674019098281860e-01,2.729201614856719971e-01,2.272491753101348877e-01,1.207690611481666565e-01,-3.246173560619354248e-01,1.571625322103500366e-01,2.529071643948554993e-03,-5.816929787397384644e-02,4.707111790776252747e-02,-3.493827953934669495e-02
2.962774410843849182e-02,-4.599997773766517639e-02,1.011234521865844727e-01,-1.877300441265106201e-01,2.089742720127105713e-01,-1.392647437751293182e-02,-2.902599275112152100e-01,-2.277757041156291962e-02,1.264932751655578613e-01,2.175126820802688599e-01,1.264932751655578613e-01,-2.277757041156291962e-02,-2.902599275112152100e-01,-1.392647437751293182e-02,2.089742720127105713e-01,-1.877300441265106201e-01,1.011234521865844727e-01,-4.599997773766517639e-02,2.962774410843849182e-02
-1.723165392875671387e+00
-1.693150028586387634e-02,1.398810744285583496e-02,-1.059657242149114609e-02,-5.457685887813568115e-02,2.005735188722610474e-01,-3.129289746284484863e-01,7.285734266042709351e-02,2.473194897174835205e-01,2.660505175590515137e-01,1.643749326467514038e-01,2.660505175590515137e-01,2.473194897174835205e-01,7.285734266042709351e-02,-3.129289746284484863e-01,2.005735188722610474e-01,-5.457685887813568115e-02,-1.059657242149114609e-02,1.398810744285583496e-02,-1.693150028586387634e-02
3.569265082478523254e-02,-5.477416142821311951e-02,9.870968014001846313e-02,-1.576952338218688965e-01,1.395324617624282837e-01,7.050270587205886841e-02,-3.293070197105407715e-01,-1.517263706773519516e-02,1.052851304411888123e-01,2.440882623195648193e-01,1.052851304411888123e-01,-1.517263706773519516e-02,-3.293070197105407715e-01,7.050270587205886841e-02,1.395324617624282837e-01,-1.576952338218688965e-01,9.870968014001846313e-02,-5.477416142821311951e-02,3.569265082478523254e-02
-1.857905864715576172e+00
2.356036007404327393e-02,8.830539882183074951e-03,2.426570467650890350e-02,-1.034021452069282532e-01,2.079112231731414795e-01,-2.764768898487091064e-01,1.597131229937076569e-02,2.744846642017364502e-01,2.517520785331726074e-01,1.921622753143310547e-01,2.517520785331726074e-01,2.744846642017364502e-01,1.597131229937076569e-02,-2.764768898487091064e-01,2.079112231731414795e-01,-1.034021452069282532e-01,2.426570467650890350e-02,8.830539882183074951e-03,2.356036007404327393e-02
1.887330971658229828e-02,-3.955040872097015381e-02,9.902998805046081543e-02,-1.115714535117149353e-01,6.250538676977157593e-02,1.355987936258316040e-01,-3.505323827266693115e-01,-1.423460245132446289e-02,9.644687920808792114e-02,2.605239152908325195e-01,9.644687920808792114e-02,-1.423460245132446289e-02,-3.505323827266693115e-01,1.355987936258316040e-01,6.250538676977157593e-02,-1.115714535117149353e-01,9.902998805046081543e-02,-3.955040872097015381e-02,1.887330971658229828e-02
-1.995981097221374512e+00
2.239738777279853821e-02,-2.011357061564922333e-02,4.510126635432243347e-02,-1.141474917531013489e-01,2.054485529661178589e-01,-2.274071872234344482e-01,-4.636560752987861633e-02,3.037750124931335449e-01,2.355862706899642944e-01,2.200972884893417358e-01,2.355862706899642944e-01,3.037750124931335449e-01,-4.636560752987861633e-02,-2.274071872234344482e-01,2.054485529661178589e-01,-1.141474917531013489e-01,4.510126635432243347e-02,-2.011357061564922333e-02,2.239738777279853821e-02
1.299199461936950684e-02,-3.220738098025321960e-02,6.379862129688262939e-02,-7.603603601455688477e-02,3.924767021089792252e-03,1.951472014188766479e-01,-3.549197018146514893e-01,-3.314775228500366211e-02,9.600930660963058472e-02,2.673320174217224121e-01,9.600930660963058472e-02,-3.314775228500366211e-02,-3.549197018146514893e-01,1.951472014188766479e-01,3.924767021089792252e-03,-7.603603601455688477e-02,6.379862129688262939e-02,-3.220738098025321960e-02,1.299199461936950684e-02
-2.137312412261962891e+00
2.593545243144035339e-02,-2.883264794945716858e-02,5.803132057189941406e-02,-1.157505065202713013e-01,1.815691590309143066e-01,-1.728406548500061035e-01,-1.070079654455184937e-01,3.284742534160614014e-01,2.220940142869949341e-01,2.453348189592361450e-01,2.220940142869949341e-01,3.284742534160614014e-01,-1.070079654455184937e-01,-1.728406548500061035e-01,1.815691590309143066e-01,-1.157505065202713013e-01,5.803132057189941406e-02,-2.883264794945716858e-02,2.593545243144035339e-02
-1.304825855186209083e-04,-2.065183222293853760e-02,3.750715404748916626e-02,-3.574877604842185974e-02,-4.295098036527633667e-02,2.304123938083648682e-01,-3.450751900672912598e-01,-6.087641417980194092e-02,1.052401587367057800e-01,2.644185721874237061e-01,1.052401587367057800e-01,-6.087641417980194092e-02,-3.450751900672912598e-01,2.304123938083648682e-01,-4.295098036527633667e-02,-3.574877604842185974e-02,3.750715404748916626e-02,-2.065183222293853760e-02,-1.304825855186209083e-04
-2.281826257705688477e+00
3.089927881956100464e-02,-2.755217254161834717e-02,6.030351668596267700e-02,-1.099491715431213379e-01,1.512255519628524780e-01,-1.151783540844917297e-01,-1.599551737308502197e-01,3.452422022819519043e-01,2.132767587900161743e-01,2.648026347160339355e-01,2.132767587900161743e-01,3.452422022819519043e-01,-1.599551737308502197e-01,-1.151783540844917297e-01,1.512255519628524780e-01,-1.099491715431213379e-01,6.030351668596267700e-02,-2.755217254161834717e-02,3.089927881956100464e-02
-1.559203304350376129e-02,-5.411188583821058273e-03,1.712149940431118011e-02,-3.388405079022049904e-03,-7.999299466609954834e-02,2.481273114681243896e-01,-3.210188150405883789e-01,-9.511785209178924561e-02,1.207981780171394348e-01,2.547635138034820557e-01,1.207981780171394348e-01,-9.511785209178924561e-02,-3.210188150405883789e-01,2.481273114681243896e-01,-7.999299466609954834e-02,-3.388405079022049904e-03,1.712149940431118011e-02,-5.411188583821058273e-03,-1.559203304350376129e-02
-2.429454565048217773e+00
3.325376287102699280e-02,-2.277460694313049316e-02,5.551117286086082458e-02,-9.785953909158706665e-02,1.178753823041915894e-01,-6.122331321239471436e-02,-2.044733911752700806e-01,3.538486361503601074e-01,2.112740427255630493e-01,2.768771648406982422e-01,2.112740427255630493e-01,3.538486361503601074e-01,-2.044733911752700806e-01,-6.122331321239471436e-02,1.178753823041915894e-01,-9.785953909158706665e-02,5.551117286086082458e-02,-2.277460694313049316e-02,3.325376287102699280e-02
-2.835245616734027863e-02,9.091287851333618164e-03,1.190494163893163204e-03,2.105369791388511658e-02,-1.054793372750282288e-01,2.516506612300872803e-01,-2.873481512069702148e-01,-1.335467994213104248e-01,1.392856836318969727e-01,2.409452050924301147e-01,1.392856836318969727e-01,-1.335467994213104248e-01,-2.873481512069702148e-01,2.516506612300872803e-01,-1.054793372750282288e-01,2.105369791388511658e-02,1.190494163893163204e-03,9.091287851333618164e-03,-2.835245616734027863e-02
-2.580132961273193359e+00
-2.159181982278823853e-01,1.260476112365722656e-01,1.053753644227981567e-01,-1.332166343927383423e-01,-1.531097292900085449e-01,8.697965741157531738e-02,1.719197481870651245e-01,2.078065276145935059e-01,1.351099163293838501e-01,1.512808799743652344e-01,1.351099163293838501e-01,2.078065276145935059e-01,1.719197481870651245e-01,8.697965741157531738e-02,-1.531097292900085449e-01,-1.332166343927383423e-01,1.053753644227981567e-01,1.260476112365722656e-01,-2.159181982278823853e-01
4.001368954777717590e-02,-2.209783196449279785e-01,1.825542896986007690e-01,9.823251515626907349e-02,-1.215332746505737305e-01,-2.207475155591964722e-01,-4.454430192708969116e-02,5.189512297511100769e-02,1.459103375673294067e-01,1.214953064918518066e-01,1.459103375673294067e-01,5.189512297511100769e-02,-4.454430192708969116e-02,-2.207475155591964722e-01,-1.215332746505737305e-01,9.823251515626907349e-02,1.825542896986007690e-01,-2.209783196449279785e-01,4.001368954777717590e-02
-3.271071612834930420e-01
1.323094815015792847e-01,-1.933003775775432587e-02,-1.387095451354980469e-01,-1.278977394104003906e-01,4.904124140739440918e-02,1.356014609336853027e-01,1.954722553491592407e-01,1.507131904363632202e-01,1.474552750587463379e-01,1.041950732469558716e-01,1.474552750587463379e-01,1.507131904363632202e-01,1.954722553491592407e-01,1.356014609336853027e-01,4.904124140739440918e-02,-1.278977394104003906e-01,-1.387095451354980469e-01,-1.933003775775432587e-02,1.323094815015792847e-01
5.872239544987678528e-02,2.006830424070358276e-01,1.950107142329216003e-02,-1.215245798230171204e-01,-1.602577418088912964e-01,-6.275321543216705322e-02,-2.817512862384319305e-02,6.011146679520606995e-02,9.965362399816513062e-02,1.458655893802642822e-01,9.965362399816513062e-02,6.011146679520606995e-02,-2.817512862384319305e-02,-6.275321543216705322e-02,-1.602577418088912964e-01,-1.215245798230171204e-01,1.950107142329216003e-02,2.006830424070358276e-01,5.872239544987678528e-02
-4.067060351371765137e-01
6.998968124389648438e-02,1.543909013271331787e-01,-6.486238539218902588e-02,-1.520443260669708252e-01,-7.126948982477188110e-02,1.092679053544998169e-01,1.845863610506057739e-01,1.879740655422210693e-01,1.266548037528991699e-01,1.143101155757904053e-01,1.266548037528991699e-01,1.879740655422210693e-01,1.845863610506057739e-01,1.092679053544998169e-01,-7.126948982477188110e-02,-1.520443260669708252e-01,-6.486238539218902588e-02,1.543909013271331787e-01,6.998968124389648438e-02
-5.499143153429031372e-02,1.378135979175567627e-01,1.210310384631156921e-01,-1.452247649431228638e-01,-1.494429260492324829e-01,-9.979420900344848633e-02,5.264028906822204590e-03,2.661075629293918610e-02,1.527252942323684692e-01,1.474229395389556885e-01,1.527252942323684692e-01,2.661075629293918610e-02,5.264028906822204590e-03,-9.979420900344848633e-02,-1.494429260492324829e-01,-1.452247649431228638e-01,1.210310384631156921e-01,1.378135979175567627e-01,-5.499143153429031372e-02
-4.918165504932403564e-01
-3.692727908492088318e-02,1.550780981779098511e-01,-2.145322039723396301e-02,-1.942705214023590088e-01,-4.774070158600807190e-02,9.310561418533325195e-02,1.914033591747283936e-01,1.614028960466384888e-01,1.472256183624267578e-01,1.064733266830444336e-01,1.472256183624267578e-01,1.614028960466384888e-01,1.914033591747283936e-01,9.310561418533325195e-02,-4.774070158600807190e-02,-1.942705214023590088e-01,-2.145322039723396301e-02,1.550780981779098511e-01,-3.692727908492088318e-02
-2.283465564250946045e-01,2.991267107427120209e-02,1.729351282119750977e-01,3.759885206818580627e-02,-2.034991830587387085e-01,-1.414796113967895508e-01,-4.846103489398956299e-02,9.509986639022827148e-02,9.784755110740661621e-02,1.474845409393310547e-01,9.784755110740661621e-02,9.509986639022827148e-02,-4.846103489398956299e-02,-1.414796113967895508e-01,-2.034991830587387085e-01,3.759885206818580627e-02,1.729351282119750977e-01,2.991267107427120209e-02,-2.283465564250946045e-01
-5.821056365966796875e-01
-2.167777419090270996e-01,1.908572763204574585e-01,5.949510261416435242e-02,-1.484634727239608765e-01,-1.640203148126602173e-01,9.366156905889511108e-02,1.682818830013275146e-01,2.223073095083236694e-01,1.291720569133758545e-01,1.562863439321517944e-01,1.291720569133758545e-01,2.223073095083236694e-01,1.682818830013275146e-01,9.366156905889511108e-02,-1.640203148126602173e-01,-1.484634727239608765e-01,5.949510261416435242e-02,1.908572763204574585e-01,-2.167777419090270996e-01
-5.537632480263710022e-02,-1.509382873773574829e-01,1.890916526317596436e-01,9.551413357257843018e-02,-1.516138911247253418e-01,-1.961216032505035400e-01,-5.172503367066383362e-02,6.334922462701797485e-02,1.167999058961868286e-01,1.232707798480987549e-01,1.167999058961868286e-01,6.334922462701797485e-02,-5.172503367066383362e-02,-1.961216032505035400e-01,-1.516138911247253418e-01,9.551413357257843018e-02,1.890916526317596436e-01,-1.509382873773574829e-01,-5.537632480263710022e-02
-6.772937774658203125e-01
-1.311931759119033813e-01,-1.924316398799419403e-02,2.025563716888427734e-01,-1.447243988513946533e-01,-1.608409732580184937e-01,2.741495519876480103e-02,2.097656130790710449e-01,1.907850652933120728e-01,1.635055840015411377e-01,1.178688630461692810e-01,1.635055840015411377e-01,1.907850652933120728e-01,2.097656130790710449e-01,2.741495519876480103e-02,-1.608409732580184937e-01,-1.447243988513946533e-01,2.025563716888427734e-01,-1.924316398799419403e-02,-1.311931759119033813e-01
1.847538501024246216e-01,-2.518353462219238281e-01,1.308439970016479492e-01,1.356880813837051392e-01,-8.394103497266769409e-02,-2.327316999435424805e-01,-4.903297871351242065e-02,4.298213124275207520e-02,1.447838693857192993e-01,1.118395254015922546e-01,1.447838693857192993e-01,4.298213124275207520e-02,-4.903297871351242065e-02,-2.327316999435424805e-01,-8.394103497266769409e-02,1.356880813837051392e-01,1.308439970016479492e-01,-2.518353462219238281e-01,1.847538501024246216e-01
-7.771421670913696289e-01
5.346307530999183655e-02,-2.075006216764450073e-01,2.490645945072174072e-01,-7.734803855419158936e-02,-1.725597232580184937e-01,-3.383138775825500488e-02,2.130831480026245117e-01,1.865074038505554199e-01,2.001959085464477539e-01,1.247595250606536865e-01,2.001959085464477539e-01,1.865074038505554199e-01,2.130831480026245117e-01,-3.383138775825500488e-02,-1.725597232580184937e-01,-7.734803855419158936e-02,2.490645945072174072e-01,-2.075006216764450073e-01,5.346307530999183655e-02
1.708124428987503052e-01,-1.291967034339904785e-01,-5.333285033702850342e-02,2.311011850833892822e-01,-7.746610045433044434e-02,-2.045438438653945923e-01,-1.192443072795867920e-01,6.763041019439697266e-02,1.141944900155067444e-01,1.595671772956848145e-01,1.141944900155067444e-01,6.763041019439697266e-02,-1.192443072795867920e-01,-2.045438438653945923e-01,-7.746610045433044434e-02,2.311011850833892822e-01,-5.333285033702850342e-02,-1.291967034339904785e-01,1.708124428987503052e-01
-8.814436793327331543e-01
1.341731399297714233e-01,-2.011732906103134155e-01,1.518483012914657593e-01,7.141985744237899780e-02,-2.326907664537429810e-01,-3.861413523554801941e-02,1.732195764780044556e-01,2.330235093832015991e-01,1.766525357961654663e-01,1.628009974956512451e-01,1.766525357961654663e-01,2.330235093832015991e-01,1.732195764780044556e-01,-3.861413523554801941e-02,-2.326907664537429810e-01,7.141985744237899780e-02,1.518483012914657593e-01,-2.011732906103134155e-01,1.341731399297714233e-01
3.051680698990821838e-02,4.602573439478874207e-02,-2.056374400854110718e-01,2.676946222782135010e-01,-3.151537850499153137e-02,-1.874420791864395142e-01,-1.669427156448364258e-01,8.179074525833129883e-02,1.071276888251304626e-01,1.923285126686096191e-01,1.071276888251304626e-01,8.179074525833129883e-02,-1.669427156448364258e-01,-1.874420791864395142e-01,-3.151537850499153137e-02,2.676946222782135010e-01,-2.056374400854110718e-01,4.602573439478874207e-02,3.051680698990821838e-02
-9.900165200233459473e-01
1.038443818688392639e-01,-9.438093006610870361e-02,-1.267962250858545303e-02,2.063169330358505249e-01,-2.624258697032928467e-01,-5.055877938866615295e-02,1.318437159061431885e-01,2.701874673366546631e-01,1.539504081010818481e-01,1.922127157449722290e-01,1.539504081010818481e-01,2.701874673366546631e-01,1.318437159061431885e-01,-5.055877938866615295e-02,-2.624258697032928467e-01,2.063169330358505249e-01,-1.267962250858545303e-02,-9.438093006610870361e-02,1.038443818688392639e-01
-6.921834498643875122e-02,1.523841470479965210e-01,-2.309163510799407959e-01,1.872330009937286377e-01,6.798400729894638062e-02,-2.074342966079711914e-01,-1.668138056993484497e-01,4.381108656525611877e-02,1.314142942428588867e-01,1.757237315177917480e-01,1.314142942428588867e-01,4.381108656525611877e-02,-1.668138056993484497e-01,-2.074342966079711914e-01,6.798400729894638062e-02,1.872330009937286377e-01,-2.309163510799407959e-01,1.523841470479965210e-01,-6.921834498643875122e-02
-1.102699279785156250e+00
2.393496595323085785e-02,1.337463594973087311e-02,-1.293172538280487061e-01,2.668182849884033203e-01,-2.225604504346847534e-01,-1.022010818123817444e-01,1.237159594893455505e-01,2.736687958240509033e-01,1.671572625637054443e-01,1.919783055782318115e-01,1.671572625637054443e-01,2.736687958240509033e-01,1.237159594893455505e-01,-1.022010818123817444e-01,-2.225604504346847534e-01,2.668182849884033203e-01,-1.293172538280487061e-01,1.337463594973087311e-02,2.393496595323085785e-02
-9.444416314363479614e-02,1.486056149005889893e-01,-1.631029695272445679e-01,5.490466952323913574e-02,1.874361634254455566e-01,-2.318793684244155884e-01,-1.578482538461685181e-01,-1.141519285738468170e-02,1.647866219282150269e-01,1.489391028881072998e-01,1.647866219282150269e-01,-1.141519285738468170e-02,-1.578482538461685181e-01,-2.318793684244155884e-01,1.874361634254455566e-01,5.490466952323913574e-02,-1.631029695272445679e-01,1.486056149005889893e-01,-9.444416314363479614e-02
-1.219347834587097168e+00
-3.664610907435417175e-02,8.006376028060913086e-02,-1.699915826320648193e-01,2.422722429037094116e-01,-1.318068951368331909e-01,-1.802629232406616211e-01,1.406132280826568604e-01,2.539362609386444092e-01,2.038412839174270630e-01,1.699517816305160522e-01,2.038412839174270630e-01,2.539362609386444092e-01,1.406132280826568604e-01,-1.802629232406616211e-01,-1.318068951368331909e-01,2.422722429037094116e-01,-1.699915826320648193e-01,8.006376028060913086e-02,-3.664610907435417175e-02
-6.869404762983322144e-02,9.128618985414505005e-02,-6.370969861745834351e-02,-7.151257246732711792e-02,2.702119946479797363e-01,-2.246190309524536133e-01,-1.652692407369613647e-01,-4.584940522909164429e-02,1.808834671974182129e-01,1.400571465492248535e-01,1.808834671974182129e-01,-4.584940522909164429e-02,-1.652692407369613647e-01,-2.246190309524536133e-01,2.702119946479797363e-01,-7.151257246732711792e-02,-6.370969861745834351e-02,9.128618985414505005e-02,-6.869404762983322144e-02
-1.339831829071044922e+00
-5.717755854129791260e-02,9.415224194526672363e-02,-1.562672853469848633e-01,1.697382926940917969e-01,-1.900682225823402405e-02,-2.562707662582397461e-01,1.530198454856872559e-01,2.305120080709457397e-01,2.403415739536285400e-01,1.468215137720108032e-01,2.403415739536285400e-01,2.305120080709457397e-01,1.530198454856872559e-01,-2.562707662582397461e-01,-1.900682225823402405e-02,1.697382926940917969e-01,-1.562672853469848633e-01,9.415224194526672363e-02,-5.717755854129791260e-02
-2.562286704778671265e-02,2.938795089721679688e-02,2.434439398348331451e-02,-1.561522483825683594e-01,2.925863862037658691e-01,-1.777686923742294312e-01,-1.960344761610031128e-01,-5.049825459718704224e-02,1.753907352685928345e-01,1.559163779020309448e-01,1.753907352685928345e-01,-5.049825459718704224e-02,-1.960344761610031128e-01,-1.777686923742294312e-01,2.925863862037658691e-01,-1.561522483825683594e-01,2.434439398348331451e-02,2.938795089721679688e-02,-2.562286704778671265e-02
-1.464033246040344238e+00
-5.277250334620475769e-02,8.047330379486083984e-02,-1.096597537398338318e-01,8.006677031517028809e-02,8.065827190876007080e-02,-3.073119819164276123e-01,1.491504907608032227e-01,2.207378447055816650e-01,2.648535966873168945e-01,1.368923187255859375e-01,2.648535966873168945e-01,2.207378447055816650e-01,1.491504907608032227e-01,-3.073119819164276123e-01,8.065827190876007080e-02,8.006677031517028809e-02,-1.096597537398338318e-01,8.047330379486083984e-02,-5.277250334620475769e-02
8.003715425729751587e-03,-1.767323538661003113e-02,8.008150756359100342e-02,-1.919748485088348389e-01,2.666600048542022705e-01,-1.010062471032142639e-01,-2.428242862224578857e-01,-3.989748656749725342e-02,1.525789350271224976e-01,1.857861280441284180e-01,1.525789350271224976e-01,-3.989748656749725342e-02,-2.428242862224578857e-01,-1.010062471032142639e-01,2.666600048542022705e-01,-1.919748485088348389e-01,8.008150756359100342e-02,-1.767323538661003113e-02,8.003715425729751587e-03
-1.591844081878662109e+00
-3.774625808000564575e-02,4.708553850650787354e-02,-5.649003759026527405e-02,3.327097976580262184e-03,1.564877480268478394e-01,-3.255701959133148193e-01,1.202051043510437012e-01,2.265651524066925049e-01,2.714654207229614258e-01,1.432311534881591797e-01,2.714654207229614258e-01,2.265651524066925049e-01,1.202051043510437012e-01,-3.255701959133148193e-01,1.564877480268478394e-01,3.327097976580262184e-03,-5.649003759026527405e-02,4.708553850650787354e-02,-3.774625808000564575e-02
3.152878209948539734e-02,-4.567544162273406982e-02,1.001739874482154846e-01,-1.879150271415710449e-01,2.103743553161621094e-01,-1.250461675226688385e-02,-2.909516394138336182e-01,-2.503194846212863922e-02,1.262910664081573486e-01,2.184758484363555908e-01,1.262910664081573486e-01,-2.503194846212863922e-02,-2.909516394138336182e-01,-1.250461675226688385e-02,2.103743553161621094e-01,-1.879150271415710449e-01,1.001739874482154846e-01,-4.567544162273406982e-02,3.152878209948539734e-02
-1.723165392875671387e+00
-1.366465259343385696e-02,1.901727542281150818e-02,-9.923524223268032074e-03,-5.759906023740768433e-02,1.981955617666244507e-01,-3.130309283733367920e-01,7.393883913755416870e-02,2.473587840795516968e-01,2.650021612644195557e-01,1.632437855005264282e-01,2.650021612644195557e-01,2.473587840795516968e-01,7.393883913755416870e-02,-3.130309283733367920e-01,1.981955617666244507e-01,-5.759906023740768433e-02,-9.923524223268032074e-03,1.901727542281150818e-02,-1.366465259343385696e-02
3.308948501944541931e-02,-5.124356225132942200e-02,1.006284356117248535e-01,-1.596197932958602905e-01,1.379538029432296753e-01,7.179055362939834595e-02,-3.288881182670593262e-01,-1.654970645904541016e-02,1.057851612567901611e-01,2.455559074878692627e-01,1.057851612567901611e-01,-1.654970645904541016e-02,-3.288881182670593262e-01,7.179055362939834595e-02,1.379538029432296753e-01,-1.596197932958602905e-01,1.006284356117248535e-01,-5.124356225132942200e-02,3.308948501944541931e-02
-1.857905864715576172e+00
8.847434073686599731e-03,-1.805155654437839985e-03,2.445507235825061798e-02,-9.721114486455917358e-02,2.114963233470916748e-01,-2.770760953426361084e-01,1.576825417578220367e-02,2.749649882316589355e-01,2.507962584495544434e-01,1.907143592834472656e-01,2.507962584495544434e-01,2.749649882316589355e-01,1.576825417578220367e-02,-2.770760953426361084e-01,2.114963233470916748e-01,-9.721114486455917358e-02,2.445507235825061798e-02,-1.805155654437839985e-03,8.847434073686599731e-03
2.440341189503669739e-02,-4.446634277701377869e-02,8.683346211910247803e-02,-1.187145188450813293e-01,6.604568660259246826e-02,1.422753334045410156e-01,-3.504955172538757324e-01,-1.869329810142517090e-02,9.545519202947616577e-02,2.619707584381103516e-01,9.545519202947616577e-02,-1.869329810142517090e-02,-3.504955172538757324e-01,1.422753334045410156e-01,6.604568660259246826e-02,-1.187145188450813293e-01,8.683346211910247803e-02,-4.446634277701377869e-02,2.440341189503669739e-02
-1.995981097221374512e+00
1.937673985958099365e-02,-2.009960822761058807e-02,4.751306772232055664e-02,-1.122639924287796021e-01,2.053305506706237793e-01,-2.280857264995574951e-01,-4.628701880574226379e-02,3.038186430931091309e-01,2.351118326187133789e-01,2.195129394531250000e-01,2.351118326187133789e-01,3.038186430931091309e-01,-4.628701880574226379e-02,-2.280857264995574951e-01,2.053305506706237793e-01,-1.122639924287796021e-01,4.751306772232055664e-02,-2.009960822761058807e-02,1.937673985958099365e-02
1.345678977668285370e-02,-3.426872566342353821e-02,6.241820752620697021e-02,-7.528728991746902466e-02,5.425072740763425827e-03,1.954955458641052246e-01,-3.560000360012054443e-01,-3.480297327041625977e-02,9.542331844568252563e-02,2.675500810146331787e-01,9.542331844568252563e-02,-3.480297327041625977e-02,-3.560000360012054443e-01,1.954955458641052246e-01,5.425072740763425827e-03,-7.528728991746902466e-02,6.241820752620697021e-02,-3.426872566342353821e-02,1.345678977668285370e-02
-2.137312412261962891e+00
2.970180101692676544e-02,-2.681643888354301453e-02,5.651475489139556885e-02,-1.171113923192024231e-01,1.824755519628524780e-01,-1.712224483489990234e-01,-1.065689623355865479e-01,3.274545669555664062e-01,2.215077430009841919e-01,2.452921420335769653e-01,2.215077430009841919e-01,3.274545669555664062e-01,-1.065689623355865479e-01,-1.712224483489990234e-01,1.824755519628524780e-01,-1.171113923192024231e-01,5.651475489139556885e-02,-2.681643888354301453e-02,2.970180101692676544e-02
-1.389514305628836155e-03,-1.766380108892917633e-02,4.019072651863098145e-02,-3.674940764904022217e-02,-4.580048844218254089e-02,2.297576665878295898e-01,-3.437704145908355713e-01,-5.980918928980827332e-02,1.052878126502037048e-01,2.641190290451049805e-01,1.052878126502037048e-01,-5.980918928980827332e-02,-3.437704145908355713e-01,2.297576665878295898e-01,-4.580048844218254089e-02,-3.674940764904022217e-02,4.019072651863098145e-02,-1.766380108892917633e-02,-1.389514305628836155e-03
-2.281826257705688477e+00
3.502814099192619324e-02,-2.637282013893127441e-02,5.755813419818878174e-02,-1.116372346878051758e-01,1.525872051715850830e-01,-1.134352982044219971e-01,-1.599595695734024048e-01,3.442657589912414551e-01,2.131525427103042603e-01,2.652279436588287354e-01,2.131525427103042603e-01,3.442657589912414551e-01,-1.599595695734024048e-01,-1.134352982044219971e-01,1.525872051715850830e-01,-1.116372346878051758e-01,5.755813419818878174e-02,-2.637282013893127441e-02,3.502814099192619324e-02
-1.682026498019695282e-02,-2.619343809783458710e-03,2.059551887214183807e-02,-3.966106101870536804e-03,-8.403563499450683594e-02,2.457194477319717407e-01,-3.196589052677154541e-01,-9.320880472660064697e-02,1.200107261538505554e-01,2.530565559864044189e-01,1.200107261538505554e-01,-9.320880472660064697e-02,-3.196589052677154541e-01,2.457194477319717407e-01,-8.403563499450683594e-02,-3.966106101870536804e-03,2.059551887214183807e-02,-2.619343809783458710e-03,-1.682026498019695282e-02
-2.429454565048217773e+00
3.194107487797737122e-02,-2.203552983701229095e-02,5.633771792054176331e-02,-9.788709133863449097e-02,1.171545684337615967e-01,-6.181759759783744812e-02,-2.048572599887847900e-01,3.538406193256378174e-01,2.116345167160034180e-01,2.772614955902099609e-01,2.116345167160034180e-01,3.538406193256378174e-01,-2.048572599887847900e-01,-6.181759759783744812e-02,1.171545684337615967e-01,-9.788709133863449097e-02,5.633771792054176331e-02,-2.203552983701229095e-02,3.194107487797737122e-02
-3.127365186810493469e-02,7.071613334119319916e-03,3.028897568583488464e-03,2.274948731064796448e-02,-1.070957556366920471e-01,2.490434199571609497e-01,-2.867666482925415039e-01,-1.315806806087493896e-01,1.391580402851104736e-01,2.395033836364746094e-01,1.391580402851104736e-01,-1.315806806087493896e-01,-2.867666482925415039e-01,2.490434199571609497e-01,-1.070957556366920471e-01,2.274948731064796448e-02,3.028897568583488464e-03,7.071613334119319916e-03,-3.127365186810493469e-02
-2.580132961273193359e+00
-2.071878910064697266e-01,1.383148431777954102e-01,1.023716256022453308e-01,-1.509637087583541870e-01,-1.643373221158981323e-01,8.887296915054321289e-02,1.789299249649047852e-01,2.116159200668334961e-01,1.363727748394012451e-01,1.514298915863037109e-01,1.363727748394012451e-01,2.116159200668334961e-01,1.789299249649047852e-01,8.887296915054321289e-02,-1.643373221158981323e-01,-1.509637087583541870e-01,1.023716256022453308e-01,1.383148431777954102e-01,-2.071878910064697266e-01
5.710212886333465576e-02,-2.112186104059219360e-01,1.836780905723571777e-01,9.814250469207763672e-02,-1.220607906579971313e-01,-2.235161662101745605e-01,-4.512868821620941162e-02,5.209735035896301270e-02,1.416921168565750122e-01,1.161245778203010559e-01,1.416921168565750122e-01,5.209735035896301270e-02,-4.512868821620941162e-02,-2.235161662101745605e-01,-1.220607906579971313e-01,9.814250469207763672e-02,1.836780905723571777e-01,-2.112186104059219360e-01,5.710212886333465576e-02
-3.271071612834930420e-01
1.520936042070388794e-01,-2.070919424295425415e-02,-1.497079282999038696e-01,-1.318692415952682495e-01,5.173984169960021973e-02,1.325871199369430542e-01,1.891102492809295654e-01,1.481654495000839233e-01,1.398893147706985474e-01,9.746332466602325439e-02,1.398893147706985474e-01,1.481654495000839233e-01,1.891102492809295654e-01,1.325871199369430542e-01,5.173984169960021973e-02,-1.318692415952682495e-01,-1.497079282999038696e-01,-2.070919424295425415e-02,1.520936042070388794e-01
3.341432660818099976e-02,1.832644343376159668e-01,1.585683785378932953e-02,-1.187223643064498901e-01,-1.659256815910339355e-01,-6.910766661167144775e-02,-1.060247793793678284e-02,7.972741127014160156e-02,1.038267463445663452e-01,1.361835449934005737e-01,1.038267463445663452e-01,7.972741127014160156e-02,-1.060247793793678284e-02,-6.910766661167144775e-02,-1.659256815910339355e-01,-1.187223643064498901e-01,1.585683785378932953e-02,1.832644343376159668e-01,3.341432660818099976e-02
-4.067060351371765137e-01
1.058701723814010620e-01,1.205039992928504944e-01,-1.276452988386154175e-01,-1.520732492208480835e-01,-8.507601916790008545e-03,1.349972784519195557e-01,1.654924601316452026e-01,1.688965559005737305e-01,1.318606585264205933e-01,1.279149949550628662e-01,1.318606585264205933e-01,1.688965559005737305e-01,1.654924601316452026e-01,1.349972784519195557e-01,-8.507601916790008545e-03,-1.520732492208480835e-01,-1.276452988386154175e-01,1.205039992928504944e-01,1.058701723814010620e-01
-1.028385460376739502e-01,1.049708873033523560e-01,1.661117821931838989e-01,-8.904708176851272583e-02,-1.650712192058563232e-01,-1.472110152244567871e-01,2.131354063749313354e-02,6.583294272422790527e-02,1.461821794509887695e-01,1.155641153454780579e-01,1.461821794509887695e-01,6.583294272422790527e-02,2.131354063749313354e-02,-1.472110152244567871e-01,-1.650712192058563232e-01,-8.904708176851272583e-02,1.661117821931838989e-01,1.049708873033523560e-01,-1.028385460376739502e-01
-4.918165504932403564e-01
-2.630694210529327393e-02,1.838417053222656250e-01,-9.217714890837669373e-03,-2.077708095312118530e-01,-5.635018274188041687e-02,1.033599823713302612e-01,2.027072757482528687e-01,1.628585904836654663e-01,1.421545892953872681e-01,1.012710705399513245e-01,1.421545892953872681e-01,1.628585904836654663e-01,2.027072757482528687e-01,1.033599823713302612e-01,-5.635018274188041687e-02,-2.077708095312118530e-01,-9.217714890837669373e-03,1.838417053222656250e-01,-2.630694210529327393e-02
-1.872729510068893433e-01,2.712490968406200409e-02,1.475671082735061646e-01,3.193356469273567200e-02,-1.851872652769088745e-01,-1.303994208574295044e-01,-5.695509538054466248e-02,7.968234270811080933e-02,9.568951278924942017e-02,1.504710465669631958e-01,9.568951278924942017e-02,7.968234270811080933e-02,-5.695509538054466248e-02,-1.303994208574295044e-01,-1.851872652769088745e-01,3.193356469273567200e-02,1.475671082735061646e-01,2.712490968406200409e-02,-1.872729510068893433e-01
-5.821056365966796875e-01
-2.317617833614349365e-01,1.889879107475280762e-01,6.667389720678329468e-02,-1.406385302543640137e-01,-1.623604744672775269e-01,8.896598964929580688e-02,1.627301871776580811e-01,2.215209156274795532e-01,1.376101523637771606e-01,1.663272380828857422e-01,1.376101523637771606e-01,2.215209156274795532e-01,1.627301871776580811e-01,8.896598964929580688e-02,-1.623604744672775269e-01,-1.406385302543640137e-01,6.667389720678329468e-02,1.889879107475280762e-01,-2.317617833614349365e-01
-4.766755551099777222e-02,-1.440118849277496338e-01,1.870571076869964600e-01,8.931550383567810059e-02,-1.508995294570922852e-01,-1.924038082361221313e-01,-5.519468709826469421e-02,5.375248566269874573e-02,1.141983792185783386e-01,1.241208389401435852e-01,1.141983792185783386e-01,5.375248566269874573e-02,-5.519468709826469421e-02,-1.924038082361221313e-01,-1.508995294570922852e-01,8.931550383567810059e-02,1.870571076869964600e-01,-1.440118849277496338e-01,-4.766755551099777222e-02
-6.772937774658203125e-01
-1.249458938837051392e-01,-1.754934713244438171e-02,1.936278790235519409e-01,-1.507110893726348877e-01,-1.556292474269866943e-01,3.481102734804153442e-02,2.050320655107498169e-01,1.842629164457321167e-01,1.654142737388610840e-01,1.240695342421531677e-01,1.654142737388610840e-01,1.842629164457321167e-01,2.050320655107498169e-01,3.481102734804153442e-02,-1.556292474269866943e-01,-1.507110893726348877e-01,1.936278790235519409e-01,-1.754934713244438171e-02,-1.249458938837051392e-01
1.914317756891250610e-01,-2.496894150972366333e-01,1.310817152261734009e-01,1.372014433145523071e-01,-8.641289919614791870e-02,-2.393763214349746704e-01,-5.386425182223320007e-02,4.371226578950881958e-02,1.468085646629333496e-01,1.128075793385505676e-01,1.468085646629333496e-01,4.371226578950881958e-02,-5.386425182223320007e-02,-2.393763214349746704e-01,-8.641289919614791870e-02,1.372014433145523071e-01,1.310817152261734009e-01,-2.496894150972366333e-01,1.914317756891250610e-01
-7.771421670913696289e-01
5.463521555066108704e-02,-2.022335082292556763e-01,2.499554157257080078e-01,-7.954698801040649414e-02,-1.724805086851119995e-01,-3.098246455192565918e-02,2.147139459848403931e-01,1.864111572504043579e-01,2.011132687330245972e-01,1.258111149072647095e-01,2.011132687330245972e-01,1.864111572504043579e-01,2.147139459848403931e-01,-3.098246455192565918e-02,-1.724805086851119995e-01,-7.954698801040649414e-02,2.499554157257080078e-01,-2.022335082292556763e-01,5.463521555066108704e-02
1.768112331628799438e-01,-1.321103572845458984e-01,-5.654790252447128296e-02,2.314448952674865723e-01,-7.732107490301132202e-02,-2.059595584869384766e-01,-1.190834715962409973e-01,6.910246610641479492e-02,1.127260923385620117e-01,1.573741137981414795e-01,1.127260923385620117e-01,6.910246610641479492e-02,-1.190834715962409973e-01,-2.059595584869384766e-01,-7.732107490301132202e-02,2.314448952674865723e-01,-5.654790252447128296e-02,-1.321103572845458984e-01,1.768112331628799438e-01
-8.814436793327331543e-01
1.360584199428558350e-01,-2.024053335189819336e-01,1.500464975833892822e-01,7.314488291740417480e-02,-2.297717481851577759e-01,-3.808135539293289185e-02,1.708292365074157715e-01,2.309744954109191895e-01,1.767971366643905640e-01,1.638531088829040527e-01,1.767971366643905640e-01,2.309744954109191895e-01,1.708292365074157715e-01,-3.808135539293289185e-02,-2.297717481851577759e-01,7.314488291740417480e-02,1.500464975833892822e-01,-2.024053335189819336e-01,1.360584199428558350e-01
3.421860933303833008e-02,4.534977301955223083e-02,-2.068144083023071289e-01,2.678295969963073730e-01,-3.128596767783164978e-02,-1.885324418544769287e-01,-1.689674854278564453e-01,7.986388355493545532e-02,1.070126667618751526e-01,1.915342658758163452e-01,1.070126667618751526e-01,7.986388355493545532e-02,-1.689674854278564453e-01,-1.885324418544769287e-01,-3.128596767783164978e-02,2.678295969963073730e-01,-2.068144083023071289e-01,4.534977301955223083e-02,3.421860933303833008e-02
-9.900165200233459473e-01
9.552001953125000000e-02,-1.008452102541923523e-01,-1.257636025547981262e-02,2.102996855974197388e-01,-2.600465714931488037e-01,-4.913376271724700928e-02,1.336441785097122192e-01,2.694216072559356689e-01,1.498818993568420410e-01,1.877776980400085449e-01,1.498818993568420410e-01,2.694216072559356689e-01,1.336441785097122192e-01,-4.913376271724700928e-02,-2.600465714931488037e-01,2.102996855974197388e-01,-1.257636025547981262e-02,-1.008452102541923523e-01,9.552001953125000000e-02
-5.824554339051246643e-02,1.468330323696136475e-01,-2.343142181634902954e-01,1.914766877889633179e-01,7.245319336652755737e-02,-2.098610550165176392e-01,-1.727199107408523560e-01,3.740059211850166321e-02,1.295386254787445068e-01,1.751850694417953491e-01,1.295386254787445068e-01,3.740059211850166321e-02,-1.727199107408523560e-01,-2.098610550165176392e-01,7.245319336652755737e-02,1.914766877889633179e-01,-2.343142181634902954e-01,1.468330323696136475e-01,-5.824554339051246643e-02
-1.102699279785156250e+00
2.739405445754528046e-02,1.435955148190259933e-02,-1.323507279157638550e-01,2.656145989894866943e-01,-2.202208638191223145e-01,-1.004131957888603210e-01,1.215043887495994568e-01,2.713769674301147461e-01,1.682280600070953369e-01,1.945901513099670410e-01,1.682280600070953369e-01,2.713769674301147461e-01,1.215043887495994568e-01,-1.004131957888603210e-01,-2.202208638191223145e-01,2.656145989894866943e-01,-1.323507279157638550e-01,1.435955148190259933e-02,2.739405445754528046e-02
-9.350509196519851685e-02,1.480891257524490356e-01,-1.621677428483963013e-01,5.543846264481544495e-02,1.856317222118377686e-01,-2.346959710121154785e-01,-1.582962423563003540e-01,-9.687067009508609772e-03,1.651274561882019043e-01,1.484481245279312134e-01,1.651274561882019043e-01,-9.687067009508609772e-03,-1.582962423563003540e-01,-2.346959710121154785e-01,1.856317222118377686e-01,5.543846264481544495e-02,-1.621677428483963013e-01,1.480891257524490356e-01,-9.350509196519851685e-02
-1.219347834587097168e+00
-3.318433463573455811e-02,7.864391058683395386e-02,-1.732527315616607666e-01,2.429916560649871826e-01,-1.289582699537277222e-01,-1.796558350324630737e-01,1.377246826887130737e-01,2.518345713615417480e-01,2.045235931873321533e-01,1.717590838670730591e-01,2.045235931873321533e-01,2.518345713615417480e-01,1.377246826887130737e-01,-1.796558350324630737e-01,-1.289582699537277222e-01,2.429916560649871826e-01,-1.732527315616607666e-01,7.864391058683395386e-02,-3.318433463573455811e-02
-6.594279408454895020e-02,9.251946210861206055e-02,-6.388426572084426880e-02,-7.389698922634124756e-02,2.663035392761230469e-01,-2.271728962659835815e-01,-1.639972180128097534e-01,-4.172646999359130859e-02,1.833728998899459839e-01,1.408440023660659790e-01,1.833728998899459839e-01,-4.172646999359130859e-02,-1.639972180128097534e-01,-2.271728962659835815e-01,2.663035392761230469e-01,-7.389698922634124756e-02,-6.388426572084426880e-02,9.251946210861206055e-02,-6.594279408454895020e-02
-1.339831829071044922e+00
-5.612828582525253296e-02,9.675994515419006348e-02,-1.571909636259078979e-01,1.678719371557235718e-01,-1.870616152882575989e-02,-2.553466856479644775e-01,1.525344252586364746e-01,2.301262915134429932e-01,2.432944476604461670e-01,1.496054530143737793e-01,2.432944476604461670e-01,2.301262915134429932e-01,1.525344252586364746e-01,-2.553466856479644775e-01,-1.870616152882575989e-02,1.678719371557235718e-01,-1.571909636259078979e-01,9.675994515419006348e-02,-5.612828582525253296e-02
-2.796455286443233490e-02,2.834527567028999329e-02,2.486393041908740997e-02,-1.557736694812774658e-01,2.912158668041229248e-01,-1.800773739814758301e-01,-1.960733234882354736e-01,-4.891170188784599304e-02,1.752440482378005981e-01,1.550618708133697510e-01,1.752440482378005981e-01,-4.891170188784599304e-02,-1.960733234882354736e-01,-1.800773739814758301e-01,2.912158668041229248e-01,-1.557736694812774658e-01,2.486393041908740997e-02,2.834527567028999329e-02,-2.796455286443233490e-02
-1.464033246040344238e+00
-5.194320529699325562e-02,8.040245622396469116e-02,-1.111328825354576111e-01,8.021603524684906006e-02,8.214621245861053467e-02,-3.069362044334411621e-01,1.480667740106582642e-01,2.206981182098388672e-01,2.671010792255401611e-01,1.397373825311660767e-01,2.671010792255401611e-01,2.206981182098388672e-01,1.480667740106582642e-01,-3.069362044334411621e-01,8.214621245861053467e-02,8.021603524684906006e-02,-1.111328825354576111e-01,8.040245622396469116e-02,-5.194320529699325562e-02
5.268291570246219635e-03,-2.042834088206291199e-02,8.114809542894363403e-02,-1.906940490007400513e-01,2.646821141242980957e-01,-1.040430814027786255e-01,-2.418864965438842773e-01,-3.632934391498565674e-02,1.536092609167098999e-01,1.852291226387023926e-01,1.536092609167098999e-01,-3.632934391498565674e-02,-2.418864965438842773e-01,-1.040430814027786255e-01,2.646821141242980957e-01,-1.906940490007400513e-01,8.114809542894363403e-02,-2.042834088206291199e-02,5.268291570246219635e-03
-1.591844081878662109e+00
-3.395694866776466370e-02,4.971096292138099670e-02,-5.869034677743911743e-02,7.812237599864602089e-04,1.567217707633972168e-01,-3.240889012813568115e-01,1.215396076440811157e-01,2.277154326438903809e-01,2.737557590007781982e-01,1.456856429576873779e-01,2.737557590007781982e-01,2.277154326438903809e-01,1.215396076440811157e-01,-3.240889012813568115e-01,1.567217707633972168e-01,7.812237599864602089e-04,-5.869034677743911743e-02,4.971096292138099670e-02,-3.395694866776466370e-02
2.581438235938549042e-02,-4.535784572362899780e-02,1.037734225392341614e-01,-1.871146261692047119e-01,2.073173224925994873e-01,-1.545781176537275314e-02,-2.904985547065734863e-01,-2.298174984753131866e-02,1.268151998519897461e-01,2.180655747652053833e-01,1.268151998519897461e-01,-2.298174984753131866e-02,-2.904985547065734863e-01,-1.545781176537275314e-02,2.073173224925994873e-01,-1.871146261692047119e-01,1.037734225392341614e-01,-4.535784572362899780e-02,2.581438235938549042e-02
-1.723165392875671387e+00
-1.066766958683729172e-02,2.099875733256340027e-02,-1.219607237726449966e-02,-5.993640422821044922e-02,1.989510804414749146e-01,-3.111638128757476807e-01,7.472795993089675903e-02,2.478134036064147949e-01,2.669761180877685547e-01,1.656650751829147339e-01,2.669761180877685547e-01,2.478134036064147949e-01,7.472795993089675903e-02,-3.111638128757476807e-01,1.989510804414749146e-01,-5.993640422821044922e-02,-1.219607237726449966e-02,2.099875733256340027e-02,-1.066766958683729172e-02
2.887024171650409698e-02,-5.180899798870086670e-02,1.039792597293853760e-01,-1.575827002525329590e-01,1.358858495950698853e-01,6.891357153654098511e-02,-3.281434476375579834e-01,-1.388983987271785736e-02,1.065330877900123596e-01,2.450242042541503906e-01,1.065330877900123596e-01,-1.388983987271785736e-02,-3.281434476375579834e-01,6.891357153654098511e-02,1.358858495950698853e-01,-1.575827002525329590e-01,1.039792597293853760e-01,-5.180899798870086670e-02,2.887024171650409698e-02
-1.857905864715576172e+00
3.626022720709443092e-03,-6.860741414129734039e-03,2.410897612571716309e-02,-9.384252130985260010e-02,2.141938507556915283e-01,-2.768626213073730469e-01,1.535912510007619858e-02,2.755569815635681152e-01,2.523274421691894531e-01,1.922935396432876587e-01,2.523274421691894531e-01,2.755569815635681152e-01,1.535912510007619858e-02,-2.768626213073730469e-01,2.141938507556915283e-01,-9.384252130985260010e-02,2.410897612571716309e-02,-6.860741414129734039e-03,3.626022720709443092e-03
2.622629329562187195e-02,-4.840583726763725281e-02,8.502399921417236328e-02,-1.167970076203346252e-01,6.729122251272201538e-02,1.410404741764068604e-01,-3.507880866527557373e-01,-1.784903369843959808e-02,9.523643553256988525e-02,2.611611783504486084e-01,9.523643553256988525e-02,-1.784903369843959808e-02,-3.507880866527557373e-01,1.410404741764068604e-01,6.729122251272201538e-02,-1.167970076203346252e-01,8.502399921417236328e-02,-4.840583726763725281e-02,2.622629329562187195e-02
-1.995981097221374512e+00
2.108017541468143463e-02,-1.943090371787548065e-02,4.485568031668663025e-02,-1.147374659776687622e-01,2.057514339685440063e-01,-2.265837788581848145e-01,-4.610931873321533203e-02,3.032386898994445801e-01,2.356481105089187622e-01,2.205666154623031616e-01,2.356481105089187622e-01,3.032386898994445801e-01,-4.610931873321533203e-02,-2.265837788581848145e-01,2.057514339685440063e-01,-1.147374659776687622e-01,4.485568031668663025e-02,-1.943090371787548065e-02,2.108017541468143463e-02
1.254218537360429764e-02,-3.348700702190399170e-02,6.471098959445953369e-02,-7.470917701721191406e-02,3.085492877289652824e-03,1.936926990747451782e-01,-3.545577824115753174e-01,-3.236551582813262939e-02,9.575515985488891602e-02,2.667148709297180176e-01,9.575515985488891602e-02,-3.236551582813262939e-02,-3.545577824115753174e-01,1.936926990747451782e-01,3.085492877289652824e-03,-7.470917701721191406e-02,6.471098959445953369e-02,-3.348700702190399170e-02,1.254218537360429764e-02
-2.137312412261962891e+00
2.417084760963916779e-02,-2.932848036289215088e-02,5.768171325325965881e-02,-1.151295527815818787e-01,1.840759068727493286e-01,-1.715556234121322632e-01,-1.064784005284309387e-01,3.280765414237976074e-01,2.222427129745483398e-01,2.458280771970748901e-01,2.222427129745483398e-01,3.280765414237976074e-01,-1.064784005284309387e-01,-1.715556234121322632e-01,1.840759068727493286e-01,-1.151295527815818787e-01,5.768171325325965881e-02,-2.932848036289215088e-02,2.417084760963916779e-02
2.507183235138654709e-04,-2.207191102206707001e-02,3.820395469665527344e-02,-3.460380062460899353e-02,-4.411864653229713440e-02,2.287937849760055542e-01,-3.441638350486755371e-01,-5.935165286064147949e-02,1.046362146735191345e-01,2.630304098129272461e-01,1.046362146735191345e-01,-5.935165286064147949e-02,-3.441638350486755371e-01,2.287937849760055542e-01,-4.411864653229713440e-02,-3.460380062460899353e-02,3.820395469665527344e-02,-2.207191102206707001e-02,2.507183235138654709e-04
-2.281826257705688477e+00
3.565346822142601013e-02,-2.458726800978183746e-02,5.812183022499084473e-02,-1.120997741818428040e-01,1.531903445720672607e-01,-1.121840551495552063e-01,-1.600595712661743164e-01,3.430119752883911133e-01,2.126309871673583984e-01,2.642283141613006592e-01,2.126309871673583984e-01,3.430119752883911133e-01,-1.600595712661743164e-01,-1.121840551495552063e-01,1.531903445720672607e-01,-1.120997741818428040e-01,5.812183022499084473e-02,-2.458726800978183746e-02,3.565346822142601013e-02
-1.566829159855842590e-02,-2.320564584806561470e-03,2.347822114825248718e-02,-7.486157119274139404e-04,-8.420161157846450806e-02,2.433855235576629639e-01,-3.202427625656127930e-01,-9.248754382133483887e-02,1.200488582253456116e-01,2.525139451026916504e-01,1.200488582253456116e-01,-9.248754382133483887e-02,-3.202427625656127930e-01,2.433855235576629639e-01,-8.420161157846450806e-02,-7.486157119274139404e-04,2.347822114825248718e-02,-2.320564584806561470e-03,-1.566829159855842590e-02
-2.429454565048217773e+00
2.954895421862602234e-02,-2.560983225703239441e-02,5.474193394184112549e-02,-9.622918069362640381e-02,1.199908405542373657e-01,-6.008514389395713806e-02,-2.041713744401931763e-01,3.539414405822753906e-01,2.116620391607284546e-01,2.773243784904479980e-01,2.116620391607284546e-01,3.539414405822753906e-01,-2.041713744401931763e-01,-6.008514389395713806e-02,1.199908405542373657e-01,-9.622918069362640381e-02,5.474193394184112549e-02,-2.560983225703239441e-02,2.954895421862602234e-02
-2.594996988773345947e-02,7.158493157476186752e-03,1.231515663675963879e-03,2.241350337862968445e-02,-1.062133163213729858e-01,2.502750158309936523e-01,-2.859138250350952148e-01,-1.314075440168380737e-01,1.387314051389694214e-01,2.390980422496795654e-01,1.387314051389694214e-01,-1.314075440168380737e-01,-2.859138250350952148e-01,2.502750158309936523e-01,-1.062133163213729858e-01,2.241350337862968445e-02,1.231515663675963879e-03,7.158493157476186752e-03,-2.594996988773345947e-02
-2.580132961273193359e+00
-2.085684835910797119e-01,1.376279294490814209e-01,1.011862084269523621e-01,-1.517028808593750000e-01,-1.639422625303268433e-01,8.892720192670822144e-02,1.786520332098007202e-01,2.120452672243118286e-01,1.367646306753158569e-01,1.514188647270202637e-01,1.367646306753158569e-01,2.120452672243118286e-01,1.786520332098007202e-01,8.892720192670822144e-02,-1.639422625303268433e-01,-1.517028808593750000e-01,1.011862084269523621e-01,1.376279294490814209e-01,-2.085684835910797119e-01
6.306828558444976807e-02,-2.080282121896743774e-01,1.853365302085876465e-01,9.909835457801818848e-02,-1.230010315775871277e-01,-2.239353209733963013e-01,-4.193273559212684631e-02,5.483755469322204590e-02,1.395610123872756958e-01,1.131808757781982422e-01,1.395610123872756958e-01,5.483755469322204590e-02,-4.193273559212684631e-02,-2.239353209733963013e-01,-1.230010315775871277e-01,9.909835457801818848e-02,1.853365302085876465e-01,-2.080282121896743774e-01,6.306828558444976807e-02
-3.271071612834930420e-01
1.612848490476608276e-01,-1.435557194054126740e-02,-1.391058415174484253e-01,-1.286357343196868896e-01,4.462410137057304382e-02,1.275789588689804077e-01,1.871052384376525879e-01,1.460051834583282471e-01,1.386166363954544067e-01,9.776450693607330322e-02,1.386166363954544067e-01,1.460051834583282471e-01,1.871052384376525879e-01,1.275789588689804077e-01,4.462410137057304382e-02,-1.286357343196868896e-01,-1.391058415174484253e-01,-1.435557194054126740e-02,1.612848490476608276e-01
3.359423577785491943e-02,1.861837357282638550e-01,1.014286838471889496e-02,-1.321688592433929443e-01,-1.662210226058959961e-01,-5.624309182167053223e-02,-6.334632635116577148e-04,7.818127423524856567e-02,1.072796583175659180e-01,1.436355710029602051e-01,1.072796583175659180e-01,7.818127423524856567e-02,-6.334632635116577148e-04,-5.624309182167053223e-02,-1.662210226058959961e-01,-1.321688592433929443e-01,1.014286838471889496e-02,1.861837357282638550e-01,3.359423577785491943e-02
-4.067060351371765137e-01
9.884423017501831055e-02,1.390576213598251343e-01,-1.154003590345382690e-01,-1.645735651254653931e-01,-2.317227981984615326e-02,1.419188827276229858e-01,1.761468052864074707e-01,1.701599508523941040e-01,1.293932944536209106e-01,1.270130574703216553e-01,1.293932944536209106e-01,1.701599508523941040e-01,1.761468052864074707e-01,1.419188827276229858e-01,-2.317227981984615326e-02,-1.645735651254653931e-01,-1.154003590345382690e-01,1.390576213598251343e-01,9.884423017501831055e-02
-7.488641142845153809e-02,1.072161197662353516e-01,1.385275125503540039e-01,-1.038719415664672852e-01,-1.455320566892623901e-01,-1.275057196617126465e-01,4.304206464439630508e-03,4.550606012344360352e-02,1.546941995620727539e-01,1.367245167493820190e-01,1.546941995620727539e-01,4.550606012344360352e-02,4.304206464439630508e-03,-1.275057196617126465e-01,-1.455320566892623901e-01,-1.038719415664672852e-01,1.385275125503540039e-01,1.072161197662353516e-01,-7.488641142845153809e-02
-4.918165504932403564e-01
-3.580649569630622864e-02,1.757289022207260132e-01,-1.241105049848556519e-02,-2.060150951147079468e-01,-5.517165735363960266e-02,1.013321951031684875e-01,1.985688507556915283e-01,1.600376814603805542e-01,1.429124623537063599e-01,1.036366894841194153e-01,1.429124623537063599e-01,1.600376814603805542e-01,1.985688507556915283e-01,1.013321951031684875e-01,-5.517165735363960266e-02,-2.060150951147079468e-01,-1.241105049848556519e-02,1.757289022207260132e-01,-3.580649569630622864e-02
-1.989075541496276855e-01,3.053020685911178589e-02,1.539152711629867554e-01,3.204042837023735046e-02,-1.885104775428771973e-01,-1.326092928647994995e-01,-5.870651081204414368e-02,8.005631715059280396e-02,9.887161105871200562e-02,1.544011384248733521e-01,9.887161105871200562e-02,8.005631715059280396e-02,-5.870651081204414368e-02,-1.326092928647994995e-01,-1.885104775428771973e-01,3.204042837023735046e-02,1.539152711629867554e-01,3.053020685911178589e-02,-1.989075541496276855e-01
-5.821056365966796875e-01
-2.198517471551895142e-01,1.935382038354873657e-01,6.184135749936103821e-02,-1.477092504501342773e-01,-1.627921015024185181e-01,9.574893862009048462e-02,1.690325736999511719e-01,2.224154025316238403e-01,1.302282214164733887e-01,1.576174348592758179e-01,1.302282214164733887e-01,2.224154025316238403e-01,1.690325736999511719e-01,9.574893862009048462e-02,-1.627921015024185181e-01,-1.477092504501342773e-01,6.184135749936103821e-02,1.935382038354873657e-01,-2.198517471551895142e-01
-4.723216593265533447e-02,-1.495731770992279053e-01,1.852727830410003662e-01,9.301582723855972290e-02,-1.494262516498565674e-01,-1.939084529876708984e-01,-5.124013125896453857e-02,6.198733299970626831e-02,1.159201636910438538e-01,1.232382282614707947e-01,1.159201636910438538e-01,6.198733299970626831e-02,-5.124013125896453857e-02,-1.939084529876708984e-01,-1.494262516498565674e-01,9.301582723855972290e-02,1.852727830410003662e-01,-1.495731770992279053e-01,-4.723216593265533447e-02
-6.772937774658203125e-01
-1.266306191682815552e-01,-1.883447170257568359e-02,1.922456622123718262e-01,-1.528441160917282104e-01,-1.581347137689590454e-01,3.397633507847785950e-02,2.080697715282440186e-01,1.881562918424606323e-01,1.667022258043289185e-01,1.231922060251235962e-01,1.667022258043289185e-01,1.881562918424606323e-01,2.080697715282440186e-01,3.397633507847785950e-02,-1.581347137689590454e-01,-1.528441160917282104e-01,1.922456622123718262e-01,-1.883447170257568359e-02,-1.266306191682815552e-01
1.963358372449874878e-01,-2.446455955505371094e-01,1.310435980558395386e-01,1.326633542776107788e-01,-9.010139107704162598e-02,-2.369550913572311401e-01,-4.688010737299919128e-02,4.763454943895339966e-02,1.439076513051986694e-01,1.092204675078392029e-01,1.439076513051986694e-01,4.763454943895339966e-02,-4.688010737299919128e-02,-2.369550913572311401e-01,-9.010139107704162598e-02,1.326633542776107788e-01,1.310435980558395386e-01,-2.446455955505371094e-01,1.963358372449874878e-01
-7.771421670913696289e-01
5.318365246057510376e-02,-2.035184651613235474e-01,2.504808902740478516e-01,-7.833141833543777466e-02,-1.718340516090393066e-01,-3.193992003798484802e-02,2.131254822015762329e-01,1.854345202445983887e-01,2.005931437015533447e-01,1.254142522811889648e-01,2.005931437015533447e-01,1.854345202445983887e-01,2.131254822015762329e-01,-3.193992003798484802e-02,-1.718340516090393066e-01,-7.833141833543777466e-02,2.504808902740478516e-01,-2.035184651613235474e-01,5.318365246057510376e-02
1.778936237096786499e-01,-1.294840723276138306e-01,-5.617261677980422974e-02,2.304457575082778931e-01,-7.563868910074234009e-02,-2.033167630434036255e-01,-1.195915862917900085e-01,6.584203988313674927e-02,1.131697893142700195e-01,1.590402126312255859e-01,1.131697893142700195e-01,6.584203988313674927e-02,-1.195915862917900085e-01,-2.033167630434036255e-01,-7.563868910074234009e-02,2.304457575082778931e-01,-5.617261677980422974e-02,-1.294840723276138306e-01,1.778936237096786499e-01
-8.814436793327331543e-01
1.338782459497451782e-01,-2.008719891309738159e-01,1.505800336599349976e-01,7.170955091714859009e-02,-2.296108752489089966e-01,-3.638225793838500977e-02,1.720073968172073364e-01,2.313038855791091919e-01,1.773279458284378052e-01,1.643894016742706299e-01,1.773279458284378052e-01,2.313038855791091919e-01,1.720073968172073364e-01,-3.638225793838500977e-02,-2.296108752489089966e-01,7.170955091714859009e-02,1.505800336599349976e-01,-2.008719891309738159e-01,1.338782459497451782e-01
3.739529103040695190e-02,4.583634808659553528e-02,-2.076599746942520142e-01,2.674286365509033203e-01,-3.026515059173107147e-02,-1.866513788700103760e-01,-1.676266640424728394e-01,8.016685396432876587e-02,1.063406690955162048e-01,1.910148561000823975e-01,1.063406690955162048e-01,8.016685396432876587e-02,-1.676266640424728394e-01,-1.866513788700103760e-01,-3.026515059173107147e-02,2.674286365509033203e-01,-2.076599746942520142e-01,4.583634808659553528e-02,3.739529103040695190e-02
-9.900165200233459473e-01
9.978416562080383301e-02,-9.227272868156433105e-02,-1.158320903778076172e-02,2.061059772968292236e-01,-2.591570317745208740e-01,-4.681928455829620361e-02,1.301958411931991577e-01,2.665809392929077148e-01,1.531094312667846680e-01,1.934652179479598999e-01,1.531094312667846680e-01,2.665809392929077148e-01,1.301958411931991577e-01,-4.681928455829620361e-02,-2.591570317745208740e-01,2.061059772968292236e-01,-1.158320903778076172e-02,-9.227272868156433105e-02,9.978416562080383301e-02
-6.432597339153289795e-02,1.461563408374786377e-01,-2.336466759443283081e-01,1.918936669826507568e-01,7.342623919248580933e-02,-2.077566087245941162e-01,-1.697500050067901611e-01,4.171611368656158447e-02,1.313589662313461304e-01,1.759595721960067749e-01,1.313589662313461304e-01,4.171611368656158447e-02,-1.697500050067901611e-01,-2.077566087245941162e-01,7.342623919248580933e-02,1.918936669826507568e-01,-2.336466759443283081e-01,1.461563408374786377e-01,-6.432597339153289795e-02
-1.102699279785156250e+00
2.457912638783454895e-02,1.543349958956241608e-02,-1.314329653978347778e-01,2.642637491226196289e-01,-2.207955271005630493e-01,-9.938094019889831543e-02,1.232772991061210632e-01,2.716539800167083740e-01,1.672581434249877930e-01,1.934897303581237793e-01,1.672581434249877930e-01,2.716539800167083740e-01,1.232772991061210632e-01,-9.938094019889831543e-02,-2.207955271005630493e-01,2.642637491226196289e-01,-1.314329653978347778e-01,1.543349958956241608e-02,2.457912638783454895e-02
-8.994019031524658203e-02,1.469830274581909180e-01,-1.636753976345062256e-01,5.597009882330894470e-02,1.885369867086410522e-01,-2.319952994585037231e-01,-1.574335396289825439e-01,-1.021810900419950485e-02,1.644098460674285889e-01,1.481706649065017700e-01,1.644098460674285889e-01,-1.021810900419950485e-02,-1.574335396289825439e-01,-2.319952994585037231e-01,1.885369867086410522e-01,5.597009882330894470e-02,-1.636753976345062256e-01,1.469830274581909180e-01,-8.994019031524658203e-02
-1.219347834587097168e+00
-3.347437083721160889e-02,7.935409247875213623e-02,-1.737428009510040283e-01,2.418199926614761353e-01,-1.286802291870117188e-01,-1.785637140274047852e-01,1.389066427946090698e-01,2.520196735858917236e-01,2.041938751935958862e-01,1.714968979358673096e-01,2.041938751935958862e-01,2.520196735858917236e-01,1.389066427946090698e-01,-1.785637140274047852e-01,-1.286802291870117188e-01,2.418199926614761353e-01,-1.737428009510040283e-01,7.935409247875213623e-02,-3.347437083721160889e-02
-6.438808143138885498e-02,9.217853844165802002e-02,-6.411536782979965210e-02,-7.328348606824874878e-02,2.675120830535888672e-01,-2.259286046028137207e-01,-1.626829355955123901e-01,-4.105227440595626831e-02,1.820958256721496582e-01,1.395761519670486450e-01,1.820958256721496582e-01,-4.105227440595626831e-02,-1.626829355955123901e-01,-2.259286046028137207e-01,2.675120830535888672e-01,-7.328348606824874878e-02,-6.411536782979965210e-02,9.217853844165802002e-02,-6.438808143138885498e-02
-1.339831829071044922e+00
-5.605772137641906738e-02,9.496848285198211670e-02,-1.588667184114456177e-01,1.680889874696731567e-01,-1.688993535935878754e-02,-2.542875111103057861e-01,1.524944901466369629e-01,2.293617576360702515e-01,2.414703965187072754e-01,1.491250693798065186e-01,2.414703965187072754e-01,2.293617576360702515e-01,1.524944901466369629e-01,-2.542875111103057861e-01,-1.688993535935878754e-02,1.680889874696731567e-01,-1.588667184114456177e-01,9.496848285198211670e-02,-5.605772137641906738e-02
-2.302408404648303986e-02,2.758485823869705200e-02,2.403675578534603119e-02,-1.556831151247024536e-01,2.914679348468780518e-01,-1.797271817922592163e-01,-1.947637349367141724e-01,-4.734388738870620728e-02,1.755465120077133179e-01,1.548994332551956177e-01,1.755465120077133179e-01,-4.734388738870620728e-02,-1.947637349367141724e-01,-1.797271817922592163e-01,2.914679348468780518e-01,-1.556831151247024536e-01,2.403675578534603119e-02,2.758485823869705200e-02,-2.302408404648303986e-02
-1.464033246040344238e+00
-5.231873318552970886e-02,8.083939552307128906e-02,-1.113645285367965698e-01,7.984770834445953369e-02,8.304173499345779419e-02,-3.063698410987854004e-01,1.475317329168319702e-01,2.193925082683563232e-01,2.659888267517089844e-01,1.391757130622863770e-01,2.659888267517089844e-01,2.193925082683563232e-01,1.475317329168319702e-01,-3.063698410987854004e-01,8.304173499345779419e-02,7.984770834445953369e-02,-1.113645285367965698e-01,8.083939552307128906e-02,-5.231873318552970886e-02
7.756790146231651306e-03,-2.160499989986419678e-02,8.000572025775909424e-02,-1.900847703218460083e-01,2.653878033161163330e-01,-1.038575619459152222e-01,-2.409318238496780396e-01,-3.488327190279960632e-02,1.538939774036407471e-01,1.850360035896301270e-01,1.538939774036407471e-01,-3.488327190279960632e-02,-2.409318238496780396e-01,-1.038575619459152222e-01,2.653878033161163330e-01,-1.900847703218460083e-01,8.000572025775909424e-02,-2.160499989986419678e-02,7.756790146231651306e-03
-1.591844081878662109e+00
-3.521175682544708252e-02,4.864021390676498413e-02,-5.940590053796768188e-02,7.199155515991151333e-04,1.573847532272338867e-01,-3.244428038597106934e-01,1.198291704058647156e-01,2.259602397680282593e-01,2.727957963943481445e-01,1.454647481441497803e-01,2.727957963943481445e-01,2.259602397680282593e-01,1.198291704058647156e-01,-3.244428038597106934e-01,1.573847532272338867e-01,7.199155515991151333e-04,-5.940590053796768188e-02,4.864021390676498413e-02,-3.521175682544708252e-02
3.054368495941162109e-02,-4.596351087093353271e-02,1.024532839655876160e-01,-1.867617815732955933e-01,2.076417207717895508e-01,-1.565292850136756897e-02,-2.896134853363037109e-01,-2.150367014110088348e-02,1.267503499984741211e-01,2.173789888620376587e-01,1.267503499984741211e-01,-2.150367014110088348e-02,-2.896134853363037109e-01,-1.565292850136756897e-02,2.076417207717895508e-01,-1.867617815732955933e-01,1.024532839655876160e-01,-4.596351087093353271e-02,3.054368495941162109e-02
-1.723165392875671387e+00
-1.304867584258317947e-02,1.851184479892253876e-02,-1.233529578894376755e-02,-5.840650573372840881e-02,1.999872922897338867e-01,-3.121123313903808594e-01,7.307744026184082031e-02,2.465547025203704834e-01,2.659713327884674072e-01,1.650451421737670898e-01,2.659713327884674072e-01,2.465547025203704834e-01,7.307744026184082031e-02,-3.121123313903808594e-01,1.999872922897338867e-01,-5.840650573372840881e-02,-1.233529578894376755e-02,1.851184479892253876e-02,-1.304867584258317947e-02
3.401578217744827271e-02,-5.319770425558090210e-02,1.012633293867111206e-01,-1.579953283071517944e-01,1.362859010696411133e-01,6.894364953041076660e-02,-3.274947702884674072e-01,-1.311301067471504211e-02,1.056130975484848022e-01,2.437307685613632202e-01,1.056130975484848022e-01,-1.311301067471504211e-02,-3.274947702884674072e-01,6.894364953041076660e-02,1.362859010696411133e-01,-1.579953283071517944e-01,1.012633293867111206e-01,-5.319770425558090210e-02,3.401578217744827271e-02
-1.857905864715576172e+00
1.691015204414725304e-03,-8.377366699278354645e-03,2.389838919043540955e-02,-9.324920922517776489e-02,2.145607024431228638e-01,-2.778151333332061768e-01,1.375981885939836502e-02,2.744334936141967773e-01,2.517257630825042725e-01,1.920465528964996338e-01,2.517257630825042725e-01,2.744334936141967773e-01,1.375981885939836502e-02,-2.778151333332061768e-01,2.145607024431228638e-01,-9.324920922517776489e-02,2.389838919043540955e-02,-8.377366699278354645e-03,1.691015204414725304e-03
3.004238568246364594e-02,-5.089974775910377502e-02,8.265868574380874634e-02,-1.164045557379722595e-01,6.755340844392776489e-02,1.400501579046249390e-01,-3.505547344684600830e-01,-1.683988422155380249e-02,9.439403563737869263e-02,2.597086727619171143e-01,9.439403563737869263e-02,-1.683988422155380249e-02,-3.505547344684600830e-01,1.400501579046249390e-01,6.755340844392776489e-02,-1.164045557379722595e-01,8.265868574380874634e-02,-5.089974775910377502e-02,3.004238568246364594e-02
-1.995981097221374512e+00
1.609326153993606567e-02,-2.304747141897678375e-02,4.654751718044281006e-02,-1.111149266362190247e-01,2.064138054847717285e-01,-2.289139926433563232e-01,-4.759906604886054993e-02,3.033612668514251709e-01,2.357151359319686890e-01,2.203560769557952881e-01,2.357151359319686890e-01,3.033612668514251709e-01,-4.759906604886054993e-02,-2.289139926433563232e-01,2.064138054847717285e-01,-1.111149266362190247e-01,4.654751718044281006e-02,-2.304747141897678375e-02,1.609326153993606567e-02
1.508041564375162125e-02,-3.849025070667266846e-02,6.147383525967597961e-02,-7.333028316497802734e-02,4.533692728728055954e-03,1.926407665014266968e-01,-3.548531830310821533e-01,-3.177016228437423706e-02,9.460378438234329224e-02,2.650197744369506836e-01,9.460378438234329224e-02,-3.177016228437423706e-02,-3.548531830310821533e-01,1.926407665014266968e-01,4.533692728728055954e-03,-7.333028316497802734e-02,6.147383525967597961e-02,-3.849025070667266846e-02,1.508041564375162125e-02
-2.137312412261962891e+00
2.617023698985576630e-02,-2.898673154413700104e-02,5.818100646138191223e-02,-1.140299364924430847e-01,1.837848722934722900e-01,-1.735242754220962524e-01,-1.074037626385688782e-01,3.283032178878784180e-01,2.223044037818908691e-01,2.455297857522964478e-01,2.223044037818908691e-01,3.283032178878784180e-01,-1.074037626385688782e-01,-1.735242754220962524e-01,1.837848722934722900e-01,-1.140299364924430847e-01,5.818100646138191223e-02,-2.898673154413700104e-02,2.617023698985576630e-02
-2.668266417458653450e-03,-2.313080802559852600e-02,4.056286439299583435e-02,-3.230794891715049744e-02,-4.524850100278854370e-02,2.264900505542755127e-01,-3.441020846366882324e-01,-5.817901715636253357e-02,1.036783754825592041e-01,2.613729238510131836e-01,1.036783754825592041e-01,-5.817901715636253357e-02,-3.441020846366882324e-01,2.264900505542755127e-01,-4.524850100278854370e-02,-3.230794891715049744e-02,4.056286439299583435e-02,-2.313080802559852600e-02,-2.668266417458653450e-03
-2.281826257705688477e+00
3.028333187103271484e-02,-3.280562907457351685e-02,5.706923454999923706e-02,-1.072439327836036682e-01,1.549505442380905151e-01,-1.153053641319274902e-01,-1.621226966381072998e-01,3.439786136150360107e-01,2.137543410062789917e-01,2.647381424903869629e-01,2.137543410062789917e-01,3.439786136150360107e-01,-1.621226966381072998e-01,-1.153053641319274902e-01,1.549505442380905151e-01,-1.072439327836036682e-01,5.706923454999923706e-02,-3.280562907457351685e-02,3.028333187103271484e-02
-1.207164954394102097e-02,-5.519466474652290344e-03,1.790859550237655640e-02,-3.752403892576694489e-03,-8.400692045688629150e-02,2.447418868541717529e-01,-3.189605474472045898e-01,-9.143872559070587158e-02,1.206961274147033691e-01,2.524779140949249268e-01,1.206961274147033691e-01,-9.143872559070587158e-02,-3.189605474472045898e-01,2.447418868541717529e-01,-8.400692045688629150e-02,-3.752403892576694489e-03,1.790859550237655640e-02,-5.519466474652290344e-03,-1.207164954394102097e-02
-2.429454565048217773e+00
3.086299076676368713e-02,-2.789003215730190277e-02,5.393582582473754883e-02,-9.445319324731826782e-02,1.207696124911308289e-01,-6.192613020539283752e-02,-2.063659280538558960e-01,3.530189096927642822e-01,2.115149050951004028e-01,2.772338390350341797e-01,2.115149050951004028e-01,3.530189096927642822e-01,-2.063659280538558960e-01,-6.192613020539283752e-02,1.207696124911308289e-01,-9.445319324731826782e-02,5.393582582473754883e-02,-2.789003215730190277e-02,3.086299076676368713e-02
-2.630497515201568604e-02,6.563586182892322540e-03,1.609244267456233501e-03,2.237653546035289764e-02,-1.077320724725723267e-01,2.486407160758972168e-01,-2.856429815292358398e-01,-1.301397830247879028e-01,1.391589045524597168e-01,2.386334389448165894e-01,1.391589045524597168e-01,-1.301397830247879028e-01,-2.856429815292358398e-01,2.486407160758972168e-01,-1.077320724725723267e-01,2.237653546035289764e-02,1.609244267456233501e-03,6.563586182892322540e-03,-2.630497515201568604e-02
-2.580132961273193359e+00
-2.062095254659652710e-01,1.412715911865234375e-01,1.037613973021507263e-01,-1.520489305257797241e-01,-1.647198349237442017e-01,9.121974557638168335e-02,1.799114942550659180e-01,2.110695689916610718e-01,1.352585107088088989e-01,1.504865437746047974e-01,1.352585107088088989e-01,2.110695689916610718e-01,1.799114942550659180e-01,9.121974557638168335e-02,-1.647198349237442017e-01,-1.520489305257797241e-01,1.037613973021507263e-01,1.412715911865234375e-01,-2.062095254659652710e-01
6.267458200454711914e-02,-2.123657763004302979e-01,1.794067919254302979e-01,9.691268950700759888e-02,-1.177187561988830566e-01,-2.200503498315811157e-01,-4.422487691044807434e-02,5.144122615456581116e-02,1.425949931144714355e-01,1.179181188344955444e-01,1.425949931144714355e-01,5.144122615456581116e-02,-4.422487691044807434e-02,-2.200503498315811157e-01,-1.177187561988830566e-01,9.691268950700759888e-02,1.794067919254302979e-01,-2.123657763004302979e-01,6.267458200454711914e-02
-3.271071612834930420e-01
1.378211975097656250e-01,-2.622028812766075134e-02,-1.472589224576950073e-01,-1.199944913387298584e-01,6.299479305744171143e-02,1.335163861513137817e-01,1.866751611232757568e-01,1.465952247381210327e-01,1.479613184928894043e-01,1.060863286256790161e-01,1.479613184928894043e-01,1.465952247381210327e-01,1.866751611232757568e-01,1.335163861513137817e-01,6.299479305744171143e-02,-1.199944913387298584e-01,-1.472589224576950073e-01,-2.622028812766075134e-02,1.378211975097656250e-01
4.584663733839988708e-02,1.968337893486022949e-01,3.409745544195175171e-02,-1.121087893843650818e-01,-1.725896149873733521e-01,-8.067421615123748779e-02,-1.683073490858078003e-02,7.714682817459106445e-02,9.456447511911392212e-02,1.273645013570785522e-01,9.456447511911392212e-02,7.714682817459106445e-02,-1.683073490858078003e-02,-8.067421615123748779e-02,-1.725896149873733521e-01,-1.121087893843650818e-01,3.409745544195175171e-02,1.968337893486022949e-01,4.584663733839988708e-02
-4.067060351371765137e-01
1.072962135076522827e-01,1.328551620244979858e-01,-1.221721470355987549e-01,-1.594845056533813477e-01,-1.626135036349296570e-02,1.392161846160888672e-01,1.729511618614196777e-01,1.708135753870010376e-01,1.273217350244522095e-01,1.243795156478881836e-01,1.273217350244522095e-01,1.708135753870010376e-01,1.729511618614196777e-01,1.392161846160888672e-01,-1.626135036349296570e-02,-1.594845056533813477e-01,-1.221721470355987549e-01,1.328551620244979858e-01,1.072962135076522827e-01
-8.630894124507904053e-02,1.032131835818290710e-01,1.491212695837020874e-01,-9.753622114658355713e-02,-1.559426188468933105e-01,-1.385958790779113770e-01,1.216440740972757339e-02,5.618656799197196960e-02,1.518214493989944458e-01,1.269178688526153564e-01,1.518214493989944458e-01,5.618656799197196960e-02,1.216440740972757339e-02,-1.385958790779113770e-01,-1.559426188468933105e-01,-9.753622114658355713e-02,1.491212695837020874e-01,1.032131835818290710e-01,-8.630894124507904053e-02
-4.918165504932403564e-01
-4.182259365916252136e-02,1.601589620113372803e-01,-1.604718714952468872e-02,-1.967003792524337769e-01,-5.072666332125663757e-02,9.341356158256530762e-02,1.915555894374847412e-01,1.618077605962753296e-01,1.505025923252105713e-01,1.113628298044204712e-01,1.505025923252105713e-01,1.618077605962753296e-01,1.915555894374847412e-01,9.341356158256530762e-02,-5.072666332125663757e-02,-1.967003792524337769e-01,-1.604718714952468872e-02,1.601589620113372803e-01,-4.182259365916252136e-02
-2.136420160531997681e-01,4.047796875238418579e-02,1.712767183780670166e-01,2.881273627281188965e-02,-2.068514972925186157e-01,-1.400677710771560669e-01,-4.547865316271781921e-02,9.719665348529815674e-02,1.027518659830093384e-01,1.526623964309692383e-01,1.027518659830093384e-01,9.719665348529815674e-02,-4.547865316271781921e-02,-1.400677710771560669e-01,-2.068514972925186157e-01,2.881273627281188965e-02,1.712767183780670166e-01,4.047796875238418579e-02,-2.136420160531997681e-01
-5.821056365966796875e-01
-2.171641588211059570e-01,1.854749172925949097e-01,5.476964637637138367e-02,-1.404734402894973755e-01,-1.454452425241470337e-01,1.117320805788040161e-01,1.626360416412353516e-01,2.097025066614151001e-01,1.265254169702529907e-01,1.610422581434249878e-01,1.265254169702529907e-01,2.097025066614151001e-01,1.626360416412353516e-01,1.117320805788040161e-01,-1.454452425241470337e-01,-1.404734402894973755e-01,5.476964637637138367e-02,1.854749172925949097e-01,-2.171641588211059570e-01
-5.521954596042633057e-02,-1.590828746557235718e-01,1.765340864658355713e-01,8.644012361764907837e-02,-1.495824605226516724e-01,-1.928488463163375854e-01,-5.315426364541053772e-02,6.498043984174728394e-02,1.273870915174484253e-01,1.352803111076354980e-01,1.273870915174484253e-01,6.498043984174728394e-02,-5.315426364541053772e-02,-1.928488463163375854e-01,-1.495824605226516724e-01,8.644012361764907837e-02,1.765340864658355713e-01,-1.590828746557235718e-01,-5.521954596042633057e-02
-6.772937774658203125e-01
-1.227536126971244812e-01,-1.630645245313644409e-02,1.917405724525451660e-01,-1.544239372014999390e-01,-1.579924970865249634e-01,3.482959792017936707e-02,2.068702131509780884e-01,1.860443800687789917e-01,1.660521328449249268e-01,1.231319531798362732e-01,1.660521328449249268e-01,1.860443800687789917e-01,2.068702131509780884e-01,3.482959792017936707e-02,-1.579924970865249634e-01,-1.544239372014999390e-01,1.917405724525451660e-01,-1.630645245313644409e-02,-1.227536126971244812e-01
1.984509825706481934e-01,-2.475559562444686890e-01,1.278364211320877075e-01,1.325429379940032959e-01,-8.821122348308563232e-02,-2.359636723995208740e-01,-4.655735567212104797e-02,4.833899438381195068e-02,1.450746506452560425e-01,1.102630943059921265e-01,1.450746506452560425e-01,4.833899438381195068e-02,-4.655735567212104797e-02,-2.359636723995208740e-01,-8.821122348308563232e-02,1.325429379940032959e-01,1.278364211320877075e-01,-2.475559562444686890e-01,1.984509825706481934e-01
-7.771421670913696289e-01
5.538126081228256226e-02,-1.925503164529800415e-01,2.574445307254791260e-01,-8.357483893632888794e-02,-1.800066977739334106e-01,-3.366373479366302490e-02,2.172333300113677979e-01,1.875622123479843140e-01,1.999435871839523315e-01,1.231769174337387085e-01,1.999435871839523315e-01,1.875622123479843140e-01,2.172333300113677979e-01,-3.366373479366302490e-02,-1.800066977739334106e-01,-8.357483893632888794e-02,2.574445307254791260e-01,-1.925503164529800415e-01,5.538126081228256226e-02
1.752340793609619141e-01,-1.331115216016769409e-01,-5.479025095701217651e-02,2.332039475440979004e-01,-7.541257888078689575e-02,-2.038931697607040405e-01,-1.192584112286567688e-01,6.529399007558822632e-02,1.098811775445938110e-01,1.559159010648727417e-01,1.098811775445938110e-01,6.529399007558822632e-02,-1.192584112286567688e-01,-2.038931697607040405e-01,-7.541257888078689575e-02,2.332039475440979004e-01,-5.479025095701217651e-02,-1.331115216016769409e-01,1.752340793609619141e-01
-8.814436793327331543e-01
1.497503072023391724e-01,-1.927220374345779419e-01,1.436823308467864990e-01,6.100849434733390808e-02,-2.328771948814392090e-01,-3.417884930968284607e-02,1.734774410724639893e-01,2.318640947341918945e-01,1.805927157402038574e-01,1.680070310831069946e-01,1.805927157402038574e-01,2.318640947341918945e-01,1.734774410724639893e-01,-3.417884930968284607e-02,-2.328771948814392090e-01,6.100849434733390808e-02,1.436823308467864990e-01,-1.927220374345779419e-01,1.497503072023391724e-01
3.697951138019561768e-02,5.174871161580085754e-02,-2.040241658687591553e-01,2.646485269069671631e-01,-3.671320900321006775e-02,-1.883251518011093140e-01,-1.651017665863037109e-01,8.384751528501510620e-02,1.053876727819442749e-01,1.892322748899459839e-01,1.053876727819442749e-01,8.384751528501510620e-02,-1.651017665863037109e-01,-1.883251518011093140e-01,-3.671320900321006775e-02,2.646485269069671631e-01,-2.040241658687591553e-01,5.174871161580085754e-02,3.697951138019561768e-02
-9.900165200233459473e-01
1.007405593991279602e-01,-9.583497047424316406e-02,-1.202292367815971375e-02,2.083895355463027954e-01,-2.596963047981262207e-01,-4.895061999559402466e-02,1.313744783401489258e-01,2.683301866054534912e-01,1.522802263498306274e-01,1.912195682525634766e-01,1.522802263498306274e-01,2.683301866054534912e-01,1.313744783401489258e-01,-4.895061999559402466e-02,-2.596963047981262207e-01,2.083895355463027954e-01,-1.202292367815971375e-02,-9.583497047424316406e-02,1.007405593991279602e-01
-6.039367243647575378e-02,1.438209265470504761e-01,-2.338965535163879395e-01,1.941898763179779053e-01,7.343930751085281372e-02,-2.103044092655181885e-01,-1.725860983133316040e-01,3.861344605684280396e-02,1.285045146942138672e-01,1.737506538629531860e-01,1.285045146942138672e-01,3.861344605684280396e-02,-1.725860983133316040e-01,-2.103044092655181885e-01,7.343930751085281372e-02,1.941898763179779053e-01,-2.338965535163879395e-01,1.438209265470504761e-01,-6.039367243647575378e-02
-1.102699279785156250e+00
2.827658131718635559e-02,1.461697462946176529e-02,-1.329820305109024048e-01,2.654777765274047852e-01,-2.187019735574722290e-01,-1.003763973712921143e-01,1.192809045314788818e-01,2.696218192577362061e-01,1.678172498941421509e-01,1.950656920671463013e-01,1.678172498941421509e-01,2.696218192577362061e-01,1.192809045314788818e-01,-1.003763973712921143e-01,-2.187019735574722290e-01,2.654777765274047852e-01,-1.329820305109024048e-01,1.461697462946176529e-02,2.827658131718635559e-02
-9.078185260295867920e-02,1.451805233955383301e-01,-1.626599580049514771e-01,5.755029618740081787e-02,1.880206465721130371e-01,-2.340838313102722168e-01,-1.584233343601226807e-01,-8.750647306442260742e-03,1.662755608558654785e-01,1.492227911949157715e-01,1.662755608558654785e-01,-8.750647306442260742e-03,-1.584233343601226807e-01,-2.340838313102722168e-01,1.880206465721130371e-01,5.755029618740081787e-02,-1.626599580049514771e-01,1.451805233955383301e-01,-9.078185260295867920e-02
-1.219347834587097168e+00
-3.067985922098159790e-02,7.842749357223510742e-02,-1.756647974252700806e-01,2.422691285610198975e-01,-1.267220377922058105e-01,-1.793189048767089844e-01,1.352089047431945801e-01,2.499518096446990967e-01,2.034193575382232666e-01,1.727363765239715576e-01,2.034193575382232666e-01,2.499518096446990967e-01,1.352089047431945801e-01,-1.793189048767089844e-01,-1.267220377922058105e-01,2.422691285610198975e-01,-1.756647974252700806e-01,7.842749357223510742e-02,-3.067985922098159790e-02
-6.610608845949172974e-02,8.970444649457931519e-02,-6.277413666248321533e-02,-7.020389288663864136e-02,2.684589624404907227e-01,-2.281031161546707153e-01,-1.646362096071243286e-01,-4.123599082231521606e-02,1.833221018314361572e-01,1.406098902225494385e-01,1.833221018314361572e-01,-4.123599082231521606e-02,-1.646362096071243286e-01,-2.281031161546707153e-01,2.684589624404907227e-01,-7.020389288663864136e-02,-6.277413666248321533e-02,8.970444649457931519e-02,-6.610608845949172974e-02
-1.339831829071044922e+00
-5.857421830296516418e-02,9.153070300817489624e-02,-1.591890156269073486e-01,1.707248389720916748e-01,-1.513224653899669647e-02,-2.558886110782623291e-01,1.488151997327804565e-01,2.267816960811614990e-01,2.395435273647308350e-01,1.477913409471511841e-01,2.395435273647308350e-01,2.267816960811614990e-01,1.488151997327804565e-01,-2.558886110782623291e-01,-1.513224653899669647e-02,1.707248389720916748e-01,-1.591890156269073486e-01,9.153070300817489624e-02,-5.857421830296516418e-02
-1.811675913631916046e-02,2.788102440536022186e-02,2.083680033683776855e-02,-1.578381508588790894e-01,2.909190654754638672e-01,-1.801244914531707764e-01,-1.949608623981475830e-01,-4.654684662818908691e-02,1.779336333274841309e-01,1.568115502595901489e-01,1.779336333274841309e-01,-4.654684662818908691e-02,-1.949608623981475830e-01,-1.801244914531707764e-01,2.909190654754638672e-01,-1.578381508588790894e-01,2.083680033683776855e-02,2.788102440536022186e-02,-1.811675913631916046e-02
-1.464033246040344238e+00
-5.191417038440704346e-02,7.898199558258056641e-02,-1.121906712651252747e-01,8.104786276817321777e-02,8.431095629930496216e-02,-3.071979284286499023e-01,1.455426812171936035e-01,2.182769775390625000e-01,2.655997574329376221e-01,1.392735540866851807e-01,2.655997574329376221e-01,2.182769775390625000e-01,1.455426812171936035e-01,-3.071979284286499023e-01,8.431095629930496216e-02,8.104786276817321777e-02,-1.121906712651252747e-01,7.898199558258056641e-02,-5.191417038440704346e-02
7.576855830848217010e-03,-2.305644750595092773e-02,8.012233674526214600e-02,-1.884765774011611938e-01,2.662676274776458740e-01,-1.048185229301452637e-01,-2.423254251480102539e-01,-3.558567911386489868e-02,1.544710844755172729e-01,1.857364624738693237e-01,1.544710844755172729e-01,-3.558567911386489868e-02,-2.423254251480102539e-01,-1.048185229301452637e-01,2.662676274776458740e-01,-1.884765774011611938e-01,8.012233674526214600e-02,-2.305644750595092773e-02,7.576855830848217010e-03
-1.591844081878662109e+00
-3.647257387638092041e-02,4.540143534541130066e-02,-5.940852314233779907e-02,3.900120733305811882e-03,1.598564237356185913e-01,-3.254882097244262695e-01,1.172565296292304993e-01,2.246586084365844727e-01,2.722112238407135010e-01,1.453461050987243652e-01,2.722112238407135010e-01,2.246586084365844727e-01,1.172565296292304993e-01,-3.254882097244262695e-01,1.598564237356185913e-01,3.900120733305811882e-03,-5.940852314233779907e-02,4.540143534541130066e-02,-3.647257387638092041e-02
3.137758374214172363e-02,-4.826793819665908813e-02,1.016418561339378357e-01,-1.849962174892425537e-01,2.089309692382812500e-01,-1.664718054234981537e-02,-2.912237942218780518e-01,-2.209405414760112762e-02,1.277923732995986938e-01,2.184522747993469238e-01,1.277923732995986938e-01,-2.209405414760112762e-02,-2.912237942218780518e-01,-1.664718054234981537e-02,2.089309692382812500e-01,-1.849962174892425537e-01,1.016418561339378357e-01,-4.826793819665908813e-02,3.137758374214172363e-02
-1.723165392875671387e+00
-1.609737984836101532e-02,1.459430903196334839e-02,-1.187184359878301620e-02,-5.481017380952835083e-02,2.024233490228652954e-01,-3.131609261035919189e-01,7.087221741676330566e-02,2.457930296659469604e-01,2.662166059017181396e-01,1.656845211982727051e-01,2.662166059017181396e-01,2.457930296659469604e-01,7.087221741676330566e-02,-3.131609261035919189e-01,2.024233490228652954e-01,-5.481017380952835083e-02,-1.187184359878301620e-02,1.459430903196334839e-02,-1.609737984836101532e-02
3.640760853886604309e-02,-5.542099475860595703e-02,1.000137254595756531e-01,-1.560206711292266846e-01,1.382844150066375732e-01,6.811027228832244873e-02,-3.297647833824157715e-01,-1.419609878212213516e-02,1.072069555521011353e-01,2.454966157674789429e-01,1.072069555521011353e-01,-1.419609878212213516e-02,-3.297647833824157715e-01,6.811027228832244873e-02,1.382844150066375732e-01,-1.560206711292266846e-01,1.000137254595756531e-01,-5.542099475860595703e-02,3.640760853886604309e-02
-1.857905864715576172e+00
5.668407306075096130e-03,-6.700021680444478989e-03,2.287891507148742676e-02,-9.377349168062210083e-02,2.156649231910705566e-01,-2.775537669658660889e-01,1.403967197984457016e-02,2.738990783691406250e-01,2.524625062942504883e-01,1.932679712772369385e-01,2.524625062942504883e-01,2.738990783691406250e-01,1.403967197984457016e-02,-2.775537669658660889e-01,2.156649231910705566e-01,-9.377349168062210083e-02,2.287891507148742676e-02,-6.700021680444478989e-03,5.668407306075096130e-03
2.810327894985675812e-02,-4.777286946773529053e-02,8.618681132793426514e-02,-1.158959269523620605e-01,6.586133688688278198e-02,1.387798339128494263e-01,-3.515104949474334717e-01,-1.680782437324523926e-02,9.690460562705993652e-02,2.620496749877929688e-01,9.690460562705993652e-02,-1.680782437324523926e-02,-3.515104949474334717e-01,1.387798339128494263e-01,6.586133688688278198e-02,-1.158959269523620605e-01,8.618681132793426514e-02,-4.777286946773529053e-02,2.810327894985675812e-02
-1.995981097221374512e+00
1.598730683326721191e-02,-2.448322810232639313e-02,4.678037017583847046e-02,-1.085217073559761047e-01,2.091228961944580078e-01,-2.287289649248123169e-01,-4.837334156036376953e-02,3.028091490268707275e-01,2.368057817220687866e-01,2.218841463327407837e-01,2.368057817220687866e-01,3.028091490268707275e-01,-4.837334156036376953e-02,-2.287289649248123169e-01,2.091228961944580078e-01,-1.085217073559761047e-01,4.678037017583847046e-02,-2.448322810232639313e-02,1.598730683326721191e-02
1.790414936840534210e-02,-3.710059076547622681e-02,6.174098327755928040e-02,-7.254149019718170166e-02,5.634074565023183823e-03,1.926617473363876343e-01,-3.569651842117309570e-01,-3.308573737740516663e-02,9.719210118055343628e-02,2.680139839649200439e-01,9.719210118055343628e-02,-3.308573737740516663e-02,-3.569651842117309570e-01,1.926617473363876343e-01,5.634074565023183823e-03,-7.254149019718170166e-02,6.174098327755928040e-02,-3.710059076547622681e-02,1.790414936840534210e-02
-2.137312412261962891e+00
2.179821208119392395e-02,-3.226053714752197266e-02,5.838162824511528015e-02,-1.115676611661911011e-01,1.849955171346664429e-01,-1.736789941787719727e-01,-1.088268607854843140e-01,3.277071416378021240e-01,2.239969819784164429e-01,2.467526346445083618e-01,2.239969819784164429e-01,3.277071416378021240e-01,-1.088268607854843140e-01,-1.736789941787719727e-01,1.849955171346664429e-01,-1.115676611661911011e-01,5.838162824511528015e-02,-3.226053714752197266e-02,2.179821208119392395e-02
4.072412382811307907e-03,-2.298852428793907166e-02,3.795097395777702332e-02,-3.262034803628921509e-02,-4.326383396983146667e-02,2.271359264850616455e-01,-3.464451134204864502e-01,-5.978735163807868958e-02,1.066414043307304382e-01,2.648425996303558350e-01,1.066414043307304382e-01,-5.978735163807868958e-02,-3.464451134204864502e-01,2.271359264850616455e-01,-4.326383396983146667e-02,-3.262034803628921509e-02,3.795097395777702332e-02,-2.298852428793907166e-02,4.072412382811307907e-03
-2.281826257705688477e+00
2.781597711145877838e-02,-3.384901210665702820e-02,5.823989212512969971e-02,-1.047799140214920044e-01,1.566286534070968628e-01,-1.157725006341934204e-01,-1.631725728511810303e-01,3.442856967449188232e-01,2.161346226930618286e-01,2.672711908817291260e-01,2.161346226930618286e-01,3.442856967449188232e-01,-1.631725728511810303e-01,-1.157725006341934204e-01,1.566286534070968628e-01,-1.047799140214920044e-01,5.823989212512969971e-02,-3.384901210665702820e-02,2.781597711145877838e-02
-7.347188424319028854e-03,-4.606408532708883286e-03,1.732898503541946411e-02,-2.427644329145550728e-03,-8.166546374559402466e-02,2.452375292778015137e-01,-3.216340243816375732e-01,-9.340511262416839600e-02,1.227276846766471863e-01,2.554287612438201904e-01,1.227276846766471863e-01,-9.340511262416839600e-02,-3.216340243816375732e-01,2.452375292778015137e-01,-8.166546374559402466e-02,-2.427644329145550728e-03,1.732898503541946411e-02,-4.606408532708883286e-03,-7.347188424319028854e-03
-2.429454565048217773e+00
2.411417663097381592e-02,-3.299045562744140625e-02,5.517554283142089844e-02,-8.932388573884963989e-02,1.235236749053001404e-01,-6.374848634004592896e-02,-2.088659554719924927e-01,3.539853990077972412e-01,2.154927849769592285e-01,2.812355756759643555e-01,2.154927849769592285e-01,3.539853990077972412e-01,-2.088659554719924927e-01,-6.374848634004592896e-02,1.235236749053001404e-01,-8.932388573884963989e-02,5.517554283142089844e-02,-3.299045562744140625e-02,2.411417663097381592e-02
-1.754452474415302277e-02,7.514250930398702621e-03,-1.480509177781641483e-03,2.244116738438606262e-02,-1.043003946542739868e-01,2.501434981822967529e-01,-2.893423438072204590e-01,-1.333181560039520264e-01,1.424665153026580811e-01,2.436191290616989136e-01,1.424665153026580811e-01,-1.333181560039520264e-01,-2.893423438072204590e-01,2.501434981822967529e-01,-1.043003946542739868e-01,2.244116738438606262e-02,-1.480509177781641483e-03,7.514250930398702621e-03,-1.754452474415302277e-02
-2.580132961273193359e+00
-3.228827938437461853e-02,3.847934305667877197e-02,6.294772610999643803e-04,-1.609386526979506016e-03,-3.412705287337303162e-02,4.268822818994522095e-02,-2.156822383403778076e-02,-1.389188170433044434e-01,5.235016345977783203e-01,2.428204268217086792e-01,5.235016345977783203e-01,-1.389188170433044434e-01,-2.156822383403778076e-02,4.268822818994522095e-02,-3.412705287337303162e-02,-1.609386526979506016e-03,6.294772610999643803e-04,3.847934305667877197e-02,-3.228827938437461853e-02
-4.423948749899864197e-02,-2.331841178238391876e-02,3.628015890717506409e-02,-1.106701418757438660e-02,2.316572889685630798e-02,-6.715933233499526978e-02,1.398380100727081299e-01,-2.619501054286956787e-01,-2.975351735949516296e-02,4.290656149387359619e-01,-2.975351735949516296e-02,-2.619501054286956787e-01,1.398380100727081299e-01,-6.715933233499526978e-02,2.316572889685630798e-02,-1.106701418757438660e-02,3.628015890717506409e-02,-2.331841178238391876e-02,-4.423948749899864197e-02
-0.000000000000000000e+00
