-5.679528042674064636e-02,8.002175390720367432e-02,1.290435194969177246e-01,3.739997372031211853e-02,-3.176276758313179016e-02,-7.575268298387527466e-02,-6.587151437997817993e-02,-6.612509489059448242e-02,1.730559743009507656e-04,4.483671113848686218e-02,7.259801775217056274e-02,5.183286219835281372e-02,6.923145055770874023e-02,7.338862121105194092e-02,7.767876237630844116e-02,5.203204974532127380e-02,5.597591400146484375e-02,5.431653186678886414e-02,5.597591400146484375e-02,5.203204974532127380e-02,7.767876237630844116e-02,7.338862121105194092e-02,6.923145055770874023e-02,5.183286219835281372e-02,7.259801775217056274e-02,4.483671113848686218e-02,1.730559743009507656e-04,-6.612509489059448242e-02,-6.587151437997817993e-02,-7.575268298387527466e-02,-3.176276758313179016e-02,3.739997372031211853e-02,1.290435194969177246e-01,8.002175390720367432e-02,-5.679528042674064636e-02
-9.721115976572036743e-02,-1.014562472701072693e-01,-7.431162055581808090e-03,1.062687113881111145e-01,1.003158167004585266e-01,3.644810244441032410e-02,-3.367168456315994263e-02,-5.983291566371917725e-02,-7.123459130525588989e-02,-5.873204395174980164e-02,-4.129894822835922241e-02,-1.501949504017829895e-02,-9.908343665301799774e-03,1.408977806568145752e-02,3.598516806960105896e-02,4.533758014440536499e-02,3.194491937756538391e-02,4.007418826222419739e-02,3.194491937756538391e-02,4.533758014440536499e-02,3.598516806960105896e-02,1.408977806568145752e-02,-9.908343665301799774e-03,-1.501949504017829895e-02,-4.129894822835922241e-02,-5.873204395174980164e-02,-7.123459130525588989e-02,-5.983291566371917725e-02,-3.367168456315994263e-02,3.644810244441032410e-02,1.003158167004585266e-01,1.062687113881111145e-01,-7.431162055581808090e-03,-1.014562472701072693e-01,-9.721115976572036743e-02
-6.965145934373140335e-03
-2.866511978209018707e-02,-8.074204623699188232e-02,-9.821073710918426514e-02,-5.780920386314392090e-02,-3.640183433890342712e-02,-1.132479030638933182e-02,1.072823721915483475e-02,5.109139531850814819e-02,6.120817363262176514e-02,6.911503523588180542e-02,5.704401060938835144e-02,7.206959277391433716e-02,6.793329119682312012e-02,6.993366777896881104e-02,5.506164208054542542e-02,5.941973999142646790e-02,4.898574948310852051e-02,5.637850984930992126e-02,4.898574948310852051e-02,5.941973999142646790e-02,5.506164208054542542e-02,6.993366777896881104e-02,6.793329119682312012e-02,7.206959277391433716e-02,5.704401060938835144e-02,6.911503523588180542e-02,6.120817363262176514e-02,5.109139531850814819e-02,1.072823721915483475e-02,-1.132479030638933182e-02,-3.640183433890342712e-02,-5.780920386314392090e-02,-9.821073710918426514e-02,-8.074204623699188232e-02,-2.866511978209018707e-02
6.412117928266525269e-02,2.074797451496124268e-02,-3.016530349850654602e-02,-4.920262470841407776e-02,-5.316891148686408997e-02,-6.445779651403427124e-02,-6.625735759735107422e-02,-5.433969572186470032e-02,-3.811585530638694763e-02,-2.068002708256244659e-02,5.237921723164618015e-04,7.871927693486213684e-03,1.078672893345355988e-02,2.140142582356929779e-02,5.201689526438713074e-02,6.617937237024307251e-02,3.814215213060379028e-02,3.187820315361022949e-02,3.814215213060379028e-02,6.617937237024307251e-02,5.201689526438713074e-02,2.140142582356929779e-02,1.078672893345355988e-02,7.871927693486213684e-03,5.237921723164618015e-04,-2.068002708256244659e-02,-3.811585530638694763e-02,-5.433969572186470032e-02,-6.625735759735107422e-02,-6.445779651403427124e-02,-5.316891148686408997e-02,-4.920262470841407776e-02,-3.016530349850654602e-02,2.074797451496124268e-02,6.412117928266525269e-02
-9.151756763458251953e-03
4.642824456095695496e-02,-5.633820593357086182e-02,-8.852033317089080811e-02,-7.813998311758041382e-02,-4.254063591361045837e-02,-4.081617295742034912e-02,-1.113797817379236221e-02,2.478252537548542023e-02,5.594329535961151123e-02,5.321258306503295898e-02,7.593324780464172363e-02,7.971051335334777832e-02,8.098828792572021484e-02,5.612482130527496338e-02,5.910015478730201721e-02,4.762379452586174011e-02,6.688854843378067017e-02,5.927586182951927185e-02,6.688854843378067017e-02,4.762379452586174011e-02,5.910015478730201721e-02,5.612482130527496338e-02,8.098828792572021484e-02,7.971051335334777832e-02,7.593324780464172363e-02,5.321258306503295898e-02,5.594329535961151123e-02,2.478252537548542023e-02,-1.113797817379236221e-02,-4.081617295742034912e-02,-4.254063591361045837e-02,-7.813998311758041382e-02,-8.852033317089080811e-02,-5.633820593357086182e-02,4.642824456095695496e-02
6.686941534280776978e-02,8.278173208236694336e-02,3.207698091864585876e-02,-1.495175901800394058e-02,-3.992992267012596130e-02,-4.446834698319435120e-02,-6.740248203277587891e-02,-6.917364895343780518e-02,-6.322085857391357422e-02,-3.799097985029220581e-02,-1.988886483013629913e-02,1.086562778800725937e-02,3.329495713114738464e-02,3.509589657187461853e-02,2.238569781184196472e-02,2.689101733267307281e-02,6.458599120378494263e-02,7.983461022377014160e-02,6.458599120378494263e-02,2.689101733267307281e-02,2.238569781184196472e-02,3.509589657187461853e-02,3.329495713114738464e-02,1.086562778800725937e-02,-1.988886483013629913e-02,-3.799097985029220581e-02,-6.322085857391357422e-02,-6.917364895343780518e-02,-6.740248203277587891e-02,-4.446834698319435120e-02,-3.992992267012596130e-02,-1.495175901800394058e-02,3.207698091864585876e-02,8.278173208236694336e-02,6.686941534280776978e-02
-1.152529194951057434e-02
7.983323931694030762e-02,3.115075826644897461e-02,-3.977248072624206543e-02,-7.065013796091079712e-02,-6.738094240427017212e-02,-5.084417015314102173e-02,-3.313519433140754700e-02,-2.422876190394163132e-03,3.201450780034065247e-02,6.111286580562591553e-02,7.429444044828414917e-02,7.504896819591522217e-02,6.692593544721603394e-02,5.951287597417831421e-02,6.362909823656082153e-02,6.139618903398513794e-02,5.985840782523155212e-02,5.831087008118629456e-02,5.985840782523155212e-02,6.139618903398513794e-02,6.362909823656082153e-02,5.951287597417831421e-02,6.692593544721603394e-02,7.504896819591522217e-02,7.429444044828414917e-02,6.111286580562591553e-02,3.201450780034065247e-02,-2.422876190394163132e-03,-3.313519433140754700e-02,-5.084417015314102173e-02,-6.738094240427017212e-02,-7.065013796091079712e-02,-3.977248072624206543e-02,3.115075826644897461e-02,7.983323931694030762e-02
1.014087442308664322e-02,1.049017608165740967e-01,1.182799637317657471e-01,2.946077473461627960e-02,-2.191150188446044922e-02,-4.656044766306877136e-02,-5.729133263230323792e-02,-8.891230821609497070e-02,-6.588777154684066772e-02,-4.132175818085670471e-02,-1.300775911659002304e-02,-1.715346239507198334e-02,1.353379338979721069e-02,2.789462916553020477e-02,4.529249295592308044e-02,3.575533628463745117e-02,5.552347004413604736e-02,5.844149738550186157e-02,5.552347004413604736e-02,3.575533628463745117e-02,4.529249295592308044e-02,2.789462916553020477e-02,1.353379338979721069e-02,-1.715346239507198334e-02,-1.300775911659002304e-02,-4.132175818085670471e-02,-6.588777154684066772e-02,-8.891230821609497070e-02,-5.729133263230323792e-02,-4.656044766306877136e-02,-2.191150188446044922e-02,2.946077473461627960e-02,1.182799637317657471e-01,1.049017608165740967e-01,1.014087442308664322e-02
-1.407223846763372421e-02
5.592265725135803223e-02,1.137091889977455139e-01,5.653746053576469421e-02,-4.404568672180175781e-02,-8.599475771188735962e-02,-7.285666465759277344e-02,-4.701798036694526672e-02,-2.074763178825378418e-02,1.973603293299674988e-02,5.655783414840698242e-02,6.544476002454757690e-02,6.512726843357086182e-02,7.016486674547195435e-02,7.163608819246292114e-02,6.449879705905914307e-02,5.087541043758392334e-02,5.829341337084770203e-02,6.533805280923843384e-02,5.829341337084770203e-02,5.087541043758392334e-02,6.449879705905914307e-02,7.163608819246292114e-02,7.016486674547195435e-02,6.512726843357086182e-02,6.544476002454757690e-02,5.655783414840698242e-02,1.973603293299674988e-02,-2.074763178825378418e-02,-4.701798036694526672e-02,-7.285666465759277344e-02,-8.599475771188735962e-02,-4.404568672180175781e-02,5.653746053576469421e-02,1.137091889977455139e-01,5.592265725135803223e-02
-6.304775178432464600e-02,4.678475856781005859e-02,1.160288155078887939e-01,6.933879107236862183e-02,2.368764951825141907e-02,-1.863010413944721222e-02,-4.081574454903602600e-02,-8.690677583217620850e-02,-7.451770454645156860e-02,-5.328183248639106750e-02,-1.993557251989841461e-02,-2.155463211238384247e-02,7.885769009590148926e-03,2.114623412489891052e-02,4.949822649359703064e-02,3.898026421666145325e-02,4.814851656556129456e-02,4.824313148856163025e-02,4.814851656556129456e-02,3.898026421666145325e-02,4.949822649359703064e-02,2.114623412489891052e-02,7.885769009590148926e-03,-2.155463211238384247e-02,-1.993557251989841461e-02,-5.328183248639106750e-02,-7.451770454645156860e-02,-8.690677583217620850e-02,-4.081574454903602600e-02,-1.863010413944721222e-02,2.368764951825141907e-02,6.933879107236862183e-02,1.160288155078887939e-01,4.678475856781005859e-02,-6.304775178432464600e-02
-1.678161881864070892e-02
-1.724449172616004944e-02,1.219136416912078857e-01,1.100996211171150208e-01,9.985410608351230621e-03,-6.962623447179794312e-02,-7.250025868415832520e-02,-6.428799778223037720e-02,-4.270086064934730530e-02,6.720792152918875217e-04,5.101902037858963013e-02,5.769336968660354614e-02,6.079887598752975464e-02,6.236115470528602600e-02,7.867510616779327393e-02,6.168062612414360046e-02,5.088439211249351501e-02,4.937488958239555359e-02,6.636130064725875854e-02,4.937488958239555359e-02,5.088439211249351501e-02,6.168062612414360046e-02,7.867510616779327393e-02,6.236115470528602600e-02,6.079887598752975464e-02,5.769336968660354614e-02,5.101902037858963013e-02,6.720792152918875217e-04,-4.270086064934730530e-02,-6.428799778223037720e-02,-7.250025868415832520e-02,-6.962623447179794312e-02,9.985410608351230621e-03,1.100996211171150208e-01,1.219136416912078857e-01,-1.724449172616004944e-02
-1.102388799190521240e-01,-4.859321564435958862e-02,4.213671758770942688e-02,1.098252087831497192e-01,7.183343917131423950e-02,1.992416195571422577e-02,-4.409902915358543396e-02,-6.352573633193969727e-02,-7.529772073030471802e-02,-5.150334164500236511e-02,-4.154415056109428406e-02,-1.162217557430267334e-02,-3.338632173836231232e-03,2.346134185791015625e-02,2.643490210175514221e-02,3.696909174323081970e-02,3.424451127648353577e-02,5.420432612299919128e-02,3.424451127648353577e-02,3.696909174323081970e-02,2.643490210175514221e-02,2.346134185791015625e-02,-3.338632173836231232e-03,-1.162217557430267334e-02,-4.154415056109428406e-02,-5.150334164500236511e-02,-7.529772073030471802e-02,-6.352573633193969727e-02,-4.409902915358543396e-02,1.992416195571422577e-02,7.183343917131423950e-02,1.098252087831497192e-01,4.213671758770942688e-02,-4.859321564435958862e-02,-1.102388799190521240e-01
-1.964429765939712524e-02
-1.031426787376403809e-01,5.169290304183959961e-02,1.145753785967826843e-01,7.972846925258636475e-02,-1.833167858421802521e-02,-6.195705756545066833e-02,-8.642893284559249878e-02,-5.553854629397392273e-02,-1.290403679013252258e-02,3.177181258797645569e-02,4.021577909588813782e-02,6.785000860691070557e-02,7.840487360954284668e-02,9.654299169778823853e-02,6.289135664701461792e-02,6.067502126097679138e-02,6.636536866426467896e-02,9.164039790630340576e-02,6.636536866426467896e-02,6.067502126097679138e-02,6.289135664701461792e-02,9.654299169778823853e-02,7.840487360954284668e-02,6.785000860691070557e-02,4.021577909588813782e-02,3.177181258797645569e-02,-1.290403679013252258e-02,-5.553854629397392273e-02,-8.642893284559249878e-02,-6.195705756545066833e-02,-1.833167858421802521e-02,7.972846925258636475e-02,1.145753785967826843e-01,5.169290304183959961e-02,-1.031426787376403809e-01
-6.657203286886215210e-02,-1.282645314931869507e-01,-2.946463041007518768e-02,8.233466744422912598e-02,1.023782044649124146e-01,3.594845160841941833e-02,-8.144126273691654205e-03,-4.731810092926025391e-02,-6.386950612068176270e-02,-8.671578019857406616e-02,-4.960576072335243225e-02,-1.605338416993618011e-02,1.265403442084789276e-02,6.522402167320251465e-03,2.740880846977233887e-02,3.230703994631767273e-02,4.816001281142234802e-02,4.456676542758941650e-02,4.816001281142234802e-02,3.230703994631767273e-02,2.740880846977233887e-02,6.522402167320251465e-03,1.265403442084789276e-02,-1.605338416993618011e-02,-4.960576072335243225e-02,-8.671578019857406616e-02,-6.386950612068176270e-02,-4.731810092926025391e-02,-8.144126273691654205e-03,3.594845160841941833e-02,1.023782044649124146e-01,8.233466744422912598e-02,-2.946463041007518768e-02,-1.282645314931869507e-01,-6.657203286886215210e-02
-2.265251614153385162e-02
-1.337115615606307983e-01,-5.992143228650093079e-02,6.512385606765747070e-02,1.214430183172225952e-01,4.567256942391395569e-02,-4.079070687294006348e-02,-9.298522770404815674e-02,-7.401686906814575195e-02,-3.505580499768257141e-02,2.882769331336021423e-02,5.540863424539566040e-02,7.361401617527008057e-02,6.956814974546432495e-02,8.200815320014953613e-02,7.680874317884445190e-02,7.881844043731689453e-02,5.725941807031631470e-02,6.432530283927917480e-02,5.725941807031631470e-02,7.881844043731689453e-02,7.680874317884445190e-02,8.200815320014953613e-02,6.956814974546432495e-02,7.361401617527008057e-02,5.540863424539566040e-02,2.882769331336021423e-02,-3.505580499768257141e-02,-7.401686906814575195e-02,-9.298522770404815674e-02,-4.079070687294006348e-02,4.567256942391395569e-02,1.214430183172225952e-01,6.512385606765747070e-02,-5.992143228650093079e-02,-1.337115615606307983e-01
2.680894546210765839e-02,-1.359174698591232300e-01,-1.019158288836479187e-01,2.429391629993915558e-02,1.183465644717216492e-01,7.529781758785247803e-02,2.809422463178634644e-02,-3.759033605456352234e-02,-5.760806798934936523e-02,-9.662814438343048096e-02,-6.032277271151542664e-02,-2.862350828945636749e-02,7.162346504628658295e-03,1.879907795228064060e-04,3.328390792012214661e-02,4.061397537589073181e-02,4.800171032547950745e-02,3.575810045003890991e-02,4.800171032547950745e-02,4.061397537589073181e-02,3.328390792012214661e-02,1.879907795228064060e-04,7.162346504628658295e-03,-2.862350828945636749e-02,-6.032277271151542664e-02,-9.662814438343048096e-02,-5.760806798934936523e-02,-3.759033605456352234e-02,2.809422463178634644e-02,7.529781758785247803e-02,1.183465644717216492e-01,2.429391629993915558e-02,-1.019158288836479187e-01,-1.359174698591232300e-01,2.680894546210765839e-02
-2.579958178102970123e-02
-7.964979112148284912e-02,-1.254283487796783447e-01,-2.282809652388095856e-02,1.287212818861007690e-01,9.737435728311538696e-02,-1.428371644578874111e-03,-9.681511670351028442e-02,-8.024287968873977661e-02,-6.219699606299400330e-02,4.242451861500740051e-03,3.767645731568336487e-02,8.789460361003875732e-02,7.550551742315292358e-02,8.529391139745712280e-02,7.596240192651748657e-02,9.891051799058914185e-02,7.448681443929672241e-02,8.301183581352233887e-02,7.448681443929672241e-02,9.891051799058914185e-02,7.596240192651748657e-02,8.529391139745712280e-02,7.550551742315292358e-02,8.789460361003875732e-02,3.767645731568336487e-02,4.242451861500740051e-03,-6.219699606299400330e-02,-8.024287968873977661e-02,-9.681511670351028442e-02,-1.428371644578874111e-03,9.737435728311538696e-02,1.287212818861007690e-01,-2.282809652388095856e-02,-1.254283487796783447e-01,-7.964979112148284912e-02
1.112926527857780457e-01,-5.613704770803451538e-02,-1.286466568708419800e-01,-4.558317735791206360e-02,7.674986869096755981e-02,9.959384799003601074e-02,5.974708497524261475e-02,-1.422386523336172104e-02,-6.089269742369651794e-02,-1.002278327941894531e-01,-7.762335985898971558e-02,-3.485333174467086792e-02,1.693585421890020370e-03,6.395019590854644775e-03,2.715211734175682068e-02,3.887408226728439331e-02,4.482467100024223328e-02,4.290796071290969849e-02,4.482467100024223328e-02,3.887408226728439331e-02,2.715211734175682068e-02,6.395019590854644775e-03,1.693585421890020370e-03,-3.485333174467086792e-02,-7.762335985898971558e-02,-1.002278327941894531e-01,-6.089269742369651794e-02,-1.422386523336172104e-02,5.974708497524261475e-02,9.959384799003601074e-02,7.674986869096755981e-02,-4.558317735791206360e-02,-1.286466568708419800e-01,-5.613704770803451538e-02,1.112926527857780457e-01
-2.907964587211608887e-02
3.744972869753837585e-02,-1.295758485794067383e-01,-1.006141304969787598e-01,7.591297477483749390e-02,1.271784156560897827e-01,4.471389204263687134e-02,-6.478293985128402710e-02,-8.954747021198272705e-02,-8.113028854131698608e-02,-2.901146747171878815e-02,2.470818720757961273e-02,8.546008914709091187e-02,9.006577730178833008e-02,8.688889443874359131e-02,8.417930454015731812e-02,9.746199846267700195e-02,7.985342293977737427e-02,7.573828101158142090e-02,7.985342293977737427e-02,9.746199846267700195e-02,8.417930454015731812e-02,8.688889443874359131e-02,9.006577730178833008e-02,8.546008914709091187e-02,2.470818720757961273e-02,-2.901146747171878815e-02,-8.113028854131698608e-02,-8.954747021198272705e-02,-6.478293985128402710e-02,4.471389204263687134e-02,1.271784156560897827e-01,7.591297477483749390e-02,-1.006141304969787598e-01,-1.295758485794067383e-01,3.744972869753837585e-02
1.171124503016471863e-01,7.324989885091781616e-02,-1.049685329198837280e-01,-1.060478165745735168e-01,-2.020685002207756042e-03,1.169783994555473328e-01,8.734519779682159424e-02,2.379250526428222656e-02,-6.405784189701080322e-02,-8.393901586532592773e-02,-1.004047617316246033e-01,-5.266579985618591309e-02,-2.788191474974155426e-02,2.186674065887928009e-02,2.596101723611354828e-02,5.391001701354980469e-02,4.838443547487258911e-02,7.105379551649093628e-02,4.838443547487258911e-02,5.391001701354980469e-02,2.596101723611354828e-02,2.186674065887928009e-02,-2.788191474974155426e-02,-5.266579985618591309e-02,-1.004047617316246033e-01,-8.393901586532592773e-02,-6.405784189701080322e-02,2.379250526428222656e-02,8.734519779682159424e-02,1.169783994555473328e-01,-2.020685002207756042e-03,-1.060478165745735168e-01,-1.049685329198837280e-01,7.324989885091781616e-02,1.171124503016471863e-01
-3.248753771185874939e-02
1.393657177686691284e-01,-6.740858405828475952e-02,-1.291148960590362549e-01,-1.941366866230964661e-02,1.284286677837371826e-01,8.086021244525909424e-02,-9.151927195489406586e-03,-9.857358783483505249e-02,-8.631578832864761353e-02,-6.120214983820915222e-02,2.652216888964176178e-02,6.735623627901077271e-02,1.055291891098022461e-01,8.313664793968200684e-02,1.021525934338569641e-01,8.944490551948547363e-02,9.758366644382476807e-02,7.195948064327239990e-02,9.758366644382476807e-02,8.944490551948547363e-02,1.021525934338569641e-01,8.313664793968200684e-02,1.055291891098022461e-01,6.735623627901077271e-02,2.652216888964176178e-02,-6.120214983820915222e-02,-8.631578832864761353e-02,-9.857358783483505249e-02,-9.151927195489406586e-03,8.086021244525909424e-02,1.284286677837371826e-01,-1.941366866230964661e-02,-1.291148960590362549e-01,-6.740858405828475952e-02,1.393657177686691284e-01
5.943758785724639893e-02,1.347822248935699463e-01,-1.194514986127614975e-02,-1.437550783157348633e-01,-5.942573770880699158e-02,8.400604128837585449e-02,1.266237050294876099e-01,4.827586561441421509e-02,-3.182709217071533203e-02,-8.730016648769378662e-02,-1.007428392767906189e-01,-8.809146285057067871e-02,-3.252425789833068848e-02,1.142626069486141205e-02,3.857894986867904663e-02,4.084702208638191223e-02,6.133043393492698669e-02,6.767207384109497070e-02,6.133043393492698669e-02,4.084702208638191223e-02,3.857894986867904663e-02,1.142626069486141205e-02,-3.252425789833068848e-02,-8.809146285057067871e-02,-1.007428392767906189e-01,-8.730016648769378662e-02,-3.182709217071533203e-02,4.827586561441421509e-02,1.266237050294876099e-01,8.400604128837585449e-02,-5.942573770880699158e-02,-1.437550783157348633e-01,-1.194514986127614975e-02,1.347822248935699463e-01,5.943758785724639893e-02
-3.601864725351333618e-02
1.165209040045738220e-01,6.758761405944824219e-02,-1.380576491355895996e-01,-8.254584670066833496e-02,6.231204420328140259e-02,1.405196040868759155e-01,2.206210233271121979e-02,-6.844498217105865479e-02,-1.186106353998184204e-01,-5.587069690227508545e-02,-9.575214236974716187e-03,6.573436409235000610e-02,8.078680187463760376e-02,1.092200949788093567e-01,8.679984509944915771e-02,1.003334894776344299e-01,7.894200086593627930e-02,9.513585269451141357e-02,7.894200086593627930e-02,1.003334894776344299e-01,8.679984509944915771e-02,1.092200949788093567e-01,8.078680187463760376e-02,6.573436409235000610e-02,-9.575214236974716187e-03,-5.587069690227508545e-02,-1.186106353998184204e-01,-6.844498217105865479e-02,2.206210233271121979e-02,1.405196040868759155e-01,6.231204420328140259e-02,-8.254584670066833496e-02,-1.380576491355895996e-01,6.758761405944824219e-02,1.165209040045738220e-01
-5.636264011263847351e-02,1.367016285657882690e-01,7.380850613117218018e-02,-1.213614493608474731e-01,-1.220851615071296692e-01,3.522419929504394531e-02,1.322841644287109375e-01,8.654398471117019653e-02,-1.014490379020571709e-03,-7.350403070449829102e-02,-1.064071357250213623e-01,-1.058914735913276672e-01,-5.289946496486663818e-02,4.736378323286771774e-03,3.757419437170028687e-02,4.809992760419845581e-02,7.457365840673446655e-02,8.708602190017700195e-02,7.457365840673446655e-02,4.809992760419845581e-02,3.757419437170028687e-02,4.736378323286771774e-03,-5.289946496486663818e-02,-1.058914735913276672e-01,-1.064071357250213623e-01,-7.350403070449829102e-02,-1.014490379020571709e-03,8.654398471117019653e-02,1.322841644287109375e-01,3.522419929504394531e-02,-1.220851615071296692e-01,-1.213614493608474731e-01,7.380850613117218018e-02,1.367016285657882690e-01,-5.636264011263847351e-02
-3.966882824897766113e-02
4.931756481528282166e-02,1.162165999412536621e-01,-4.355505108833312988e-02,-1.561772972345352173e-01,2.145391143858432770e-02,1.304395794868469238e-01,9.437136352062225342e-02,-7.446617633104324341e-02,-1.142190396785736084e-01,-1.015649959444999695e-01,-1.028768438845872879e-02,3.872895613312721252e-02,1.100994050502777100e-01,1.124341264367103577e-01,1.236869469285011292e-01,8.320964872837066650e-02,1.002307608723640442e-01,7.949879020452499390e-02,1.002307608723640442e-01,8.320964872837066650e-02,1.236869469285011292e-01,1.124341264367103577e-01,1.100994050502777100e-01,3.872895613312721252e-02,-1.028768438845872879e-02,-1.015649959444999695e-01,-1.142190396785736084e-01,-7.446617633104324341e-02,9.437136352062225342e-02,1.304395794868469238e-01,2.145391143858432770e-02,-1.561772972345352173e-01,-4.355505108833312988e-02,1.162165999412536621e-01,4.931756481528282166e-02
-1.382724046707153320e-01,6.328735500574111938e-02,1.298964470624923706e-01,-5.045105144381523132e-02,-1.531654745340347290e-01,-2.696109004318714142e-02,1.116523295640945435e-01,1.170763298869132996e-01,2.371643111109733582e-02,-6.327030807733535767e-02,-1.096273288130760193e-01,-1.089509576559066772e-01,-6.384947896003723145e-02,-5.113618681207299232e-04,3.364362195134162903e-02,5.140851810574531555e-02,7.279942184686660767e-02,8.796408772468566895e-02,7.279942184686660767e-02,5.140851810574531555e-02,3.364362195134162903e-02,-5.113618681207299232e-04,-6.384947896003723145e-02,-1.089509576559066772e-01,-1.096273288130760193e-01,-6.327030807733535767e-02,2.371643111109733582e-02,1.170763298869132996e-01,1.116523295640945435e-01,-2.696109004318714142e-02,-1.531654745340347290e-01,-5.045105144381523132e-02,1.298964470624923706e-01,6.328735500574111938e-02,-1.382724046707153320e-01
-4.343432188034057617e-02
-1.054707095026969910e-01,1.434542387723922729e-01,2.261948585510253906e-02,-1.332991868257522583e-01,-7.495848089456558228e-02,1.375584751367568970e-01,1.139250695705413818e-01,-1.252757571637630463e-02,-1.385903507471084595e-01,-9.933487325906753540e-02,-5.174176394939422607e-02,5.050956830382347107e-02,9.065086394548416138e-02,1.444054991006851196e-01,1.104171872138977051e-01,1.053885221481323242e-01,7.791334390640258789e-02,1.016075983643531799e-01,7.791334390640258789e-02,1.053885221481323242e-01,1.104171872138977051e-01,1.444054991006851196e-01,9.065086394548416138e-02,5.050956830382347107e-02,-5.174176394939422607e-02,-9.933487325906753540e-02,-1.385903507471084595e-01,-1.252757571637630463e-02,1.139250695705413818e-01,1.375584751367568970e-01,-7.495848089456558228e-02,-1.332991868257522583e-01,2.261948585510253906e-02,1.434542387723922729e-01,-1.054707095026969910e-01
-1.218213364481925964e-01,-4.975059628486633301e-02,1.320387423038482666e-01,4.153711721301078796e-02,-1.420076340436935425e-01,-8.932716399431228638e-02,7.091610878705978394e-02,1.355755925178527832e-01,5.188788473606109619e-02,-4.607628658413887024e-02,-1.087218895554542542e-01,-1.084251627326011658e-01,-8.018433302640914917e-02,-2.240490727126598358e-02,2.287272177636623383e-02,5.647160857915878296e-02,7.340735197067260742e-02,8.906861394643783569e-02,7.340735197067260742e-02,5.647160857915878296e-02,2.287272177636623383e-02,-2.240490727126598358e-02,-8.018433302640914917e-02,-1.084251627326011658e-01,-1.087218895554542542e-01,-4.607628658413887024e-02,5.188788473606109619e-02,1.355755925178527832e-01,7.091610878705978394e-02,-8.932716399431228638e-02,-1.420076340436935425e-01,4.153711721301078796e-02,1.320387423038482666e-01,-4.975059628486633301e-02,-1.218213364481925964e-01
-4.731171205639839172e-02
-1.361770778894424438e-01,4.476713016629219055e-02,1.281535327434539795e-01,-1.102515980601310730e-01,-1.155464127659797668e-01,6.447079777717590332e-02,1.589030176401138306e-01,1.506815757602453232e-02,-1.057363227009773254e-01,-1.347004026174545288e-01,-5.121740698814392090e-02,2.488949522376060486e-02,1.110668182373046875e-01,1.346761137247085571e-01,1.404485851526260376e-01,1.008364036679267883e-01,1.010562703013420105e-01,8.637429773807525635e-02,1.010562703013420105e-01,1.008364036679267883e-01,1.404485851526260376e-01,1.346761137247085571e-01,1.110668182373046875e-01,2.488949522376060486e-02,-5.121740698814392090e-02,-1.347004026174545288e-01,-1.057363227009773254e-01,1.506815757602453232e-02,1.589030176401138306e-01,6.447079777717590332e-02,-1.155464127659797668e-01,-1.102515980601310730e-01,1.281535327434539795e-01,4.476713016629219055e-02,-1.361770778894424438e-01
-1.882192096672952175e-03,-1.474883854389190674e-01,9.434879571199417114e-02,1.121580079197883606e-01,-7.431327551603317261e-02,-1.518819779157638550e-01,3.138777241110801697e-02,1.286350488662719727e-01,9.602872282266616821e-02,-4.454101994633674622e-02,-9.597428888082504272e-02,-1.235885620117187500e-01,-7.364837825298309326e-02,-4.630269855260848999e-02,2.729224599897861481e-02,4.823271930217742920e-02,8.318351209163665771e-02,7.068626582622528076e-02,8.318351209163665771e-02,4.823271930217742920e-02,2.729224599897861481e-02,-4.630269855260848999e-02,-7.364837825298309326e-02,-1.235885620117187500e-01,-9.597428888082504272e-02,-4.454101994633674622e-02,9.602872282266616821e-02,1.286350488662719727e-01,3.138777241110801697e-02,-1.518819779157638550e-01,-7.431327551603317261e-02,1.121580079197883606e-01,9.434879571199417114e-02,-1.474883854389190674e-01,-1.882192096672952175e-03
-5.129785835742950439e-02
-9.727648645639419556e-02,-5.378540232777595520e-02,1.513626128435134888e-01,-2.017128467559814453e-02,-1.521765291690826416e-01,-1.587567618116736412e-03,1.545480191707611084e-01,6.827234476804733276e-02,-8.685785531997680664e-02,-1.453549116849899292e-01,-8.069519698619842529e-02,1.038188580423593521e-02,9.853428602218627930e-02,1.359611004590988159e-01,1.434566378593444824e-01,1.164879277348518372e-01,1.047134920954704285e-01,9.371649473905563354e-02,1.047134920954704285e-01,1.164879277348518372e-01,1.434566378593444824e-01,1.359611004590988159e-01,9.853428602218627930e-02,1.038188580423593521e-02,-8.069519698619842529e-02,-1.453549116849899292e-01,-8.685785531997680664e-02,6.827234476804733276e-02,1.545480191707611084e-01,-1.587567618116736412e-03,-1.521765291690826416e-01,-2.017128467559814453e-02,1.513626128435134888e-01,-5.378540232777595520e-02,-9.727648645639419556e-02
7.879037410020828247e-02,-1.165422201156616211e-01,-2.922792173922061920e-02,1.771416962146759033e-01,-2.940161898732185364e-02,-1.482877284288406372e-01,-5.084058269858360291e-02,1.461966186761856079e-01,1.009784415364265442e-01,-6.241953000426292419e-03,-1.219395846128463745e-01,-1.087209209799766541e-01,-1.015912741422653198e-01,-2.416083961725234985e-02,8.509680628776550293e-03,7.604642957448959351e-02,6.470766663551330566e-02,9.122254699468612671e-02,6.470766663551330566e-02,7.604642957448959351e-02,8.509680628776550293e-03,-2.416083961725234985e-02,-1.015912741422653198e-01,-1.087209209799766541e-01,-1.219395846128463745e-01,-6.241953000426292419e-03,1.009784415364265442e-01,1.461966186761856079e-01,-5.084058269858360291e-02,-1.482877284288406372e-01,-2.940161898732185364e-02,1.771416962146759033e-01,-2.922792173922061920e-02,-1.165422201156616211e-01,7.879037410020828247e-02
-5.538988113403320312e-02
-1.082696137018501759e-03,-1.049799099564552307e-01,8.908396214246749878e-02,9.431356191635131836e-02,-1.616140455007553101e-01,-5.264426395297050476e-02,1.149388030171394348e-01,1.317456811666488647e-01,-7.088430225849151611e-02,-1.362060606479644775e-01,-1.177859604358673096e-01,1.389951258897781372e-02,8.182924985885620117e-02,1.590017676353454590e-01,1.449906975030899048e-01,1.557175815105438232e-01,9.928558766841888428e-02,1.125142350792884827e-01,9.928558766841888428e-02,1.557175815105438232e-01,1.449906975030899048e-01,1.590017676353454590e-01,8.182924985885620117e-02,1.389951258897781372e-02,-1.177859604358673096e-01,-1.362060606479644775e-01,-7.088430225849151611e-02,1.317456811666488647e-01,1.149388030171394348e-01,-5.264426395297050476e-02,-1.616140455007553101e-01,9.431356191635131836e-02,8.908396214246749878e-02,-1.049799099564552307e-01,-1.082696137018501759e-03
1.513050645589828491e-01,-5.536819994449615479e-02,-9.315117448568344116e-02,1.343611180782318115e-01,6.724695116281509399e-02,-1.545166522264480591e-01,-8.802369982004165649e-02,1.037376821041107178e-01,1.327395290136337280e-01,-5.516519304364919662e-03,-1.076810508966445923e-01,-1.248191744089126587e-01,-8.653220534324645996e-02,-3.099826909601688385e-02,2.892816066741943359e-02,6.518069654703140259e-02,8.026507496833801270e-02,7.919126003980636597e-02,8.026507496833801270e-02,6.518069654703140259e-02,2.892816066741943359e-02,-3.099826909601688385e-02,-8.653220534324645996e-02,-1.248191744089126587e-01,-1.076810508966445923e-01,-5.516519304364919662e-03,1.327395290136337280e-01,1.037376821041107178e-01,-8.802369982004165649e-02,-1.545166522264480591e-01,6.724695116281509399e-02,1.343611180782318115e-01,-9.315117448568344116e-02,-5.536819994449615479e-02,1.513050645589828491e-01
-5.958510562777519226e-02
1.422270238399505615e-01,-1.356392651796340942e-01,2.886629663407802582e-02,1.259379982948303223e-01,-9.381578862667083740e-02,-1.386551707983016968e-01,1.037188395857810974e-01,1.495805531740188599e-01,-9.586497326381504536e-04,-1.519222706556320190e-01,-1.134990975260734558e-01,-1.831649802625179291e-02,8.311323076486587524e-02,1.214066445827484131e-01,1.565961092710494995e-01,1.408748030662536621e-01,1.223530918359756470e-01,9.706927090883255005e-02,1.223530918359756470e-01,1.408748030662536621e-01,1.565961092710494995e-01,1.214066445827484131e-01,8.311323076486587524e-02,-1.831649802625179291e-02,-1.134990975260734558e-01,-1.519222706556320190e-01,-9.586497326381504536e-04,1.495805531740188599e-01,1.037188395857810974e-01,-1.386551707983016968e-01,-9.381578862667083740e-02,1.259379982948303223e-01,2.886629663407802582e-02,-1.356392651796340942e-01,1.422270238399505615e-01
9.436333924531936646e-02,3.397138416767120361e-02,-1.219299137592315674e-01,5.837578326463699341e-02,1.501273959875106812e-01,-1.201170161366462708e-01,-1.136883050203323364e-01,5.983142554759979248e-02,1.639034301042556763e-01,1.472714170813560486e-02,-9.592247754335403442e-02,-1.558399498462677002e-01,-9.187561273574829102e-02,-4.675910249352455139e-02,4.759300500154495239e-02,6.652001291513442993e-02,9.913044422864913940e-02,7.770704478025436401e-02,9.913044422864913940e-02,6.652001291513442993e-02,4.759300500154495239e-02,-4.675910249352455139e-02,-9.187561273574829102e-02,-1.558399498462677002e-01,-9.592247754335403442e-02,1.472714170813560486e-02,1.639034301042556763e-01,5.983142554759979248e-02,-1.136883050203323364e-01,-1.201170161366462708e-01,1.501273959875106812e-01,5.837578326463699341e-02,-1.219299137592315674e-01,3.397138416767120361e-02,9.436333924531936646e-02
-6.388106197118759155e-02
1.685943454504013062e-01,-6.664547324180603027e-02,-5.872679129242897034e-02,1.295002996921539307e-01,-1.516568940132856369e-02,-1.843728721141815186e-01,5.828030779957771301e-02,1.585135310888290405e-01,4.419926926493644714e-02,-1.551838815212249756e-01,-1.230730712413787842e-01,-3.825996071100234985e-02,8.369353413581848145e-02,1.059891507029533386e-01,1.551535874605178833e-01,1.321478337049484253e-01,1.340855211019515991e-01,9.371824562549591064e-02,1.340855211019515991e-01,1.321478337049484253e-01,1.551535874605178833e-01,1.059891507029533386e-01,8.369353413581848145e-02,-3.825996071100234985e-02,-1.230730712413787842e-01,-1.551838815212249756e-01,4.419926926493644714e-02,1.585135310888290405e-01,5.828030779957771301e-02,-1.843728721141815186e-01,-1.516568940132856369e-02,1.295002996921539307e-01,-5.872679129242897034e-02,-6.664547324180603027e-02,1.685943454504013062e-01
-8.156579732894897461e-02,1.418442279100418091e-01,-1.332433968782424927e-01,4.401667683850973845e-04,1.556650847196578979e-01,-2.963347360491752625e-02,-1.660368591547012329e-01,3.642114624381065369e-02,1.522535830736160278e-01,7.766013592481613159e-02,-9.477127343416213989e-02,-1.466572135686874390e-01,-1.309888958930969238e-01,-3.907753154635429382e-02,2.176441624760627747e-02,7.944601029157638550e-02,8.115033060312271118e-02,9.967823326587677002e-02,8.115033060312271118e-02,7.944601029157638550e-02,2.176441624760627747e-02,-3.907753154635429382e-02,-1.309888958930969238e-01,-1.466572135686874390e-01,-9.477127343416213989e-02,7.766013592481613159e-02,1.522535830736160278e-01,3.642114624381065369e-02,-1.660368591547012329e-01,-2.963347360491752625e-02,1.556650847196578979e-01,4.401667683850973845e-04,-1.332433968782424927e-01,1.418442279100418091e-01,-8.156579732894897461e-02
-6.827544420957565308e-02
3.045218437910079956e-02,7.589346915483474731e-02,-1.609066277742385864e-01,1.218686178326606750e-01,4.300933331251144409e-02,-1.597240716218948364e-01,-2.392282709479331970e-02,1.832095533609390259e-01,5.634413287043571472e-02,-1.256770193576812744e-01,-1.577592492103576660e-01,-2.502219937741756439e-02,6.695861369371414185e-02,1.256044805049896240e-01,1.319922804832458496e-01,1.480164527893066406e-01,1.169946417212486267e-01,1.151716187596321106e-01,1.169946417212486267e-01,1.480164527893066406e-01,1.319922804832458496e-01,1.256044805049896240e-01,6.695861369371414185e-02,-2.502219937741756439e-02,-1.577592492103576660e-01,-1.256770193576812744e-01,5.634413287043571472e-02,1.832095533609390259e-01,-2.392282709479331970e-02,-1.597240716218948364e-01,4.300933331251144409e-02,1.218686178326606750e-01,-1.609066277742385864e-01,7.589346915483474731e-02,3.045218437910079956e-02
-1.784729063510894775e-01,1.569389253854751587e-01,-6.327575445175170898e-02,-8.394907414913177490e-02,1.285189390182495117e-01,4.901179298758506775e-02,-1.826858371496200562e-01,-3.444259287789463997e-03,1.463986337184906006e-01,1.252323091030120850e-01,-8.026241511106491089e-02,-1.471758782863616943e-01,-1.551602482795715332e-01,-4.979056492447853088e-02,-3.243671962991356850e-03,7.624217867851257324e-02,8.163262903690338135e-02,1.180427893996238708e-01,8.163262903690338135e-02,7.624217867851257324e-02,-3.243671962991356850e-03,-4.979056492447853088e-02,-1.551602482795715332e-01,-1.471758782863616943e-01,-8.026241511106491089e-02,1.252323091030120850e-01,1.463986337184906006e-01,-3.444259287789463997e-03,-1.826858371496200562e-01,4.901179298758506775e-02,1.285189390182495117e-01,-8.394907414913177490e-02,-6.327575445175170898e-02,1.569389253854751587e-01,-1.784729063510894775e-01
-7.276610285043716431e-02
-1.221227794885635376e-01,1.584168672561645508e-01,-1.715892255306243896e-01,6.862875819206237793e-02,1.120821237564086914e-01,-1.197027042508125305e-01,-9.653335064649581909e-02,1.787950694561004639e-01,7.785359770059585571e-02,-1.020175367593765259e-01,-1.818735152482986450e-01,-2.809062041342258453e-02,6.478118896484375000e-02,1.465036123991012573e-01,1.289390623569488525e-01,1.597131341695785522e-01,1.085587888956069946e-01,1.246564984321594238e-01,1.085587888956069946e-01,1.597131341695785522e-01,1.289390623569488525e-01,1.465036123991012573e-01,6.478118896484375000e-02,-2.809062041342258453e-02,-1.818735152482986450e-01,-1.020175367593765259e-01,7.785359770059585571e-02,1.787950694561004639e-01,-9.653335064649581909e-02,-1.197027042508125305e-01,1.120821237564086914e-01,6.862875819206237793e-02,-1.715892255306243896e-01,1.584168672561645508e-01,-1.221227794885635376e-01
-1.040050238370895386e-01,3.762957081198692322e-02,6.789196282625198364e-02,-1.705286204814910889e-01,1.066785827279090881e-01,9.137766063213348389e-02,-1.479009240865707397e-01,-7.649336755275726318e-02,1.555587500333786011e-01,1.396282911300659180e-01,-3.277245536446571350e-02,-1.693501770496368408e-01,-1.455172002315521240e-01,-7.546506822109222412e-02,2.292586141265928745e-04,4.331896454095840454e-02,9.904047101736068726e-02,1.087228804826736450e-01,9.904047101736068726e-02,4.331896454095840454e-02,2.292586141265928745e-04,-7.546506822109222412e-02,-1.455172002315521240e-01,-1.693501770496368408e-01,-3.277245536446571350e-02,1.396282911300659180e-01,1.555587500333786011e-01,-7.649336755275726318e-02,-1.479009240865707397e-01,9.137766063213348389e-02,1.066785827279090881e-01,-1.705286204814910889e-01,6.789196282625198364e-02,3.762957081198692322e-02,-1.040050238370895386e-01
-7.735100388526916504e-02
-1.451914012432098389e-01,1.097573712468147278e-01,-6.780474632978439331e-02,-4.504373297095298767e-02,1.731650233268737793e-01,-9.449087828397750854e-02,-1.283201277256011963e-01,1.350485980510711670e-01,1.303324997425079346e-01,-9.428978711366653442e-02,-1.747041642665863037e-01,-5.992061644792556763e-02,6.972672045230865479e-02,1.335073560476303101e-01,1.503904461860656738e-01,1.550108939409255981e-01,1.320179551839828491e-01,1.175859645009040833e-01,1.320179551839828491e-01,1.550108939409255981e-01,1.503904461860656738e-01,1.335073560476303101e-01,6.972672045230865479e-02,-5.992061644792556763e-02,-1.747041642665863037e-01,-9.428978711366653442e-02,1.303324997425079346e-01,1.350485980510711670e-01,-1.283201277256011963e-01,-9.449087828397750854e-02,1.731650233268737793e-01,-4.504373297095298767e-02,-6.780474632978439331e-02,1.097573712468147278e-01,-1.451914012432098389e-01
4.650214314460754395e-02,-9.941815584897994995e-02,1.626638472080230713e-01,-1.824763864278793335e-01,5.546000972390174866e-02,1.215761080384254456e-01,-1.033959090709686279e-01,-1.461618691682815552e-01,1.463531106710433960e-01,1.497783064842224121e-01,9.767074137926101685e-03,-1.718640178442001343e-01,-1.307132840156555176e-01,-8.762867748737335205e-02,4.387636668980121613e-03,2.581668086349964142e-02,1.117243394255638123e-01,1.023517847061157227e-01,1.117243394255638123e-01,2.581668086349964142e-02,4.387636668980121613e-03,-8.762867748737335205e-02,-1.307132840156555176e-01,-1.718640178442001343e-01,9.767074137926101685e-03,1.497783064842224121e-01,1.463531106710433960e-01,-1.461618691682815552e-01,-1.033959090709686279e-01,1.215761080384254456e-01,5.546000972390174866e-02,-1.824763864278793335e-01,1.626638472080230713e-01,-9.941815584897994995e-02,4.650214314460754395e-02
-8.202826231718063354e-02
-4.697230458259582520e-02,-1.059223152697086334e-02,7.306865602731704712e-02,-1.467905193567276001e-01,1.865941733121871948e-01,-5.649901926517486572e-02,-1.434391140937805176e-01,7.705741375684738159e-02,1.794360876083374023e-01,-7.978366315364837646e-02,-1.611487567424774170e-01,-1.011755913496017456e-01,7.514425367116928101e-02,1.199413016438484192e-01,1.751775890588760376e-01,1.461752504110336304e-01,1.522883325815200806e-01,1.054399460554122925e-01,1.522883325815200806e-01,1.461752504110336304e-01,1.751775890588760376e-01,1.199413016438484192e-01,7.514425367116928101e-02,-1.011755913496017456e-01,-1.611487567424774170e-01,-7.978366315364837646e-02,1.794360876083374023e-01,7.705741375684738159e-02,-1.434391140937805176e-01,-5.649901926517486572e-02,1.865941733121871948e-01,-1.467905193567276001e-01,7.306865602731704712e-02,-1.059223152697086334e-02,-4.697230458259582520e-02
1.334924995899200439e-01,-1.432788819074630737e-01,1.523453891277313232e-01,-9.536959975957870483e-02,-3.945975750684738159e-02,1.590762585401535034e-01,-7.246791571378707886e-02,-1.795489192008972168e-01,9.396716952323913574e-02,1.773410439491271973e-01,2.524178475141525269e-02,-1.534662693738937378e-01,-1.408956348896026611e-01,-7.605573534965515137e-02,-6.837640888988971710e-03,3.352443128824234009e-02,1.069566458463668823e-01,1.176106259226799011e-01,1.069566458463668823e-01,3.352443128824234009e-02,-6.837640888988971710e-03,-7.605573534965515137e-02,-1.408956348896026611e-01,-1.534662693738937378e-01,2.524178475141525269e-02,1.773410439491271973e-01,9.396716952323913574e-02,-1.795489192008972168e-01,-7.246791571378707886e-02,1.590762585401535034e-01,-3.945975750684738159e-02,-9.536959975957870483e-02,1.523453891277313232e-01,-1.432788819074630737e-01,1.334924995899200439e-01
-8.679609000682830811e-02
6.364054232835769653e-02,-1.059799492359161377e-01,1.511662304401397705e-01,-1.713324785232543945e-01,1.247359290719032288e-01,1.815740205347537994e-02,-1.620102375745773315e-01,3.299472853541374207e-02,2.008080780506134033e-01,-3.649242222309112549e-02,-1.615014970302581787e-01,-1.235365197062492371e-01,5.495799705386161804e-02,1.200676858425140381e-01,1.772612184286117554e-01,1.503345072269439697e-01,1.543185710906982422e-01,1.121669262647628784e-01,1.543185710906982422e-01,1.503345072269439697e-01,1.772612184286117554e-01,1.200676858425140381e-01,5.495799705386161804e-02,-1.235365197062492371e-01,-1.615014970302581787e-01,-3.649242222309112549e-02,2.008080780506134033e-01,3.299472853541374207e-02,-1.620102375745773315e-01,1.815740205347537994e-02,1.247359290719032288e-01,-1.713324785232543945e-01,1.511662304401397705e-01,-1.059799492359161377e-01,6.364054232835769653e-02
1.132063269615173340e-01,-8.649819344282150269e-02,5.515748262405395508e-02,3.745476156473159790e-02,-1.358769088983535767e-01,1.856096386909484863e-01,-3.489593043923377991e-02,-1.777374893426895142e-01,2.325354330241680145e-02,2.030633091926574707e-01,2.477485686540603638e-02,-1.323791146278381348e-01,-1.698245257139205933e-01,-6.501214951276779175e-02,-2.578250505030155182e-02,5.217251926660537720e-02,9.351909905672073364e-02,1.406069397926330566e-01,9.351909905672073364e-02,5.217251926660537720e-02,-2.578250505030155182e-02,-6.501214951276779175e-02,-1.698245257139205933e-01,-1.323791146278381348e-01,2.477485686540603638e-02,2.030633091926574707e-01,2.325354330241680145e-02,-1.777374893426895142e-01,-3.489593043923377991e-02,1.856096386909484863e-01,-1.358769088983535767e-01,3.745476156473159790e-02,5.515748262405395508e-02,-8.649819344282150269e-02,1.132063269615173340e-01
-9.165279567241668701e-02
1.146598458290100098e-01,-1.275605857372283936e-01,1.376298964023590088e-01,-1.056021451950073242e-01,1.359035912901163101e-02,1.084831580519676208e-01,-1.797755807638168335e-01,1.271237502805888653e-03,1.899669021368026733e-01,2.215421199798583984e-02,-1.774070560932159424e-01,-1.295985579490661621e-01,1.905473507940769196e-02,1.354333460330963135e-01,1.649622470140457153e-01,1.680071055889129639e-01,1.413385868072509766e-01,1.318975389003753662e-01,1.413385868072509766e-01,1.680071055889129639e-01,1.649622470140457153e-01,1.354333460330963135e-01,1.905473507940769196e-02,-1.295985579490661621e-01,-1.774070560932159424e-01,2.215421199798583984e-02,1.899669021368026733e-01,1.271237502805888653e-03,-1.797755807638168335e-01,1.084831580519676208e-01,1.359035912901163101e-02,-1.056021451950073242e-01,1.376298964023590088e-01,-1.275605857372283936e-01,1.146598458290100098e-01
3.101050667464733124e-02,1.093306671828031540e-02,-5.957932770252227783e-02,1.384312510490417480e-01,-1.794261783361434937e-01,1.630848497152328491e-01,2.359769865870475769e-02,-1.727679371833801270e-01,-3.234712034463882446e-02,2.102637290954589844e-01,4.135649651288986206e-02,-1.160274147987365723e-01,-1.831761747598648071e-01,-6.558643281459808350e-02,-3.386758267879486084e-02,5.977649614214897156e-02,8.763477951288223267e-02,1.496161073446273804e-01,8.763477951288223267e-02,5.977649614214897156e-02,-3.386758267879486084e-02,-6.558643281459808350e-02,-1.831761747598648071e-01,-1.160274147987365723e-01,4.135649651288986206e-02,2.102637290954589844e-01,-3.234712034463882446e-02,-1.727679371833801270e-01,2.359769865870475769e-02,1.630848497152328491e-01,-1.794261783361434937e-01,1.384312510490417480e-01,-5.957932770252227783e-02,1.093306671828031540e-02,3.101050667464733124e-02
-9.659677743911743164e-02
9.615632891654968262e-02,-8.729720860719680786e-02,5.526216328144073486e-02,4.452971275895833969e-03,-9.371904283761978149e-02,1.759054213762283325e-01,-1.750563830137252808e-01,-3.718511387705802917e-02,1.686695963144302368e-01,8.150952309370040894e-02,-1.844516843557357788e-01,-1.333724111318588257e-01,-1.338918041437864304e-02,1.462811231613159180e-01,1.516738831996917725e-01,1.820410937070846558e-01,1.308297812938690186e-01,1.508098542690277100e-01,1.308297812938690186e-01,1.820410937070846558e-01,1.516738831996917725e-01,1.462811231613159180e-01,-1.338918041437864304e-02,-1.333724111318588257e-01,-1.844516843557357788e-01,8.150952309370040894e-02,1.686695963144302368e-01,-3.718511387705802917e-02,-1.750563830137252808e-01,1.759054213762283325e-01,-9.371904283761978149e-02,4.452971275895833969e-03,5.526216328144073486e-02,-8.729720860719680786e-02,9.615632891654968262e-02
-4.560563713312149048e-02,8.725009858608245850e-02,-1.316855549812316895e-01,1.595840007066726685e-01,-1.517834514379501343e-01,8.493591845035552979e-02,9.986283630132675171e-02,-1.722455322742462158e-01,-6.020893529057502747e-02,1.953082084655761719e-01,7.796439528465270996e-02,-1.185690835118293762e-01,-1.831662803888320923e-01,-8.794809877872467041e-02,-2.852869406342506409e-02,5.128728598356246948e-02,9.798376262187957764e-02,1.420838087797164917e-01,9.798376262187957764e-02,5.128728598356246948e-02,-2.852869406342506409e-02,-8.794809877872467041e-02,-1.831662803888320923e-01,-1.185690835118293762e-01,7.796439528465270996e-02,1.953082084655761719e-01,-6.020893529057502747e-02,-1.722455322742462158e-01,9.986283630132675171e-02,8.493591845035552979e-02,-1.517834514379501343e-01,1.595840007066726685e-01,-1.316855549812316895e-01,8.725009858608245850e-02,-4.560563713312149048e-02
-1.016265377402305603e-01
3.957487642765045166e-02,-2.163853682577610016e-02,-4.011482000350952148e-02,9.769501537084579468e-02,-1.563474088907241821e-01,1.967589110136032104e-01,-1.246307715773582458e-01,-9.150462597608566284e-02,1.514469683170318604e-01,1.195405349135398865e-01,-1.734690815210342407e-01,-1.494911015033721924e-01,-2.843330055475234985e-02,1.471601575613021851e-01,1.531200408935546875e-01,1.837142854928970337e-01,1.338500678539276123e-01,1.574188470840454102e-01,1.338500678539276123e-01,1.837142854928970337e-01,1.531200408935546875e-01,1.471601575613021851e-01,-2.843330055475234985e-02,-1.494911015033721924e-01,-1.734690815210342407e-01,1.195405349135398865e-01,1.514469683170318604e-01,-9.150462597608566284e-02,-1.246307715773582458e-01,1.967589110136032104e-01,-1.563474088907241821e-01,9.769501537084579468e-02,-4.011482000350952148e-02,-2.163853682577610016e-02,3.957487642765045166e-02
-7.766610383987426758e-02,1.117432788014411926e-01,-1.380129456520080566e-01,1.064542084932327271e-01,-7.223977893590927124e-02,-1.723442971706390381e-02,1.752301156520843506e-01,-1.673213392496109009e-01,-7.761526852846145630e-02,1.635309904813766479e-01,1.213143393397331238e-01,-1.258091926574707031e-01,-1.750897318124771118e-01,-1.176097467541694641e-01,-1.619945652782917023e-02,3.536589071154594421e-02,1.147579103708267212e-01,1.260971873998641968e-01,1.147579103708267212e-01,3.536589071154594421e-02,-1.619945652782917023e-02,-1.176097467541694641e-01,-1.750897318124771118e-01,-1.258091926574707031e-01,1.213143393397331238e-01,1.635309904813766479e-01,-7.761526852846145630e-02,-1.673213392496109009e-01,1.752301156520843506e-01,-1.723442971706390381e-02,-7.223977893590927124e-02,1.064542084932327271e-01,-1.380129456520080566e-01,1.117432788014411926e-01,-7.766610383987426758e-02
-1.067406237125396729e-01
-1.616073213517665863e-02,3.654923662543296814e-02,-1.045970618724822998e-01,1.406847387552261353e-01,-1.577831357717514038e-01,1.578245759010314941e-01,-3.764725476503372192e-02,-1.546105146408081055e-01,1.374017149209976196e-01,1.350159645080566406e-01,-1.432201266288757324e-01,-1.751179844141006470e-01,-2.632115222513675690e-02,1.378259956836700439e-01,1.678063273429870605e-01,1.721278280019760132e-01,1.479699313640594482e-01,1.508529931306838989e-01,1.479699313640594482e-01,1.721278280019760132e-01,1.678063273429870605e-01,1.378259956836700439e-01,-2.632115222513675690e-02,-1.751179844141006470e-01,-1.432201266288757324e-01,1.350159645080566406e-01,1.374017149209976196e-01,-1.546105146408081055e-01,-3.764725476503372192e-02,1.578245759010314941e-01,-1.577831357717514038e-01,1.406847387552261353e-01,-1.045970618724822998e-01,3.654923662543296814e-02,-1.616073213517665863e-02
-6.563078612089157104e-02,9.115195274353027344e-02,-9.001567959785461426e-02,1.932494714856147766e-02,2.159926481544971466e-02,-1.084381118416786194e-01,2.183909267187118530e-01,-1.405626684427261353e-01,-9.857264161109924316e-02,1.337393075227737427e-01,1.598548144102096558e-01,-1.233299747109413147e-01,-1.705326288938522339e-01,-1.405679881572723389e-01,-9.006549604237079620e-03,2.621821872889995575e-02,1.268584132194519043e-01,1.157824099063873291e-01,1.268584132194519043e-01,2.621821872889995575e-02,-9.006549604237079620e-03,-1.405679881572723389e-01,-1.705326288938522339e-01,-1.233299747109413147e-01,1.598548144102096558e-01,1.337393075227737427e-01,-9.857264161109924316e-02,-1.405626684427261353e-01,2.183909267187118530e-01,-1.084381118416786194e-01,2.159926481544971466e-02,1.932494714856147766e-02,-9.001567959785461426e-02,9.115195274353027344e-02,-6.563078612089157104e-02
-1.119376793503761292e-01
-4.759880900382995605e-02,6.598806381225585938e-02,-1.215257793664932251e-01,1.296802610158920288e-01,-1.081709861755371094e-01,7.530818134546279907e-02,5.843156576156616211e-02,-2.079738974571228027e-01,1.225130856037139893e-01,1.431569308042526245e-01,-1.041755676269531250e-01,-2.034752517938613892e-01,-1.966801844537258148e-02,1.239319220185279846e-01,1.864024102687835693e-01,1.560805439949035645e-01,1.656843125820159912e-01,1.397087275981903076e-01,1.656843125820159912e-01,1.560805439949035645e-01,1.864024102687835693e-01,1.239319220185279846e-01,-1.966801844537258148e-02,-2.034752517938613892e-01,-1.041755676269531250e-01,1.431569308042526245e-01,1.225130856037139893e-01,-2.079738974571228027e-01,5.843156576156616211e-02,7.530818134546279907e-02,-1.081709861755371094e-01,1.296802610158920288e-01,-1.215257793664932251e-01,6.598806381225585938e-02,-4.759880900382995605e-02
-3.087956272065639496e-02,4.607052728533744812e-02,-2.147047594189643860e-02,-6.442818045616149902e-02,9.803836792707443237e-02,-1.594469547271728516e-01,2.135917693376541138e-01,-8.710195869207382202e-02,-1.305942833423614502e-01,1.118910834193229675e-01,1.808760464191436768e-01,-1.042222082614898682e-01,-1.765816509723663330e-01,-1.506593078374862671e-01,-1.363864075392484665e-02,2.752748131752014160e-02,1.254182755947113037e-01,1.150034442543983459e-01,1.254182755947113037e-01,2.752748131752014160e-02,-1.363864075392484665e-02,-1.506593078374862671e-01,-1.765816509723663330e-01,-1.042222082614898682e-01,1.808760464191436768e-01,1.118910834193229675e-01,-1.305942833423614502e-01,-8.710195869207382202e-02,2.135917693376541138e-01,-1.594469547271728516e-01,9.803836792707443237e-02,-6.442818045616149902e-02,-2.147047594189643860e-02,4.607052728533744812e-02,-3.087956272065639496e-02
-1.172163933515548706e-01
-4.864527285099029541e-02,6.403842568397521973e-02,-9.964726120233535767e-02,8.059936761856079102e-02,-3.163846954703330994e-02,-1.785132661461830139e-02,1.365131437778472900e-01,-2.352434396743774414e-01,9.662695229053497314e-02,1.556699723005294800e-01,-6.744709610939025879e-02,-2.246527820825576782e-01,-2.067741379141807556e-02,1.126393675804138184e-01,1.995044201612472534e-01,1.465308815240859985e-01,1.806593239307403564e-01,1.347115486860275269e-01,1.806593239307403564e-01,1.465308815240859985e-01,1.995044201612472534e-01,1.126393675804138184e-01,-2.067741379141807556e-02,-2.246527820825576782e-01,-6.744709610939025879e-02,1.556699723005294800e-01,9.662695229053497314e-02,-2.352434396743774414e-01,1.365131437778472900e-01,-1.785132661461830139e-02,-3.163846954703330994e-02,8.059936761856079102e-02,-9.964726120233535767e-02,6.403842568397521973e-02,-4.864527285099029541e-02
6.287311669439077377e-03,3.154143923893570900e-03,3.861065953969955444e-02,-1.194731518626213074e-01,1.336768269538879395e-01,-1.607227325439453125e-01,1.624212116003036499e-01,-1.411783974617719650e-02,-1.699188798666000366e-01,9.923333674669265747e-02,1.884018927812576294e-01,-6.853336840867996216e-02,-1.900720298290252686e-01,-1.487118154764175415e-01,-2.853023074567317963e-02,3.899237141013145447e-02,1.141883283853530884e-01,1.244626939296722412e-01,1.141883283853530884e-01,3.899237141013145447e-02,-2.853023074567317963e-02,-1.487118154764175415e-01,-1.900720298290252686e-01,-6.853336840867996216e-02,1.884018927812576294e-01,9.923333674669265747e-02,-1.699188798666000366e-01,-1.411783974617719650e-02,1.624212116003036499e-01,-1.607227325439453125e-01,1.336768269538879395e-01,-1.194731518626213074e-01,3.861065953969955444e-02,3.154143923893570900e-03,6.287311669439077377e-03
-1.225755289196968079e-01
-2.796593122184276581e-02,4.100040718913078308e-02,-5.723471567034721375e-02,1.742814853787422180e-02,4.570213705301284790e-02,-9.174423664808273315e-02,1.806886494159698486e-01,-2.277320325374603271e-01,5.174539610743522644e-02,1.731913238763809204e-01,-4.090291634202003479e-02,-2.332141846418380737e-01,-3.397289663553237915e-02,1.097055748105049133e-01,2.024762481451034546e-01,1.467887610197067261e-01,1.854148358106613159e-01,1.380247175693511963e-01,1.854148358106613159e-01,1.467887610197067261e-01,2.024762481451034546e-01,1.097055748105049133e-01,-3.397289663553237915e-02,-2.332141846418380737e-01,-4.090291634202003479e-02,1.731913238763809204e-01,5.174539610743522644e-02,-2.277320325374603271e-01,1.806886494159698486e-01,-9.174423664808273315e-02,4.570213705301284790e-02,1.742814853787422180e-02,-5.723471567034721375e-02,4.100040718913078308e-02,-2.796593122184276581e-02
3.225658461451530457e-02,-2.464024536311626434e-02,7.269586622714996338e-02,-1.379372328519821167e-01,1.258323341608047485e-01,-1.184680461883544922e-01,8.350908011198043823e-02,6.451013684272766113e-02,-2.083067297935485840e-01,8.541785180568695068e-02,1.865250021219253540e-01,-2.312513813376426697e-02,-2.040419131517410278e-01,-1.417512297630310059e-01,-4.754187166690826416e-02,5.476957559585571289e-02,1.007676199078559875e-01,1.393554657697677612e-01,1.007676199078559875e-01,5.476957559585571289e-02,-4.754187166690826416e-02,-1.417512297630310059e-01,-2.040419131517410278e-01,-2.312513813376426697e-02,1.865250021219253540e-01,8.541785180568695068e-02,-2.083067297935485840e-01,6.451013684272766113e-02,8.350908011198043823e-02,-1.184680461883544922e-01,1.258323341608047485e-01,-1.379372328519821167e-01,7.269586622714996338e-02,-2.464024536311626434e-02,3.225658461451530457e-02
-1.280138939619064331e-01
1.434412086382508278e-03,1.291103567928075790e-02,-1.412284653633832932e-02,-4.159494861960411072e-02,1.015023589134216309e-01,-1.332342922687530518e-01,1.852815151214599609e-01,-1.849496811628341675e-01,-8.301950991153717041e-03,1.962717622518539429e-01,-2.372858114540576935e-02,-2.292270362377166748e-01,-5.957490205764770508e-02,1.130213737487792969e-01,1.952572464942932129e-01,1.562981605529785156e-01,1.805543899536132812e-01,1.495763957500457764e-01,1.805543899536132812e-01,1.562981605529785156e-01,1.952572464942932129e-01,1.130213737487792969e-01,-5.957490205764770508e-02,-2.292270362377166748e-01,-2.372858114540576935e-02,1.962717622518539429e-01,-8.301950991153717041e-03,-1.849496811628341675e-01,1.852815151214599609e-01,-1.332342922687530518e-01,1.015023589134216309e-01,-4.159494861960411072e-02,-1.412284653633832932e-02,1.291103567928075790e-02,1.434412086382508278e-03
3.884817659854888916e-02,-3.299603983759880066e-02,8.077151328325271606e-02,-1.232975423336029053e-01,8.697143942117691040e-02,-5.075985193252563477e-02,-2.114500151947140694e-03,1.326815932989120483e-01,-2.317516505718231201e-01,6.243786215782165527e-02,1.827309429645538330e-01,1.637277565896511078e-02,-2.142397761344909668e-01,-1.386283636093139648e-01,-6.466227024793624878e-02,6.792199611663818359e-02,9.077426791191101074e-02,1.516215950250625610e-01,9.077426791191101074e-02,6.792199611663818359e-02,-6.466227024793624878e-02,-1.386283636093139648e-01,-2.142397761344909668e-01,1.637277565896511078e-02,1.827309429645538330e-01,6.243786215782165527e-02,-2.317516505718231201e-01,1.326815932989120483e-01,-2.114500151947140694e-03,-5.075985193252563477e-02,8.697143942117691040e-02,-1.232975423336029053e-01,8.077151328325271606e-02,-3.299603983759880066e-02,3.884817659854888916e-02
-1.335303485393524170e-01
2.671488001942634583e-02,-8.355459198355674744e-03,2.032401040196418762e-02,-8.119708299636840820e-02,1.277560591697692871e-01,-1.393731683492660522e-01,1.539126336574554443e-01,-1.180379092693328857e-01,-7.428748160600662231e-02,2.203526943922042847e-01,-1.003965828567743301e-02,-2.163740098476409912e-01,-9.084898233413696289e-02,1.208187639713287354e-01,1.832695007324218750e-01,1.720460951328277588e-01,1.707424223423004150e-01,1.655913442373275757e-01,1.707424223423004150e-01,1.720460951328277588e-01,1.832695007324218750e-01,1.208187639713287354e-01,-9.084898233413696289e-02,-2.163740098476409912e-01,-1.003965828567743301e-02,2.203526943922042847e-01,-7.428748160600662231e-02,-1.180379092693328857e-01,1.539126336574554443e-01,-1.393731683492660522e-01,1.277560591697692871e-01,-8.119708299636840820e-02,2.032401040196418762e-02,-8.355459198355674744e-03,2.671488001942634583e-02
2.824158407747745514e-02,-2.534412778913974762e-02,6.938014924526214600e-02,-8.651630580425262451e-02,3.355646133422851562e-02,2.131635136902332306e-02,-7.555384933948516846e-02,1.787866801023483276e-01,-2.297068238258361816e-01,2.670603618025779724e-02,1.833702772855758667e-01,4.652549698948860168e-02,-2.152021676301956177e-01,-1.436397135257720947e-01,-7.528807967901229858e-02,7.264365255832672119e-02,8.744004368782043457e-02,1.562151312828063965e-01,8.744004368782043457e-02,7.264365255832672119e-02,-7.528807967901229858e-02,-1.436397135257720947e-01,-2.152021676301956177e-01,4.652549698948860168e-02,1.833702772855758667e-01,2.670603618025779724e-02,-2.297068238258361816e-01,1.787866801023483276e-01,-7.555384933948516846e-02,2.131635136902332306e-02,3.355646133422851562e-02,-8.651630580425262451e-02,6.938014924526214600e-02,-2.534412778913974762e-02,2.824158407747745514e-02
-1.391237974166870117e-01
4.222062602639198303e-02,-2.068299427628517151e-02,3.872425481677055359e-02,-9.690172970294952393e-02,1.269722282886505127e-01,-1.143731996417045593e-01,9.917564690113067627e-02,-4.158800467848777771e-02,-1.376938819885253906e-01,2.349863797426223755e-01,2.810462843626737595e-03,-2.009463757276535034e-01,-1.220001429319381714e-01,1.269926279783248901e-01,1.708435714244842529e-01,1.876230090856552124e-01,1.606180071830749512e-01,1.809928119182586670e-01,1.606180071830749512e-01,1.876230090856552124e-01,1.708435714244842529e-01,1.269926279783248901e-01,-1.220001429319381714e-01,-2.009463757276535034e-01,2.810462843626737595e-03,2.349863797426223755e-01,-1.376938819885253906e-01,-4.158800467848777771e-02,9.917564690113067627e-02,-1.143731996417045593e-01,1.269722282886505127e-01,-9.690172970294952393e-02,3.872425481677055359e-02,-2.068299427628517151e-02,4.222062602639198303e-02
9.238855913281440735e-03,-8.363960310816764832e-03,4.449586197733879089e-02,-4.192762449383735657e-02,-2.023526094853878021e-02,8.167583495378494263e-02,-1.252294778823852539e-01,1.958711147308349609e-01,-2.030436247587203979e-01,-2.150019258260726929e-02,1.899086534976959229e-01,6.867279112339019775e-02,-2.048327177762985229e-01,-1.562146544456481934e-01,-7.705023884773254395e-02,6.987021863460540771e-02,9.252884238958358765e-02,1.531622558832168579e-01,9.252884238958358765e-02,6.987021863460540771e-02,-7.705023884773254395e-02,-1.562146544456481934e-01,-2.048327177762985229e-01,6.867279112339019775e-02,1.899086534976959229e-01,-2.150019258260726929e-02,-2.030436247587203979e-01,1.958711147308349609e-01,-1.252294778823852539e-01,8.167583495378494263e-02,-2.023526094853878021e-02,-4.192762449383735657e-02,4.449586197733879089e-02,-8.363960310816764832e-03,9.238855913281440735e-03
-1.447932124137878418e-01
4.663138464093208313e-02,-2.282241173088550568e-02,4.108256474137306213e-02,-9.230676293373107910e-02,1.048925668001174927e-01,-7.047083973884582520e-02,3.332564607262611389e-02,3.113900125026702881e-02,-1.870672553777694702e-01,2.372280210256576538e-01,2.307635918259620667e-02,-1.874367743730545044e-01,-1.474498361349105835e-01,1.285862922668457031e-01,1.630840599536895752e-01,1.989489793777465820e-01,1.537535935640335083e-01,1.916268169879913330e-01,1.537535935640335083e-01,1.989489793777465820e-01,1.630840599536895752e-01,1.285862922668457031e-01,-1.474498361349105835e-01,-1.874367743730545044e-01,2.307635918259620667e-02,2.372280210256576538e-01,-1.870672553777694702e-01,3.113900125026702881e-02,3.332564607262611389e-02,-7.047083973884582520e-02,1.048925668001174927e-01,-9.230676293373107910e-02,4.108256474137306213e-02,-2.282241173088550568e-02,4.663138464093208313e-02
-1.132465992122888565e-02,1.121284347027540207e-02,1.745543815195560455e-02,-1.201310195028781891e-03,-6.383717060089111328e-02,1.205149441957473755e-01,-1.453723013401031494e-01,1.851675808429718018e-01,-1.531651616096496582e-01,-7.800957560539245605e-02,1.995352059602737427e-01,8.098755031824111938e-02,-1.875798553228378296e-01,-1.761033087968826294e-01,-7.239775359630584717e-02,6.090805679559707642e-02,1.026608794927597046e-01,1.428218483924865723e-01,1.026608794927597046e-01,6.090805679559707642e-02,-7.239775359630584717e-02,-1.761033087968826294e-01,-1.875798553228378296e-01,8.098755031824111938e-02,1.995352059602737427e-01,-7.800957560539245605e-02,-1.531651616096496582e-01,1.851675808429718018e-01,-1.453723013401031494e-01,1.205149441957473755e-01,-6.383717060089111328e-02,-1.201310195028781891e-03,1.745543815195560455e-02,1.121284347027540207e-02,-1.132465992122888565e-02
-1.505375802516937256e-01
4.203699529170989990e-02,-1.671627350151538849e-02,2.969036996364593506e-02,-7.505065947771072388e-02,7.089283317327499390e-02,-1.729835756123065948e-02,-2.772790938615798950e-02,9.063552320003509521e-02,-2.174933850765228271e-01,2.200904488563537598e-01,4.935378953814506531e-02,-1.794523596763610840e-01,-1.654883772134780884e-01,1.222832128405570984e-01,1.615236401557922363e-01,2.047362029552459717e-01,1.538967937231063843e-01,1.960221379995346069e-01,1.538967937231063843e-01,2.047362029552459717e-01,1.615236401557922363e-01,1.222832128405570984e-01,-1.654883772134780884e-01,-1.794523596763610840e-01,4.935378953814506531e-02,2.200904488563537598e-01,-2.174933850765228271e-01,9.063552320003509521e-02,-2.772790938615798950e-02,-1.729835756123065948e-02,7.089283317327499390e-02,-7.505065947771072388e-02,2.969036996364593506e-02,-1.671627350151538849e-02,4.203699529170989990e-02
-2.820069342851638794e-02,2.723875269293785095e-02,-5.911078769713640213e-03,2.734835259616374969e-02,-9.227813035249710083e-02,1.350494176149368286e-01,-1.389196962118148804e-01,1.525538563728332520e-01,-8.980081230401992798e-02,-1.362091302871704102e-01,2.080512791872024536e-01,8.977784961462020874e-02,-1.657194644212722778e-01,-1.987010985612869263e-01,-6.516684591770172119e-02,4.869094491004943848e-02,1.156950071454048157e-01,1.298906952142715454e-01,1.156950071454048157e-01,4.869094491004943848e-02,-6.516684591770172119e-02,-1.987010985612869263e-01,-1.657194644212722778e-01,8.977784961462020874e-02,2.080512791872024536e-01,-1.362091302871704102e-01,-8.980081230401992798e-02,1.525538563728332520e-01,-1.389196962118148804e-01,1.350494176149368286e-01,-9.227813035249710083e-02,2.734835259616374969e-02,-5.911078769713640213e-03,2.723875269293785095e-02,-2.820069342851638794e-02
-1.563559472560882568e-01
3.094719536602497101e-02,-6.709894631057977676e-03,1.085808966308832169e-02,-5.005907267332077026e-02,3.467180579900741577e-02,3.427371010184288025e-02,-7.639598846435546875e-02,1.293143481016159058e-01,-2.260985374450683594e-01,1.862914562225341797e-01,8.421708643436431885e-02,-1.761675477027893066e-01,-1.746396273374557495e-01,1.094297394156455994e-01,1.669034361839294434e-01,2.039176225662231445e-01,1.599448323249816895e-01,1.938252747058868408e-01,1.599448323249816895e-01,2.039176225662231445e-01,1.669034361839294434e-01,1.094297394156455994e-01,-1.746396273374557495e-01,-1.761675477027893066e-01,8.421708643436431885e-02,1.862914562225341797e-01,-2.260985374450683594e-01,1.293143481016159058e-01,-7.639598846435546875e-02,3.427371010184288025e-02,3.467180579900741577e-02,-5.005907267332077026e-02,1.085808966308832169e-02,-6.709894631057977676e-03,3.094719536602497101e-02
-3.755529597401618958e-02,3.888344764709472656e-02,-2.095785550773143768e-02,4.104270786046981812e-02,-1.045661345124244690e-01,1.276016235351562500e-01,-1.112681850790977478e-01,1.069521531462669373e-01,-2.067061327397823334e-02,-1.882763057947158813e-01,2.107032388448715210e-01,9.756249934434890747e-02,-1.449206024408340454e-01,-2.207076400518417358e-01,-5.803927779197692871e-02,3.822429850697517395e-02,1.272740662097930908e-01,1.167559623718261719e-01,1.272740662097930908e-01,3.822429850697517395e-02,-5.803927779197692871e-02,-2.207076400518417358e-01,-1.449206024408340454e-01,9.756249934434890747e-02,2.107032388448715210e-01,-1.882763057947158813e-01,-2.067061327397823334e-02,1.069521531462669373e-01,-1.112681850790977478e-01,1.276016235351562500e-01,-1.045661345124244690e-01,4.104270786046981812e-02,-2.095785550773143768e-02,3.888344764709472656e-02,-3.755529597401618958e-02
-1.622473597526550293e-01
1.773625425994396210e-02,7.932912558317184448e-03,-8.352016098797321320e-03,-2.560738846659660339e-02,6.140110781416296959e-04,7.486443966627120972e-02,-1.090833917260169983e-01,1.469229459762573242e-01,-2.132139652967453003e-01,1.388527154922485352e-01,1.247534230351448059e-01,-1.762091666460037231e-01,-1.777532547712326050e-01,8.973476290702819824e-02,1.772741377353668213e-01,1.987386345863342285e-01,1.709455698728561401e-01,1.865512281656265259e-01,1.709455698728561401e-01,1.987386345863342285e-01,1.772741377353668213e-01,8.973476290702819824e-02,-1.777532547712326050e-01,-1.762091666460037231e-01,1.247534230351448059e-01,1.388527154922485352e-01,-2.132139652967453003e-01,1.469229459762573242e-01,-1.090833917260169983e-01,7.486443966627120972e-02,6.140110781416296959e-04,-2.560738846659660339e-02,-8.352016098797321320e-03,7.932912558317184448e-03,1.773625425994396210e-02
-4.171748459339141846e-02,4.249776899814605713e-02,-2.443366684019565582e-02,4.401631653308868408e-02,-1.015771031379699707e-01,1.041500568389892578e-01,-7.216660678386688232e-02,5.373669788241386414e-02,4.519816115498542786e-02,-2.281779497861862183e-01,2.044333368539810181e-01,1.098040342330932617e-01,-1.257442086935043335e-01,-2.380747348070144653e-01,-5.490142479538917542e-02,3.106874227523803711e-02,1.360048502683639526e-01,1.077595725655555725e-01,1.360048502683639526e-01,3.106874227523803711e-02,-5.490142479538917542e-02,-2.380747348070144653e-01,-1.257442086935043335e-01,1.098040342330932617e-01,2.044333368539810181e-01,-2.281779497861862183e-01,4.519816115498542786e-02,5.373669788241386414e-02,-7.216660678386688232e-02,1.041500568389892578e-01,-1.015771031379699707e-01,4.401631653308868408e-02,-2.443366684019565582e-02,4.249776899814605713e-02,-4.171748459339141846e-02
-1.682109385728836060e-01
4.375320393592119217e-03,1.972452551126480103e-02,-2.583982609212398529e-02,-4.801922943443059921e-03,-2.524329163134098053e-02,1.026213988661766052e-01,-1.221576854586601257e-01,1.447542011737823486e-01,-1.824546903371810913e-01,8.218757808208465576e-02,1.657777428627014160e-01,-1.775207668542861938e-01,-1.765812784433364868e-01,6.804100424051284790e-02,1.911373436450958252e-01,1.912288069725036621e-01,1.841255277395248413e-01,1.763243526220321655e-01,1.841255277395248413e-01,1.912288069725036621e-01,1.911373436450958252e-01,6.804100424051284790e-02,-1.765812784433364868e-01,-1.775207668542861938e-01,1.657777428627014160e-01,8.218757808208465576e-02,-1.824546903371810913e-01,1.447542011737823486e-01,-1.221576854586601257e-01,1.026213988661766052e-01,-2.524329163134098053e-02,-4.801922943443059921e-03,-2.583982609212398529e-02,1.972452551126480103e-02,4.375320393592119217e-03
-3.877176344394683838e-02,3.965498507022857666e-02,-2.167350798845291138e-02,3.690065443515777588e-02,-8.661489188671112061e-02,7.212673872709274292e-02,-2.686984091997146606e-02,1.971732592210173607e-03,1.007638275623321533e-01,-2.536015510559082031e-01,1.861635148525238037e-01,1.251479387283325195e-01,-1.139773353934288025e-01,-2.508824169635772705e-01,-5.702893435955047607e-02,3.028378263115882874e-02,1.398277580738067627e-01,1.033850759267807007e-01,1.398277580738067627e-01,3.028378263115882874e-02,-5.702893435955047607e-02,-2.508824169635772705e-01,-1.139773353934288025e-01,1.251479387283325195e-01,1.861635148525238037e-01,-2.536015510559082031e-01,1.007638275623321533e-01,1.971732592210173607e-03,-2.686984091997146606e-02,7.212673872709274292e-02,-8.661489188671112061e-02,3.690065443515777588e-02,-2.167350798845291138e-02,3.965498507022857666e-02,-3.877176344394683838e-02
-1.742458194494247437e-01
-6.508288905024528503e-03,2.925555594265460968e-02,-3.839061781764030457e-02,9.530348703265190125e-03,-4.217429459095001221e-02,1.160721853375434875e-01,-1.205693408846855164e-01,1.255797892808914185e-01,-1.403153687715530396e-01,2.150771208107471466e-02,2.037168890237808228e-01,-1.765370666980743408e-01,-1.743882596492767334e-01,4.544396698474884033e-02,2.051416933536529541e-01,1.838531792163848877e-01,1.974517107009887695e-01,1.659032106399536133e-01,1.974517107009887695e-01,1.838531792163848877e-01,2.051416933536529541e-01,4.544396698474884033e-02,-1.743882596492767334e-01,-1.765370666980743408e-01,2.037168890237808228e-01,2.150771208107471466e-02,-1.403153687715530396e-01,1.255797892808914185e-01,-1.205693408846855164e-01,1.160721853375434875e-01,-4.217429459095001221e-02,9.530348703265190125e-03,-3.839061781764030457e-02,2.925555594265460968e-02,-6.508288905024528503e-03
-3.198938444256782532e-02,3.217447921633720398e-02,-1.274702325463294983e-02,2.382602356374263763e-02,-6.591588258743286133e-02,3.703755140304565430e-02,1.676751114428043365e-02,-4.384154081344604492e-02,1.414242684841156006e-01,-2.617790699005126953e-01,1.571861505508422852e-01,1.475280225276947021e-01,-1.048703864216804504e-01,-2.559556663036346436e-01,-6.395129859447479248e-02,3.443556278944015503e-02,1.382713615894317627e-01,1.041743159294128418e-01,1.382713615894317627e-01,3.443556278944015503e-02,-6.395129859447479248e-02,-2.559556663036346436e-01,-1.048703864216804504e-01,1.475280225276947021e-01,1.571861505508422852e-01,-2.617790699005126953e-01,1.414242684841156006e-01,-4.384154081344604492e-02,1.676751114428043365e-02,3.703755140304565430e-02,-6.591588258743286133e-02,2.382602356374263763e-02,-1.274702325463294983e-02,3.217447921633720398e-02,-3.198938444256782532e-02
-1.803511679172515869e-01
-1.307341735810041428e-02,3.591778874397277832e-02,-4.511221870779991150e-02,1.650484092533588409e-02,-4.964822530746459961e-02,1.179334148764610291e-01,-1.064649075269699097e-01,9.493455290794372559e-02,-9.150146692991256714e-02,-3.728536143898963928e-02,2.350382953882217407e-01,-1.707856953144073486e-01,-1.738261133432388306e-01,2.307381853461265564e-02,2.158783674240112305e-01,1.779902726411819458e-01,2.086178958415985107e-01,1.573271304368972778e-01,2.086178958415985107e-01,1.779902726411819458e-01,2.158783674240112305e-01,2.307381853461265564e-02,-1.738261133432388306e-01,-1.707856953144073486e-01,2.350382953882217407e-01,-3.728536143898963928e-02,-9.150146692991256714e-02,9.493455290794372559e-02,-1.064649075269699097e-01,1.179334148764610291e-01,-4.964822530746459961e-02,1.650484092533588409e-02,-4.511221870779991150e-02,3.591778874397277832e-02,-1.307341735810041428e-02
-2.349640987813472748e-02,2.244918607175350189e-02,2.132906520273536444e-04,8.648850023746490479e-03,-4.389105737209320068e-02,3.799095284193754196e-03,5.389053374528884888e-02,-8.018653839826583862e-02,1.653642356395721436e-01,-2.530500888824462891e-01,1.189647540450096130e-01,1.743033528327941895e-01,-9.979340434074401855e-02,-2.550879418849945068e-01,-7.584344595670700073e-02,4.256750270724296570e-02,1.324107348918914795e-01,1.098956614732742310e-01,1.324107348918914795e-01,4.256750270724296570e-02,-7.584344595670700073e-02,-2.550879418849945068e-01,-9.979340434074401855e-02,1.743033528327941895e-01,1.189647540450096130e-01,-2.530500888824462891e-01,1.653642356395721436e-01,-8.018653839826583862e-02,5.389053374528884888e-02,3.799095284193754196e-03,-4.389105737209320068e-02,8.648850023746490479e-03,2.132906520273536444e-04,2.244918607175350189e-02,-2.349640987813472748e-02
-1.865261793136596680e-01
-1.603441312909126282e-02,3.913135826587677002e-02,-4.612907022237777710e-02,1.726990193128585815e-02,-4.902535676956176758e-02,1.095849201083183289e-01,-8.410861343145370483e-02,5.743116140365600586e-02,-4.115854576230049133e-02,-8.909137547016143799e-02,2.576194107532501221e-01,-1.582140177488327026e-01,-1.759485602378845215e-01,5.305568221956491470e-03,2.235985845327377319e-01,1.764577925205230713e-01,2.175193279981613159e-01,1.527841985225677490e-01,2.175193279981613159e-01,1.764577925205230713e-01,2.235985845327377319e-01,5.305568221956491470e-03,-1.759485602378845215e-01,-1.582140177488327026e-01,2.576194107532501221e-01,-8.909137547016143799e-02,-4.115854576230049133e-02,5.743116140365600586e-02,-8.410861343145370483e-02,1.095849201083183289e-01,-4.902535676956176758e-02,1.726990193128585815e-02,-4.612907022237777710e-02,3.913135826587677002e-02,-1.603441312909126282e-02
-1.424330007284879684e-02,1.195114757865667343e-02,1.337545830756425858e-02,-6.737506948411464691e-03,-2.357071265578269958e-02,-2.510127797722816467e-02,8.294832706451416016e-02,-1.033599153161048889e-01,1.739667803049087524e-01,-2.300262600183486938e-01,7.342582195997238159e-02,2.028720378875732422e-01,-9.764980524778366089e-02,-2.502599954605102539e-01,-9.130736440420150757e-02,5.310634523630142212e-02,1.236534491181373596e-01,1.188094913959503174e-01,1.236534491181373596e-01,5.310634523630142212e-02,-9.130736440420150757e-02,-2.502599954605102539e-01,-9.764980524778366089e-02,2.028720378875732422e-01,7.342582195997238159e-02,-2.300262600183486938e-01,1.739667803049087524e-01,-1.033599153161048889e-01,8.294832706451416016e-02,-2.510127797722816467e-02,-2.357071265578269958e-02,-6.737506948411464691e-03,1.337545830756425858e-02,1.195114757865667343e-02,-1.424330007284879684e-02
-1.927700936794281006e-01
-1.525590661913156509e-02,3.928164765238761902e-02,-4.275957867503166199e-02,1.170180179178714752e-02,-4.314263537526130676e-02,9.461566060781478882e-02,-5.650459602475166321e-02,1.843870989978313446e-02,6.703141145408153534e-03,-1.312730163335800171e-01,2.686301767826080322e-01,-1.391555368900299072e-01,-1.824525594711303711e-01,-9.668979793787002563e-03,2.256308495998382568e-01,1.780398488044738770e-01,2.213511317968368530e-01,1.513254493474960327e-01,2.213511317968368530e-01,1.780398488044738770e-01,2.256308495998382568e-01,-9.668979793787002563e-03,-1.824525594711303711e-01,-1.391555368900299072e-01,2.686301767826080322e-01,-1.312730163335800171e-01,6.703141145408153534e-03,1.843870989978313446e-02,-5.650459602475166321e-02,9.461566060781478882e-02,-4.314263537526130676e-02,1.170180179178714752e-02,-4.275957867503166199e-02,3.928164765238761902e-02,-1.525590661913156509e-02
-6.871085613965988159e-03,1.980809960514307022e-03,2.624831348657608032e-02,-1.869516447186470032e-02,-6.088731344789266586e-03,-4.637628421187400818e-02,1.022399738430976868e-01,-1.151293590664863586e-01,1.658065915107727051e-01,-1.972730159759521484e-01,2.397642843425273895e-02,2.316729128360748291e-01,-9.603031724691390991e-02,-2.428649365901947021e-01,-1.084660515189170837e-01,6.458105891942977905e-02,1.130217984318733215e-01,1.290648281574249268e-01,1.130217984318733215e-01,6.458105891942977905e-02,-1.084660515189170837e-01,-2.428649365901947021e-01,-9.603031724691390991e-02,2.316729128360748291e-01,2.397642843425273895e-02,-1.972730159759521484e-01,1.658065915107727051e-01,-1.151293590664863586e-01,1.022399738430976868e-01,-4.637628421187400818e-02,-6.088731344789266586e-03,-1.869516447186470032e-02,2.624831348657608032e-02,1.980809960514307022e-03,-6.871085613965988159e-03
-1.990821361541748047e-01
-1.241531688719987869e-02,3.732680901885032654e-02,-3.575083613395690918e-02,3.127487143501639366e-03,-3.324919566512107849e-02,7.563449442386627197e-02,-2.767815068364143372e-02,-1.903527975082397461e-02,4.803641140460968018e-02,-1.616353094577789307e-01,2.689356207847595215e-01,-1.125351786613464355e-01,-1.929546147584915161e-01,-2.014121599495410919e-02,2.233918905258178711e-01,1.840751171112060547e-01,2.218516767024993896e-01,1.540744155645370483e-01,2.218516767024993896e-01,1.840751171112060547e-01,2.233918905258178711e-01,-2.014121599495410919e-02,-1.929546147584915161e-01,-1.125351786613464355e-01,2.689356207847595215e-01,-1.616353094577789307e-01,4.803641140460968018e-02,-1.903527975082397461e-02,-2.767815068364143372e-02,7.563449442386627197e-02,-3.324919566512107849e-02,3.127487143501639366e-03,-3.575083613395690918e-02,3.732680901885032654e-02,-1.241531688719987869e-02
-1.197061850689351559e-03,-6.839937530457973480e-03,3.634234145283699036e-02,-2.759687975049018860e-02,6.151065230369567871e-03,-6.118056178092956543e-02,1.120119690895080566e-01,-1.146125197410583496e-01,1.473937034606933594e-01,-1.560339480638504028e-01,-2.664241008460521698e-02,2.575092613697052002e-01,-9.330976009368896484e-02,-2.345689684152603149e-01,-1.258029341697692871e-01,7.505765557289123535e-02,1.029627248644828796e-01,1.397808492183685303e-01,1.029627248644828796e-01,7.505765557289123535e-02,-1.258029341697692871e-01,-2.345689684152603149e-01,-9.330976009368896484e-02,2.575092613697052002e-01,-2.664241008460521698e-02,-1.560339480638504028e-01,1.473937034606933594e-01,-1.146125197410583496e-01,1.120119690895080566e-01,-6.118056178092956543e-02,6.151065230369567871e-03,-2.759687975049018860e-02,3.634234145283699036e-02,-6.839937530457973480e-03,-1.197061850689351559e-03
-2.054615765810012817e-01
-7.782557513564825058e-03,3.605671226978302002e-02,-2.493447065353393555e-02,-9.161699563264846802e-03,-2.382573857903480530e-02,5.572223290801048279e-02,2.179165370762348175e-03,-5.203252658247947693e-02,8.022436499595642090e-02,-1.811491549015045166e-01,2.579559981822967529e-01,-7.922677695751190186e-02,-2.062728255987167358e-01,-2.789980918169021606e-02,2.156801670789718628e-01,1.932849287986755371e-01,2.190510183572769165e-01,1.608165055513381958e-01,2.190510183572769165e-01,1.932849287986755371e-01,2.156801670789718628e-01,-2.789980918169021606e-02,-2.062728255987167358e-01,-7.922677695751190186e-02,2.579559981822967529e-01,-1.811491549015045166e-01,8.022436499595642090e-02,-5.203252658247947693e-02,2.179165370762348175e-03,5.572223290801048279e-02,-2.382573857903480530e-02,-9.161699563264846802e-03,-2.493447065353393555e-02,3.605671226978302002e-02,-7.782557513564825058e-03
-1.403369125910103321e-03,-1.472818851470947266e-02,4.644601419568061829e-02,-2.977317757904529572e-02,1.347421947866678238e-02,-6.935322284698486328e-02,1.131213307380676270e-01,-1.050418913364410400e-01,1.197429746389389038e-01,-1.116918101906776428e-01,-7.524821907281875610e-02,2.772673666477203369e-01,-8.677645027637481689e-02,-2.263706326484680176e-01,-1.415004581212997437e-01,8.394796401262283325e-02,9.541410952806472778e-02,1.504514664411544800e-01,9.541410952806472778e-02,8.394796401262283325e-02,-1.415004581212997437e-01,-2.263706326484680176e-01,-8.677645027637481689e-02,2.772673666477203369e-01,-7.524821907281875610e-02,-1.116918101906776428e-01,1.197429746389389038e-01,-1.050418913364410400e-01,1.131213307380676270e-01,-6.935322284698486328e-02,1.347421947866678238e-02,-2.977317757904529572e-02,4.644601419568061829e-02,-1.472818851470947266e-02,-1.403369125910103321e-03
-2.119077444076538086e-01
-2.713698195293545723e-03,2.914334274828433990e-02,-1.567011512815952301e-02,-1.806528680026531219e-02,-1.002675481140613556e-02,3.627792745828628540e-02,2.470339275896549225e-02,-7.987167686223983765e-02,1.037188023328781128e-01,-1.863935142755508423e-01,2.388161122798919678e-01,-4.215138405561447144e-02,-2.223015427589416504e-01,-3.169330209493637085e-02,2.065791487693786621e-01,2.051259875297546387e-01,2.133681476116180420e-01,1.693684607744216919e-01,2.133681476116180420e-01,2.051259875297546387e-01,2.065791487693786621e-01,-3.169330209493637085e-02,-2.223015427589416504e-01,-4.215138405561447144e-02,2.388161122798919678e-01,-1.863935142755508423e-01,1.037188023328781128e-01,-7.987167686223983765e-02,2.470339275896549225e-02,3.627792745828628540e-02,-1.002675481140613556e-02,-1.806528680026531219e-02,-1.567011512815952301e-02,2.914334274828433990e-02,-2.713698195293545723e-03
3.506681649014353752e-03,-1.711211912333965302e-02,4.803654924035072327e-02,-3.296030312776565552e-02,1.582098193466663361e-02,-7.059828937053680420e-02,1.067625060677528381e-01,-8.837734907865524292e-02,8.803389966487884521e-02,-6.476120650768280029e-02,-1.164083629846572876e-01,2.951686978340148926e-01,-7.768443971872329712e-02,-2.218262106180191040e-01,-1.540977805852890015e-01,9.034369140863418579e-02,8.838392794132232666e-02,1.563335657119750977e-01,8.838392794132232666e-02,9.034369140863418579e-02,-1.540977805852890015e-01,-2.218262106180191040e-01,-7.768443971872329712e-02,2.951686978340148926e-01,-1.164083629846572876e-01,-6.476120650768280029e-02,8.803389966487884521e-02,-8.837734907865524292e-02,1.067625060677528381e-01,-7.059828937053680420e-02,1.582098193466663361e-02,-3.296030312776565552e-02,4.803654924035072327e-02,-1.711211912333965302e-02,3.506681649014353752e-03
-2.184199243783950806e-01
2.378767123445868492e-03,2.410374581813812256e-02,-5.439165048301219940e-03,-2.858163975179195404e-02,-1.903333759400993586e-04,1.936275511980056763e-02,4.519483819603919983e-02,-1.003494337201118469e-01,1.166103482246398926e-01,-1.833852380514144897e-01,2.104884982109069824e-01,-1.614097505807876587e-03,-2.384286522865295410e-01,-3.411133214831352234e-02,1.947878003120422363e-01,2.184218466281890869e-01,2.059236913919448853e-01,1.795313507318496704e-01,2.059236913919448853e-01,2.184218466281890869e-01,1.947878003120422363e-01,-3.411133214831352234e-02,-2.384286522865295410e-01,-1.614097505807876587e-03,2.104884982109069824e-01,-1.833852380514144897e-01,1.166103482246398926e-01,-1.003494337201118469e-01,4.519483819603919983e-02,1.936275511980056763e-02,-1.903333759400993586e-04,-2.858163975179195404e-02,-5.439165048301219940e-03,2.410374581813812256e-02,2.378767123445868492e-03
2.167117083445191383e-03,-1.958233118057250977e-02,4.959564656019210815e-02,-2.929902076721191406e-02,1.522553339600563049e-02,-6.690408289432525635e-02,9.531550854444503784e-02,-6.750596314668655396e-02,5.267345160245895386e-02,-2.185500599443912506e-02,-1.531350165605545044e-01,3.031837642192840576e-01,-6.367393583059310913e-02,-2.192745953798294067e-01,-1.649855375289916992e-01,9.256060421466827393e-02,8.535572886466979980e-02,1.611169427633285522e-01,8.535572886466979980e-02,9.256060421466827393e-02,-1.649855375289916992e-01,-2.192745953798294067e-01,-6.367393583059310913e-02,3.031837642192840576e-01,-1.531350165605545044e-01,-2.185500599443912506e-02,5.267345160245895386e-02,-6.750596314668655396e-02,9.531550854444503784e-02,-6.690408289432525635e-02,1.522553339600563049e-02,-2.929902076721191406e-02,4.959564656019210815e-02,-1.958233118057250977e-02,2.167117083445191383e-03
-2.249974608421325684e-01
6.292182486504316330e-03,1.896564848721027374e-02,4.249745514243841171e-03,-3.682105615735054016e-02,8.236970752477645874e-03,5.584279540926218033e-03,6.109260395169258118e-02,-1.130622997879981995e-01,1.207796856760978699e-01,-1.717993617057800293e-01,1.764758527278900146e-01,3.982190787792205811e-02,-2.546341121196746826e-01,-3.632439672946929932e-02,1.823946088552474976e-01,2.326881736516952515e-01,1.979489028453826904e-01,1.897737383842468262e-01,1.979489028453826904e-01,2.326881736516952515e-01,1.823946088552474976e-01,-3.632439672946929932e-02,-2.546341121196746826e-01,3.982190787792205811e-02,1.764758527278900146e-01,-1.717993617057800293e-01,1.207796856760978699e-01,-1.130622997879981995e-01,6.109260395169258118e-02,5.584279540926218033e-03,8.236970752477645874e-03,-3.682105615735054016e-02,4.249745514243841171e-03,1.896564848721027374e-02,6.292182486504316330e-03
6.740718963555991650e-04,-1.985179074108600616e-02,4.731711372733116150e-02,-2.462317422032356262e-02,1.088162232190370560e-02,-6.044075638055801392e-02,8.030622452497482300e-02,-4.379850998520851135e-02,1.823019422590732574e-02,1.682329364120960236e-02,-1.822593510150909424e-01,3.034967780113220215e-01,-4.438003525137901306e-02,-2.191215455532073975e-01,-1.714302301406860352e-01,9.134102612733840942e-02,8.497736603021621704e-02,1.624434739351272583e-01,8.497736603021621704e-02,9.134102612733840942e-02,-1.714302301406860352e-01,-2.191215455532073975e-01,-4.438003525137901306e-02,3.034967780113220215e-01,-1.822593510150909424e-01,1.682329364120960236e-02,1.823019422590732574e-02,-4.379850998520851135e-02,8.030622452497482300e-02,-6.044075638055801392e-02,1.088162232190370560e-02,-2.462317422032356262e-02,4.731711372733116150e-02,-1.985179074108600616e-02,6.740718963555991650e-04
-2.316397130489349365e-01
9.437250904738903046e-03,1.523436699062585831e-02,1.310468092560768127e-02,-4.377730190753936768e-02,1.351888850331306458e-02,-5.193357355892658234e-03,7.184540480375289917e-02,-1.187655851244926453e-01,1.189120039343833923e-01,-1.516943126916885376e-01,1.389493048191070557e-01,8.046933263540267944e-02,-2.686237692832946777e-01,-3.876307234168052673e-02,1.694046556949615479e-01,2.460785508155822754e-01,1.915623396635055542e-01,2.009251415729522705e-01,1.915623396635055542e-01,2.460785508155822754e-01,1.694046556949615479e-01,-3.876307234168052673e-02,-2.686237692832946777e-01,8.046933263540267944e-02,1.389493048191070557e-01,-1.516943126916885376e-01,1.189120039343833923e-01,-1.187655851244926453e-01,7.184540480375289917e-02,-5.193357355892658234e-03,1.351888850331306458e-02,-4.377730190753936768e-02,1.310468092560768127e-02,1.523436699062585831e-02,9.437250904738903046e-03
-3.950036596506834030e-03,-2.030785009264945984e-02,4.458772763609886169e-02,-1.565018668770790100e-02,4.877379164099693298e-03,-5.038768798112869263e-02,6.450340151786804199e-02,-1.909124851226806641e-02,-1.390624232590198517e-02,5.025741457939147949e-02,-2.026576399803161621e-01,2.959985435009002686e-01,-2.235459350049495697e-02,-2.225146740674972534e-01,-1.758088022470474243e-01,8.661750704050064087e-02,8.774995803833007812e-02,1.612807214260101318e-01,8.774995803833007812e-02,8.661750704050064087e-02,-1.758088022470474243e-01,-2.225146740674972534e-01,-2.235459350049495697e-02,2.959985435009002686e-01,-2.026576399803161621e-01,5.025741457939147949e-02,-1.390624232590198517e-02,-1.909124851226806641e-02,6.450340151786804199e-02,-5.038768798112869263e-02,4.877379164099693298e-03,-1.565018668770790100e-02,4.458772763609886169e-02,-2.030785009264945984e-02,-3.950036596506834030e-03
-2.383460551500320435e-01
9.355116635560989380e-03,1.216233894228935242e-02,2.363193407654762268e-02,-4.712162166833877563e-02,1.599111221730709076e-02,-1.346456538885831833e-02,7.602687180042266846e-02,-1.188352480530738831e-01,1.095034033060073853e-01,-1.275515109300613403e-01,1.002237126231193542e-01,1.203571483492851257e-01,-2.790009677410125732e-01,-4.309973493218421936e-02,1.574363112449645996e-01,2.580914497375488281e-01,1.843987405300140381e-01,2.088394314050674438e-01,1.843987405300140381e-01,2.580914497375488281e-01,1.574363112449645996e-01,-4.309973493218421936e-02,-2.790009677410125732e-01,1.203571483492851257e-01,1.002237126231193542e-01,-1.275515109300613403e-01,1.095034033060073853e-01,-1.188352480530738831e-01,7.602687180042266846e-02,-1.346456538885831833e-02,1.599111221730709076e-02,-4.712162166833877563e-02,2.363193407654762268e-02,1.216233894228935242e-02,9.355116635560989380e-03
-8.239027112722396851e-03,-2.183235622942447662e-02,4.023372754454612732e-02,-4.373152274638414383e-03,-1.754649681970477104e-03,-4.090077057480812073e-02,4.622603952884674072e-02,2.694842638447880745e-03,-4.330167174339294434e-02,7.792732119560241699e-02,-2.147934436798095703e-01,2.818266153335571289e-01,4.634839482605457306e-03,-2.277790009975433350e-01,-1.787056028842926025e-01,7.815855741500854492e-02,9.309653937816619873e-02,1.581929475069046021e-01,9.309653937816619873e-02,7.815855741500854492e-02,-1.787056028842926025e-01,-2.277790009975433350e-01,4.634839482605457306e-03,2.818266153335571289e-01,-2.147934436798095703e-01,7.792732119560241699e-02,-4.330167174339294434e-02,2.694842638447880745e-03,4.622603952884674072e-02,-4.090077057480812073e-02,-1.754649681970477104e-03,-4.373152274638414383e-03,4.023372754454612732e-02,-2.183235622942447662e-02,-8.239027112722396851e-03
-2.451158761978149414e-01
8.100701496005058289e-03,9.430847130715847015e-03,2.990172803401947021e-02,-4.881827905774116516e-02,1.680528931319713593e-02,-1.838609762489795685e-02,7.694081962108612061e-02,-1.139770448207855225e-01,9.557569772005081177e-02,-1.001336053013801575e-01,6.104360893368721008e-02,1.557562649250030518e-01,-2.865856587886810303e-01,-5.013363063335418701e-02,1.467487365007400513e-01,2.680087089538574219e-01,1.795741021633148193e-01,2.154975831508636475e-01,1.795741021633148193e-01,2.680087089538574219e-01,1.467487365007400513e-01,-5.013363063335418701e-02,-2.865856587886810303e-01,1.557562649250030518e-01,6.104360893368721008e-02,-1.001336053013801575e-01,9.557569772005081177e-02,-1.139770448207855225e-01,7.694081962108612061e-02,-1.838609762489795685e-02,1.680528931319713593e-02,-4.881827905774116516e-02,2.990172803401947021e-02,9.430847130715847015e-03,8.100701496005058289e-03
-1.228482834994792938e-02,-2.205662429332733154e-02,3.372100368142127991e-02,5.861993879079818726e-03,-8.799266070127487183e-03,-2.974933385848999023e-02,2.941614203155040741e-02,2.349829301238059998e-02,-6.813931465148925781e-02,9.770946949720382690e-02,-2.189119458198547363e-01,2.615212202072143555e-01,3.553465381264686584e-02,-2.337068170309066772e-01,-1.772890537977218628e-01,6.847171485424041748e-02,1.007642000913619995e-01,1.533005684614181519e-01,1.007642000913619995e-01,6.847171485424041748e-02,-1.772890537977218628e-01,-2.337068170309066772e-01,3.553465381264686584e-02,2.615212202072143555e-01,-2.189119458198547363e-01,9.770946949720382690e-02,-6.813931465148925781e-02,2.349829301238059998e-02,2.941614203155040741e-02,-2.974933385848999023e-02,-8.799266070127487183e-03,5.861993879079818726e-03,3.372100368142127991e-02,-2.205662429332733154e-02,-1.228482834994792938e-02
-2.519485950469970703e-01
6.588857620954513550e-03,7.386665325611829758e-03,3.439832106232643127e-02,-4.769358038902282715e-02,1.612358167767524719e-02,-2.025822736322879791e-02,7.389711588621139526e-02,-1.049129813909530640e-01,7.861223071813583374e-02,-7.071690261363983154e-02,2.373473905026912689e-02,1.867206841707229614e-01,-2.889367640018463135e-01,-5.805743485689163208e-02,1.389498859643936157e-01,2.761612236499786377e-01,1.775000244379043579e-01,2.208885699510574341e-01,1.775000244379043579e-01,2.761612236499786377e-01,1.389498859643936157e-01,-5.805743485689163208e-02,-2.889367640018463135e-01,1.867206841707229614e-01,2.373473905026912689e-02,-7.071690261363983154e-02,7.861223071813583374e-02,-1.049129813909530640e-01,7.389711588621139526e-02,-2.025822736322879791e-02,1.612358167767524719e-02,-4.769358038902282715e-02,3.439832106232643127e-02,7.386665325611829758e-03,6.588857620954513550e-03
-1.564840599894523621e-02,-2.023805491626262665e-02,2.788197062909603119e-02,1.548403128981590271e-02,-1.566090062260627747e-02,-1.990189403295516968e-02,1.494067441672086716e-02,4.145758971571922302e-02,-8.744212985038757324e-02,1.109543964266777039e-01,-2.159077823162078857e-01,2.359050363302230835e-01,6.607016921043395996e-02,-2.421443015336990356e-01,-1.755168884992599487e-01,5.694288015365600586e-02,1.089494153857231140e-01,1.463083177804946899e-01,1.089494153857231140e-01,5.694288015365600586e-02,-1.755168884992599487e-01,-2.421443015336990356e-01,6.607016921043395996e-02,2.359050363302230835e-01,-2.159077823162078857e-01,1.109543964266777039e-01,-8.744212985038757324e-02,4.145758971571922302e-02,1.494067441672086716e-02,-1.990189403295516968e-02,-1.566090062260627747e-02,1.548403128981590271e-02,2.788197062909603119e-02,-2.023805491626262665e-02,-1.564840599894523621e-02
-2.588436603546142578e-01
3.767614020034670830e-03,5.798184778541326523e-03,3.596465289592742920e-02,-4.529612883925437927e-02,1.400046423077583313e-02,-1.916095428168773651e-02,6.975536793470382690e-02,-9.255021065473556519e-02,5.880892649292945862e-02,-4.242502525448799133e-02,-1.100936066359281540e-02,2.125857919454574585e-01,-2.872814536094665527e-01,-6.965010613203048706e-02,1.331867277622222900e-01,2.815541625022888184e-01,1.765832155942916870e-01,2.227995246648788452e-01,1.765832155942916870e-01,2.815541625022888184e-01,1.331867277622222900e-01,-6.965010613203048706e-02,-2.872814536094665527e-01,2.125857919454574585e-01,-1.100936066359281540e-02,-4.242502525448799133e-02,5.880892649292945862e-02,-9.255021065473556519e-02,6.975536793470382690e-02,-1.916095428168773651e-02,1.400046423077583313e-02,-4.529612883925437927e-02,3.596465289592742920e-02,5.798184778541326523e-03,3.767614020034670830e-03
-1.809524372220039368e-02,-1.829757727682590485e-02,2.126156352460384369e-02,2.328835055232048035e-02,-2.149207703769207001e-02,-1.039965637028217316e-02,1.316372072324156761e-03,5.666556209325790405e-02,-1.019928082823753357e-01,1.175144612789154053e-01,-2.068549990653991699e-01,2.061171233654022217e-01,9.807371348142623901e-02,-2.497490346431732178e-01,-1.722787767648696899e-01,4.463579133152961731e-02,1.183512732386589050e-01,1.392810195684432983e-01,1.183512732386589050e-01,4.463579133152961731e-02,-1.722787767648696899e-01,-2.497490346431732178e-01,9.807371348142623901e-02,2.061171233654022217e-01,-2.068549990653991699e-01,1.175144612789154053e-01,-1.019928082823753357e-01,5.666556209325790405e-02,1.316372072324156761e-03,-1.039965637028217316e-02,-2.149207703769207001e-02,2.328835055232048035e-02,2.126156352460384369e-02,-1.829757727682590485e-02,-1.809524372220039368e-02
-2.658004760742187500e-01
2.777657355181872845e-04,3.444517031311988831e-03,3.645338490605354309e-02,-3.951666504144668579e-02,1.037978660315275192e-02,-1.838452741503715515e-02,6.099542602896690369e-02,-7.842653244733810425e-02,3.945698961615562439e-02,-1.377763971686363220e-02,-4.215064272284507751e-02,2.321617752313613892e-01,-2.810530066490173340e-01,-8.323831856250762939e-02,1.299352347850799561e-01,2.855629026889801025e-01,1.799580752849578857e-01,2.242969125509262085e-01,1.799580752849578857e-01,2.855629026889801025e-01,1.299352347850799561e-01,-8.323831856250762939e-02,-2.810530066490173340e-01,2.321617752313613892e-01,-4.215064272284507751e-02,-1.377763971686363220e-02,3.945698961615562439e-02,-7.842653244733810425e-02,6.099542602896690369e-02,-1.838452741503715515e-02,1.037978660315275192e-02,-3.951666504144668579e-02,3.645338490605354309e-02,3.444517031311988831e-03,2.777657355181872845e-04
-1.779219880700111389e-02,-1.649016328155994415e-02,1.398131158202886581e-02,3.082950599491596222e-02,-2.572486549615859985e-02,-3.046904690563678741e-03,-9.822214953601360321e-03,6.757189333438873291e-02,-1.111896336078643799e-01,1.186379939317703247e-01,-1.927813738584518433e-01,1.739301979541778564e-01,1.300559788942337036e-01,-2.574046850204467773e-01,-1.699478775262832642e-01,3.188284859061241150e-02,1.285152435302734375e-01,1.326756775379180908e-01,1.285152435302734375e-01,3.188284859061241150e-02,-1.699478775262832642e-01,-2.574046850204467773e-01,1.300559788942337036e-01,1.739301979541778564e-01,-1.927813738584518433e-01,1.186379939317703247e-01,-1.111896336078643799e-01,6.757189333438873291e-02,-9.822214953601360321e-03,-3.046904690563678741e-03,-2.572486549615859985e-02,3.082950599491596222e-02,1.398131158202886581e-02,-1.649016328155994415e-02,-1.779219880700111389e-02
-2.728185057640075684e-01
-3.030111547559499741e-03,3.194663207978010178e-03,3.533586487174034119e-02,-3.455796092748641968e-02,5.777697078883647919e-03,-1.448560506105422974e-02,5.284477025270462036e-02,-6.486617028713226318e-02,1.767136715352535248e-02,1.074786018580198288e-02,-6.874373555183410645e-02,2.473056465387344360e-01,-2.700006365776062012e-01,-9.946478903293609619e-02,1.284746229648590088e-01,2.854911088943481445e-01,1.813858598470687866e-01,2.199847847223281860e-01,1.813858598470687866e-01,2.854911088943481445e-01,1.284746229648590088e-01,-9.946478903293609619e-02,-2.700006365776062012e-01,2.473056465387344360e-01,-6.874373555183410645e-02,1.074786018580198288e-02,1.767136715352535248e-02,-6.486617028713226318e-02,5.284477025270462036e-02,-1.448560506105422974e-02,5.777697078883647919e-03,-3.455796092748641968e-02,3.533586487174034119e-02,3.194663207978010178e-03,-3.030111547559499741e-03
-2.064988203346729279e-02,-1.485051773488521576e-02,9.351315908133983612e-03,3.627967834472656250e-02,-2.944819256663322449e-02,2.933119190856814384e-03,-1.703801564872264862e-02,7.560007274150848389e-02,-1.169140040874481201e-01,1.145462468266487122e-01,-1.732815504074096680e-01,1.405609399080276489e-01,1.608456522226333618e-01,-2.635766863822937012e-01,-1.663356423377990723e-01,1.956532895565032959e-02,1.353647261857986450e-01,1.244708076119422913e-01,1.353647261857986450e-01,1.956532895565032959e-02,-1.663356423377990723e-01,-2.635766863822937012e-01,1.608456522226333618e-01,1.405609399080276489e-01,-1.732815504074096680e-01,1.145462468266487122e-01,-1.169140040874481201e-01,7.560007274150848389e-02,-1.703801564872264862e-02,2.933119190856814384e-03,-2.944819256663322449e-02,3.627967834472656250e-02,9.351315908133983612e-03,-1.485051773488521576e-02,-2.064988203346729279e-02
-2.798972129821777344e-01
-5.750828422605991364e-03,5.063923890702426434e-04,3.241960704326629639e-02,-2.679543197154998779e-02,1.681120367720723152e-03,-1.010162197053432465e-02,4.342135041952133179e-02,-4.791085794568061829e-02,6.076173740439116955e-04,3.555817157030105591e-02,-9.139711409807205200e-02,2.543783187866210938e-01,-2.558993697166442871e-01,-1.178004518151283264e-01,1.289928257465362549e-01,2.855889499187469482e-01,1.900941580533981323e-01,2.190825343132019043e-01,1.900941580533981323e-01,2.855889499187469482e-01,1.289928257465362549e-01,-1.178004518151283264e-01,-2.558993697166442871e-01,2.543783187866210938e-01,-9.139711409807205200e-02,3.555817157030105591e-02,6.076173740439116955e-04,-4.791085794568061829e-02,4.342135041952133179e-02,-1.010162197053432465e-02,1.681120367720723152e-03,-2.679543197154998779e-02,3.241960704326629639e-02,5.063923890702426434e-04,-5.750828422605991364e-03
-1.718510314822196960e-02,-1.322022080421447754e-02,2.839336637407541275e-03,4.055922105908393860e-02,-3.130594640970230103e-02,7.467627525329589844e-03,-2.325600571930408478e-02,8.068900555372238159e-02,-1.166475787758827209e-01,1.071980446577072144e-01,-1.510367989540100098e-01,1.065548509359359741e-01,1.897446811199188232e-01,-2.686203420162200928e-01,-1.650908142328262329e-01,8.323178626596927643e-03,1.447614133358001709e-01,1.194118931889533997e-01,1.447614133358001709e-01,8.323178626596927643e-03,-1.650908142328262329e-01,-2.686203420162200928e-01,1.897446811199188232e-01,1.065548509359359741e-01,-1.510367989540100098e-01,1.071980446577072144e-01,-1.166475787758827209e-01,8.068900555372238159e-02,-2.325600571930408478e-02,7.467627525329589844e-03,-3.130594640970230103e-02,4.055922105908393860e-02,2.839336637407541275e-03,-1.322022080421447754e-02,-1.718510314822196960e-02
-2.870361208915710449e-01
-8.490096777677536011e-03,-5.190521944314241409e-03,2.881627716124057770e-02,-1.626394689083099365e-02,-2.259083790704607964e-03,-7.884999737143516541e-03,3.116905502974987030e-02,-3.492049127817153931e-02,-1.745043322443962097e-02,5.544745922088623047e-02,-1.085756346583366394e-01,2.586348652839660645e-01,-2.372484952211380005e-01,-1.379504948854446411e-01,1.315356791019439697e-01,2.832119762897491455e-01,1.955660283565521240e-01,2.114886343479156494e-01,1.955660283565521240e-01,2.832119762897491455e-01,1.315356791019439697e-01,-1.379504948854446411e-01,-2.372484952211380005e-01,2.586348652839660645e-01,-1.085756346583366394e-01,5.544745922088623047e-02,-1.745043322443962097e-02,-3.492049127817153931e-02,3.116905502974987030e-02,-7.884999737143516541e-03,-2.259083790704607964e-03,-1.626394689083099365e-02,2.881627716124057770e-02,-5.190521944314241409e-03,-8.490096777677536011e-03
-1.292500458657741547e-02,-1.252771448343992233e-02,-6.374273914843797684e-03,4.373431950807571411e-02,-2.869736589491367340e-02,1.190800499171018600e-02,-2.676502987742424011e-02,8.143591880798339844e-02,-1.153611317276954651e-01,9.584451466798782349e-02,-1.267917603254318237e-01,7.197136431932449341e-02,2.155625522136688232e-01,-2.713405191898345947e-01,-1.660194396972656250e-01,-3.864858997985720634e-03,1.494946926832199097e-01,1.137913540005683899e-01,1.494946926832199097e-01,-3.864858997985720634e-03,-1.660194396972656250e-01,-2.713405191898345947e-01,2.155625522136688232e-01,7.197136431932449341e-02,-1.267917603254318237e-01,9.584451466798782349e-02,-1.153611317276954651e-01,8.143591880798339844e-02,-2.676502987742424011e-02,1.190800499171018600e-02,-2.869736589491367340e-02,4.373431950807571411e-02,-6.374273914843797684e-03,-1.252771448343992233e-02,-1.292500458657741547e-02
-2.942346930503845215e-01
-9.834673255681991577e-03,-8.241593837738037109e-03,2.371261641383171082e-02,-7.370507344603538513e-03,-4.817743320018053055e-03,-1.907904981635510921e-03,2.256925404071807861e-02,-1.884315721690654755e-02,-3.100288473069667816e-02,7.372711598873138428e-02,-1.216252297163009644e-01,2.562479674816131592e-01,-2.161751240491867065e-01,-1.588577032089233398e-01,1.355482041835784912e-01,2.808680236339569092e-01,2.063234448432922363e-01,2.074446380138397217e-01,2.063234448432922363e-01,2.808680236339569092e-01,1.355482041835784912e-01,-1.588577032089233398e-01,-2.161751240491867065e-01,2.562479674816131592e-01,-1.216252297163009644e-01,7.372711598873138428e-02,-3.100288473069667816e-02,-1.884315721690654755e-02,2.256925404071807861e-02,-1.907904981635510921e-03,-4.817743320018053055e-03,-7.370507344603538513e-03,2.371261641383171082e-02,-8.241593837738037109e-03,-9.834673255681991577e-03
-7.175209932029247284e-03,-1.041059475392103195e-02,-1.306673511862754822e-02,4.420017078518867493e-02,-2.734183706343173981e-02,1.348647568374872208e-02,-2.974377758800983429e-02,8.036636561155319214e-02,-1.099640503525733948e-01,8.246761560440063477e-02,-1.014852225780487061e-01,3.929177299141883850e-02,2.388810813426971436e-01,-2.711207270622253418e-01,-1.666476577520370483e-01,-1.252839807420969009e-02,1.563024073839187622e-01,1.116493046283721924e-01,1.563024073839187622e-01,-1.252839807420969009e-02,-1.666476577520370483e-01,-2.711207270622253418e-01,2.388810813426971436e-01,3.929177299141883850e-02,-1.014852225780487061e-01,8.246761560440063477e-02,-1.099640503525733948e-01,8.036636561155319214e-02,-2.974377758800983429e-02,1.348647568374872208e-02,-2.734183706343173981e-02,4.420017078518867493e-02,-1.306673511862754822e-02,-1.041059475392103195e-02,-7.175209932029247284e-03
-3.014924526214599609e-01
-1.207539532333612442e-02,-6.045594345778226852e-03,2.030578628182411194e-02,-3.751205513253808022e-03,-1.187482848763465881e-02,2.957873744890093803e-03,1.512552145868539810e-02,-6.414470262825489044e-03,-4.604820907115936279e-02,8.595218509435653687e-02,-1.294725388288497925e-01,2.514422535896301270e-01,-1.916878223419189453e-01,-1.807390898466110229e-01,1.391986757516860962e-01,2.749518454074859619e-01,2.128624171018600464e-01,1.973680406808853149e-01,2.128624171018600464e-01,2.749518454074859619e-01,1.391986757516860962e-01,-1.807390898466110229e-01,-1.916878223419189453e-01,2.514422535896301270e-01,-1.294725388288497925e-01,8.595218509435653687e-02,-4.604820907115936279e-02,-6.414470262825489044e-03,1.512552145868539810e-02,2.957873744890093803e-03,-1.187482848763465881e-02,-3.751205513253808022e-03,2.030578628182411194e-02,-6.045594345778226852e-03,-1.207539532333612442e-02
-7.117175497114658356e-03,-1.032724604010581970e-02,-1.435678172856569290e-02,4.424922913312911987e-02,-2.916172333061695099e-02,1.207346282899379730e-02,-2.897391840815544128e-02,7.924561947584152222e-02,-1.019331216812133789e-01,6.652908027172088623e-02,-7.710506021976470947e-02,8.270931430160999298e-03,2.578679621219635010e-01,-2.692624628543853760e-01,-1.694883406162261963e-01,-2.082000672817230225e-02,1.578249782323837280e-01,1.086001843214035034e-01,1.578249782323837280e-01,-2.082000672817230225e-02,-1.694883406162261963e-01,-2.692624628543853760e-01,2.578679621219635010e-01,8.270931430160999298e-03,-7.710506021976470947e-02,6.652908027172088623e-02,-1.019331216812133789e-01,7.924561947584152222e-02,-2.897391840815544128e-02,1.207346282899379730e-02,-2.916172333061695099e-02,4.424922913312911987e-02,-1.435678172856569290e-02,-1.032724604010581970e-02,-7.117175497114658356e-03
-3.088088929653167725e-01
-1.226339396089315414e-02,-6.411160808056592941e-03,1.450158376246690750e-02,2.118520205840468407e-03,-1.560770627111196518e-02,7.038230076432228088e-03,6.520587485283613205e-03,4.548023920506238937e-03,-5.688191205263137817e-02,9.600476175546646118e-02,-1.346890628337860107e-01,2.403647303581237793e-01,-1.662660241127014160e-01,-2.027486115694046021e-01,1.430508643388748169e-01,2.695816755294799805e-01,2.233135551214218140e-01,1.906038820743560791e-01,2.233135551214218140e-01,2.695816755294799805e-01,1.430508643388748169e-01,-2.027486115694046021e-01,-1.662660241127014160e-01,2.403647303581237793e-01,-1.346890628337860107e-01,9.600476175546646118e-02,-5.688191205263137817e-02,4.548023920506238937e-03,6.520587485283613205e-03,7.038230076432228088e-03,-1.560770627111196518e-02,2.118520205840468407e-03,1.450158376246690750e-02,-6.411160808056592941e-03,-1.226339396089315414e-02
-3.121843794360756874e-03,-9.584387764334678650e-03,-1.755158230662345886e-02,4.344889521598815918e-02,-2.782987430691719055e-02,1.011483557522296906e-02,-2.881109900772571564e-02,7.479462772607803345e-02,-9.133148938417434692e-02,5.015412345528602600e-02,-5.264827609062194824e-02,-2.114959806203842163e-02,2.728380858898162842e-01,-2.647302746772766113e-01,-1.743475049734115601e-01,-2.670102939009666443e-02,1.607087254524230957e-01,1.090079173445701599e-01,1.607087254524230957e-01,-2.670102939009666443e-02,-1.743475049734115601e-01,-2.647302746772766113e-01,2.728380858898162842e-01,-2.114959806203842163e-02,-5.264827609062194824e-02,5.015412345528602600e-02,-9.133148938417434692e-02,7.479462772607803345e-02,-2.881109900772571564e-02,1.011483557522296906e-02,-2.782987430691719055e-02,4.344889521598815918e-02,-1.755158230662345886e-02,-9.584387764334678650e-03,-3.121843794360756874e-03
-3.161835670471191406e-01
-1.239288318902254105e-02,-8.204847574234008789e-03,7.896318100392818451e-03,1.202496048063039780e-02,-1.392891909927129745e-02,8.370009250938892365e-03,-5.416339728981256485e-03,1.221817731857299805e-02,-6.526865810155868530e-02,1.041782051324844360e-01,-1.351522207260131836e-01,2.279931306838989258e-01,-1.386490613222122192e-01,-2.241519838571548462e-01,1.480039358139038086e-01,2.643466591835021973e-01,2.306261509656906128e-01,1.797476857900619507e-01,2.306261509656906128e-01,2.643466591835021973e-01,1.480039358139038086e-01,-2.241519838571548462e-01,-1.386490613222122192e-01,2.279931306838989258e-01,-1.351522207260131836e-01,1.041782051324844360e-01,-6.526865810155868530e-02,1.221817731857299805e-02,-5.416339728981256485e-03,8.370009250938892365e-03,-1.392891909927129745e-02,1.202496048063039780e-02,7.896318100392818451e-03,-8.204847574234008789e-03,-1.239288318902254105e-02
1.086283475160598755e-03,-7.338595110923051834e-03,-2.250527590513229370e-02,4.115511849522590637e-02,-1.810640841722488403e-02,1.184546481817960739e-02,-2.607789821922779083e-02,6.676554679870605469e-02,-8.413964509963989258e-02,3.387807682156562805e-02,-2.676706016063690186e-02,-4.630467668175697327e-02,2.873960733413696289e-01,-2.558811008930206299e-01,-1.794065386056900024e-01,-3.107262216508388519e-02,1.598362922668457031e-01,1.096577942371368408e-01,1.598362922668457031e-01,-3.107262216508388519e-02,-1.794065386056900024e-01,-2.558811008930206299e-01,2.873960733413696289e-01,-4.630467668175697327e-02,-2.676706016063690186e-02,3.387807682156562805e-02,-8.413964509963989258e-02,6.676554679870605469e-02,-2.607789821922779083e-02,1.184546481817960739e-02,-1.810640841722488403e-02,4.115511849522590637e-02,-2.250527590513229370e-02,-7.338595110923051834e-03,1.086283475160598755e-03
-3.236160576343536377e-01
-1.348962634801864624e-02,-8.034938946366310120e-03,1.660728943534195423e-03,1.847091130912303925e-02,-1.257321517914533615e-02,8.859476074576377869e-03,-1.779103465378284454e-02,1.766441576182842255e-02,-7.020144909620285034e-02,1.108596771955490112e-01,-1.322802156209945679e-01,2.108481973409652710e-01,-1.120083853602409363e-01,-2.453639954328536987e-01,1.525937020778656006e-01,2.600354254245758057e-01,2.412574738264083862e-01,1.734483540058135986e-01,2.412574738264083862e-01,2.600354254245758057e-01,1.525937020778656006e-01,-2.453639954328536987e-01,-1.120083853602409363e-01,2.108481973409652710e-01,-1.322802156209945679e-01,1.108596771955490112e-01,-7.020144909620285034e-02,1.766441576182842255e-02,-1.779103465378284454e-02,8.859476074576377869e-03,-1.257321517914533615e-02,1.847091130912303925e-02,1.660728943534195423e-03,-8.034938946366310120e-03,-1.348962634801864624e-02
3.621454117819666862e-03,-5.433123558759689331e-03,-2.600070647895336151e-02,3.588091209530830383e-02,-1.155495084822177887e-02,1.373540237545967102e-02,-2.029438316822052002e-02,5.879865586757659912e-02,-7.411175966262817383e-02,1.848991401493549347e-02,-9.745717397890985012e-04,-6.805024296045303345e-02,2.956239581108093262e-01,-2.462755739688873291e-01,-1.862685233354568481e-01,-3.284267336130142212e-02,1.581245213747024536e-01,1.119378954172134399e-01,1.581245213747024536e-01,-3.284267336130142212e-02,-1.862685233354568481e-01,-2.462755739688873291e-01,2.956239581108093262e-01,-6.805024296045303345e-02,-9.745717397890985012e-04,1.848991401493549347e-02,-7.411175966262817383e-02,5.879865586757659912e-02,-2.029438316822052002e-02,1.373540237545967102e-02,-1.155495084822177887e-02,3.588091209530830383e-02,-2.600070647895336151e-02,-5.433123558759689331e-03,3.621454117819666862e-03
-3.311058580875396729e-01
-1.487029343843460083e-02,-3.284413134679198265e-03,4.481473471969366074e-03,1.462261192500591278e-02,-2.629633247852325439e-02,1.735275238752365112e-02,-9.616254828870296478e-03,2.846238948404788971e-02,-7.922372967004776001e-02,1.070107147097587585e-01,-1.268667727708816528e-01,1.957746893167495728e-01,-8.214166015386581421e-02,-2.650682330131530762e-01,1.535558551549911499e-01,2.530229687690734863e-01,2.490463703870773315e-01,1.659952700138092041e-01,2.490463703870773315e-01,2.530229687690734863e-01,1.535558551549911499e-01,-2.650682330131530762e-01,-8.214166015386581421e-02,1.957746893167495728e-01,-1.268667727708816528e-01,1.070107147097587585e-01,-7.922372967004776001e-02,2.846238948404788971e-02,-9.616254828870296478e-03,1.735275238752365112e-02,-2.629633247852325439e-02,1.462261192500591278e-02,4.481473471969366074e-03,-3.284413134679198265e-03,-1.487029343843460083e-02
4.258664324879646301e-03,-1.029081735759973526e-02,-1.732457056641578674e-02,3.823500126600265503e-02,-1.953193359076976776e-02,9.674219181761145592e-04,-1.677372492849826813e-02,5.864766240119934082e-02,-5.677020922303199768e-02,1.052844687364995480e-03,1.552383042871952057e-02,-8.877778798341751099e-02,3.015377521514892578e-01,-2.330204099416732788e-01,-1.941990256309509277e-01,-3.387145698070526123e-02,1.554079800844192505e-01,1.156846433877944946e-01,1.554079800844192505e-01,-3.387145698070526123e-02,-1.941990256309509277e-01,-2.330204099416732788e-01,3.015377521514892578e-01,-8.877778798341751099e-02,1.552383042871952057e-02,1.052844687364995480e-03,-5.677020922303199768e-02,5.864766240119934082e-02,-1.677372492849826813e-02,9.674219181761145592e-04,-1.953193359076976776e-02,3.823500126600265503e-02,-1.732457056641578674e-02,-1.029081735759973526e-02,4.258664324879646301e-03
-3.386525511741638184e-01
-1.642593182623386383e-02,-1.897044945508241653e-03,2.976966788992285728e-03,1.520585175603628159e-02,-3.052596561610698700e-02,2.194841019809246063e-02,-9.232755750417709351e-03,3.512820601463317871e-02,-8.362117409706115723e-02,1.032657101750373840e-01,-1.200176030397415161e-01,1.769231408834457397e-01,-5.371244624257087708e-02,-2.833438813686370850e-01,1.550997495651245117e-01,2.482694387435913086e-01,2.571375072002410889e-01,1.597758382558822632e-01,2.571375072002410889e-01,2.482694387435913086e-01,1.550997495651245117e-01,-2.833438813686370850e-01,-5.371244624257087708e-02,1.769231408834457397e-01,-1.200176030397415161e-01,1.032657101750373840e-01,-8.362117409706115723e-02,3.512820601463317871e-02,-9.232755750417709351e-03,2.194841019809246063e-02,-3.052596561610698700e-02,1.520585175603628159e-02,2.976966788992285728e-03,-1.897044945508241653e-03,-1.642593182623386383e-02
5.020523443818092346e-03,-1.230142824351787567e-02,-1.400998421013355255e-02,3.651044517755508423e-02,-1.849920675158500671e-02,-3.944597672671079636e-03,-1.220697350800037384e-02,5.261767655611038208e-02,-4.413553327322006226e-02,-1.485254149883985519e-02,3.304390609264373779e-02,-1.061603426933288574e-01,3.022653162479400635e-01,-2.183924466371536255e-01,-2.034517377614974976e-01,-3.298027440905570984e-02,1.513388156890869141e-01,1.205555945634841919e-01,1.513388156890869141e-01,-3.298027440905570984e-02,-2.034517377614974976e-01,-2.183924466371536255e-01,3.022653162479400635e-01,-1.061603426933288574e-01,3.304390609264373779e-02,-1.485254149883985519e-02,-4.413553327322006226e-02,5.261767655611038208e-02,-1.220697350800037384e-02,-3.944597672671079636e-03,-1.849920675158500671e-02,3.651044517755508423e-02,-1.400998421013355255e-02,-1.230142824351787567e-02,5.020523443818092346e-03
-3.462557196617126465e-01
-1.586746983230113983e-02,-2.426318591460585594e-03,-6.090705282986164093e-04,1.954480819404125214e-02,-3.032253682613372803e-02,2.151531167328357697e-02,-1.378028839826583862e-02,3.810585662722587585e-02,-8.396898210048675537e-02,1.011337786912918091e-01,-1.102856099605560303e-01,1.573299318552017212e-01,-2.577896788716316223e-02,-2.999453842639923096e-01,1.554820537567138672e-01,2.444593757390975952e-01,2.647078633308410645e-01,1.547987163066864014e-01,2.647078633308410645e-01,2.444593757390975952e-01,1.554820537567138672e-01,-2.999453842639923096e-01,-2.577896788716316223e-02,1.573299318552017212e-01,-1.102856099605560303e-01,1.011337786912918091e-01,-8.396898210048675537e-02,3.810585662722587585e-02,-1.378028839826583862e-02,2.151531167328357697e-02,-3.032253682613372803e-02,1.954480819404125214e-02,-6.090705282986164093e-04,-2.426318591460585594e-03,-1.586746983230113983e-02
8.387051522731781006e-03,-1.189018599689006805e-02,-1.497669983655214310e-02,3.291130065917968750e-02,-1.461797952651977539e-02,-7.877903990447521210e-03,-8.501928299665451050e-03,4.404082149267196655e-02,-3.566589206457138062e-02,-2.988757751882076263e-02,4.804306849837303162e-02,-1.200952678918838501e-01,3.009342849254608154e-01,-2.013309448957443237e-01,-2.144227623939514160e-01,-3.177758678793907166e-02,1.474407464265823364e-01,1.273929625749588013e-01,1.474407464265823364e-01,-3.177758678793907166e-02,-2.144227623939514160e-01,-2.013309448957443237e-01,3.009342849254608154e-01,-1.200952678918838501e-01,4.804306849837303162e-02,-2.988757751882076263e-02,-3.566589206457138062e-02,4.404082149267196655e-02,-8.501928299665451050e-03,-7.877903990447521210e-03,-1.461797952651977539e-02,3.291130065917968750e-02,-1.497669983655214310e-02,-1.189018599689006805e-02,8.387051522731781006e-03
-3.539149463176727295e-01
-1.753483153879642487e-02,-1.092519424855709076e-02,-1.365911401808261871e-02,3.898106515407562256e-02,-1.020765863358974457e-03,1.178724411875009537e-02,-5.812871083617210388e-02,1.980850286781787872e-02,-4.905487224459648132e-02,1.277602314949035645e-01,-1.064767315983772278e-01,1.053770706057548523e-01,-1.090593263506889343e-02,-3.027073144912719727e-01,1.754294335842132568e-01,2.474966794252395630e-01,2.645572423934936523e-01,1.409430652856826782e-01,2.645572423934936523e-01,2.474966794252395630e-01,1.754294335842132568e-01,-3.027073144912719727e-01,-1.090593263506889343e-02,1.053770706057548523e-01,-1.064767315983772278e-01,1.277602314949035645e-01,-4.905487224459648132e-02,1.980850286781787872e-02,-5.812871083617210388e-02,1.178724411875009537e-02,-1.020765863358974457e-03,3.898106515407562256e-02,-1.365911401808261871e-02,-1.092519424855709076e-02,-1.753483153879642487e-02
1.596157439053058624e-02,-1.847951440140604973e-03,-3.035445325076580048e-02,3.552252659574151039e-03,1.773417182266712189e-02,3.876827284693717957e-02,-4.707442130893468857e-03,-2.055784687399864197e-02,-5.203555896878242493e-02,-1.543288212269544601e-02,9.864030778408050537e-02,-1.294984668493270874e-01,2.647430598735809326e-01,-1.922114491462707520e-01,-2.080270498991012573e-01,-2.034600824117660522e-02,1.355690807104110718e-01,1.277991682291030884e-01,1.355690807104110718e-01,-2.034600824117660522e-02,-2.080270498991012573e-01,-1.922114491462707520e-01,2.647430598735809326e-01,-1.294984668493270874e-01,9.864030778408050537e-02,-1.543288212269544601e-02,-5.203555896878242493e-02,-2.055784687399864197e-02,-4.707442130893468857e-03,3.876827284693717957e-02,1.773417182266712189e-02,3.552252659574151039e-03,-3.035445325076580048e-02,-1.847951440140604973e-03,1.596157439053058624e-02
-3.616298437118530273e-01
-1.335175242274999619e-02,-9.861914440989494324e-04,-1.822999212890863419e-03,2.301263809204101562e-02,-3.056200221180915833e-02,2.298266999423503876e-02,-1.598176173865795135e-02,3.945012763142585754e-02,-8.355578780174255371e-02,8.838862180709838867e-02,-8.847686648368835449e-02,1.147587075829505920e-01,2.520651370286941528e-02,-3.272731900215148926e-01,1.544482260942459106e-01,2.412569224834442139e-01,2.777933478355407715e-01,1.487322002649307251e-01,2.777933478355407715e-01,2.412569224834442139e-01,1.544482260942459106e-01,-3.272731900215148926e-01,2.520651370286941528e-02,1.147587075829505920e-01,-8.847686648368835449e-02,8.838862180709838867e-02,-8.355578780174255371e-02,3.945012763142585754e-02,-1.598176173865795135e-02,2.298266999423503876e-02,-3.056200221180915833e-02,2.301263809204101562e-02,-1.822999212890863419e-03,-9.861914440989494324e-04,-1.335175242274999619e-02
1.277378574013710022e-02,-1.521490514278411865e-02,-1.104431971907615662e-02,2.793961949646472931e-02,-7.743019144982099533e-03,-1.625480502843856812e-02,1.913464046083390713e-03,3.166510537266731262e-02,-1.417280919849872589e-02,-5.493159964680671692e-02,7.505811005830764771e-02,-1.368721425533294678e-01,2.917541861534118652e-01,-1.629680991172790527e-01,-2.393914461135864258e-01,-2.746503427624702454e-02,1.345099508762359619e-01,1.412681043148040771e-01,1.345099508762359619e-01,-2.746503427624702454e-02,-2.393914461135864258e-01,-1.629680991172790527e-01,2.917541861534118652e-01,-1.368721425533294678e-01,7.505811005830764771e-02,-5.493159964680671692e-02,-1.417280919849872589e-02,3.166510537266731262e-02,1.913464046083390713e-03,-1.625480502843856812e-02,-7.743019144982099533e-03,2.793961949646472931e-02,-1.104431971907615662e-02,-1.521490514278411865e-02,1.277378574013710022e-02
-3.693999648094177246e-01
-1.173349749296903610e-02,-2.503473544493317604e-03,-4.826691467314958572e-03,2.530844695866107941e-02,-2.746278047561645508e-02,2.245958708226680756e-02,-1.650102809071540833e-02,4.142366722226142883e-02,-7.789104431867599487e-02,8.358290046453475952e-02,-7.381028681993484497e-02,9.541172534227371216e-02,4.862114042043685913e-02,-3.386542499065399170e-01,1.507783383131027222e-01,2.400901615619659424e-01,2.794339358806610107e-01,1.431843787431716919e-01,2.794339358806610107e-01,2.400901615619659424e-01,1.507783383131027222e-01,-3.386542499065399170e-01,4.862114042043685913e-02,9.541172534227371216e-02,-7.381028681993484497e-02,8.358290046453475952e-02,-7.789104431867599487e-02,4.142366722226142883e-02,-1.650102809071540833e-02,2.245958708226680756e-02,-2.746278047561645508e-02,2.530844695866107941e-02,-4.826691467314958572e-03,-2.503473544493317604e-03,-1.173349749296903610e-02
1.616809703409671783e-02,-1.461240649223327637e-02,-1.292386930435895920e-02,2.215937711298465729e-02,-2.208526944741606712e-03,-1.827921718358993530e-02,7.272313814610242844e-03,2.564575895667076111e-02,-2.931754104793071747e-03,-6.325371563434600830e-02,8.719315379858016968e-02,-1.413887441158294678e-01,2.840126752853393555e-01,-1.408007442951202393e-01,-2.514479160308837891e-01,-2.489762194454669952e-02,1.276065558195114136e-01,1.493978202342987061e-01,1.276065558195114136e-01,-2.489762194454669952e-02,-2.514479160308837891e-01,-1.408007442951202393e-01,2.840126752853393555e-01,-1.413887441158294678e-01,8.719315379858016968e-02,-6.325371563434600830e-02,-2.931754104793071747e-03,2.564575895667076111e-02,7.272313814610242844e-03,-1.827921718358993530e-02,-2.208526944741606712e-03,2.215937711298465729e-02,-1.292386930435895920e-02,-1.461240649223327637e-02,1.616809703409671783e-02
-3.772249519824981689e-01
-1.132415141910314560e-02,-6.308519747108221054e-03,-1.129833701997995377e-02,2.998979575932025909e-02,-1.559129636734724045e-02,1.692266203463077545e-02,-3.052440658211708069e-02,3.352265805006027222e-02,-7.074239850044250488e-02,8.001369982957839966e-02,-6.102511659264564514e-02,7.241945713758468628e-02,6.844356656074523926e-02,-3.473552167415618896e-01,1.479205489158630371e-01,2.423993498086929321e-01,2.830110192298889160e-01,1.415688842535018921e-01,2.830110192298889160e-01,2.423993498086929321e-01,1.479205489158630371e-01,-3.473552167415618896e-01,6.844356656074523926e-02,7.241945713758468628e-02,-6.102511659264564514e-02,8.001369982957839966e-02,-7.074239850044250488e-02,3.352265805006027222e-02,-3.052440658211708069e-02,1.692266203463077545e-02,-1.559129636734724045e-02,2.998979575932025909e-02,-1.129833701997995377e-02,-6.308519747108221054e-03,-1.132415141910314560e-02
2.097910083830356598e-02,-8.429595269262790680e-03,-1.664564758539199829e-02,6.574082653969526291e-03,9.401049464941024780e-03,-9.195405058562755585e-03,1.241971179842948914e-02,1.235135272145271301e-02,-1.843178877606987953e-03,-7.042450457811355591e-02,9.990096837282180786e-02,-1.439116150140762329e-01,2.705439031124114990e-01,-1.197828948497772217e-01,-2.641055881977081299e-01,-2.220470458269119263e-02,1.207609847187995911e-01,1.579869985580444336e-01,1.207609847187995911e-01,-2.220470458269119263e-02,-2.641055881977081299e-01,-1.197828948497772217e-01,2.705439031124114990e-01,-1.439116150140762329e-01,9.990096837282180786e-02,-7.042450457811355591e-02,-1.843178877606987953e-03,1.235135272145271301e-02,1.241971179842948914e-02,-9.195405058562755585e-03,9.401049464941024780e-03,6.574082653969526291e-03,-1.664564758539199829e-02,-8.429595269262790680e-03,2.097910083830356598e-02
-3.851044178009033203e-01
-1.062206272035837173e-02,-7.862682454288005829e-03,-1.225590705871582031e-02,3.052503988146781921e-02,-1.168762892484664917e-02,1.593260094523429871e-02,-3.113843314349651337e-02,3.093997016549110413e-02,-6.539992988109588623e-02,7.254751771688461304e-02,-4.727547615766525269e-02,5.346802622079849243e-02,8.830747008323669434e-02,-3.535479307174682617e-01,1.426696479320526123e-01,2.440190315246582031e-01,2.820101082324981689e-01,1.373323500156402588e-01,2.820101082324981689e-01,2.440190315246582031e-01,1.426696479320526123e-01,-3.535479307174682617e-01,8.830747008323669434e-02,5.346802622079849243e-02,-4.727547615766525269e-02,7.254751771688461304e-02,-6.539992988109588623e-02,3.093997016549110413e-02,-3.113843314349651337e-02,1.593260094523429871e-02,-1.168762892484664917e-02,3.052503988146781921e-02,-1.225590705871582031e-02,-7.862682454288005829e-03,-1.062206272035837173e-02
2.279361709952354431e-02,-8.610147051513195038e-03,-1.685097813606262207e-02,-3.888639912474900484e-04,1.263727713376283646e-02,-8.799236267805099487e-03,1.552846468985080719e-02,4.740964621305465698e-03,4.411875735968351364e-03,-7.619489729404449463e-02,1.076614111661911011e-01,-1.446423232555389404e-01,2.556572556495666504e-01,-9.814865887165069580e-02,-2.768351435661315918e-01,-1.964936777949333191e-02,1.127181276679039001e-01,1.657004356384277344e-01,1.127181276679039001e-01,-1.964936777949333191e-02,-2.768351435661315918e-01,-9.814865887165069580e-02,2.556572556495666504e-01,-1.446423232555389404e-01,1.076614111661911011e-01,-7.619489729404449463e-02,4.411875735968351364e-03,4.740964621305465698e-03,1.552846468985080719e-02,-8.799236267805099487e-03,1.263727713376283646e-02,-3.888639912474900484e-04,-1.685097813606262207e-02,-8.610147051513195038e-03,2.279361709952354431e-02
-3.930380046367645264e-01
-8.946282789111137390e-03,-6.528742611408233643e-03,-8.672462776303291321e-03,2.682343497872352600e-02,-1.985993608832359314e-02,1.567286998033523560e-02,-1.784889027476310730e-02,3.454473614692687988e-02,-6.480522453784942627e-02,5.724212527275085449e-02,-3.415662050247192383e-02,3.880512714385986328e-02,1.099082678556442261e-01,-3.573854565620422363e-01,1.333709210157394409e-01,2.455257624387741089e-01,2.844710350036621094e-01,1.410164684057235718e-01,2.844710350036621094e-01,2.455257624387741089e-01,1.333709210157394409e-01,-3.573854565620422363e-01,1.099082678556442261e-01,3.880512714385986328e-02,-3.415662050247192383e-02,5.724212527275085449e-02,-6.480522453784942627e-02,3.454473614692687988e-02,-1.784889027476310730e-02,1.567286998033523560e-02,-1.985993608832359314e-02,2.682343497872352600e-02,-8.672462776303291321e-03,-6.528742611408233643e-03,-8.946282789111137390e-03
2.293108962476253510e-02,-1.242938265204429626e-02,-1.193254161626100540e-02,6.673967465758323669e-03,9.340771473944187164e-03,-2.454505488276481628e-02,1.790522970259189606e-02,8.243856951594352722e-03,1.851523853838443756e-02,-8.322900533676147461e-02,1.066495999693870544e-01,-1.435505747795104980e-01,2.420026361942291260e-01,-7.555646449327468872e-02,-2.896096706390380859e-01,-1.634560897946357727e-02,1.058442667126655579e-01,1.735703200101852417e-01,1.058442667126655579e-01,-1.634560897946357727e-02,-2.896096706390380859e-01,-7.555646449327468872e-02,2.420026361942291260e-01,-1.435505747795104980e-01,1.066495999693870544e-01,-8.322900533676147461e-02,1.851523853838443756e-02,8.243856951594352722e-03,1.790522970259189606e-02,-2.454505488276481628e-02,9.340771473944187164e-03,6.673967465758323669e-03,-1.193254161626100540e-02,-1.242938265204429626e-02,2.293108962476253510e-02
-4.010252952575683594e-01
-1.507768034934997559e-02,-1.258660666644573212e-02,-1.318668294697999954e-02,3.696585819125175476e-02,2.279603155329823494e-03,1.051239483058452606e-02,-5.469473823904991150e-02,6.327722687274217606e-03,-2.266385592520236969e-02,8.913157880306243896e-02,-1.973357796669006348e-02,-1.764843799173831940e-02,1.048857793211936951e-01,-3.521584570407867432e-01,1.524865627288818359e-01,2.591849863529205322e-01,2.717747986316680908e-01,1.254379898309707642e-01,2.717747986316680908e-01,2.591849863529205322e-01,1.524865627288818359e-01,-3.521584570407867432e-01,1.048857793211936951e-01,-1.764843799173831940e-02,-1.973357796669006348e-02,8.913157880306243896e-02,-2.266385592520236969e-02,6.327722687274217606e-03,-5.469473823904991150e-02,1.051239483058452606e-02,2.279603155329823494e-03,3.696585819125175476e-02,-1.318668294697999954e-02,-1.258660666644573212e-02,-1.507768034934997559e-02
2.514715678989887238e-02,-1.093777827918529510e-02,-2.125845290720462799e-02,-1.198204141110181808e-02,2.930873818695545197e-02,2.188616991043090820e-02,2.051770314574241638e-02,-5.627201870083808899e-02,-1.058608386665582657e-02,-6.281140446662902832e-02,1.457704752683639526e-01,-1.363688856363296509e-01,1.924630701541900635e-01,-6.557040661573410034e-02,-2.825375497341156006e-01,-7.395483553409576416e-04,9.393890202045440674e-02,1.743011176586151123e-01,9.393890202045440674e-02,-7.395483553409576416e-04,-2.825375497341156006e-01,-6.557040661573410034e-02,1.924630701541900635e-01,-1.363688856363296509e-01,1.457704752683639526e-01,-6.281140446662902832e-02,-1.058608386665582657e-02,-5.627201870083808899e-02,2.051770314574241638e-02,2.188616991043090820e-02,2.930873818695545197e-02,-1.198204141110181808e-02,-2.125845290720462799e-02,-1.093777827918529510e-02,2.514715678989887238e-02
-4.090659916400909424e-01
-5.127013660967350006e-03,-7.932373322546482086e-03,-7.389239501208066940e-03,2.491290122270584106e-02,-1.773446053266525269e-02,1.106840185821056366e-02,-1.382521074265241623e-02,2.830136381089687347e-02,-5.392194911837577820e-02,3.870971500873565674e-02,-8.714503608644008636e-03,5.071490537375211716e-03,1.395139992237091064e-01,-3.603520989418029785e-01,1.142986342310905457e-01,2.541258633136749268e-01,2.867276370525360107e-01,1.496470868587493896e-01,2.867276370525360107e-01,2.541258633136749268e-01,1.142986342310905457e-01,-3.603520989418029785e-01,1.395139992237091064e-01,5.071490537375211716e-03,-8.714503608644008636e-03,3.870971500873565674e-02,-5.392194911837577820e-02,2.830136381089687347e-02,-1.382521074265241623e-02,1.106840185821056366e-02,-1.773446053266525269e-02,2.491290122270584106e-02,-7.389239501208066940e-03,-7.932373322546482086e-03,-5.127013660967350006e-03
2.503178827464580536e-02,-1.471947319805622101e-02,-9.072622284293174744e-03,2.761435694992542267e-03,1.225400529801845551e-02,-3.067361190915107727e-02,2.309813909232616425e-02,1.769609632901847363e-03,2.586174756288528442e-02,-9.312329441308975220e-02,1.083972454071044922e-01,-1.340993642807006836e-01,2.119335383176803589e-01,-3.050300665199756622e-02,-3.123734593391418457e-01,-1.028309855610132217e-02,9.272719174623489380e-02,1.882589012384414673e-01,9.272719174623489380e-02,-1.028309855610132217e-02,-3.123734593391418457e-01,-3.050300665199756622e-02,2.119335383176803589e-01,-1.340993642807006836e-01,1.083972454071044922e-01,-9.312329441308975220e-02,2.586174756288528442e-02,1.769609632901847363e-03,2.309813909232616425e-02,-3.067361190915107727e-02,1.225400529801845551e-02,2.761435694992542267e-03,-9.072622284293174744e-03,-1.471947319805622101e-02,2.503178827464580536e-02
-4.171597063541412354e-01
-2.981549827381968498e-03,-1.025074534118175507e-02,-8.991005830466747284e-03,2.479951083660125732e-02,-1.188369188457727432e-02,8.440188132226467133e-03,-1.583929732441902161e-02,2.339381165802478790e-02,-4.647965356707572937e-02,3.121230192482471466e-02,2.558826236054301262e-03,-1.077744830399751663e-02,1.510991901159286499e-01,-3.582349121570587158e-01,1.042979881167411804e-01,2.593874633312225342e-01,2.835697531700134277e-01,1.512307375669479370e-01,2.835697531700134277e-01,2.593874633312225342e-01,1.042979881167411804e-01,-3.582349121570587158e-01,1.510991901159286499e-01,-1.077744830399751663e-02,2.558826236054301262e-03,3.121230192482471466e-02,-4.647965356707572937e-02,2.339381165802478790e-02,-1.583929732441902161e-02,8.440188132226467133e-03,-1.188369188457727432e-02,2.479951083660125732e-02,-8.991005830466747284e-03,-1.025074534118175507e-02,-2.981549827381968498e-03
2.697562612593173981e-02,-1.125617325305938721e-02,-9.022483602166175842e-03,-3.322783857583999634e-03,1.826361939311027527e-02,-2.599211968481540680e-02,2.525692619383335114e-02,-4.452724475413560867e-03,2.599377185106277466e-02,-9.515009075403213501e-02,1.072317510843276978e-01,-1.286288946866989136e-01,1.949981003999710083e-01,-6.703420542180538177e-03,-3.217613101005554199e-01,-8.377902209758758545e-03,8.768150210380554199e-02,1.960213333368301392e-01,8.768150210380554199e-02,-8.377902209758758545e-03,-3.217613101005554199e-01,-6.703420542180538177e-03,1.949981003999710083e-01,-1.286288946866989136e-01,1.072317510843276978e-01,-9.515009075403213501e-02,2.599377185106277466e-02,-4.452724475413560867e-03,2.525692619383335114e-02,-2.599211968481540680e-02,1.826361939311027527e-02,-3.322783857583999634e-03,-9.022483602166175842e-03,-1.125617325305938721e-02,2.697562612593173981e-02
-4.253061115741729736e-01
-9.220782085321843624e-04,-1.038431655615568161e-02,-6.465095560997724533e-03,2.170572616159915924e-02,-1.526030991226434708e-02,6.199304014444351196e-03,-6.814219988882541656e-03,2.259987033903598785e-02,-4.268932342529296875e-02,1.999626681208610535e-02,1.413845177739858627e-02,-2.295545116066932678e-02,1.615750193595886230e-01,-3.557628095149993896e-01,9.077412635087966919e-02,2.640804648399353027e-01,2.794405817985534668e-01,1.540467739105224609e-01,2.794405817985534668e-01,2.640804648399353027e-01,9.077412635087966919e-02,-3.557628095149993896e-01,1.615750193595886230e-01,-2.295545116066932678e-02,1.413845177739858627e-02,1.999626681208610535e-02,-4.268932342529296875e-02,2.259987033903598785e-02,-6.814219988882541656e-03,6.199304014444351196e-03,-1.526030991226434708e-02,2.170572616159915924e-02,-6.465095560997724533e-03,-1.038431655615568161e-02,-9.220782085321843624e-04
2.606191486120223999e-02,-1.416430994868278503e-02,-6.585733499377965927e-03,1.420617685653269291e-03,1.806481368839740753e-02,-3.359241783618927002e-02,2.379858866333961487e-02,-4.095045384019613266e-03,3.320898488163948059e-02,-9.616268426179885864e-02,1.039258018136024475e-01,-1.218725666403770447e-01,1.779360920190811157e-01,1.524380967020988464e-02,-3.310145139694213867e-01,-7.575348019599914551e-03,8.076078444719314575e-02,2.012999206781387329e-01,8.076078444719314575e-02,-7.575348019599914551e-03,-3.310145139694213867e-01,1.524380967020988464e-02,1.779360920190811157e-01,-1.218725666403770447e-01,1.039258018136024475e-01,-9.616268426179885864e-02,3.320898488163948059e-02,-4.095045384019613266e-03,2.379858866333961487e-02,-3.359241783618927002e-02,1.806481368839740753e-02,1.420617685653269291e-03,-6.585733499377965927e-03,-1.416430994868278503e-02,2.606191486120223999e-02
-4.335048496723175049e-01
6.981923943385481834e-04,-1.189731340855360031e-02,-5.815361160784959793e-03,2.031295374035835266e-02,-1.393356174230575562e-02,2.675550058484077454e-03,-4.025240428745746613e-03,1.952655613422393799e-02,-3.839635476469993591e-02,9.712716564536094666e-03,2.354728989303112030e-02,-3.497895970940589905e-02,1.697104275226593018e-01,-3.513039052486419678e-01,7.739952951669692993e-02,2.704007327556610107e-01,2.754316926002502441e-01,1.574932038784027100e-01,2.754316926002502441e-01,2.704007327556610107e-01,7.739952951669692993e-02,-3.513039052486419678e-01,1.697104275226593018e-01,-3.497895970940589905e-02,2.354728989303112030e-02,9.712716564536094666e-03,-3.839635476469993591e-02,1.952655613422393799e-02,-4.025240428745746613e-03,2.675550058484077454e-03,-1.393356174230575562e-02,2.031295374035835266e-02,-5.815361160784959793e-03,-1.189731340855360031e-02,6.981923943385481834e-04
2.673235721886157990e-02,-1.377373374998569489e-02,-6.895182654261589050e-03,-1.916287932544946671e-03,1.882546767592430115e-02,-3.378012031316757202e-02,2.499083429574966431e-02,-6.140915211290121078e-03,3.478870540857315063e-02,-9.558812528848648071e-02,1.025658547878265381e-01,-1.135521233081817627e-01,1.591851264238357544e-01,3.520390018820762634e-02,-3.390951752662658691e-01,-6.429465487599372864e-03,7.513777166604995728e-02,2.063817977905273438e-01,7.513777166604995728e-02,-6.429465487599372864e-03,-3.390951752662658691e-01,3.520390018820762634e-02,1.591851264238357544e-01,-1.135521233081817627e-01,1.025658547878265381e-01,-9.558812528848648071e-02,3.478870540857315063e-02,-6.140915211290121078e-03,2.499083429574966431e-02,-3.378012031316757202e-02,1.882546767592430115e-02,-1.916287932544946671e-03,-6.895182654261589050e-03,-1.377373374998569489e-02,2.673235721886157990e-02
-4.417555928230285645e-01
3.101590787991881371e-03,-1.300720963627099991e-02,-5.138146691024303436e-03,1.942729391157627106e-02,-1.078302413225173950e-02,1.259611308341845870e-04,-1.474187825806438923e-03,1.728212833404541016e-02,-3.128398582339286804e-02,2.125232014805078506e-03,3.215412423014640808e-02,-4.623527824878692627e-02,1.764002591371536255e-01,-3.443731665611267090e-01,6.417483836412429810e-02,2.774108946323394775e-01,2.728724777698516846e-01,1.639067530632019043e-01,2.728724777698516846e-01,2.774108946323394775e-01,6.417483836412429810e-02,-3.443731665611267090e-01,1.764002591371536255e-01,-4.623527824878692627e-02,3.215412423014640808e-02,2.125232014805078506e-03,-3.128398582339286804e-02,1.728212833404541016e-02,-1.474187825806438923e-03,1.259611308341845870e-04,-1.078302413225173950e-02,1.942729391157627106e-02,-5.138146691024303436e-03,-1.300720963627099991e-02,3.101590787991881371e-03
2.695472538471221924e-02,-1.302572898566722870e-02,-6.519797258079051971e-03,-3.548384178429841995e-03,2.110673859715461731e-02,-3.214217349886894226e-02,2.732720971107482910e-02,-6.832523737102746964e-03,3.592975065112113953e-02,-9.487614035606384277e-02,9.877225011587142944e-02,-1.044438481330871582e-01,1.419580876827239990e-01,5.596723407506942749e-02,-3.463842868804931641e-01,-6.164106540381908417e-03,7.114256918430328369e-02,2.114463299512863159e-01,7.114256918430328369e-02,-6.164106540381908417e-03,-3.463842868804931641e-01,5.596723407506942749e-02,1.419580876827239990e-01,-1.044438481330871582e-01,9.877225011587142944e-02,-9.487614035606384277e-02,3.592975065112113953e-02,-6.832523737102746964e-03,2.732720971107482910e-02,-3.214217349886894226e-02,2.110673859715461731e-02,-3.548384178429841995e-03,-6.519797258079051971e-03,-1.302572898566722870e-02,2.695472538471221924e-02
-4.500580430030822754e-01
4.994783550500869751e-03,-1.308296062052249908e-02,-2.505233511328697205e-03,1.771395094692707062e-02,-1.115045137703418732e-02,-2.299080835655331612e-03,4.259207751601934433e-03,1.511299423873424530e-02,-2.653080038726329803e-02,-6.505786441266536713e-03,4.051011428236961365e-02,-5.518493801355361938e-02,1.824230104684829712e-01,-3.357758522033691406e-01,5.080393701791763306e-02,2.844599187374114990e-01,2.676147818565368652e-01,1.683876216411590576e-01,2.676147818565368652e-01,2.844599187374114990e-01,5.080393701791763306e-02,-3.357758522033691406e-01,1.824230104684829712e-01,-5.518493801355361938e-02,4.051011428236961365e-02,-6.505786441266536713e-03,-2.653080038726329803e-02,1.511299423873424530e-02,4.259207751601934433e-03,-2.299080835655331612e-03,-1.115045137703418732e-02,1.771395094692707062e-02,-2.505233511328697205e-03,-1.308296062052249908e-02,4.994783550500869751e-03
2.602224424481391907e-02,-1.447008736431598663e-02,-5.620883312076330185e-03,-1.418708357959985733e-03,2.059047482907772064e-02,-3.635246679186820984e-02,2.471103519201278687e-02,-6.139495410025119781e-03,4.002910479903221130e-02,-9.305097907781600952e-02,9.185564517974853516e-02,-9.613747894763946533e-02,1.249744370579719543e-01,7.628067582845687866e-02,-3.522571325302124023e-01,-7.413373794406652451e-03,6.738965213298797607e-02,2.158283889293670654e-01,6.738965213298797607e-02,-7.413373794406652451e-03,-3.522571325302124023e-01,7.628067582845687866e-02,1.249744370579719543e-01,-9.613747894763946533e-02,9.185564517974853516e-02,-9.305097907781600952e-02,4.002910479903221130e-02,-6.139495410025119781e-03,2.471103519201278687e-02,-3.635246679186820984e-02,2.059047482907772064e-02,-1.418708357959985733e-03,-5.620883312076330185e-03,-1.447008736431598663e-02,2.602224424481391907e-02
-4.584118425846099854e-01
6.772036664187908173e-03,-1.471785362809896469e-02,-2.311858115717768669e-03,1.666595600545406342e-02,-7.446736097335815430e-03,-4.275501705706119537e-03,7.263056002557277679e-03,1.252270210534334183e-02,-2.051035873591899872e-02,-1.289462111890316010e-02,4.856589809060096741e-02,-6.371380388736724854e-02,1.848086565732955933e-01,-3.268922567367553711e-01,3.729583323001861572e-02,2.928144037723541260e-01,2.624058723449707031e-01,1.725114285945892334e-01,2.624058723449707031e-01,2.928144037723541260e-01,3.729583323001861572e-02,-3.268922567367553711e-01,1.848086565732955933e-01,-6.371380388736724854e-02,4.856589809060096741e-02,-1.289462111890316010e-02,-2.051035873591899872e-02,1.252270210534334183e-02,7.263056002557277679e-03,-4.275501705706119537e-03,-7.446736097335815430e-03,1.666595600545406342e-02,-2.311858115717768669e-03,-1.471785362809896469e-02,6.772036664187908173e-03
2.636973559856414795e-02,-1.242757774889469147e-02,-6.112472154200077057e-03,-6.381631363183259964e-03,2.125626988708972931e-02,-3.439498692750930786e-02,2.396959066390991211e-02,-8.372654207050800323e-03,3.827472776174545288e-02,-9.055885672569274902e-02,8.653257787227630615e-02,-8.783766627311706543e-02,1.058007702231407166e-01,9.455441683530807495e-02,-3.559137582778930664e-01,-8.550498634576797485e-03,6.363162398338317871e-02,2.187688946723937988e-01,6.363162398338317871e-02,-8.550498634576797485e-03,-3.559137582778930664e-01,9.455441683530807495e-02,1.058007702231407166e-01,-8.783766627311706543e-02,8.653257787227630615e-02,-9.055885672569274902e-02,3.827472776174545288e-02,-8.372654207050800323e-03,2.396959066390991211e-02,-3.439498692750930786e-02,2.125626988708972931e-02,-6.381631363183259964e-03,-6.112472154200077057e-03,-1.242757774889469147e-02,2.636973559856414795e-02
-4.668166935443878174e-01
8.418533019721508026e-03,-1.535060442984104156e-02,-9.714287443784996867e-05,1.522430311888456345e-02,-9.197747334837913513e-03,-7.578780408948659897e-03,1.153637189418077469e-02,1.043277420103549957e-02,-1.792566478252410889e-02,-2.202952653169631958e-02,5.453441664576530457e-02,-6.975203007459640503e-02,1.876166164875030518e-01,-3.170887529850006104e-01,2.104165963828563690e-02,2.999459505081176758e-01,2.580814361572265625e-01,1.788998991250991821e-01,2.580814361572265625e-01,2.999459505081176758e-01,2.104165963828563690e-02,-3.170887529850006104e-01,1.876166164875030518e-01,-6.975203007459640503e-02,5.453441664576530457e-02,-2.202952653169631958e-02,-1.792566478252410889e-02,1.043277420103549957e-02,1.153637189418077469e-02,-7.578780408948659897e-03,-9.197747334837913513e-03,1.522430311888456345e-02,-9.714287443784996867e-05,-1.535060442984104156e-02,8.418533019721508026e-03
2.408577874302864075e-02,-1.429372560232877731e-02,-5.418175365775823593e-03,-1.486064982600510120e-03,2.248902618885040283e-02,-3.690228983759880066e-02,2.134825475513935089e-02,-7.190493401139974594e-03,3.976960852742195129e-02,-8.808716386556625366e-02,7.888451218605041504e-02,-7.910418510437011719e-02,8.829399943351745605e-02,1.120202019810676575e-01,-3.580137789249420166e-01,-9.359134361147880554e-03,6.127787008881568909e-02,2.211515903472900391e-01,6.127787008881568909e-02,-9.359134361147880554e-03,-3.580137789249420166e-01,1.120202019810676575e-01,8.829399943351745605e-02,-7.910418510437011719e-02,7.888451218605041504e-02,-8.808716386556625366e-02,3.976960852742195129e-02,-7.190493401139974594e-03,2.134825475513935089e-02,-3.690228983759880066e-02,2.248902618885040283e-02,-1.486064982600510120e-03,-5.418175365775823593e-03,-1.429372560232877731e-02,2.408577874302864075e-02
-4.752722978591918945e-01
9.360431693494319916e-03,-1.578992232680320740e-02,3.067558165639638901e-03,1.456193532794713974e-02,-1.011077873408794403e-02,-1.065609510987997055e-02,1.619572378695011139e-02,8.637589402496814728e-03,-1.503063552081584930e-02,-2.926331758499145508e-02,6.073640659451484680e-02,-7.469307631254196167e-02,1.886333078145980835e-01,-3.064365088939666748e-01,4.249843303114175797e-03,3.067365884780883789e-01,2.523477673530578613e-01,1.843956559896469116e-01,2.523477673530578613e-01,3.067365884780883789e-01,4.249843303114175797e-03,-3.064365088939666748e-01,1.886333078145980835e-01,-7.469307631254196167e-02,6.073640659451484680e-02,-2.926331758499145508e-02,-1.503063552081584930e-02,8.637589402496814728e-03,1.619572378695011139e-02,-1.065609510987997055e-02,-1.011077873408794403e-02,1.456193532794713974e-02,3.067558165639638901e-03,-1.578992232680320740e-02,9.360431693494319916e-03
2.136566303670406342e-02,-1.645533740520477295e-02,-5.111791659146547318e-03,1.610686653293669224e-03,2.330606430768966675e-02,-3.799251094460487366e-02,1.898163743317127228e-02,-6.642911583185195923e-03,3.985968977212905884e-02,-8.459316939115524292e-02,7.299263030290603638e-02,-6.890015304088592529e-02,7.181797176599502563e-02,1.278451383113861084e-01,-3.602704703807830811e-01,-1.190184429287910461e-02,5.932888016104698181e-02,2.228252738714218140e-01,5.932888016104698181e-02,-1.190184429287910461e-02,-3.602704703807830811e-01,1.278451383113861084e-01,7.181797176599502563e-02,-6.890015304088592529e-02,7.299263030290603638e-02,-8.459316939115524292e-02,3.985968977212905884e-02,-6.642911583185195923e-03,1.898163743317127228e-02,-3.799251094460487366e-02,2.330606430768966675e-02,1.610686653293669224e-03,-5.111791659146547318e-03,-1.645533740520477295e-02,2.136566303670406342e-02
-4.837783575057983398e-01
1.006554253399372101e-02,-1.590661518275737762e-02,7.909125648438930511e-03,1.324224285781383514e-02,-1.423146482557058334e-02,-1.383189950138330460e-02,2.203829027712345123e-02,8.216534741222858429e-03,-1.109968125820159912e-02,-3.565577417612075806e-02,6.554758548736572266e-02,-7.862824201583862305e-02,1.889481693506240845e-01,-2.948740720748901367e-01,-1.224496215581893921e-02,3.141485750675201416e-01,2.492400556802749634e-01,1.924863904714584351e-01,2.492400556802749634e-01,3.141485750675201416e-01,-1.224496215581893921e-02,-2.948740720748901367e-01,1.889481693506240845e-01,-7.862824201583862305e-02,6.554758548736572266e-02,-3.565577417612075806e-02,-1.109968125820159912e-02,8.216534741222858429e-03,2.203829027712345123e-02,-1.383189950138330460e-02,-1.423146482557058334e-02,1.324224285781383514e-02,7.909125648438930511e-03,-1.590661518275737762e-02,1.006554253399372101e-02
1.776265539228916168e-02,-2.134447731077671051e-02,-3.632000647485256195e-03,8.564032614231109619e-03,2.320657111704349518e-02,-4.036835581064224243e-02,1.740048825740814209e-02,-3.359678201377391815e-03,4.176284745335578918e-02,-8.083222061395645142e-02,6.601578742265701294e-02,-5.919572710990905762e-02,5.454968661069869995e-02,1.409631818532943726e-01,-3.620205521583557129e-01,-1.462483406066894531e-02,5.876811966300010681e-02,2.241088896989822388e-01,5.876811966300010681e-02,-1.462483406066894531e-02,-3.620205521583557129e-01,1.409631818532943726e-01,5.454968661069869995e-02,-5.919572710990905762e-02,6.601578742265701294e-02,-8.083222061395645142e-02,4.176284745335578918e-02,-3.359678201377391815e-03,1.740048825740814209e-02,-4.036835581064224243e-02,2.320657111704349518e-02,8.564032614231109619e-03,-3.632000647485256195e-03,-2.134447731077671051e-02,1.776265539228916168e-02
-4.923345446586608887e-01
1.195794157683849335e-02,-1.814001798629760742e-02,4.357310943305492401e-03,1.264820154756307602e-02,-8.464652113616466522e-03,-1.590795442461967468e-02,2.117117866873741150e-02,5.053923465311527252e-03,-7.073368411511182785e-03,-4.013160988688468933e-02,6.904942542314529419e-02,-8.321212977170944214e-02,1.862452477216720581e-01,-2.822298109531402588e-01,-2.712577208876609802e-02,3.224995434284210205e-01,2.460919916629791260e-01,1.998793333768844604e-01,2.460919916629791260e-01,3.224995434284210205e-01,-2.712577208876609802e-02,-2.822298109531402588e-01,1.862452477216720581e-01,-8.321212977170944214e-02,6.904942542314529419e-02,-4.013160988688468933e-02,-7.073368411511182785e-03,5.053923465311527252e-03,2.117117866873741150e-02,-1.590795442461967468e-02,-8.464652113616466522e-03,1.264820154756307602e-02,4.357310943305492401e-03,-1.814001798629760742e-02,1.195794157683849335e-02
1.871057040989398956e-02,-1.472368836402893066e-02,-5.212931893765926361e-03,2.642006147652864456e-03,2.331585250794887543e-02,-3.599349409341812134e-02,1.737957447767257690e-02,-4.126754123717546463e-03,3.783456236124038696e-02,-7.644270360469818115e-02,6.083217263221740723e-02,-4.947071522474288940e-02,3.815864771604537964e-02,1.538306623697280884e-01,-3.631432056427001953e-01,-1.924899779260158539e-02,5.864851549267768860e-02,2.249898612499237061e-01,5.864851549267768860e-02,-1.924899779260158539e-02,-3.631432056427001953e-01,1.538306623697280884e-01,3.815864771604537964e-02,-4.947071522474288940e-02,6.083217263221740723e-02,-7.644270360469818115e-02,3.783456236124038696e-02,-4.126754123717546463e-03,1.737957447767257690e-02,-3.599349409341812134e-02,2.331585250794887543e-02,2.642006147652864456e-03,-5.212931893765926361e-03,-1.472368836402893066e-02,1.871057040989398956e-02
-5.009405612945556641e-01
1.298370771110057831e-02,-1.860686019062995911e-02,6.987574975937604904e-03,1.173972897231578827e-02,-9.244151413440704346e-03,-1.777742244303226471e-02,2.445625886321067810e-02,3.924251534044742584e-03,-3.031598171219229698e-03,-4.445566609501838684e-02,7.231532037258148193e-02,-8.571619540452957153e-02,1.835895478725433350e-01,-2.687870264053344727e-01,-4.175769165158271790e-02,3.302064836025238037e-01,2.425225377082824707e-01,2.067332863807678223e-01,2.425225377082824707e-01,3.302064836025238037e-01,-4.175769165158271790e-02,-2.687870264053344727e-01,1.835895478725433350e-01,-8.571619540452957153e-02,7.231532037258148193e-02,-4.445566609501838684e-02,-3.031598171219229698e-03,3.924251534044742584e-03,2.445625886321067810e-02,-1.777742244303226471e-02,-9.244151413440704346e-03,1.173972897231578827e-02,6.987574975937604904e-03,-1.860686019062995911e-02,1.298370771110057831e-02
1.648788526654243469e-02,-1.647744327783584595e-02,-5.414805840700864792e-03,4.690911620855331421e-03,2.099009789526462555e-02,-3.837070614099502563e-02,1.424804050475358963e-02,-1.081403228454291821e-03,4.033697023987770081e-02,-7.001941651105880737e-02,5.487817153334617615e-02,-3.995220735669136047e-02,2.315216138958930969e-02,1.655197292566299438e-01,-3.633613586425781250e-01,-2.485322207212448120e-02,5.908745154738426208e-02,2.251993715763092041e-01,5.908745154738426208e-02,-2.485322207212448120e-02,-3.633613586425781250e-01,1.655197292566299438e-01,2.315216138958930969e-02,-3.995220735669136047e-02,5.487817153334617615e-02,-7.001941651105880737e-02,4.033697023987770081e-02,-1.081403228454291821e-03,1.424804050475358963e-02,-3.837070614099502563e-02,2.099009789526462555e-02,4.690911620855331421e-03,-5.414805840700864792e-03,-1.647744327783584595e-02,1.648788526654243469e-02
-5.095961689949035645e-01
1.450863853096961975e-02,-2.207578159868717194e-02,-4.446801904123276472e-04,1.036459766328334808e-02,7.426422089338302612e-03,-1.582015305757522583e-02,1.460293401032686234e-02,-3.915237262845039368e-03,3.168907016515731812e-03,-4.233351722359657288e-02,7.947197556495666504e-02,-8.853165805339813232e-02,1.766728460788726807e-01,-2.557309865951538086e-01,-5.611700937151908875e-02,3.375350832939147949e-01,2.355213910341262817e-01,2.097463905811309814e-01,2.355213910341262817e-01,3.375350832939147949e-01,-5.611700937151908875e-02,-2.557309865951538086e-01,1.766728460788726807e-01,-8.853165805339813232e-02,7.947197556495666504e-02,-4.233351722359657288e-02,3.168907016515731812e-03,-3.915237262845039368e-03,1.460293401032686234e-02,-1.582015305757522583e-02,7.426422089338302612e-03,1.036459766328334808e-02,-4.446801904123276472e-04,-2.207578159868717194e-02,1.450863853096961975e-02
2.193493768572807312e-02,-3.972935490310192108e-03,-6.805994547903537750e-03,-1.556146237999200821e-02,1.864687912166118622e-02,-1.825653202831745148e-02,2.165333181619644165e-02,-9.559252299368381500e-03,2.601230889558792114e-02,-6.409944593906402588e-02,5.646399036049842834e-02,-2.775010280311107635e-02,8.968456648290157318e-03,1.771034151315689087e-01,-3.612434566020965576e-01,-3.100277110934257507e-02,6.029423698782920837e-02,2.251850068569183350e-01,6.029423698782920837e-02,-3.100277110934257507e-02,-3.612434566020965576e-01,1.771034151315689087e-01,8.968456648290157318e-03,-2.775010280311107635e-02,5.646399036049842834e-02,-6.409944593906402588e-02,2.601230889558792114e-02,-9.559252299368381500e-03,2.165333181619644165e-02,-1.825653202831745148e-02,1.864687912166118622e-02,-1.556146237999200821e-02,-6.805994547903537750e-03,-3.972935490310192108e-03,2.193493768572807312e-02
-5.183010697364807129e-01
1.502198632806539536e-02,-2.131763473153114319e-02,6.066355388611555099e-03,1.060225907713174820e-02,-4.831011872738599777e-03,-2.239383943378925323e-02,2.560843527317047119e-02,5.957185639999806881e-04,3.709038021042943001e-03,-5.085833370685577393e-02,7.911349087953567505e-02,-8.709635585546493530e-02,1.752373427152633667e-01,-2.423413544893264771e-01,-7.368289679288864136e-02,3.432368338108062744e-01,2.325774133205413818e-01,2.171231061220169067e-01,2.325774133205413818e-01,3.432368338108062744e-01,-7.368289679288864136e-02,-2.423413544893264771e-01,1.752373427152633667e-01,-8.709635585546493530e-02,7.911349087953567505e-02,-5.085833370685577393e-02,3.709038021042943001e-03,5.957185639999806881e-04,2.560843527317047119e-02,-2.239383943378925323e-02,-4.831011872738599777e-03,1.060225907713174820e-02,6.066355388611555099e-03,-2.131763473153114319e-02,1.502198632806539536e-02
1.409180741757154465e-02,-1.187223382294178009e-02,-6.441350560635328293e-03,2.458221744745969772e-03,2.015121094882488251e-02,-3.504138067364692688e-02,1.052310504019260406e-02,6.374069489538669586e-04,3.607280924916267395e-02,-5.956029519438743591e-02,4.331588745117187500e-02,-2.083116583526134491e-02,-3.214704804122447968e-03,1.875761747360229492e-01,-3.585373759269714355e-01,-3.708756715059280396e-02,6.161035597324371338e-02,2.236694842576980591e-01,6.161035597324371338e-02,-3.708756715059280396e-02,-3.585373759269714355e-01,1.875761747360229492e-01,-3.214704804122447968e-03,-2.083116583526134491e-02,4.331588745117187500e-02,-5.956029519438743591e-02,3.607280924916267395e-02,6.374069489538669586e-04,1.052310504019260406e-02,-3.504138067364692688e-02,2.015121094882488251e-02,2.458221744745969772e-03,-6.441350560635328293e-03,-1.187223382294178009e-02,1.409180741757154465e-02
-5.270549654960632324e-01
1.529814396053552628e-02,-2.133709937334060669e-02,9.504869580268859863e-03,9.978798218071460724e-03,-7.715547922998666763e-03,-2.450213953852653503e-02,2.974945493042469025e-02,7.802951149642467499e-04,6.176827475428581238e-03,-5.461235344409942627e-02,8.030305057764053345e-02,-8.660349249839782715e-02,1.710013896226882935e-01,-2.276811003684997559e-01,-8.751755952835083008e-02,3.501443266868591309e-01,2.291888594627380371e-01,2.227862626314163208e-01,2.291888594627380371e-01,3.501443266868591309e-01,-8.751755952835083008e-02,-2.276811003684997559e-01,1.710013896226882935e-01,-8.660349249839782715e-02,8.030305057764053345e-02,-5.461235344409942627e-02,6.176827475428581238e-03,7.802951149642467499e-04,2.974945493042469025e-02,-2.450213953852653503e-02,-7.715547922998666763e-03,9.978798218071460724e-03,9.504869580268859863e-03,-2.133709937334060669e-02,1.529814396053552628e-02
1.150834280997514725e-02,-1.385416369885206223e-02,-5.995294544845819473e-03,8.049580268561840057e-03,2.107824943959712982e-02,-3.532523661851882935e-02,7.108664605766534805e-03,2.389698987826704979e-03,3.489260375499725342e-02,-5.523204058408737183e-02,3.476213291287422180e-02,-1.423341594636440277e-02,-1.746070012450218201e-02,1.954962611198425293e-01,-3.551320433616638184e-01,-4.403514415025711060e-02,6.305352598428726196e-02,2.216503620147705078e-01,6.305352598428726196e-02,-4.403514415025711060e-02,-3.551320433616638184e-01,1.954962611198425293e-01,-1.746070012450218201e-02,-1.423341594636440277e-02,3.476213291287422180e-02,-5.523204058408737183e-02,3.489260375499725342e-02,2.389698987826704979e-03,7.108664605766534805e-03,-3.532523661851882935e-02,2.107824943959712982e-02,8.049580268561840057e-03,-5.995294544845819473e-03,-1.385416369885206223e-02,1.150834280997514725e-02
-5.358575582504272461e-01
1.715896092355251312e-02,-2.517301589250564575e-02,-2.146109938621520996e-03,6.766270846128463745e-03,1.680447719991207123e-02,-1.588459126651287079e-02,1.005159970372915268e-02,-1.608870178461074829e-02,1.316165085881948471e-02,-4.288857802748680115e-02,8.870508521795272827e-02,-9.064238518476486206e-02,1.570150405168533325e-01,-2.135029435157775879e-01,-9.775061160326004028e-02,3.578330874443054199e-01,2.261299341917037964e-01,2.273249328136444092e-01,2.261299341917037964e-01,3.578330874443054199e-01,-9.775061160326004028e-02,-2.135029435157775879e-01,1.570150405168533325e-01,-9.064238518476486206e-02,8.870508521795272827e-02,-4.288857802748680115e-02,1.316165085881948471e-02,-1.608870178461074829e-02,1.005159970372915268e-02,-1.588459126651287079e-02,1.680447719991207123e-02,6.766270846128463745e-03,-2.146109938621520996e-03,-2.517301589250564575e-02,1.715896092355251312e-02
2.076034061610698700e-02,2.101506805047392845e-03,-6.185746286064386368e-03,-1.809009723365306854e-02,1.507563795894384384e-02,-9.010671637952327728e-04,2.508687414228916168e-02,-1.324960589408874512e-02,7.229303009808063507e-03,-5.265236273407936096e-02,4.256123304367065430e-02,2.363979874644428492e-04,-3.241371363401412964e-02,1.998923718929290771e-01,-3.527162075042724609e-01,-5.087662488222122192e-02,6.684459000825881958e-02,2.204187065362930298e-01,6.684459000825881958e-02,-5.087662488222122192e-02,-3.527162075042724609e-01,1.998923718929290771e-01,-3.241371363401412964e-02,2.363979874644428492e-04,4.256123304367065430e-02,-5.265236273407936096e-02,7.229303009808063507e-03,-1.324960589408874512e-02,2.508687414228916168e-02,-9.010671637952327728e-04,1.507563795894384384e-02,-1.809009723365306854e-02,-6.185746286064386368e-03,2.101506805047392845e-03,2.076034061610698700e-02
-5.447086691856384277e-01
1.756872050464153290e-02,-2.391645684838294983e-02,2.814513863995671272e-03,8.607981726527214050e-03,6.400979124009609222e-03,-2.518303506076335907e-02,2.452167682349681854e-02,-3.802632912993431091e-03,1.242019888013601303e-02,-5.528923496603965759e-02,8.399046957492828369e-02,-8.550950884819030762e-02,1.569281518459320068e-01,-1.993311643600463867e-01,-1.159016937017440796e-01,3.617074489593505859e-01,2.237834632396697998e-01,2.339516431093215942e-01,2.237834632396697998e-01,3.617074489593505859e-01,-1.159016937017440796e-01,-1.993311643600463867e-01,1.569281518459320068e-01,-8.550950884819030762e-02,8.399046957492828369e-02,-5.528923496603965759e-02,1.242019888013601303e-02,-3.802632912993431091e-03,2.452167682349681854e-02,-2.518303506076335907e-02,6.400979124009609222e-03,8.607981726527214050e-03,2.814513863995671272e-03,-2.391645684838294983e-02,1.756872050464153290e-02
1.334747485816478729e-02,-2.560483117122203112e-04,-5.437258165329694748e-03,-5.290221422910690308e-03,1.816369406878948212e-02,-2.118326537311077118e-02,9.435306303203105927e-03,3.858926356770098209e-05,2.102241851389408112e-02,-4.699191078543663025e-02,2.793970517814159393e-02,6.488350685685873032e-03,-3.822100162506103516e-02,2.088616788387298584e-01,-3.488343954086303711e-01,-6.101549416780471802e-02,6.922361999750137329e-02,2.180723398923873901e-01,6.922361999750137329e-02,-6.101549416780471802e-02,-3.488343954086303711e-01,2.088616788387298584e-01,-3.822100162506103516e-02,6.488350685685873032e-03,2.793970517814159393e-02,-4.699191078543663025e-02,2.102241851389408112e-02,3.858926356770098209e-05,9.435306303203105927e-03,-2.118326537311077118e-02,1.816369406878948212e-02,-5.290221422910690308e-03,-5.437258165329694748e-03,-2.560483117122203112e-04,1.334747485816478729e-02
-5.536079406738281250e-01
1.864721067249774933e-02,-2.450317703187465668e-02,1.216563279740512371e-03,7.296807132661342621e-03,1.159592624753713608e-02,-2.413376048207283020e-02,2.066896855831146240e-02,-7.299818564206361771e-03,1.435095537453889847e-02,-5.484507232904434204e-02,8.487567305564880371e-02,-8.469764888286590576e-02,1.483695656061172485e-01,-1.853602975606918335e-01,-1.297124028205871582e-01,3.664264380931854248e-01,2.213453054428100586e-01,2.390368282794952393e-01,2.213453054428100586e-01,3.664264380931854248e-01,-1.297124028205871582e-01,-1.853602975606918335e-01,1.483695656061172485e-01,-8.469764888286590576e-02,8.487567305564880371e-02,-5.484507232904434204e-02,1.435095537453889847e-02,-7.299818564206361771e-03,2.066896855831146240e-02,-2.413376048207283020e-02,1.159592624753713608e-02,7.296807132661342621e-03,1.216563279740512371e-03,-2.450317703187465668e-02,1.864721067249774933e-02
1.403423771262168884e-02,2.679725876078009605e-03,-5.949285812675952911e-03,-1.114884018898010254e-02,1.413130015134811401e-02,-1.281350571662187576e-02,1.276874076575040817e-02,-8.997480617836117744e-04,1.329514570534229279e-02,-4.340578988194465637e-02,2.442829310894012451e-02,1.583861932158470154e-02,-4.769542440772056580e-02,2.141999602317810059e-01,-3.435997366905212402e-01,-6.924567371606826782e-02,7.352622598409652710e-02,2.160390913486480713e-01,7.352622598409652710e-02,-6.924567371606826782e-02,-3.435997366905212402e-01,2.141999602317810059e-01,-4.769542440772056580e-02,1.583861932158470154e-02,2.442829310894012451e-02,-4.340578988194465637e-02,1.329514570534229279e-02,-8.997480617836117744e-04,1.276874076575040817e-02,-1.281350571662187576e-02,1.413130015134811401e-02,-1.114884018898010254e-02,-5.949285812675952911e-03,2.679725876078009605e-03,1.403423771262168884e-02
-5.625551342964172363e-01
1.934891566634178162e-02,-2.554587088525295258e-02,-6.678372737951576710e-04,5.665938835591077805e-03,1.781284995377063751e-02,-1.994960568845272064e-02,1.393757853657007217e-02,-1.680639199912548065e-02,1.532180700451135635e-02,-5.022524297237396240e-02,8.815303444862365723e-02,-8.450868725776672363e-02,1.365692317485809326e-01,-1.713935732841491699e-01,-1.396389901638031006e-01,3.722537457942962646e-01,2.178932875394821167e-01,2.413950562477111816e-01,2.178932875394821167e-01,3.722537457942962646e-01,-1.396389901638031006e-01,-1.713935732841491699e-01,1.365692317485809326e-01,-8.450868725776672363e-02,8.815303444862365723e-02,-5.022524297237396240e-02,1.532180700451135635e-02,-1.680639199912548065e-02,1.393757853657007217e-02,-1.994960568845272064e-02,1.781284995377063751e-02,5.665938835591077805e-03,-6.678372737951576710e-04,-2.554587088525295258e-02,1.934891566634178162e-02
1.519324909895658493e-02,5.241798702627420425e-03,-6.777002010494470596e-03,-1.601884141564369202e-02,1.062036864459514618e-02,-9.045545011758804321e-04,1.742867380380630493e-02,-5.337501410394906998e-03,2.738242968916893005e-03,-3.942229971289634705e-02,2.366513945162296295e-02,2.479647286236286163e-02,-5.802282318472862244e-02,2.179401814937591553e-01,-3.361377716064453125e-01,-7.757627964019775391e-02,7.622764259576797485e-02,2.119937986135482788e-01,7.622764259576797485e-02,-7.757627964019775391e-02,-3.361377716064453125e-01,2.179401814937591553e-01,-5.802282318472862244e-02,2.479647286236286163e-02,2.366513945162296295e-02,-3.942229971289634705e-02,2.738242968916893005e-03,-5.337501410394906998e-03,1.742867380380630493e-02,-9.045545011758804321e-04,1.062036864459514618e-02,-1.601884141564369202e-02,-6.777002010494470596e-03,5.241798702627420425e-03,1.519324909895658493e-02
-5.715500712394714355e-01
1.844453066587448120e-02,-2.381686866283416748e-02,6.578565575182437897e-03,1.004758663475513458e-02,3.126983297988772392e-03,-3.082743845880031586e-02,2.877692691981792450e-02,-3.505906090140342712e-03,1.474465243518352509e-02,-6.081975251436233521e-02,8.072040230035781860e-02,-7.886656373739242554e-02,1.350546479225158691e-01,-1.568660140037536621e-01,-1.547551602125167847e-01,3.758750557899475098e-01,2.197272777557373047e-01,2.490828782320022583e-01,2.197272777557373047e-01,3.758750557899475098e-01,-1.547551602125167847e-01,-1.568660140037536621e-01,1.350546479225158691e-01,-7.886656373739242554e-02,8.072040230035781860e-02,-6.081975251436233521e-02,1.474465243518352509e-02,-3.505906090140342712e-03,2.877692691981792450e-02,-3.082743845880031586e-02,3.126983297988772392e-03,1.004758663475513458e-02,6.578565575182437897e-03,-2.381686866283416748e-02,1.844453066587448120e-02
6.615010090172290802e-03,-1.695666695013642311e-03,-7.305441424250602722e-03,5.363409873098134995e-03,1.673123054206371307e-02,-2.431577071547508240e-02,-5.931917694397270679e-04,8.380585350096225739e-03,1.899003610014915466e-02,-3.399489820003509521e-02,7.581344805657863617e-03,2.661395817995071411e-02,-6.472257524728775024e-02,2.228971421718597412e-01,-3.283294141292572021e-01,-8.663500845432281494e-02,7.982322573661804199e-02,2.084729075431823730e-01,7.982322573661804199e-02,-8.663500845432281494e-02,-3.283294141292572021e-01,2.228971421718597412e-01,-6.472257524728775024e-02,2.661395817995071411e-02,7.581344805657863617e-03,-3.399489820003509521e-02,1.899003610014915466e-02,8.380585350096225739e-03,-5.931917694397270679e-04,-2.431577071547508240e-02,1.673123054206371307e-02,5.363409873098134995e-03,-7.305441424250602722e-03,-1.695666695013642311e-03,6.615010090172290802e-03
-5.805923938751220703e-01
1.867569237947463989e-02,-2.408202178776264191e-02,6.147454958409070969e-03,9.742326103150844574e-03,2.989439526572823524e-03,-3.158875554800033569e-02,2.856338396668434143e-02,-3.537337295711040497e-03,1.518864370882511139e-02,-6.139691174030303955e-02,7.862207293510437012e-02,-7.630317658185958862e-02,1.270566880702972412e-01,-1.428353488445281982e-01,-1.666869670152664185e-01,3.792860805988311768e-01,2.190412878990173340e-01,2.534625232219696045e-01,2.190412878990173340e-01,3.792860805988311768e-01,-1.666869670152664185e-01,-1.428353488445281982e-01,1.270566880702972412e-01,-7.630317658185958862e-02,7.862207293510437012e-02,-6.139691174030303955e-02,1.518864370882511139e-02,-3.537337295711040497e-03,2.856338396668434143e-02,-3.158875554800033569e-02,2.989439526572823524e-03,9.742326103150844574e-03,6.147454958409070969e-03,-2.408202178776264191e-02,1.867569237947463989e-02
5.098283756524324417e-03,-8.610395016148686409e-04,-7.666220422834157944e-03,6.238299421966075897e-03,1.595440506935119629e-02,-2.296203002333641052e-02,-2.853137906640768051e-03,9.546316228806972504e-03,1.636801101267337799e-02,-3.047073818743228912e-02,1.382452086545526981e-03,3.200342878699302673e-02,-7.252601534128189087e-02,2.253359407186508179e-01,-3.213848471641540527e-01,-9.665619581937789917e-02,8.434053510427474976e-02,2.052759230136871338e-01,8.434053510427474976e-02,-9.665619581937789917e-02,-3.213848471641540527e-01,2.253359407186508179e-01,-7.252601534128189087e-02,3.200342878699302673e-02,1.382452086545526981e-03,-3.047073818743228912e-02,1.636801101267337799e-02,9.546316228806972504e-03,-2.853137906640768051e-03,-2.296203002333641052e-02,1.595440506935119629e-02,6.238299421966075897e-03,-7.666220422834157944e-03,-8.610395016148686409e-04,5.098283756524324417e-03
-5.896819233894348145e-01
2.022564224898815155e-02,-2.502977661788463593e-02,5.768818082287907600e-04,6.362474989145994186e-03,1.229975093156099319e-02,-2.765601873397827148e-02,2.189455553889274597e-02,-8.571350947022438049e-03,1.675704866647720337e-02,-5.752721801400184631e-02,7.957222312688827515e-02,-7.483976334333419800e-02,1.163725256919860840e-01,-1.287213414907455444e-01,-1.758676320314407349e-01,3.825931847095489502e-01,2.170681208372116089e-01,2.554616332054138184e-01,2.170681208372116089e-01,3.825931847095489502e-01,-1.758676320314407349e-01,-1.287213414907455444e-01,1.163725256919860840e-01,-7.483976334333419800e-02,7.957222312688827515e-02,-5.752721801400184631e-02,1.675704866647720337e-02,-8.571350947022438049e-03,2.189455553889274597e-02,-2.765601873397827148e-02,1.229975093156099319e-02,6.362474989145994186e-03,5.768818082287907600e-04,-2.502977661788463593e-02,2.022564224898815155e-02
7.067533209919929504e-03,7.843869738280773163e-03,-6.503033917397260666e-03,-9.152325801551342010e-03,8.952833712100982666e-03,-8.854870684444904327e-03,4.550624638795852661e-03,5.909762345254421234e-03,5.413011647760868073e-03,-2.649407647550106049e-02,1.575264264829456806e-03,3.975081071257591248e-02,-7.980901002883911133e-02,2.265027910470962524e-01,-3.151212036609649658e-01,-1.079024001955986023e-01,8.854339271783828735e-02,2.019243538379669189e-01,8.854339271783828735e-02,-1.079024001955986023e-01,-3.151212036609649658e-01,2.265027910470962524e-01,-7.980901002883911133e-02,3.975081071257591248e-02,1.575264264829456806e-03,-2.649407647550106049e-02,5.413011647760868073e-03,5.909762345254421234e-03,4.550624638795852661e-03,-8.854870684444904327e-03,8.952833712100982666e-03,-9.152325801551342010e-03,-6.503033917397260666e-03,7.843869738280773163e-03,7.067533209919929504e-03
-5.988183617591857910e-01
1.825609616935253143e-02,-2.347491122782230377e-02,8.242336101830005646e-03,1.029576640576124191e-02,6.024015019647777081e-04,-3.362587839365005493e-02,3.007579222321510315e-02,-2.077827462926506996e-03,1.594138704240322113e-02,-6.244400143623352051e-02,7.322457432746887207e-02,-6.957367062568664551e-02,1.123797073960304260e-01,-1.146884486079216003e-01,-1.871837526559829712e-01,3.840177357196807861e-01,2.137726396322250366e-01,2.562642395496368408e-01,2.137726396322250366e-01,3.840177357196807861e-01,-1.871837526559829712e-01,-1.146884486079216003e-01,1.123797073960304260e-01,-6.957367062568664551e-02,7.322457432746887207e-02,-6.244400143623352051e-02,1.594138704240322113e-02,-2.077827462926506996e-03,3.007579222321510315e-02,-3.362587839365005493e-02,6.024015019647777081e-04,1.029576640576124191e-02,8.242336101830005646e-03,-2.347491122782230377e-02,1.825609616935253143e-02
1.948082004673779011e-03,-2.640954684466123581e-03,-8.500892668962478638e-03,1.093377824872732162e-02,1.584674417972564697e-02,-2.161275222897529602e-02,-8.858380839228630066e-03,1.309824828058481216e-02,1.651316508650779724e-02,-1.950088143348693848e-02,-1.022903155535459518e-02,3.952355310320854187e-02,-8.514912426471710205e-02,2.309785485267639160e-01,-3.036355674266815186e-01,-1.173986345529556274e-01,9.269404411315917969e-02,1.978406906127929688e-01,9.269404411315917969e-02,-1.173986345529556274e-01,-3.036355674266815186e-01,2.309785485267639160e-01,-8.514912426471710205e-02,3.952355310320854187e-02,-1.022903155535459518e-02,-1.950088143348693848e-02,1.651316508650779724e-02,1.309824828058481216e-02,-8.858380839228630066e-03,-2.161275222897529602e-02,1.584674417972564697e-02,1.093377824872732162e-02,-8.500892668962478638e-03,-2.640954684466123581e-03,1.948082004673779011e-03
-6.080015301704406738e-01
1.826827786862850189e-02,-2.342652156949043274e-02,7.720469497144222260e-03,1.069765165448188782e-02,1.604389748536050320e-03,-3.438303619623184204e-02,2.991568297147750854e-02,-1.789636560715734959e-03,1.561279967427253723e-02,-6.147202849388122559e-02,7.256815582513809204e-02,-6.478841602802276611e-02,1.048643812537193298e-01,-1.016370505094528198e-01,-1.974444240331649780e-01,3.854126632213592529e-01,2.116663455963134766e-01,2.570847570896148682e-01,2.116663455963134766e-01,3.854126632213592529e-01,-1.974444240331649780e-01,-1.016370505094528198e-01,1.048643812537193298e-01,-6.478841602802276611e-02,7.256815582513809204e-02,-6.147202849388122559e-02,1.561279967427253723e-02,-1.789636560715734959e-03,2.991568297147750854e-02,-3.438303619623184204e-02,1.604389748536050320e-03,1.069765165448188782e-02,7.720469497144222260e-03,-2.342652156949043274e-02,1.826827786862850189e-02
1.325974124483764172e-03,-1.872142747743055224e-04,-8.908995427191257477e-03,9.468385949730873108e-03,1.474793441593647003e-02,-1.846889778971672058e-02,-9.326657280325889587e-03,1.437787152826786041e-02,1.380169298499822617e-02,-1.634006202220916748e-02,-1.533048879355192184e-02,4.330647736787796021e-02,-9.116186201572418213e-02,2.310326248407363892e-01,-2.949401140213012695e-01,-1.280770301818847656e-01,9.674928337335586548e-02,1.935197412967681885e-01,9.674928337335586548e-02,-1.280770301818847656e-01,-2.949401140213012695e-01,2.310326248407363892e-01,-9.116186201572418213e-02,4.330647736787796021e-02,-1.533048879355192184e-02,-1.634006202220916748e-02,1.380169298499822617e-02,1.437787152826786041e-02,-9.326657280325889587e-03,-1.846889778971672058e-02,1.474793441593647003e-02,9.468385949730873108e-03,-8.908995427191257477e-03,-1.872142747743055224e-04,1.325974124483764172e-03
-6.172311902046203613e-01
1.921446062624454498e-02,-2.323854900896549225e-02,3.418146632611751556e-03,9.884074330329895020e-03,7.002605125308036804e-03,-3.316771984100341797e-02,2.721761353313922882e-02,-2.805213676765561104e-03,1.509589422494173050e-02,-5.965002626180648804e-02,7.238915562629699707e-02,-6.061851978302001953e-02,9.621676057577133179e-02,-8.924161642789840698e-02,-2.073685526847839355e-01,3.864188194274902344e-01,2.108913362026214600e-01,2.582890391349792480e-01,2.108913362026214600e-01,3.864188194274902344e-01,-2.073685526847839355e-01,-8.924161642789840698e-02,9.621676057577133179e-02,-6.061851978302001953e-02,7.238915562629699707e-02,-5.965002626180648804e-02,1.509589422494173050e-02,-2.805213676765561104e-03,2.721761353313922882e-02,-3.316771984100341797e-02,7.002605125308036804e-03,9.884074330329895020e-03,3.418146632611751556e-03,-2.323854900896549225e-02,1.921446062624454498e-02
1.734665129333734512e-03,7.179383654147386551e-03,-7.573601789772510529e-03,5.469758762046694756e-04,1.021454297006130219e-02,-1.251225639134645462e-02,-7.324113044887781143e-03,1.429394260048866272e-02,9.245654568076133728e-03,-1.191682461649179459e-02,-1.716567389667034149e-02,4.772453382611274719e-02,-9.726988524198532104e-02,2.301160395145416260e-01,-2.857677638530731201e-01,-1.385289132595062256e-01,1.013328209519386292e-01,1.895982474088668823e-01,1.013328209519386292e-01,-1.385289132595062256e-01,-2.857677638530731201e-01,2.301160395145416260e-01,-9.726988524198532104e-02,4.772453382611274719e-02,-1.716567389667034149e-02,-1.191682461649179459e-02,9.245654568076133728e-03,1.429394260048866272e-02,-7.324113044887781143e-03,-1.251225639134645462e-02,1.021454297006130219e-02,5.469758762046694756e-04,-7.573601789772510529e-03,7.179383654147386551e-03,1.734665129333734512e-03
-6.265070438385009766e-01
1.830659992992877960e-02,-2.246993035078048706e-02,5.002382677048444748e-03,1.120861526578664780e-02,4.329661373049020767e-03,-3.404336050152778625e-02,3.009914793074131012e-02,-1.320558949373662472e-04,1.465599145740270615e-02,-6.055772677063941956e-02,6.782045215368270874e-02,-5.606007575988769531e-02,9.043051302433013916e-02,-7.586506754159927368e-02,-2.163644731044769287e-01,3.862158656120300293e-01,2.093742042779922485e-01,2.585371732711791992e-01,2.093742042779922485e-01,3.862158656120300293e-01,-2.163644731044769287e-01,-7.586506754159927368e-02,9.043051302433013916e-02,-5.606007575988769531e-02,6.782045215368270874e-02,-6.055772677063941956e-02,1.465599145740270615e-02,-1.320558949373662472e-04,3.009914793074131012e-02,-3.404336050152778625e-02,4.329661373049020767e-03,1.120861526578664780e-02,5.002382677048444748e-03,-2.246993035078048706e-02,1.830659992992877960e-02
3.014210669789463282e-04,4.679530393332242966e-03,-8.212602697312831879e-03,5.915075074881315231e-03,1.070802006870508194e-02,-1.530059799551963806e-02,-1.257758680731058121e-02,1.595336571335792542e-02,1.078315451741218567e-02,-6.879213266074657440e-03,-2.317810803651809692e-02,4.865732043981552124e-02,-1.019668430089950562e-01,2.302169054746627808e-01,-2.751579582691192627e-01,-1.487481594085693359e-01,1.060746014118194580e-01,1.856514960527420044e-01,1.060746014118194580e-01,-1.487481594085693359e-01,-2.751579582691192627e-01,2.302169054746627808e-01,-1.019668430089950562e-01,4.865732043981552124e-02,-2.317810803651809692e-02,-6.879213266074657440e-03,1.078315451741218567e-02,1.595336571335792542e-02,-1.257758680731058121e-02,-1.530059799551963806e-02,1.070802006870508194e-02,5.915075074881315231e-03,-8.212602697312831879e-03,4.679530393332242966e-03,3.014210669789463282e-04
-6.358289122581481934e-01
1.776345819234848022e-02,-2.139266766607761383e-02,5.558022763580083847e-03,1.184039004147052765e-02,3.747668815776705742e-03,-3.479807078838348389e-02,3.055449202656745911e-02,1.000076183117926121e-03,1.370219048112630844e-02,-6.027742475271224976e-02,6.430409103631973267e-02,-5.127133429050445557e-02,8.470770716667175293e-02,-6.264027208089828491e-02,-2.243181914091110229e-01,3.852751851081848145e-01,2.069321274757385254e-01,2.576673328876495361e-01,2.069321274757385254e-01,3.852751851081848145e-01,-2.243181914091110229e-01,-6.264027208089828491e-02,8.470770716667175293e-02,-5.127133429050445557e-02,6.430409103631973267e-02,-6.027742475271224976e-02,1.370219048112630844e-02,1.000076183117926121e-03,3.055449202656745911e-02,-3.479807078838348389e-02,3.747668815776705742e-03,1.184039004147052765e-02,5.558022763580083847e-03,-2.139266766607761383e-02,1.776345819234848022e-02
-3.512086113914847374e-04,4.747981205582618713e-03,-7.884409278631210327e-03,7.662724237889051437e-03,1.042935345321893692e-02,-1.442181505262851715e-02,-1.512525696307420731e-02,1.679609529674053192e-02,1.003744918853044510e-02,-3.057590918615460396e-03,-2.845512516796588898e-02,4.974638670682907104e-02,-1.050648167729377747e-01,2.307751178741455078e-01,-2.636581659317016602e-01,-1.589400768280029297e-01,1.107685938477516174e-01,1.816639155149459839e-01,1.107685938477516174e-01,-1.589400768280029297e-01,-2.636581659317016602e-01,2.307751178741455078e-01,-1.050648167729377747e-01,4.974638670682907104e-02,-2.845512516796588898e-02,-3.057590918615460396e-03,1.003744918853044510e-02,1.679609529674053192e-02,-1.512525696307420731e-02,-1.442181505262851715e-02,1.042935345321893692e-02,7.662724237889051437e-03,-7.884409278631210327e-03,4.747981205582618713e-03,-3.512086113914847374e-04
-6.451966166496276855e-01
1.095226407051086426e-02,-1.741876266896724701e-02,2.512258291244506836e-02,1.277157384902238846e-02,-1.270278450101613998e-02,-3.785615041851997375e-02,3.619546443223953247e-02,5.161638371646404266e-03,1.349910907447338104e-02,-6.211473420262336731e-02,5.716359987854957581e-02,-4.603898152709007263e-02,8.076523989439010620e-02,-4.846655577421188354e-02,-2.282817959785461426e-01,3.854946792125701904e-01,2.034523040056228638e-01,2.548581361770629883e-01,2.034523040056228638e-01,3.854946792125701904e-01,-2.282817959785461426e-01,-4.846655577421188354e-02,8.076523989439010620e-02,-4.603898152709007263e-02,5.716359987854957581e-02,-6.211473420262336731e-02,1.349910907447338104e-02,5.161638371646404266e-03,3.619546443223953247e-02,-3.785615041851997375e-02,-1.270278450101613998e-02,1.277157384902238846e-02,2.512258291244506836e-02,-1.741876266896724701e-02,1.095226407051086426e-02
-3.463484346866607666e-03,-9.811955504119396210e-03,-8.713167160749435425e-03,2.135167457163333893e-02,1.317934598773717880e-02,-2.205625362694263458e-02,-2.262053266167640686e-02,2.139827236533164978e-02,1.570154540240764618e-02,2.873664489015936852e-03,-3.779058903455734253e-02,4.606645181775093079e-02,-1.091540455818176270e-01,2.314327806234359741e-01,-2.494357824325561523e-01,-1.671611219644546509e-01,1.144382506608963013e-01,1.762778908014297485e-01,1.144382506608963013e-01,-1.671611219644546509e-01,-2.494357824325561523e-01,2.314327806234359741e-01,-1.091540455818176270e-01,4.606645181775093079e-02,-3.779058903455734253e-02,2.873664489015936852e-03,1.570154540240764618e-02,2.139827236533164978e-02,-2.262053266167640686e-02,-2.205625362694263458e-02,1.317934598773717880e-02,2.135167457163333893e-02,-8.713167160749435425e-03,-9.811955504119396210e-03,-3.463484346866607666e-03
-6.546097993850708008e-01
1.506748888641595840e-02,-8.367705158889293671e-03,-2.403628826141357422e-02,5.648650228977203369e-03,2.400538325309753418e-02,1.740378327667713165e-02,-2.292955294251441956e-02,-3.441453725099563599e-02,-1.844422332942485809e-02,5.364243686199188232e-02,3.397566452622413635e-02,-4.182544944342225790e-04,-7.613108307123184204e-02,-1.142614800482988358e-02,3.566629067063331604e-02,-9.074870496988296509e-02,4.797785282135009766e-01,1.966386586427688599e-01,4.797785282135009766e-01,-9.074870496988296509e-02,3.566629067063331604e-02,-1.142614800482988358e-02,-7.613108307123184204e-02,-4.182544944342225790e-04,3.397566452622413635e-02,5.364243686199188232e-02,-1.844422332942485809e-02,-3.441453725099563599e-02,-2.292955294251441956e-02,1.740378327667713165e-02,2.400538325309753418e-02,5.648650228977203369e-03,-2.403628826141357422e-02,-8.367705158889293671e-03,1.506748888641595840e-02
7.656521163880825043e-03,1.574407890439033508e-02,-3.000426571816205978e-03,-2.826282568275928497e-02,-2.329157665371894836e-03,1.621197164058685303e-02,3.081526421010494232e-02,-9.160459041595458984e-03,-2.791542932391166687e-02,-4.406987875699996948e-02,3.734011948108673096e-02,2.210222743451595306e-02,6.833464652299880981e-02,-8.786591142416000366e-02,9.055670350790023804e-02,-2.833752632141113281e-01,-6.431042402982711792e-02,4.398238658905029297e-01,-6.431042402982711792e-02,-2.833752632141113281e-01,9.055670350790023804e-02,-8.786591142416000366e-02,6.833464652299880981e-02,2.210222743451595306e-02,3.734011948108673096e-02,-4.406987875699996948e-02,-2.791542932391166687e-02,-9.160459041595458984e-03,3.081526421010494232e-02,1.621197164058685303e-02,-2.329157665371894836e-03,-2.826282568275928497e-02,-3.000426571816205978e-03,1.574407890439033508e-02,7.656521163880825043e-03
-0.000000000000000000e+00
