-5.275014042854309082e-02,-2.045085579156875610e-01,-3.179695829749107361e-02,8.356131613254547119e-02,1.128812804818153381e-01,8.846420794725418091e-02,1.017122417688369751e-01,5.936412885785102844e-02,6.427985429763793945e-02,5.749512836337089539e-02,6.427985429763793945e-02,5.936412885785102844e-02,1.017122417688369751e-01,8.846420794725418091e-02,1.128812804818153381e-01,8.356131613254547119e-02,-3.179695829749107361e-02,-2.045085579156875610e-01,-5.275014042854309082e-02
1.523249298334121704e-01,-2.787211537361145020e-02,-1.755823493003845215e-01,-1.100353747606277466e-01,-3.166752308607101440e-02,8.874163031578063965e-03,4.792669322341680527e-03,4.627534002065658569e-02,4.393451660871505737e-02,6.640442460775375366e-02,4.393451660871505737e-02,4.627534002065658569e-02,4.792669322341680527e-03,8.874163031578063965e-03,-3.166752308607101440e-02,-1.100353747606277466e-01,-1.755823493003845215e-01,-2.787211537361145020e-02,1.523249298334121704e-01
-3.248978871852159500e-03
-9.676489233970642090e-02,1.650687903165817261e-01,1.496001929044723511e-01,6.233681738376617432e-02,7.717303931713104248e-02,1.069439724087715149e-01,1.042879894375801086e-01,5.914756283164024353e-02,7.628330588340759277e-02,7.178847491741180420e-02,7.628330588340759277e-02,5.914756283164024353e-02,1.042879894375801086e-01,1.069439724087715149e-01,7.717303931713104248e-02,6.233681738376617432e-02,1.496001929044723511e-01,1.650687903165817261e-01,-9.676489233970642090e-02
-1.066558286547660828e-01,-7.343835383653640747e-02,3.835387900471687317e-02,3.216354548931121826e-02,-3.166036680340766907e-02,-3.251067595556378365e-03,4.246041551232337952e-02,6.085223704576492310e-02,2.082221955060958862e-02,3.531637415289878845e-02,2.082221955060958862e-02,6.085223704576492310e-02,4.246041551232337952e-02,-3.251067595556378365e-03,-3.166036680340766907e-02,3.216354548931121826e-02,3.835387900471687317e-02,-7.343835383653640747e-02,-1.066558286547660828e-01
-3.769710194319486618e-03
-1.077886745333671570e-01,1.763417720794677734e-01,1.386845260858535767e-01,6.730645149946212769e-02,6.903122365474700928e-02,1.227706223726272583e-01,9.635072946548461914e-02,4.903078079223632812e-02,7.368093729019165039e-02,9.128823876380920410e-02,7.368093729019165039e-02,4.903078079223632812e-02,9.635072946548461914e-02,1.227706223726272583e-01,6.903122365474700928e-02,6.730645149946212769e-02,1.386845260858535767e-01,1.763417720794677734e-01,-1.077886745333671570e-01
-7.268462330102920532e-02,-1.284342259168624878e-01,-6.013323366641998291e-02,-5.863155238330364227e-03,-3.735599666833877563e-02,5.259705707430839539e-03,3.664947673678398132e-02,6.264712661504745483e-02,4.998544976115226746e-02,7.008184492588043213e-02,4.998544976115226746e-02,6.264712661504745483e-02,3.664947673678398132e-02,5.259705707430839539e-03,-3.735599666833877563e-02,-5.863155238330364227e-03,-6.013323366641998291e-02,-1.284342259168624878e-01,-7.268462330102920532e-02
-4.315481521189212799e-03
-1.058180630207061768e-01,1.434593498706817627e-01,1.208426952362060547e-01,5.630661174654960632e-02,6.219605728983879089e-02,1.029202714562416077e-01,8.839577436447143555e-02,4.158795252442359924e-02,7.495789974927902222e-02,9.004375338554382324e-02,7.495789974927902222e-02,4.158795252442359924e-02,8.839577436447143555e-02,1.029202714562416077e-01,6.219605728983879089e-02,5.630661174654960632e-02,1.208426952362060547e-01,1.434593498706817627e-01,-1.058180630207061768e-01
-7.780802994966506958e-02,-1.650565117597579956e-01,-8.320810645818710327e-02,3.087889170274138451e-03,-1.860797777771949768e-02,1.387582439929246902e-02,3.987094759941101074e-02,6.340522319078445435e-02,4.251019656658172607e-02,6.519489735364913940e-02,4.251019656658172607e-02,6.340522319078445435e-02,3.987094759941101074e-02,1.387582439929246902e-02,-1.860797777771949768e-02,3.087889170274138451e-03,-8.320810645818710327e-02,-1.650565117597579956e-01,-7.780802994966506958e-02
-4.885198082774877548e-03
-1.201460734009742737e-01,8.285620808601379395e-02,1.057121977210044861e-01,6.409379839897155762e-02,8.843212574720382690e-02,1.010774001479148865e-01,7.820354402065277100e-02,1.983154937624931335e-02,8.368710428476333618e-02,9.520487487316131592e-02,8.368710428476333618e-02,1.983154937624931335e-02,7.820354402065277100e-02,1.010774001479148865e-01,8.843212574720382690e-02,6.409379839897155762e-02,1.057121977210044861e-01,8.285620808601379395e-02,-1.201460734009742737e-01
-4.674260690808296204e-02,-2.138803899288177490e-01,-9.738807380199432373e-02,1.400375366210937500e-02,1.009280793368816376e-03,-3.229157533496618271e-03,4.581332951784133911e-02,6.012431904673576355e-02,5.031218007206916809e-02,5.347405001521110535e-02,5.031218007206916809e-02,6.012431904673576355e-02,4.581332951784133911e-02,-3.229157533496618271e-03,1.009280793368816376e-03,1.400375366210937500e-02,-9.738807380199432373e-02,-2.138803899288177490e-01,-4.674260690808296204e-02
-5.477896425873041153e-03
-1.386532038450241089e-01,-1.500512193888425827e-02,7.117407768964767456e-02,8.759517222642898560e-02,9.191127121448516846e-02,1.205440685153007507e-01,8.519085496664047241e-02,5.041017755866050720e-02,6.388900429010391235e-02,9.442093223333358765e-02,6.388900429010391235e-02,5.041017755866050720e-02,8.519085496664047241e-02,1.205440685153007507e-01,9.191127121448516846e-02,8.759517222642898560e-02,7.117407768964767456e-02,-1.500512193888425827e-02,-1.386532038450241089e-01
-3.174288198351860046e-02,-2.293735295534133911e-01,-1.004257351160049438e-01,-1.225582417100667953e-02,-9.280866011977195740e-03,-1.875779218971729279e-02,6.251932680606842041e-02,6.115273386240005493e-02,4.805729165673255920e-02,3.531824797391891479e-02,4.805729165673255920e-02,6.115273386240005493e-02,6.251932680606842041e-02,-1.875779218971729279e-02,-9.280866011977195740e-03,-1.225582417100667953e-02,-1.004257351160049438e-01,-2.293735295534133911e-01,-3.174288198351860046e-02
-6.092720665037631989e-03
-1.582268476486206055e-01,-1.077516451478004456e-01,9.680122882127761841e-02,1.557619422674179077e-01,9.529449790716171265e-02,4.874007403850555420e-02,3.284906595945358276e-02,5.451229587197303772e-02,9.221132099628448486e-02,1.081656664609909058e-01,9.221132099628448486e-02,5.451229587197303772e-02,3.284906595945358276e-02,4.874007403850555420e-02,9.529449790716171265e-02,1.557619422674179077e-01,9.680122882127761841e-02,-1.077516451478004456e-01,-1.582268476486206055e-01
1.067361794412136078e-02,-1.440107524394989014e-01,-1.368898600339889526e-01,-8.724187314510345459e-02,-2.928697690367698669e-02,6.424421072006225586e-02,4.745031148195266724e-02,2.308893203735351562e-02,3.992163389921188354e-02,1.001576259732246399e-01,3.992163389921188354e-02,2.308893203735351562e-02,4.745031148195266724e-02,6.424421072006225586e-02,-2.928697690367698669e-02,-8.724187314510345459e-02,-1.368898600339889526e-01,-1.440107524394989014e-01,1.067361794412136078e-02
-6.728903856128454208e-03
-1.459971070289611816e-01,-1.428083628416061401e-01,6.223339587450027466e-02,1.008435934782028198e-01,8.406579494476318359e-02,9.102632850408554077e-02,1.129858046770095825e-01,7.762704044580459595e-02,6.086684763431549072e-02,6.389814615249633789e-02,6.086684763431549072e-02,7.762704044580459595e-02,1.129858046770095825e-01,9.102632850408554077e-02,8.406579494476318359e-02,1.008435934782028198e-01,6.223339587450027466e-02,-1.428083628416061401e-01,-1.459971070289611816e-01
6.830110400915145874e-02,-1.743752360343933105e-01,-1.467522680759429932e-01,-8.532652258872985840e-02,1.397012360394001007e-02,2.797043323516845703e-02,4.801083728671073914e-02,1.729968562722206116e-02,6.765997409820556641e-02,7.511849701404571533e-02,6.765997409820556641e-02,1.729968562722206116e-02,4.801083728671073914e-02,2.797043323516845703e-02,1.397012360394001007e-02,-8.532652258872985840e-02,-1.467522680759429932e-01,-1.743752360343933105e-01,6.830110400915145874e-02
-7.385753560811281204e-03
-1.158657521009445190e-01,-1.492636799812316895e-01,3.783214138820767403e-03,8.571060746908187866e-02,8.514091372489929199e-02,1.053581163287162781e-01,1.130369752645492554e-01,8.719749748706817627e-02,6.267319619655609131e-02,7.332088053226470947e-02,6.267319619655609131e-02,8.719749748706817627e-02,1.130369752645492554e-01,1.053581163287162781e-01,8.514091372489929199e-02,8.571060746908187866e-02,3.783214138820767403e-03,-1.492636799812316895e-01,-1.158657521009445190e-01
6.712995469570159912e-02,-1.671341955661773682e-01,-1.632609814405441284e-01,-3.438575193285942078e-02,-2.987867407500743866e-02,-1.387923397123813629e-02,1.676183380186557770e-02,7.813172787427902222e-02,4.471424221992492676e-02,6.306372582912445068e-02,4.471424221992492676e-02,7.813172787427902222e-02,1.676183380186557770e-02,-1.387923397123813629e-02,-2.987867407500743866e-02,-3.438575193285942078e-02,-1.632609814405441284e-01,-1.671341955661773682e-01,6.712995469570159912e-02
-8.062640205025672913e-03
-8.344773948192596436e-02,-1.827118098735809326e-01,-4.046856239438056946e-02,8.442668616771697998e-02,8.460466563701629639e-02,1.079911440610885620e-01,1.207804903388023376e-01,1.057398170232772827e-01,6.103772670030593872e-02,6.901315599679946899e-02,6.103772670030593872e-02,1.057398170232772827e-01,1.207804903388023376e-01,1.079911440610885620e-01,8.460466563701629639e-02,8.442668616771697998e-02,-4.046856239438056946e-02,-1.827118098735809326e-01,-8.344773948192596436e-02
1.158869490027427673e-01,-1.497641503810882568e-01,-1.380449682474136353e-01,-6.421922147274017334e-02,-4.515282809734344482e-03,-3.680724278092384338e-02,2.636923082172870636e-02,5.582592263817787170e-02,7.890167087316513062e-02,5.429335683584213257e-02,7.890167087316513062e-02,5.582592263817787170e-02,2.636923082172870636e-02,-3.680724278092384338e-02,-4.515282809734344482e-03,-6.421922147274017334e-02,-1.380449682474136353e-01,-1.497641503810882568e-01,1.158869490027427673e-01
-8.758988231420516968e-03
-5.507163703441619873e-02,-1.971432566642761230e-01,-2.011445723474025726e-02,8.621724694967269897e-02,1.048886030912399292e-01,7.363575696945190430e-02,1.094305887818336487e-01,7.805107533931732178e-02,7.419433444738388062e-02,5.394430458545684814e-02,7.419433444738388062e-02,7.805107533931732178e-02,1.094305887818336487e-01,7.363575696945190430e-02,1.048886030912399292e-01,8.621724694967269897e-02,-2.011445723474025726e-02,-1.971432566642761230e-01,-5.507163703441619873e-02
1.515360176563262939e-01,-7.965520769357681274e-02,-1.931415945291519165e-01,-9.745866805315017700e-02,-2.842329815030097961e-02,-2.703302167356014252e-02,-1.328780315816402435e-02,4.853544011712074280e-02,4.675254970788955688e-02,5.409623309969902039e-02,4.675254970788955688e-02,4.853544011712074280e-02,-1.328780315816402435e-02,-2.703302167356014252e-02,-2.842329815030097961e-02,-9.745866805315017700e-02,-1.931415945291519165e-01,-7.965520769357681274e-02,1.515360176563262939e-01
-9.474270045757293701e-03
-5.831643939018249512e-02,-2.274515032768249512e-01,-9.658627212047576904e-02,1.105463132262229919e-01,9.952790290117263794e-02,9.340967983007431030e-02,8.722474426031112671e-02,1.084861829876899719e-01,5.954467877745628357e-02,7.336504012346267700e-02,5.954467877745628357e-02,1.084861829876899719e-01,8.722474426031112671e-02,9.340967983007431030e-02,9.952790290117263794e-02,1.105463132262229919e-01,-9.658627212047576904e-02,-2.274515032768249512e-01,-5.831643939018249512e-02
1.574186086654663086e-01,8.597790263593196869e-03,-1.641282886266708374e-01,-1.229077801108360291e-01,-5.882378667593002319e-02,-3.560657845810055733e-03,2.476713992655277252e-02,8.249930292367935181e-02,4.556347802281379700e-02,5.519145727157592773e-02,4.556347802281379700e-02,8.249930292367935181e-02,2.476713992655277252e-02,-3.560657845810055733e-03,-5.882378667593002319e-02,-1.229077801108360291e-01,-1.641282886266708374e-01,8.597790263593196869e-03,1.574186086654663086e-01
-1.020799670368432999e-02
3.227259591221809387e-02,-1.500522196292877197e-01,-1.202749684453010559e-01,2.218773216009140015e-02,1.159093976020812988e-01,1.531851440668106079e-01,8.405102044343948364e-02,3.983575105667114258e-02,5.620985850691795349e-02,1.023852825164794922e-01,5.620985850691795349e-02,3.983575105667114258e-02,8.405102044343948364e-02,1.531851440668106079e-01,1.159093976020812988e-01,2.218773216009140015e-02,-1.202749684453010559e-01,-1.500522196292877197e-01,3.227259591221809387e-02
2.264238148927688599e-01,2.012594416737556458e-02,-1.733043789863586426e-01,-1.706868112087249756e-01,-2.314597740769386292e-02,-9.043437428772449493e-03,1.230408344417810440e-02,1.852413266897201538e-02,6.464350968599319458e-02,5.537186935544013977e-02,6.464350968599319458e-02,1.852413266897201538e-02,1.230408344417810440e-02,-9.043437428772449493e-03,-2.314597740769386292e-02,-1.706868112087249756e-01,-1.733043789863586426e-01,2.012594416737556458e-02,2.264238148927688599e-01
-1.095971744507551193e-02
7.127585262060165405e-02,-2.451249808073043823e-01,-1.369083970785140991e-01,4.999262839555740356e-02,1.200194060802459717e-01,5.884476751089096069e-02,1.190113350749015808e-01,1.125102415680885315e-01,7.787418365478515625e-02,2.590910345315933228e-02,7.787418365478515625e-02,1.125102415680885315e-01,1.190113350749015808e-01,5.884476751089096069e-02,1.200194060802459717e-01,4.999262839555740356e-02,-1.369083970785140991e-01,-2.451249808073043823e-01,7.127585262060165405e-02
1.697980016469955444e-01,8.070151507854461670e-02,-1.007121130824089050e-01,-1.432636976242065430e-01,-8.595544099807739258e-02,-4.606346786022186279e-02,7.816469296813011169e-03,5.502732843160629272e-02,6.930706650018692017e-02,6.256151944398880005e-02,6.930706650018692017e-02,5.502732843160629272e-02,7.816469296813011169e-03,-4.606346786022186279e-02,-8.595544099807739258e-02,-1.432636976242065430e-01,-1.007121130824089050e-01,8.070151507854461670e-02,1.697980016469955444e-01
-1.172901038080453873e-02
1.569279879331588745e-01,-1.701392829418182373e-01,-1.820435225963592529e-01,1.332921162247657776e-02,1.297213882207870483e-01,1.078270897269248962e-01,1.080975532531738281e-01,1.091882437467575073e-01,8.615807443857192993e-02,6.864210963249206543e-02,8.615807443857192993e-02,1.091882437467575073e-01,1.080975532531738281e-01,1.078270897269248962e-01,1.297213882207870483e-01,1.332921162247657776e-02,-1.820435225963592529e-01,-1.701392829418182373e-01,1.569279879331588745e-01
1.395951807498931885e-01,1.422630250453948975e-01,-1.296131908893585205e-01,-1.637456417083740234e-01,-1.015771701931953430e-01,-4.240685142576694489e-03,-3.753792494535446167e-02,2.055252529680728912e-02,5.759620293974876404e-02,1.147714480757713318e-01,5.759620293974876404e-02,2.055252529680728912e-02,-3.753792494535446167e-02,-4.240685142576694489e-03,-1.015771701931953430e-01,-1.637456417083740234e-01,-1.296131908893585205e-01,1.422630250453948975e-01,1.395951807498931885e-01
-1.251548528671264648e-02
9.131012856960296631e-02,-1.415043026208877563e-01,-1.784689873456954956e-01,1.472968049347400665e-02,7.235325127840042114e-02,1.122869476675987244e-01,1.022298410534858704e-01,1.400199979543685913e-01,8.333959430456161499e-02,9.527570009231567383e-02,8.333959430456161499e-02,1.400199979543685913e-01,1.022298410534858704e-01,1.122869476675987244e-01,7.235325127840042114e-02,1.472968049347400665e-02,-1.784689873456954956e-01,-1.415043026208877563e-01,9.131012856960296631e-02
1.495737582445144653e-01,1.732156723737716675e-01,-6.854216009378433228e-02,-1.564958691596984863e-01,-1.158697158098220825e-01,-4.918899014592170715e-02,-2.750498615205287933e-02,3.120407462120056152e-02,5.333228409290313721e-02,7.429613918066024780e-02,5.333228409290313721e-02,3.120407462120056152e-02,-2.750498615205287933e-02,-4.918899014592170715e-02,-1.158697158098220825e-01,-1.564958691596984863e-01,-6.854216009378433228e-02,1.732156723737716675e-01,1.495737582445144653e-01
-1.331877429038286209e-02
1.312621533870697021e-01,-1.164209246635437012e-01,-2.016526311635971069e-01,-4.281629994511604309e-02,6.400758028030395508e-02,1.186576560139656067e-01,1.234249770641326904e-01,1.483717113733291626e-01,9.981125593185424805e-02,9.794513881206512451e-02,9.981125593185424805e-02,1.483717113733291626e-01,1.234249770641326904e-01,1.186576560139656067e-01,6.400758028030395508e-02,-4.281629994511604309e-02,-2.016526311635971069e-01,-1.164209246635437012e-01,1.312621533870697021e-01
1.406282931566238403e-01,1.821659654378890991e-01,-2.805392071604728699e-02,-1.938372254371643066e-01,-1.122072190046310425e-01,-5.556133389472961426e-02,1.537417992949485779e-02,2.202645502984523773e-02,7.111083716154098511e-02,5.825835466384887695e-02,7.111083716154098511e-02,2.202645502984523773e-02,1.537417992949485779e-02,-5.556133389472961426e-02,-1.122072190046310425e-01,-1.938372254371643066e-01,-2.805392071604728699e-02,1.821659654378890991e-01,1.406282931566238403e-01
-1.413853280246257782e-02
1.833103448152542114e-01,-9.406032413244247437e-02,-1.924263983964920044e-01,-9.707011282444000244e-02,7.300063222646713257e-02,1.053724735975265503e-01,1.466686427593231201e-01,1.330624073743820190e-01,1.217525154352188110e-01,8.391805738210678101e-02,1.217525154352188110e-01,1.330624073743820190e-01,1.466686427593231201e-01,1.053724735975265503e-01,7.300063222646713257e-02,-9.707011282444000244e-02,-1.924263983964920044e-01,-9.406032413244247437e-02,1.833103448152542114e-01
9.901642054319381714e-02,1.984731405973434448e-01,-4.068313166499137878e-03,-1.999787092208862305e-01,-1.243877112865447998e-01,-5.210572853684425354e-02,2.233076840639114380e-02,1.976317167282104492e-02,7.149133086204528809e-02,6.485522538423538208e-02,7.149133086204528809e-02,1.976317167282104492e-02,2.233076840639114380e-02,-5.210572853684425354e-02,-1.243877112865447998e-01,-1.999787092208862305e-01,-4.068313166499137878e-03,1.984731405973434448e-01,9.901642054319381714e-02
-1.497443672269582748e-02
2.095170468091964722e-01,-4.503513872623443604e-02,-1.577010303735733032e-01,-1.092760115861892700e-01,5.357743054628372192e-02,8.480641245841979980e-02,1.757916361093521118e-01,1.603560894727706909e-01,1.345389336347579956e-01,6.425292044878005981e-02,1.345389336347579956e-01,1.603560894727706909e-01,1.757916361093521118e-01,8.480641245841979980e-02,5.357743054628372192e-02,-1.092760115861892700e-01,-1.577010303735733032e-01,-4.503513872623443604e-02,2.095170468091964722e-01
4.766996577382087708e-02,2.429255545139312744e-01,1.683899946510791779e-02,-1.762856096029281616e-01,-1.440575867891311646e-01,-3.052821569144725800e-02,-9.260359220206737518e-03,1.507673598825931549e-02,6.659610569477081299e-02,1.100717410445213318e-01,6.659610569477081299e-02,1.507673598825931549e-02,-9.260359220206737518e-03,-3.052821569144725800e-02,-1.440575867891311646e-01,-1.762856096029281616e-01,1.683899946510791779e-02,2.429255545139312744e-01,4.766996577382087708e-02
-1.582618057727813721e-02
2.175426930189132690e-01,1.988465338945388794e-02,-1.765252798795700073e-01,-1.206066384911537170e-01,5.706170201301574707e-02,1.168248653411865234e-01,1.471220999956130981e-01,1.362655162811279297e-01,1.059916988015174866e-01,7.882914692163467407e-02,1.059916988015174866e-01,1.362655162811279297e-01,1.471220999956130981e-01,1.168248653411865234e-01,5.706170201301574707e-02,-1.206066384911537170e-01,-1.765252798795700073e-01,1.988465338945388794e-02,2.175426930189132690e-01
-1.656580157577991486e-02,2.548601925373077393e-01,2.881900221109390259e-02,-1.707726716995239258e-01,-2.022236883640289307e-01,-5.850457400083541870e-02,-3.602943196892738342e-02,2.958612702786922455e-02,5.049722641706466675e-02,1.216967925429344177e-01,5.049722641706466675e-02,2.958612702786922455e-02,-3.602943196892738342e-02,-5.850457400083541870e-02,-2.022236883640289307e-01,-1.707726716995239258e-01,2.881900221109390259e-02,2.548601925373077393e-01,-1.656580157577991486e-02
-1.669347472488880157e-02
1.633425503969192505e-01,5.940612033009529114e-02,-2.042858600616455078e-01,-1.385402828454971313e-01,9.303987026214599609e-03,1.286478042602539062e-01,1.370084732770919800e-01,1.673181354999542236e-01,1.189755871891975403e-01,1.239267662167549133e-01,1.189755871891975403e-01,1.673181354999542236e-01,1.370084732770919800e-01,1.286478042602539062e-01,9.303987026214599609e-03,-1.385402828454971313e-01,-2.042858600616455078e-01,5.940612033009529114e-02,1.633425503969192505e-01
-5.085411667823791504e-02,2.457745224237442017e-01,6.372977793216705322e-02,-1.429328322410583496e-01,-1.900561153888702393e-01,-6.079943478107452393e-02,-3.057144582271575928e-02,3.410524502396583557e-02,7.213400304317474365e-02,1.361031532287597656e-01,7.213400304317474365e-02,3.410524502396583557e-02,-3.057144582271575928e-02,-6.079943478107452393e-02,-1.900561153888702393e-01,-1.429328322410583496e-01,6.372977793216705322e-02,2.457745224237442017e-01,-5.085411667823791504e-02
-1.757604628801345825e-02
1.422997862100601196e-01,1.156785637140274048e-01,-2.005425840616226196e-01,-1.498677283525466919e-01,-2.802457427605986595e-03,1.484236270189285278e-01,1.335611343383789062e-01,1.700991988182067871e-01,1.147130802273750305e-01,1.409218162298202515e-01,1.147130802273750305e-01,1.700991988182067871e-01,1.335611343383789062e-01,1.484236270189285278e-01,-2.802457427605986595e-03,-1.498677283525466919e-01,-2.005425840616226196e-01,1.156785637140274048e-01,1.422997862100601196e-01
-7.494702935218811035e-02,2.067638188600540161e-01,1.062116846442222595e-01,-1.467657238245010376e-01,-1.887608617544174194e-01,-9.580889344215393066e-02,-2.121618948876857758e-02,2.214719541370868683e-02,8.819430321455001831e-02,1.228184476494789124e-01,8.819430321455001831e-02,2.214719541370868683e-02,-2.121618948876857758e-02,-9.580889344215393066e-02,-1.887608617544174194e-01,-1.467657238245010376e-01,1.062116846442222595e-01,2.067638188600540161e-01,-7.494702935218811035e-02
-1.847363449633121490e-02
1.328249424695968628e-01,1.486798077821731567e-01,-1.735023856163024902e-01,-1.717715561389923096e-01,-5.416444037109613419e-03,1.464605629444122314e-01,1.457803696393966675e-01,1.660761386156082153e-01,1.291582882404327393e-01,1.444617509841918945e-01,1.291582882404327393e-01,1.660761386156082153e-01,1.457803696393966675e-01,1.464605629444122314e-01,-5.416444037109613419e-03,-1.717715561389923096e-01,-1.735023856163024902e-01,1.486798077821731567e-01,1.328249424695968628e-01
-9.948018193244934082e-02,1.628202795982360840e-01,1.514419168233871460e-01,-1.385071277618408203e-01,-1.756511330604553223e-01,-1.200057417154312134e-01,-5.221322644501924515e-03,9.581048041582107544e-03,1.047739610075950623e-01,1.078094169497489929e-01,1.047739610075950623e-01,9.581048041582107544e-03,-5.221322644501924515e-03,-1.200057417154312134e-01,-1.756511330604553223e-01,-1.385071277618408203e-01,1.514419168233871460e-01,1.628202795982360840e-01,-9.948018193244934082e-02
-1.938599348068237305e-02
1.194958835840225220e-01,1.610486805438995361e-01,-1.236329972743988037e-01,-1.940858513116836548e-01,-3.148407675325870514e-03,1.329170614480972290e-01,1.713779717683792114e-01,1.575336158275604248e-01,1.405168920755386353e-01,1.245417296886444092e-01,1.405168920755386353e-01,1.575336158275604248e-01,1.713779717683792114e-01,1.329170614480972290e-01,-3.148407675325870514e-03,-1.940858513116836548e-01,-1.236329972743988037e-01,1.610486805438995361e-01,1.194958835840225220e-01
-1.373362541198730469e-01,1.158444732427597046e-01,1.749010086059570312e-01,-1.189032569527626038e-01,-1.768200248479843140e-01,-1.490906178951263428e-01,-2.047437801957130432e-02,-5.367452744394540787e-03,1.088579371571540833e-01,1.051668077707290649e-01,1.088579371571540833e-01,-5.367452744394540787e-03,-2.047437801957130432e-02,-1.490906178951263428e-01,-1.768200248479843140e-01,-1.189032569527626038e-01,1.749010086059570312e-01,1.158444732427597046e-01,-1.373362541198730469e-01
-2.031288668513298035e-02
9.870037436485290527e-02,1.659981608390808105e-01,-9.208344668149948120e-02,-2.269414067268371582e-01,-1.983465626835823059e-02,9.347524493932723999e-02,1.723985821008682251e-01,1.466852873563766479e-01,1.736688464879989624e-01,1.315117478370666504e-01,1.736688464879989624e-01,1.466852873563766479e-01,1.723985821008682251e-01,9.347524493932723999e-02,-1.983465626835823059e-02,-2.269414067268371582e-01,-9.208344668149948120e-02,1.659981608390808105e-01,9.870037436485290527e-02
-1.678980886936187744e-01,9.773996472358703613e-02,1.920248121023178101e-01,-7.533229142427444458e-02,-1.729247570037841797e-01,-1.395937353372573853e-01,-1.709969528019428253e-02,2.703840471804141998e-02,1.374340206384658813e-01,1.427424848079681396e-01,1.374340206384658813e-01,2.703840471804141998e-02,-1.709969528019428253e-02,-1.395937353372573853e-01,-1.729247570037841797e-01,-7.533229142427444458e-02,1.920248121023178101e-01,9.773996472358703613e-02,-1.678980886936187744e-01
-2.125409059226512909e-02
7.939130067825317383e-02,1.912331432104110718e-01,-4.291858151555061340e-02,-2.334769964218139648e-01,-1.910247839987277985e-02,1.053890064358711243e-01,1.995823383331298828e-01,1.487702131271362305e-01,1.712174266576766968e-01,1.171505153179168701e-01,1.712174266576766968e-01,1.487702131271362305e-01,1.995823383331298828e-01,1.053890064358711243e-01,-1.910247839987277985e-02,-2.334769964218139648e-01,-4.291858151555061340e-02,1.912331432104110718e-01,7.939130067825317383e-02
-2.165586948394775391e-01,7.054850459098815918e-02,1.978437304496765137e-01,-2.373088896274566650e-02,-1.911881417036056519e-01,-1.473107337951660156e-01,-4.903727397322654724e-02,2.279669418931007385e-02,9.397497028112411499e-02,1.285945326089859009e-01,9.397497028112411499e-02,2.279669418931007385e-02,-4.903727397322654724e-02,-1.473107337951660156e-01,-1.911881417036056519e-01,-2.373088896274566650e-02,1.978437304496765137e-01,7.054850459098815918e-02,-2.165586948394775391e-01
-2.220939099788665771e-02
1.399536523967981339e-02,1.965327560901641846e-01,-3.663994744420051575e-02,-2.395547032356262207e-01,-4.119595512747764587e-02,1.032449305057525635e-01,1.976547688245773315e-01,1.616419404745101929e-01,1.798518598079681396e-01,1.326467692852020264e-01,1.798518598079681396e-01,1.616419404745101929e-01,1.976547688245773315e-01,1.032449305057525635e-01,-4.119595512747764587e-02,-2.395547032356262207e-01,-3.663994744420051575e-02,1.965327560901641846e-01,1.399536523967981339e-02
-2.442935854196548462e-01,5.029672011733055115e-02,2.037163674831390381e-01,2.923628687858581543e-02,-2.019083350896835327e-01,-1.363605558872222900e-01,-4.308934882283210754e-02,6.849951297044754028e-02,9.502435475587844849e-02,1.441690623760223389e-01,9.502435475587844849e-02,6.849951297044754028e-02,-4.308934882283210754e-02,-1.363605558872222900e-01,-2.019083350896835327e-01,2.923628687858581543e-02,2.037163674831390381e-01,5.029672011733055115e-02,-2.442935854196548462e-01
-2.317858114838600159e-02
-6.289253383874893188e-02,2.125614583492279053e-01,-2.277544513344764709e-02,-2.250573337078094482e-01,-6.759171187877655029e-02,1.045856028795242310e-01,1.730465143918991089e-01,1.590068340301513672e-01,1.651847809553146362e-01,1.481105685234069824e-01,1.651847809553146362e-01,1.590068340301513672e-01,1.730465143918991089e-01,1.045856028795242310e-01,-6.759171187877655029e-02,-2.250573337078094482e-01,-2.277544513344764709e-02,2.125614583492279053e-01,-6.289253383874893188e-02
-2.293921858072280884e-01,3.466096147894859314e-02,1.884480416774749756e-01,3.122272528707981110e-02,-2.259448021650314331e-01,-1.450263708829879761e-01,-7.529929280281066895e-02,5.351863056421279907e-02,9.211781620979309082e-02,1.685637235641479492e-01,9.211781620979309082e-02,5.351863056421279907e-02,-7.529929280281066895e-02,-1.450263708829879761e-01,-2.259448021650314331e-01,3.122272528707981110e-02,1.884480416774749756e-01,3.466096147894859314e-02,-2.293921858072280884e-01
-2.416146919131278992e-02
-1.240646913647651672e-01,2.239405512809753418e-01,-1.406046841293573380e-02,-2.089048773050308228e-01,-1.030500233173370361e-01,1.121129766106605530e-01,1.710696965456008911e-01,1.892147064208984375e-01,1.597274839878082275e-01,1.634485572576522827e-01,1.597274839878082275e-01,1.892147064208984375e-01,1.710696965456008911e-01,1.121129766106605530e-01,-1.030500233173370361e-01,-2.089048773050308228e-01,-1.406046841293573380e-02,2.239405512809753418e-01,-1.240646913647651672e-01
-2.284637987613677979e-01,-2.024525031447410583e-02,2.044328600168228149e-01,8.682476729154586792e-02,-1.998882591724395752e-01,-1.385220140218734741e-01,-5.194003134965896606e-02,7.892686873674392700e-02,8.825425058603286743e-02,1.538699120283126831e-01,8.825425058603286743e-02,7.892686873674392700e-02,-5.194003134965896606e-02,-1.385220140218734741e-01,-1.998882591724395752e-01,8.682476729154586792e-02,2.044328600168228149e-01,-2.024525031447410583e-02,-2.284637987613677979e-01
-2.515786141157150269e-02
-1.796121150255203247e-01,2.354358285665512085e-01,1.532270573079586029e-02,-1.802805215120315552e-01,-1.254251599311828613e-01,1.165616363286972046e-01,1.595937162637710571e-01,2.020467519760131836e-01,1.510280966758728027e-01,1.766807436943054199e-01,1.510280966758728027e-01,2.020467519760131836e-01,1.595937162637710571e-01,1.165616363286972046e-01,-1.254251599311828613e-01,-1.802805215120315552e-01,1.532270573079586029e-02,2.354358285665512085e-01,-1.796121150255203247e-01
-1.830974668264389038e-01,-7.836779206991195679e-02,1.979281902313232422e-01,8.564652502536773682e-02,-1.912644505500793457e-01,-1.578835546970367432e-01,-6.297580897808074951e-02,5.599202960729598999e-02,1.018997803330421448e-01,1.590127795934677124e-01,1.018997803330421448e-01,5.599202960729598999e-02,-6.297580897808074951e-02,-1.578835546970367432e-01,-1.912644505500793457e-01,8.564652502536773682e-02,1.979281902313232422e-01,-7.836779206991195679e-02,-1.830974668264389038e-01
-2.616758272051811218e-02
-2.178953737020492554e-01,2.264586836099624634e-01,4.167728498578071594e-02,-1.700337529182434082e-01,-1.530797481536865234e-01,1.087369993329048157e-01,1.524922251701354980e-01,2.085550278425216675e-01,1.514114886522293091e-01,1.894499361515045166e-01,1.514114886522293091e-01,2.085550278425216675e-01,1.524922251701354980e-01,1.087369993329048157e-01,-1.530797481536865234e-01,-1.700337529182434082e-01,4.167728498578071594e-02,2.264586836099624634e-01,-2.178953737020492554e-01
-1.268693804740905762e-01,-1.343481540679931641e-01,2.105300724506378174e-01,1.038759201765060425e-01,-1.582561582326889038e-01,-1.667572855949401855e-01,-4.342890903353691101e-02,5.560446530580520630e-02,1.203243881464004517e-01,1.510103642940521240e-01,1.203243881464004517e-01,5.560446530580520630e-02,-4.342890903353691101e-02,-1.667572855949401855e-01,-1.582561582326889038e-01,1.038759201765060425e-01,2.105300724506378174e-01,-1.343481540679931641e-01,-1.268693804740905762e-01
-2.719045430421829224e-02
-2.339132577180862427e-01,2.023933380842208862e-01,9.001197665929794312e-02,-1.496718525886535645e-01,-1.669680774211883545e-01,9.436999261379241943e-02,1.598161906003952026e-01,2.182224392890930176e-01,1.538463532924652100e-01,1.847179681062698364e-01,1.538463532924652100e-01,2.182224392890930176e-01,1.598161906003952026e-01,9.436999261379241943e-02,-1.669680774211883545e-01,-1.496718525886535645e-01,9.001197665929794312e-02,2.023933380842208862e-01,-2.339132577180862427e-01
-6.169356033205986023e-02,-1.790000945329666138e-01,2.209297865629196167e-01,1.076302453875541687e-01,-1.362371742725372314e-01,-1.837201416492462158e-01,-3.843142092227935791e-02,3.627426177263259888e-02,1.348436325788497925e-01,1.446844637393951416e-01,1.348436325788497925e-01,3.627426177263259888e-02,-3.843142092227935791e-02,-1.837201416492462158e-01,-1.362371742725372314e-01,1.076302453875541687e-01,2.209297865629196167e-01,-1.790000945329666138e-01,-6.169356033205986023e-02
-2.822631411254405975e-02
-2.549633085727691650e-01,1.451208442449569702e-01,1.224890351295471191e-01,-1.534210741519927979e-01,-1.783391237258911133e-01,7.308994233608245850e-02,1.641270071268081665e-01,2.130156904458999634e-01,1.724240630865097046e-01,1.923109889030456543e-01,1.724240630865097046e-01,2.130156904458999634e-01,1.641270071268081665e-01,7.308994233608245850e-02,-1.783391237258911133e-01,-1.534210741519927979e-01,1.224890351295471191e-01,1.451208442449569702e-01,-2.549633085727691650e-01
-8.006989024579524994e-03,-2.494254857301712036e-01,2.041459828615188599e-01,1.185574010014533997e-01,-9.897336363792419434e-02,-1.855976432561874390e-01,-1.891046762466430664e-02,3.496619686484336853e-02,1.478427946567535400e-01,1.352097839117050171e-01,1.478427946567535400e-01,3.496619686484336853e-02,-1.891046762466430664e-02,-1.855976432561874390e-01,-9.897336363792419434e-02,1.185574010014533997e-01,2.041459828615188599e-01,-2.494254857301712036e-01,-8.006989024579524994e-03
-2.927499823272228241e-02
-2.050575464963912964e-01,1.064305305480957031e-01,1.675461530685424805e-01,-1.579857766628265381e-01,-1.764912754297256470e-01,6.252121925354003906e-02,1.787630468606948853e-01,1.966734379529953003e-01,1.796387284994125366e-01,1.831881403923034668e-01,1.796387284994125366e-01,1.966734379529953003e-01,1.787630468606948853e-01,6.252121925354003906e-02,-1.764912754297256470e-01,-1.579857766628265381e-01,1.675461530685424805e-01,1.064305305480957031e-01,-2.050575464963912964e-01
6.991305202245712280e-02,-2.648676335811614990e-01,1.921562403440475464e-01,1.258032917976379395e-01,-9.509543329477310181e-02,-2.189230471849441528e-01,-4.681355878710746765e-02,5.293427966535091400e-03,1.481519043445587158e-01,1.295274645090103149e-01,1.481519043445587158e-01,5.293427966535091400e-03,-4.681355878710746765e-02,-2.189230471849441528e-01,-9.509543329477310181e-02,1.258032917976379395e-01,1.921562403440475464e-01,-2.648676335811614990e-01,6.991305202245712280e-02
-3.033635206520557404e-02
-1.769159138202667236e-01,3.595011308789253235e-02,2.113117575645446777e-01,-1.545319557189941406e-01,-1.899741291999816895e-01,1.303740404546260834e-02,1.787242889404296875e-01,1.882111430168151855e-01,1.934345215559005737e-01,1.707246750593185425e-01,1.934345215559005737e-01,1.882111430168151855e-01,1.787242889404296875e-01,1.303740404546260834e-02,-1.899741291999816895e-01,-1.545319557189941406e-01,2.113117575645446777e-01,3.595011308789253235e-02,-1.769159138202667236e-01
1.245055422186851501e-01,-2.623328566551208496e-01,1.718734353780746460e-01,1.253867745399475098e-01,-1.051254868507385254e-01,-2.265361100435256958e-01,-3.606532514095306396e-02,2.719878777861595154e-02,1.548968553543090820e-01,1.292743384838104248e-01,1.548968553543090820e-01,2.719878777861595154e-02,-3.606532514095306396e-02,-2.265361100435256958e-01,-1.051254868507385254e-01,1.253867745399475098e-01,1.718734353780746460e-01,-2.623328566551208496e-01,1.245055422186851501e-01
-3.141022846102714539e-02
-1.162971779704093933e-01,-2.154956012964248657e-02,2.403401285409927368e-01,-1.582814157009124756e-01,-1.798243522644042969e-01,2.146012894809246063e-02,2.164713740348815918e-01,1.891226321458816528e-01,2.064093500375747681e-01,1.624507308006286621e-01,2.064093500375747681e-01,1.891226321458816528e-01,2.164713740348815918e-01,2.146012894809246063e-02,-1.798243522644042969e-01,-1.582814157009124756e-01,2.403401285409927368e-01,-2.154956012964248657e-02,-1.162971779704093933e-01
1.556791067123413086e-01,-2.640296816825866699e-01,1.378327161073684692e-01,1.649180650711059570e-01,-7.992258667945861816e-02,-2.297174632549285889e-01,-7.119281589984893799e-02,6.555325817316770554e-04,1.424762010574340820e-01,1.343343108892440796e-01,1.424762010574340820e-01,6.555325817316770554e-04,-7.119281589984893799e-02,-2.297174632549285889e-01,-7.992258667945861816e-02,1.649180650711059570e-01,1.378327161073684692e-01,-2.640296816825866699e-01,1.556791067123413086e-01
-3.249647840857505798e-02
-7.102020829916000366e-02,-7.671570032835006714e-02,2.716308236122131348e-01,-1.475243568420410156e-01,-1.833042055368423462e-01,-2.821846632286906242e-03,2.167674005031585693e-01,1.774563789367675781e-01,2.197806388139724731e-01,1.640886366367340088e-01,2.197806388139724731e-01,1.774563789367675781e-01,2.167674005031585693e-01,-2.821846632286906242e-03,-1.833042055368423462e-01,-1.475243568420410156e-01,2.716308236122131348e-01,-7.671570032835006714e-02,-7.102020829916000366e-02
1.696503460407257080e-01,-2.480269521474838257e-01,9.120622277259826660e-02,1.871998757123947144e-01,-8.113283663988113403e-02,-2.278777658939361572e-01,-8.192104846239089966e-02,2.035762555897235870e-02,1.407005935907363892e-01,1.439466327428817749e-01,1.407005935907363892e-01,2.035762555897235870e-02,-8.192104846239089966e-02,-2.278777658939361572e-01,-8.113283663988113403e-02,1.871998757123947144e-01,9.120622277259826660e-02,-2.480269521474838257e-01,1.696503460407257080e-01
-3.359496593475341797e-02
-2.185965888202190399e-02,-1.295164078474044800e-01,2.858800292015075684e-01,-1.325099915266036987e-01,-1.920502483844757080e-01,-2.063886448740959167e-02,2.211370319128036499e-01,1.763057559728622437e-01,2.228501290082931519e-01,1.585364937782287598e-01,2.228501290082931519e-01,1.763057559728622437e-01,2.211370319128036499e-01,-2.063886448740959167e-02,-1.920502483844757080e-01,-1.325099915266036987e-01,2.858800292015075684e-01,-1.295164078474044800e-01,-2.185965888202190399e-02
1.816966384649276733e-01,-2.075586020946502686e-01,4.350373148918151855e-02,2.086454629898071289e-01,-8.744537085294723511e-02,-2.240907400846481323e-01,-9.746135771274566650e-02,3.522900491952896118e-02,1.316290199756622314e-01,1.531071960926055908e-01,1.316290199756622314e-01,3.522900491952896118e-02,-9.746135771274566650e-02,-2.240907400846481323e-01,-8.744537085294723511e-02,2.086454629898071289e-01,4.350373148918151855e-02,-2.075586020946502686e-01,1.816966384649276733e-01
-3.470556065440177917e-02
2.191833220422267914e-02,-1.644356846809387207e-01,2.911150157451629639e-01,-1.092194244265556335e-01,-1.980465650558471680e-01,-2.860000170767307281e-02,2.164504528045654297e-01,1.722102761268615723e-01,2.255357205867767334e-01,1.659557372331619263e-01,2.255357205867767334e-01,1.722102761268615723e-01,2.164504528045654297e-01,-2.860000170767307281e-02,-1.980465650558471680e-01,-1.092194244265556335e-01,2.911150157451629639e-01,-1.644356846809387207e-01,2.191833220422267914e-02
1.679908782243728638e-01,-1.710235774517059326e-01,-1.019058935344219208e-02,2.347496896982192993e-01,-8.599129319190979004e-02,-2.194353491067886353e-01,-1.188292801380157471e-01,4.814605414867401123e-02,1.256375312805175781e-01,1.665691286325454712e-01,1.256375312805175781e-01,4.814605414867401123e-02,-1.188292801380157471e-01,-2.194353491067886353e-01,-8.599129319190979004e-02,2.347496896982192993e-01,-1.019058935344219208e-02,-1.710235774517059326e-01,1.679908782243728638e-01
-3.582812100648880005e-02
6.523942947387695312e-02,-1.811696290969848633e-01,2.932407259941101074e-01,-7.202704250812530518e-02,-2.069347053766250610e-01,-3.503831475973129272e-02,2.092031389474868774e-01,1.749674081802368164e-01,2.182254642248153687e-01,1.668745875358581543e-01,2.182254642248153687e-01,1.749674081802368164e-01,2.092031389474868774e-01,-3.503831475973129272e-02,-2.069347053766250610e-01,-7.202704250812530518e-02,2.932407259941101074e-01,-1.811696290969848633e-01,6.523942947387695312e-02
1.447475105524063110e-01,-1.254962235689163208e-01,-6.232193484902381897e-02,2.532966136932373047e-01,-8.643289655447006226e-02,-2.154888510704040527e-01,-1.417274326086044312e-01,5.216101557016372681e-02,1.165925040841102600e-01,1.784036010503768921e-01,1.165925040841102600e-01,5.216101557016372681e-02,-1.417274326086044312e-01,-2.154888510704040527e-01,-8.643289655447006226e-02,2.532966136932373047e-01,-6.232193484902381897e-02,-1.254962235689163208e-01,1.447475105524063110e-01
-3.696253150701522827e-02
9.085565060377120972e-02,-1.965632289648056030e-01,2.760981917381286621e-01,-3.369564563035964966e-02,-2.191934436559677124e-01,-3.689149394631385803e-02,2.014469206333160400e-01,1.852116435766220093e-01,2.144324034452438354e-01,1.763782501220703125e-01,2.144324034452438354e-01,1.852116435766220093e-01,2.014469206333160400e-01,-3.689149394631385803e-02,-2.191934436559677124e-01,-3.369564563035964966e-02,2.760981917381286621e-01,-1.965632289648056030e-01,9.085565060377120972e-02
1.163241714239120483e-01,-7.863813638687133789e-02,-1.096421405673027039e-01,2.705442011356353760e-01,-7.851806282997131348e-02,-2.093492746353149414e-01,-1.572078615427017212e-01,5.943775549530982971e-02,1.081209406256675720e-01,1.848087608814239502e-01,1.081209406256675720e-01,5.943775549530982971e-02,-1.572078615427017212e-01,-2.093492746353149414e-01,-7.851806282997131348e-02,2.705442011356353760e-01,-1.096421405673027039e-01,-7.863813638687133789e-02,1.163241714239120483e-01
-3.810866177082061768e-02
1.199127882719039917e-01,-1.960410624742507935e-01,2.474595755338668823e-01,3.889060812070965767e-03,-2.355282753705978394e-01,-3.914629295468330383e-02,1.890586912631988525e-01,1.955988705158233643e-01,2.054327726364135742e-01,1.844652444124221802e-01,2.054327726364135742e-01,1.955988705158233643e-01,1.890586912631988525e-01,-3.914629295468330383e-02,-2.355282753705978394e-01,3.889060812070965767e-03,2.474595755338668823e-01,-1.960410624742507935e-01,1.199127882719039917e-01
8.260863274335861206e-02,-2.601771429181098938e-02,-1.459001451730728149e-01,2.863085865974426270e-01,-5.948732420802116394e-02,-2.021883577108383179e-01,-1.708858460187911987e-01,5.978430807590484619e-02,1.006426662206649780e-01,1.882337331771850586e-01,1.006426662206649780e-01,5.978430807590484619e-02,-1.708858460187911987e-01,-2.021883577108383179e-01,-5.948732420802116394e-02,2.863085865974426270e-01,-1.459001451730728149e-01,-2.601771429181098938e-02,8.260863274335861206e-02
-3.926640003919601440e-02
1.322805881500244141e-01,-1.981827020645141602e-01,2.012173533439636230e-01,3.769375383853912354e-02,-2.510711252689361572e-01,-3.665890917181968689e-02,1.787873357534408569e-01,2.087524533271789551e-01,1.976509094238281250e-01,1.957924067974090576e-01,1.976509094238281250e-01,2.087524533271789551e-01,1.787873357534408569e-01,-3.665890917181968689e-02,-2.510711252689361572e-01,3.769375383853912354e-02,2.012173533439636230e-01,-1.981827020645141602e-01,1.322805881500244141e-01
5.788016691803932190e-02,1.981593482196331024e-02,-1.808546036481857300e-01,2.881870567798614502e-01,-4.662073403596878052e-02,-2.086108773946762085e-01,-1.873767524957656860e-01,5.682992935180664062e-02,9.853613376617431641e-02,1.899042576551437378e-01,9.853613376617431641e-02,5.682992935180664062e-02,-1.873767524957656860e-01,-2.086108773946762085e-01,-4.662073403596878052e-02,2.881870567798614502e-01,-1.808546036481857300e-01,1.981593482196331024e-02,5.788016691803932190e-02
-4.043562710285186768e-02
1.223979592323303223e-01,-1.829099357128143311e-01,1.674460470676422119e-01,7.646571099758148193e-02,-2.680699527263641357e-01,-3.323894739151000977e-02,1.732082664966583252e-01,2.248040139675140381e-01,1.928841024637222290e-01,2.101518511772155762e-01,1.928841024637222290e-01,2.248040139675140381e-01,1.732082664966583252e-01,-3.323894739151000977e-02,-2.680699527263641357e-01,7.646571099758148193e-02,1.674460470676422119e-01,-1.829099357128143311e-01,1.223979592323303223e-01
2.538502402603626251e-02,5.451571568846702576e-02,-2.063641995191574097e-01,2.899750173091888428e-01,-1.086200494319200516e-02,-1.952373236417770386e-01,-1.816948950290679932e-01,6.338009983301162720e-02,1.049861684441566467e-01,1.923464238643646240e-01,1.049861684441566467e-01,6.338009983301162720e-02,-1.816948950290679932e-01,-1.952373236417770386e-01,-1.086200494319200516e-02,2.899750173091888428e-01,-2.063641995191574097e-01,5.451571568846702576e-02,2.538502402603626251e-02
-4.161622747778892517e-02
1.226759478449821472e-01,-1.600684076547622681e-01,1.252894699573516846e-01,1.155406236648559570e-01,-2.781545519828796387e-01,-3.367460891604423523e-02,1.605698466300964355e-01,2.350073903799057007e-01,1.846800297498703003e-01,2.192854434251785278e-01,1.846800297498703003e-01,2.350073903799057007e-01,1.605698466300964355e-01,-3.367460891604423523e-02,-2.781545519828796387e-01,1.155406236648559570e-01,1.252894699573516846e-01,-1.600684076547622681e-01,1.226759478449821472e-01
-6.457041599787771702e-04,8.982707560062408447e-02,-2.223927527666091919e-01,2.784611880779266357e-01,1.374149415642023087e-02,-2.015446275472640991e-01,-1.877309679985046387e-01,5.455255135893821716e-02,1.062537059187889099e-01,1.868469119071960449e-01,1.062537059187889099e-01,5.455255135893821716e-02,-1.877309679985046387e-01,-2.015446275472640991e-01,1.374149415642023087e-02,2.784611880779266357e-01,-2.223927527666091919e-01,8.982707560062408447e-02,-6.457041599787771702e-04
-4.280810058116912842e-02
1.116455197334289551e-01,-1.338751316070556641e-01,8.707739412784576416e-02,1.556142866611480713e-01,-2.824560403823852539e-01,-3.397741168737411499e-02,1.507020741701126099e-01,2.442102730274200439e-01,1.802034676074981689e-01,2.297630906105041504e-01,1.802034676074981689e-01,2.442102730274200439e-01,1.507020741701126099e-01,-3.397741168737411499e-02,-2.824560403823852539e-01,1.556142866611480713e-01,8.707739412784576416e-02,-1.338751316070556641e-01,1.116455197334289551e-01
-2.618289180099964142e-02,1.114667207002639771e-01,-2.324526309967041016e-01,2.611262202262878418e-01,4.131373018026351929e-02,-2.096503376960754395e-01,-1.895110756158828735e-01,4.665139690041542053e-02,1.133449301123619080e-01,1.818482428789138794e-01,1.133449301123619080e-01,4.665139690041542053e-02,-1.895110756158828735e-01,-2.096503376960754395e-01,4.131373018026351929e-02,2.611262202262878418e-01,-2.324526309967041016e-01,1.114667207002639771e-01,-2.618289180099964142e-02
-4.401113837957382202e-02
9.884232282638549805e-02,-1.139027997851371765e-01,3.756025433540344238e-02,1.887012869119644165e-01,-2.814120650291442871e-01,-3.872309252619743347e-02,1.432547420263290405e-01,2.567460238933563232e-01,1.783784925937652588e-01,2.349853366613388062e-01,1.783784925937652588e-01,2.567460238933563232e-01,1.432547420263290405e-01,-3.872309252619743347e-02,-2.814120650291442871e-01,1.887012869119644165e-01,3.756025433540344238e-02,-1.139027997851371765e-01,9.884232282638549805e-02
-4.361778870224952698e-02,1.281021535396575928e-01,-2.382284849882125854e-01,2.322247177362442017e-01,6.551982462406158447e-02,-2.243649810552597046e-01,-1.921195089817047119e-01,3.772547096014022827e-02,1.192066147923469543e-01,1.707386970520019531e-01,1.192066147923469543e-01,3.772547096014022827e-02,-1.921195089817047119e-01,-2.243649810552597046e-01,6.551982462406158447e-02,2.322247177362442017e-01,-2.382284849882125854e-01,1.281021535396575928e-01,-4.361778870224952698e-02
-4.522523283958435059e-02
7.095782458782196045e-02,-8.281271904706954956e-02,7.716197054833173752e-03,2.141767442226409912e-01,-2.861440181732177734e-01,-4.654504731297492981e-02,1.406854540109634399e-01,2.630011737346649170e-01,1.786996722221374512e-01,2.421018034219741821e-01,1.786996722221374512e-01,2.630011737346649170e-01,1.406854540109634399e-01,-4.654504731297492981e-02,-2.861440181732177734e-01,2.141767442226409912e-01,7.716197054833173752e-03,-8.281271904706954956e-02,7.095782458782196045e-02
-6.455104053020477295e-02,1.353907585144042969e-01,-2.288045138120651245e-01,2.147087901830673218e-01,1.116533726453781128e-01,-2.186571657657623291e-01,-1.816516071557998657e-01,2.703921869397163391e-02,1.283249408006668091e-01,1.649345457553863525e-01,1.283249408006668091e-01,2.703921869397163391e-02,-1.816516071557998657e-01,-2.186571657657623291e-01,1.116533726453781128e-01,2.147087901830673218e-01,-2.288045138120651245e-01,1.353907585144042969e-01,-6.455104053020477295e-02
-4.645029082894325256e-02
4.743745550513267517e-02,-5.791528895497322083e-02,-2.709521725773811340e-02,2.366703450679779053e-01,-2.813600003719329834e-01,-5.937504395842552185e-02,1.356115341186523438e-01,2.667109668254852295e-01,1.796774566173553467e-01,2.435393929481506348e-01,1.796774566173553467e-01,2.667109668254852295e-01,1.356115341186523438e-01,-5.937504395842552185e-02,-2.813600003719329834e-01,2.366703450679779053e-01,-2.709521725773811340e-02,-5.791528895497322083e-02,4.743745550513267517e-02
-7.409974187612533569e-02,1.376636624336242676e-01,-2.202545702457427979e-01,1.834329813718795776e-01,1.456905156373977661e-01,-2.245759516954421997e-01,-1.765994131565093994e-01,1.867312192916870117e-02,1.395857781171798706e-01,1.572335660457611084e-01,1.395857781171798706e-01,1.867312192916870117e-02,-1.765994131565093994e-01,-2.245759516954421997e-01,1.456905156373977661e-01,1.834329813718795776e-01,-2.202545702457427979e-01,1.376636624336242676e-01,-7.409974187612533569e-02
-4.768621549010276794e-02
4.070865362882614136e-02,-3.071896359324455261e-02,-6.414553523063659668e-02,2.500133514404296875e-01,-2.739175260066986084e-01,-7.811961323022842407e-02,1.316876411437988281e-01,2.711936831474304199e-01,1.825518459081649780e-01,2.398809641599655151e-01,1.825518459081649780e-01,2.711936831474304199e-01,1.316876411437988281e-01,-7.811961323022842407e-02,-2.739175260066986084e-01,2.500133514404296875e-01,-6.414553523063659668e-02,-3.071896359324455261e-02,4.070865362882614136e-02
-6.781640648841857910e-02,1.488769948482513428e-01,-2.095092236995697021e-01,1.368409395217895508e-01,1.662962585687637329e-01,-2.385489791631698608e-01,-1.770551800727844238e-01,8.444762788712978363e-03,1.480266898870468140e-01,1.469193994998931885e-01,1.480266898870468140e-01,8.444762788712978363e-03,-1.770551800727844238e-01,-2.385489791631698608e-01,1.662962585687637329e-01,1.368409395217895508e-01,-2.095092236995697021e-01,1.488769948482513428e-01,-6.781640648841857910e-02
-4.893290624022483826e-02
1.516567450016736984e-02,-1.068679150193929672e-02,-8.992172777652740479e-02,2.630590498447418213e-01,-2.563457489013671875e-01,-9.136904776096343994e-02,1.335707008838653564e-01,2.714963257312774658e-01,1.888415813446044922e-01,2.385751008987426758e-01,1.888415813446044922e-01,2.714963257312774658e-01,1.335707008838653564e-01,-9.136904776096343994e-02,-2.563457489013671875e-01,2.630590498447418213e-01,-8.992172777652740479e-02,-1.068679150193929672e-02,1.516567450016736984e-02
-6.942863762378692627e-02,1.388185471296310425e-01,-1.936855912208557129e-01,1.016448289155960083e-01,1.975778192281723022e-01,-2.422561645507812500e-01,-1.731640249490737915e-01,-7.457028841599822044e-04,1.565286666154861450e-01,1.391705721616744995e-01,1.565286666154861450e-01,-7.457028841599822044e-04,-1.731640249490737915e-01,-2.422561645507812500e-01,1.975778192281723022e-01,1.016448289155960083e-01,-1.936855912208557129e-01,1.388185471296310425e-01,-6.942863762378692627e-02
-5.019027367234230042e-02
-3.215972334146499634e-03,1.339778117835521698e-02,-1.072451695799827576e-01,2.694247961044311523e-01,-2.391455620527267456e-01,-1.118912398815155029e-01,1.309872418642044067e-01,2.651830017566680908e-01,1.942296028137207031e-01,2.342242896556854248e-01,1.942296028137207031e-01,2.651830017566680908e-01,1.309872418642044067e-01,-1.118912398815155029e-01,-2.391455620527267456e-01,2.694247961044311523e-01,-1.072451695799827576e-01,1.339778117835521698e-02,-3.215972334146499634e-03
-7.603853940963745117e-02,1.273261755704879761e-01,-1.658777743577957153e-01,7.875597476959228516e-02,2.362514883279800415e-01,-2.392366528511047363e-01,-1.683474034070968628e-01,-7.325172889977693558e-03,1.649267971515655518e-01,1.330707222223281860e-01,1.649267971515655518e-01,-7.325172889977693558e-03,-1.683474034070968628e-01,-2.392366528511047363e-01,2.362514883279800415e-01,7.875597476959228516e-02,-1.658777743577957153e-01,1.273261755704879761e-01,-7.603853940963745117e-02
-5.145822837948799133e-02
-2.613395266234874725e-02,3.391261026263237000e-02,-1.135805249214172363e-01,2.751277685165405273e-01,-2.205003648996353149e-01,-1.375404000282287598e-01,1.274092793464660645e-01,2.579543292522430420e-01,2.012863159179687500e-01,2.288315594196319580e-01,2.012863159179687500e-01,2.579543292522430420e-01,1.274092793464660645e-01,-1.375404000282287598e-01,-2.205003648996353149e-01,2.751277685165405273e-01,-1.135805249214172363e-01,3.391261026263237000e-02,-2.613395266234874725e-02
-6.996341049671173096e-02,1.075498685240745544e-01,-1.504353433847427368e-01,3.792566061019897461e-02,2.508155405521392822e-01,-2.480428367853164673e-01,-1.685025393962860107e-01,-1.132704690098762512e-02,1.721442639827728271e-01,1.271204203367233276e-01,1.721442639827728271e-01,-1.132704690098762512e-02,-1.685025393962860107e-01,-2.480428367853164673e-01,2.508155405521392822e-01,3.792566061019897461e-02,-1.504353433847427368e-01,1.075498685240745544e-01,-6.996341049671173096e-02
-5.273668467998504639e-02
-3.555258736014366150e-02,4.448341578245162964e-02,-1.362866759300231934e-01,2.634986937046051025e-01,-1.951215714216232300e-01,-1.531701683998107910e-01,1.368338614702224731e-01,2.564610838890075684e-01,2.115670591592788696e-01,2.226471006870269775e-01,2.115670591592788696e-01,2.564610838890075684e-01,1.368338614702224731e-01,-1.531701683998107910e-01,-1.951215714216232300e-01,2.634986937046051025e-01,-1.362866759300231934e-01,4.448341578245162964e-02,-3.555258736014366150e-02
-6.356038153171539307e-02,1.004384607076644897e-01,-1.188859865069389343e-01,1.400394085794687271e-02,2.846072018146514893e-01,-2.374776601791381836e-01,-1.688661426305770874e-01,-2.121484838426113129e-02,1.758274286985397339e-01,1.247232556343078613e-01,1.758274286985397339e-01,-2.121484838426113129e-02,-1.688661426305770874e-01,-2.374776601791381836e-01,2.846072018146514893e-01,1.400394085794687271e-02,-1.188859865069389343e-01,1.004384607076644897e-01,-6.356038153171539307e-02
-5.402555316686630249e-02
-5.249214544892311096e-02,5.737934634089469910e-02,-1.381418555974960327e-01,2.577031850814819336e-01,-1.714874207973480225e-01,-1.776420027017593384e-01,1.404943764209747314e-01,2.528241872787475586e-01,2.215182483196258545e-01,2.149093598127365112e-01,2.215182483196258545e-01,2.528241872787475586e-01,1.404943764209747314e-01,-1.776420027017593384e-01,-1.714874207973480225e-01,2.577031850814819336e-01,-1.381418555974960327e-01,5.737934634089469910e-02,-5.249214544892311096e-02
-5.167173594236373901e-02,8.180069923400878906e-02,-1.030719429254531860e-01,-2.370750159025192261e-02,2.983159422874450684e-01,-2.339939922094345093e-01,-1.704861223697662354e-01,-2.422030083835124969e-02,1.787374913692474365e-01,1.221926957368850708e-01,1.787374913692474365e-01,-2.422030083835124969e-02,-1.704861223697662354e-01,-2.339939922094345093e-01,2.983159422874450684e-01,-2.370750159025192261e-02,-1.030719429254531860e-01,8.180069923400878906e-02,-5.167173594236373901e-02
-5.532475188374519348e-02
-6.295104324817657471e-02,6.651475280523300171e-02,-1.379527598619461060e-01,2.492347210645675659e-01,-1.406316012144088745e-01,-1.979674994945526123e-01,1.412665694952011108e-01,2.435883730649948120e-01,2.326276302337646484e-01,2.111963629722595215e-01,2.326276302337646484e-01,2.435883730649948120e-01,1.412665694952011108e-01,-1.979674994945526123e-01,-1.406316012144088745e-01,2.492347210645675659e-01,-1.379527598619461060e-01,6.651475280523300171e-02,-6.295104324817657471e-02
-4.860312864184379578e-02,5.801710113883018494e-02,-7.547299563884735107e-02,-4.272326454520225525e-02,3.145888745784759521e-01,-2.315952330827713013e-01,-1.772986948490142822e-01,-2.660043723881244659e-02,1.804112344980239868e-01,1.214191243052482605e-01,1.804112344980239868e-01,-2.660043723881244659e-02,-1.772986948490142822e-01,-2.315952330827713013e-01,3.145888745784759521e-01,-4.272326454520225525e-02,-7.547299563884735107e-02,5.801710113883018494e-02,-4.860312864184379578e-02
-5.663419887423515320e-02
-7.112061977386474609e-02,6.959021091461181641e-02,-1.409761011600494385e-01,2.324587255716323853e-01,-1.122096255421638489e-01,-2.175563871860504150e-01,1.478743404150009155e-01,2.403225600719451904e-01,2.424169182777404785e-01,2.029956579208374023e-01,2.424169182777404785e-01,2.403225600719451904e-01,1.478743404150009155e-01,-2.175563871860504150e-01,-1.122096255421638489e-01,2.324587255716323853e-01,-1.409761011600494385e-01,6.959021091461181641e-02,-7.112061977386474609e-02
-3.545831888914108276e-02,4.385218769311904907e-02,-5.509250983595848083e-02,-7.014881819486618042e-02,3.252950906753540039e-01,-2.206967175006866455e-01,-1.838446557521820068e-01,-2.983942441642284393e-02,1.798326820135116577e-01,1.232043877243995667e-01,1.798326820135116577e-01,-2.983942441642284393e-02,-1.838446557521820068e-01,-2.206967175006866455e-01,3.252950906753540039e-01,-7.014881819486618042e-02,-5.509250983595848083e-02,4.385218769311904907e-02,-3.545831888914108276e-02
-5.795381590723991394e-02
-8.040290325880050659e-02,6.856448203325271606e-02,-1.389753520488739014e-01,2.164422124624252319e-01,-8.364105224609375000e-02,-2.398193627595901489e-01,1.498354673385620117e-01,2.364274114370346069e-01,2.516503930091857910e-01,1.947876513004302979e-01,2.516503930091857910e-01,2.364274114370346069e-01,1.498354673385620117e-01,-2.398193627595901489e-01,-8.364105224609375000e-02,2.164422124624252319e-01,-1.389753520488739014e-01,6.856448203325271606e-02,-8.040290325880050659e-02
-1.776788011193275452e-02,2.636500634253025055e-02,-4.250811040401458740e-02,-9.749639779329299927e-02,3.337932825088500977e-01,-2.041591554880142212e-01,-1.865114718675613403e-01,-2.460810169577598572e-02,1.790070980787277222e-01,1.247904598712921143e-01,1.790070980787277222e-01,-2.460810169577598572e-02,-1.865114718675613403e-01,-2.041591554880142212e-01,3.337932825088500977e-01,-9.749639779329299927e-02,-4.250811040401458740e-02,2.636500634253025055e-02,-1.776788011193275452e-02
-5.928352475166320801e-02
-8.124863356351852417e-02,7.038480788469314575e-02,-1.336153447628021240e-01,1.963791549205780029e-01,-5.611047893762588501e-02,-2.606039643287658691e-01,1.500926017761230469e-01,2.307290434837341309e-01,2.599489092826843262e-01,1.882062405347824097e-01,2.599489092826843262e-01,2.307290434837341309e-01,1.500926017761230469e-01,-2.606039643287658691e-01,-5.611047893762588501e-02,1.963791549205780029e-01,-1.336153447628021240e-01,7.038480788469314575e-02,-8.124863356351852417e-02
-9.922698140144348145e-03,1.284532714635133743e-02,-2.018123678863048553e-02,-1.135767027735710144e-01,3.374751210212707520e-01,-1.908401101827621460e-01,-1.970189213752746582e-01,-2.547489851713180542e-02,1.751801818609237671e-01,1.285633742809295654e-01,1.751801818609237671e-01,-2.547489851713180542e-02,-1.970189213752746582e-01,-1.908401101827621460e-01,3.374751210212707520e-01,-1.135767027735710144e-01,-2.018123678863048553e-02,1.284532714635133743e-02,-9.922698140144348145e-03
-6.062324717640876770e-02
-8.586733788251876831e-02,6.944020837545394897e-02,-1.217840909957885742e-01,1.789087504148483276e-01,-2.769562788307666779e-02,-2.786155939102172852e-01,1.511512845754623413e-01,2.272740602493286133e-01,2.684091031551361084e-01,1.831918954849243164e-01,2.684091031551361084e-01,2.272740602493286133e-01,1.511512845754623413e-01,-2.786155939102172852e-01,-2.769562788307666779e-02,1.789087504148483276e-01,-1.217840909957885742e-01,6.944020837545394897e-02,-8.586733788251876831e-02
1.456556725315749645e-03,-4.172111395746469498e-03,-7.286678534001111984e-03,-1.321597695350646973e-01,3.361102342605590820e-01,-1.748901307582855225e-01,-2.070191502571105957e-01,-2.359763532876968384e-02,1.702993810176849365e-01,1.330972611904144287e-01,1.702993810176849365e-01,-2.359763532876968384e-02,-2.070191502571105957e-01,-1.748901307582855225e-01,3.361102342605590820e-01,-1.321597695350646973e-01,-7.286678534001111984e-03,-4.172111395746469498e-03,1.456556725315749645e-03
-6.197291612625122070e-02
-8.791189640760421753e-02,6.665601581335067749e-02,-1.071596890687942505e-01,1.634180694818496704e-01,2.358230762183666229e-03,-2.930634915828704834e-01,1.514466553926467896e-01,2.241470366716384888e-01,2.754864096641540527e-01,1.788915842771530151e-01,2.754864096641540527e-01,2.241470366716384888e-01,1.514466553926467896e-01,-2.930634915828704834e-01,2.358230762183666229e-03,1.634180694818496704e-01,-1.071596890687942505e-01,6.665601581335067749e-02,-8.791189640760421753e-02
1.453429181128740311e-02,-2.169792726635932922e-02,3.089316887781023979e-03,-1.464067995548248291e-01,3.315881192684173584e-01,-1.596219837665557861e-01,-2.186841368675231934e-01,-1.974515803158283234e-02,1.636420488357543945e-01,1.369966566562652588e-01,1.636420488357543945e-01,-1.974515803158283234e-02,-2.186841368675231934e-01,-1.596219837665557861e-01,3.315881192684173584e-01,-1.464067995548248291e-01,3.089316887781023979e-03,-2.169792726635932922e-02,1.453429181128740311e-02
-6.333244591951370239e-02
-8.045260608196258545e-02,6.320501118898391724e-02,-1.005489155650138855e-01,1.376307904720306396e-01,2.682137675583362579e-02,-3.080216348171234131e-01,1.490306258201599121e-01,2.228018790483474731e-01,2.827796638011932373e-01,1.764884144067764282e-01,2.827796638011932373e-01,2.228018790483474731e-01,1.490306258201599121e-01,-3.080216348171234131e-01,2.682137675583362579e-02,1.376307904720306396e-01,-1.005489155650138855e-01,6.320501118898391724e-02,-8.045260608196258545e-02
1.966766640543937683e-02,-2.952900342643260956e-02,2.279047109186649323e-02,-1.517296135425567627e-01,3.267509639263153076e-01,-1.407069712877273560e-01,-2.321181148290634155e-01,-1.828304678201675415e-02,1.586880832910537720e-01,1.453870236873626709e-01,1.586880832910537720e-01,-1.828304678201675415e-02,-2.321181148290634155e-01,-1.407069712877273560e-01,3.267509639263153076e-01,-1.517296135425567627e-01,2.279047109186649323e-02,-2.952900342643260956e-02,1.966766640543937683e-02
-6.470178067684173584e-02
-7.478234916925430298e-02,5.958703532814979553e-02,-8.519311994314193726e-02,1.207949966192245483e-01,5.288746953010559082e-02,-3.210018575191497803e-01,1.444038301706314087e-01,2.209206819534301758e-01,2.868337333202362061e-01,1.729765534400939941e-01,2.868337333202362061e-01,2.209206819534301758e-01,1.444038301706314087e-01,-3.210018575191497803e-01,5.288746953010559082e-02,1.207949966192245483e-01,-8.519311994314193726e-02,5.958703532814979553e-02,-7.478234916925430298e-02
2.856576070189476013e-02,-4.087191075086593628e-02,3.277450054883956909e-02,-1.563191413879394531e-01,3.192532360553741455e-01,-1.237543597817420959e-01,-2.464182078838348389e-01,-1.370541006326675415e-02,1.510863006114959717e-01,1.504143029451370239e-01,1.510863006114959717e-01,-1.370541006326675415e-02,-2.464182078838348389e-01,-1.237543597817420959e-01,3.192532360553741455e-01,-1.563191413879394531e-01,3.277450054883956909e-02,-4.087191075086593628e-02,2.856576070189476013e-02
-6.608083844184875488e-02
-7.585620135068893433e-02,4.673226177692413330e-02,-7.757272571325302124e-02,9.654378145933151245e-02,7.345307618379592896e-02,-3.327388763427734375e-01,1.378517299890518188e-01,2.202492654323577881e-01,2.898841202259063721e-01,1.708243340253829956e-01,2.898841202259063721e-01,2.202492654323577881e-01,1.378517299890518188e-01,-3.327388763427734375e-01,7.345307618379592896e-02,9.654378145933151245e-02,-7.757272571325302124e-02,4.673226177692413330e-02,-7.585620135068893433e-02
4.020225629210472107e-02,-5.137699469923973083e-02,3.606333956122398376e-02,-1.637662798166275024e-01,3.109959363937377930e-01,-9.628543257713317871e-02,-2.546308040618896484e-01,-7.169139571487903595e-03,1.458784341812133789e-01,1.587055623531341553e-01,1.458784341812133789e-01,-7.169139571487903595e-03,-2.546308040618896484e-01,-9.628543257713317871e-02,3.109959363937377930e-01,-1.637662798166275024e-01,3.606333956122398376e-02,-5.137699469923973083e-02,4.020225629210472107e-02
-6.746955960988998413e-02
-6.126844137907028198e-02,4.735504835844039917e-02,-6.077537685632705688e-02,7.987729460000991821e-02,9.746649116277694702e-02,-3.392701447010040283e-01,1.322461217641830444e-01,2.221422791481018066e-01,2.943830788135528564e-01,1.723598539829254150e-01,2.943830788135528564e-01,2.221422791481018066e-01,1.322461217641830444e-01,-3.392701447010040283e-01,9.746649116277694702e-02,7.987729460000991821e-02,-6.077537685632705688e-02,4.735504835844039917e-02,-6.126844137907028198e-02
4.257277771830558777e-02,-5.447297915816307068e-02,5.227899551391601562e-02,-1.585866361856460571e-01,2.970510721206665039e-01,-8.327379077672958374e-02,-2.740342319011688232e-01,-6.628972012549638748e-03,1.371184438467025757e-01,1.651563793420791626e-01,1.371184438467025757e-01,-6.628972012549638748e-03,-2.740342319011688232e-01,-8.327379077672958374e-02,2.970510721206665039e-01,-1.585866361856460571e-01,5.227899551391601562e-02,-5.447297915816307068e-02,4.257277771830558777e-02
-6.886786967515945435e-02
-6.465560942888259888e-02,3.235251456499099731e-02,-5.159645900130271912e-02,5.835677683353424072e-02,1.145221218466758728e-01,-3.462606966495513916e-01,1.238946616649627686e-01,2.246787548065185547e-01,2.962313294410705566e-01,1.731753051280975342e-01,2.962313294410705566e-01,2.246787548065185547e-01,1.238946616649627686e-01,-3.462606966495513916e-01,1.145221218466758728e-01,5.835677683353424072e-02,-5.159645900130271912e-02,3.235251456499099731e-02,-6.465560942888259888e-02
5.187178403139114380e-02,-6.437429040670394897e-02,4.693783074617385864e-02,-1.671790331602096558e-01,2.831921875476837158e-01,-5.337227135896682739e-02,-2.810036242008209229e-01,-7.922682561911642551e-04,1.318304687738418579e-01,1.741905063390731812e-01,1.318304687738418579e-01,-7.922682561911642551e-04,-2.810036242008209229e-01,-5.337227135896682739e-02,2.831921875476837158e-01,-1.671790331602096558e-01,4.693783074617385864e-02,-6.437429040670394897e-02,5.187178403139114380e-02
-7.027571648359298706e-02
-4.952894151210784912e-02,2.935789711773395538e-02,-3.842772170901298523e-02,4.022165015339851379e-02,1.323584765195846558e-01,-3.498301804065704346e-01,1.149203777313232422e-01,2.288801074028015137e-01,2.982804179191589355e-01,1.760088503360748291e-01,2.982804179191589355e-01,2.288801074028015137e-01,1.149203777313232422e-01,-3.498301804065704346e-01,1.323584765195846558e-01,4.022165015339851379e-02,-3.842772170901298523e-02,2.935789711773395538e-02,-4.952894151210784912e-02
5.823498219251632690e-02,-6.351809203624725342e-02,5.786162987351417542e-02,-1.619553118944168091e-01,2.633883655071258545e-01,-3.895385563373565674e-02,-2.972933351993560791e-01,1.794827054254710674e-03,1.262142062187194824e-01,1.823329478502273560e-01,1.262142062187194824e-01,1.794827054254710674e-03,-2.972933351993560791e-01,-3.895385563373565674e-02,2.633883655071258545e-01,-1.619553118944168091e-01,5.786162987351417542e-02,-6.351809203624725342e-02,5.823498219251632690e-02
-7.169301807880401611e-02
-5.127851665019989014e-02,1.680022850632667542e-02,-2.553069964051246643e-02,2.543119899928569794e-02,1.477821022272109985e-01,-3.524341881275177002e-01,1.037622541189193726e-01,2.323223501443862915e-01,2.969099581241607666e-01,1.773412227630615234e-01,2.969099581241607666e-01,2.323223501443862915e-01,1.037622541189193726e-01,-3.524341881275177002e-01,1.477821022272109985e-01,2.543119899928569794e-02,-2.553069964051246643e-02,1.680022850632667542e-02,-5.127851665019989014e-02
6.122002750635147095e-02,-7.334559410810470581e-02,5.017299950122833252e-02,-1.614451706409454346e-01,2.519703507423400879e-01,-9.338003583252429962e-03,-3.044832646846771240e-01,6.899627856910228729e-03,1.182247772812843323e-01,1.877486556768417358e-01,1.182247772812843323e-01,6.899627856910228729e-03,-3.044832646846771240e-01,-9.338003583252429962e-03,2.519703507423400879e-01,-1.614451706409454346e-01,5.017299950122833252e-02,-7.334559410810470581e-02,6.122002750635147095e-02
-7.311972230672836304e-02
-2.455192990601062775e-02,2.087052911520004272e-02,-1.798981986939907074e-02,2.351169241592288017e-03,1.571199297904968262e-01,-3.547723889350891113e-01,9.119393676519393921e-02,2.378182858228683472e-01,2.953216731548309326e-01,1.792275160551071167e-01,2.953216731548309326e-01,2.378182858228683472e-01,9.119393676519393921e-02,-3.547723889350891113e-01,1.571199297904968262e-01,2.351169241592288017e-03,-1.798981986939907074e-02,2.087052911520004272e-02,-2.455192990601062775e-02
5.843976885080337524e-02,-6.158570572733879089e-02,6.329461932182312012e-02,-1.518454253673553467e-01,2.327125072479248047e-01,7.876586169004440308e-03,-3.207440078258514404e-01,4.091705195605754852e-03,1.119532361626625061e-01,1.960315555334091187e-01,1.119532361626625061e-01,4.091705195605754852e-03,-3.207440078258514404e-01,7.876586169004440308e-03,2.327125072479248047e-01,-1.518454253673553467e-01,6.329461932182312012e-02,-6.158570572733879089e-02,5.843976885080337524e-02
-7.455576956272125244e-02
-3.162159770727157593e-02,4.290691576898097992e-03,-2.190529601648449898e-03,-3.574379021301865578e-03,1.735241264104843140e-01,-3.494063019752502441e-01,8.097040653228759766e-02,2.441596686840057373e-01,2.940504848957061768e-01,1.842515468597412109e-01,2.940504848957061768e-01,2.441596686840057373e-01,8.097040653228759766e-02,-3.494063019752502441e-01,1.735241264104843140e-01,-3.574379021301865578e-03,-2.190529601648449898e-03,4.290691576898097992e-03,-3.162159770727157593e-02
6.714422255754470825e-02,-7.350370287895202637e-02,5.125034973025321960e-02,-1.502834260463714600e-01,2.155340909957885742e-01,3.129578009247779846e-02,-3.277554512023925781e-01,9.080084040760993958e-03,1.059236451983451843e-01,2.008683830499649048e-01,1.059236451983451843e-01,9.080084040760993958e-03,-3.277554512023925781e-01,3.129578009247779846e-02,2.155340909957885742e-01,-1.502834260463714600e-01,5.125034973025321960e-02,-7.350370287895202637e-02,6.714422255754470825e-02
-7.600108534097671509e-02
-2.630570530891418457e-02,-4.043796565383672714e-03,7.908916100859642029e-03,-1.611929386854171753e-02,1.832147538661956787e-01,-3.458598256111145020e-01,6.733706593513488770e-02,2.510596215724945068e-01,2.930834591388702393e-01,1.905328631401062012e-01,2.930834591388702393e-01,2.510596215724945068e-01,6.733706593513488770e-02,-3.458598256111145020e-01,1.832147538661956787e-01,-1.611929386854171753e-02,7.908916100859642029e-03,-4.043796565383672714e-03,-2.630570530891418457e-02
6.827135384082794189e-02,-7.319848984479904175e-02,4.978427663445472717e-02,-1.422723978757858276e-01,1.979140341281890869e-01,5.207296460866928101e-02,-3.362372219562530518e-01,1.164033170789480209e-02,1.019482687115669250e-01,2.069008350372314453e-01,1.019482687115669250e-01,1.164033170789480209e-02,-3.362372219562530518e-01,5.207296460866928101e-02,1.979140341281890869e-01,-1.422723978757858276e-01,4.978427663445472717e-02,-7.319848984479904175e-02,6.827135384082794189e-02
-7.745563238859176636e-02
-7.461370434612035751e-03,-2.172379055991768837e-03,1.590700633823871613e-02,-3.099036216735839844e-02,1.891396194696426392e-01,-3.432589769363403320e-01,5.042633414268493652e-02,2.570269703865051270e-01,2.882340252399444580e-01,1.931062787771224976e-01,2.882340252399444580e-01,2.570269703865051270e-01,5.042633414268493652e-02,-3.432589769363403320e-01,1.891396194696426392e-01,-3.099036216735839844e-02,1.590700633823871613e-02,-2.172379055991768837e-03,-7.461370434612035751e-03
6.181430816650390625e-02,-6.600619852542877197e-02,5.524584278464317322e-02,-1.293967813253402710e-01,1.787456274032592773e-01,6.934037804603576660e-02,-3.470069169998168945e-01,9.972875006496906281e-03,9.726813435554504395e-02,2.125798314809799194e-01,9.726813435554504395e-02,9.972875006496906281e-03,-3.470069169998168945e-01,6.934037804603576660e-02,1.787456274032592773e-01,-1.293967813253402710e-01,5.524584278464317322e-02,-6.600619852542877197e-02,6.181430816650390625e-02
-7.891933619976043701e-02
-1.001035608351230621e-02,-1.710754446685314178e-02,2.418746054172515869e-02,-3.854272887110710144e-02,1.979858875274658203e-01,-3.326028287410736084e-01,3.879095986485481262e-02,2.653726041316986084e-01,2.872712612152099609e-01,2.021253556013107300e-01,2.872712612152099609e-01,2.653726041316986084e-01,3.879095986485481262e-02,-3.326028287410736084e-01,1.979858875274658203e-01,-3.854272887110710144e-02,2.418746054172515869e-02,-1.710754446685314178e-02,-1.001035608351230621e-02
6.776595860719680786e-02,-6.898904591798782349e-02,4.618870839476585388e-02,-1.226491779088973999e-01,1.623422354459762573e-01,8.847737312316894531e-02,-3.538064360618591309e-01,1.054061390459537506e-02,9.459949284791946411e-02,2.174424231052398682e-01,9.459949284791946411e-02,1.054061390459537506e-02,-3.538064360618591309e-01,8.847737312316894531e-02,1.623422354459762573e-01,-1.226491779088973999e-01,4.618870839476585388e-02,-6.898904591798782349e-02,6.776595860719680786e-02
-8.039214462041854858e-02
-5.800855811685323715e-03,-2.348055690526962280e-02,3.395679220557212830e-02,-4.564451798796653748e-02,2.022770196199417114e-01,-3.262426853179931641e-01,2.125045470893383026e-02,2.708107531070709229e-01,2.804465591907501221e-01,2.049690932035446167e-01,2.804465591907501221e-01,2.708107531070709229e-01,2.125045470893383026e-02,-3.262426853179931641e-01,2.022770196199417114e-01,-4.564451798796653748e-02,3.395679220557212830e-02,-2.348055690526962280e-02,-5.800855811685323715e-03
6.726370751857757568e-02,-6.906420737504959106e-02,3.938822448253631592e-02,-1.121341139078140259e-01,1.475380361080169678e-01,1.091310381889343262e-01,-3.583532273769378662e-01,1.014166232198476791e-02,8.953104913234710693e-02,2.186708450317382812e-01,8.953104913234710693e-02,1.014166232198476791e-02,-3.583532273769378662e-01,1.091310381889343262e-01,1.475380361080169678e-01,-1.121341139078140259e-01,3.938822448253631592e-02,-6.906420737504959106e-02,6.726370751857757568e-02
-8.187400549650192261e-02
2.764798467978835106e-03,-2.926756814122200012e-02,4.042660817503929138e-02,-5.158505961298942566e-02,2.065159380435943604e-01,-3.171373903751373291e-01,5.863645114004611969e-03,2.806293070316314697e-01,2.783325016498565674e-01,2.123245596885681152e-01,2.783325016498565674e-01,2.806293070316314697e-01,5.863645114004611969e-03,-3.171373903751373291e-01,2.065159380435943604e-01,-5.158505961298942566e-02,4.042660817503929138e-02,-2.926756814122200012e-02,2.764798467978835106e-03
6.593414396047592163e-02,-6.517370045185089111e-02,3.421887010335922241e-02,-1.056844666600227356e-01,1.267348527908325195e-01,1.239869743585586548e-01,-3.637183308601379395e-01,8.456127718091011047e-03,8.853878825902938843e-02,2.231271415948867798e-01,8.853878825902938843e-02,8.456127718091011047e-03,-3.637183308601379395e-01,1.239869743585586548e-01,1.267348527908325195e-01,-1.056844666600227356e-01,3.421887010335922241e-02,-6.517370045185089111e-02,6.593414396047592163e-02
-8.336485922336578369e-02
8.597920648753643036e-03,-3.288747742772102356e-02,4.519332572817802429e-02,-6.134929135441780090e-02,2.056549191474914551e-01,-3.074260354042053223e-01,-1.099079009145498276e-02,2.872695028781890869e-01,2.740752696990966797e-01,2.190428823232650757e-01,2.740752696990966797e-01,2.872695028781890869e-01,-1.099079009145498276e-02,-3.074260354042053223e-01,2.056549191474914551e-01,-6.134929135441780090e-02,4.519332572817802429e-02,-3.288747742772102356e-02,8.597920648753643036e-03
6.603179126977920532e-02,-6.041015312075614929e-02,2.799766138195991516e-02,-9.706233441829681396e-02,1.099163666367530823e-01,1.406315416097640991e-01,-3.674333989620208740e-01,5.287372507154941559e-03,8.756835758686065674e-02,2.264546900987625122e-01,8.756835758686065674e-02,5.287372507154941559e-03,-3.674333989620208740e-01,1.406315416097640991e-01,1.099163666367530823e-01,-9.706233441829681396e-02,2.799766138195991516e-02,-6.041015312075614929e-02,6.603179126977920532e-02
-8.486464619636535645e-02
1.631315983831882477e-02,-3.722017258405685425e-02,5.075279623270034790e-02,-6.493540108203887939e-02,2.066397368907928467e-01,-2.969492971897125244e-01,-2.723908610641956329e-02,2.956115901470184326e-01,2.682258188724517822e-01,2.229075133800506592e-01,2.682258188724517822e-01,2.956115901470184326e-01,-2.723908610641956329e-02,-2.969492971897125244e-01,2.066397368907928467e-01,-6.493540108203887939e-02,5.075279623270034790e-02,-3.722017258405685425e-02,1.631315983831882477e-02
6.595849990844726562e-02,-5.531208962202072144e-02,2.270389720797538757e-02,-8.682100474834442139e-02,9.397833049297332764e-02,1.550851166248321533e-01,-3.703303635120391846e-01,1.536311465315520763e-03,8.470532298088073730e-02,2.262332588434219360e-01,8.470532298088073730e-02,1.536311465315520763e-03,-3.703303635120391846e-01,1.550851166248321533e-01,9.397833049297332764e-02,-8.682100474834442139e-02,2.270389720797538757e-02,-5.531208962202072144e-02,6.595849990844726562e-02
-8.637332916259765625e-02
1.639491319656372070e-02,-4.470046609640121460e-02,5.292939022183418274e-02,-6.969942152500152588e-02,2.073540240526199341e-01,-2.822765707969665527e-01,-4.088756814599037170e-02,3.057953417301177979e-01,2.682881653308868408e-01,2.338953465223312378e-01,2.682881653308868408e-01,3.057953417301177979e-01,-4.088756814599037170e-02,-2.822765707969665527e-01,2.073540240526199341e-01,-6.969942152500152588e-02,5.292939022183418274e-02,-4.470046609640121460e-02,1.639491319656372070e-02
5.926619470119476318e-02,-5.188693851232528687e-02,1.896075345575809479e-02,-7.544321566820144653e-02,7.871682941913604736e-02,1.686927080154418945e-01,-3.714153468608856201e-01,-2.081470796838402748e-03,8.738369494676589966e-02,2.300965934991836548e-01,8.738369494676589966e-02,-2.081470796838402748e-03,-3.714153468608856201e-01,1.686927080154418945e-01,7.871682941913604736e-02,-7.544321566820144653e-02,1.896075345575809479e-02,-5.188693851232528687e-02,5.926619470119476318e-02
-8.789084106683731079e-02
2.592916041612625122e-02,-4.476070776581764221e-02,5.754094943404197693e-02,-7.274406403303146362e-02,2.040330916643142700e-01,-2.723257839679718018e-01,-5.944979935884475708e-02,3.121451437473297119e-01,2.617492675781250000e-01,2.370989471673965454e-01,2.617492675781250000e-01,3.121451437473297119e-01,-5.944979935884475708e-02,-2.723257839679718018e-01,2.040330916643142700e-01,-7.274406403303146362e-02,5.754094943404197693e-02,-4.476070776581764221e-02,2.592916041612625122e-02
6.087232753634452820e-02,-4.630672559142112732e-02,1.213376969099044800e-02,-6.617100536823272705e-02,6.286597996950149536e-02,1.795905977487564087e-01,-3.730881214141845703e-01,-7.796518038958311081e-03,8.471107482910156250e-02,2.276590764522552490e-01,8.471107482910156250e-02,-7.796518038958311081e-03,-3.730881214141845703e-01,1.795905977487564087e-01,6.286597996950149536e-02,-6.617100536823272705e-02,1.213376969099044800e-02,-4.630672559142112732e-02,6.087232753634452820e-02
-8.941713720560073853e-02
2.803033217787742615e-02,-4.789778217673301697e-02,5.956206843256950378e-02,-7.596673816442489624e-02,2.019019871950149536e-01,-2.573788762092590332e-01,-7.452163100242614746e-02,3.194776773452758789e-01,2.590717971324920654e-01,2.452530860900878906e-01,2.590717971324920654e-01,3.194776773452758789e-01,-7.452163100242614746e-02,-2.573788762092590332e-01,2.019019871950149536e-01,-7.596673816442489624e-02,5.956206843256950378e-02,-4.789778217673301697e-02,2.803033217787742615e-02
5.423147603869438171e-02,-4.006625711917877197e-02,8.372756652534008026e-03,-5.718319490551948547e-02,4.862093925476074219e-02,1.925014406442642212e-01,-3.713940978050231934e-01,-1.348565798252820969e-02,8.906196057796478271e-02,2.314330637454986572e-01,8.906196057796478271e-02,-1.348565798252820969e-02,-3.713940978050231934e-01,1.925014406442642212e-01,4.862093925476074219e-02,-5.718319490551948547e-02,8.372756652534008026e-03,-4.006625711917877197e-02,5.423147603869438171e-02
-9.095217287540435791e-02
3.425379097461700439e-02,-4.942682012915611267e-02,5.982771143317222595e-02,-7.871650904417037964e-02,1.978128850460052490e-01,-2.446381151676177979e-01,-9.043884277343750000e-02,3.270840942859649658e-01,2.531464695930480957e-01,2.479239106178283691e-01,2.531464695930480957e-01,3.270840942859649658e-01,-9.043884277343750000e-02,-2.446381151676177979e-01,1.978128850460052490e-01,-7.871650904417037964e-02,5.982771143317222595e-02,-4.942682012915611267e-02,3.425379097461700439e-02
4.830058664083480835e-02,-3.535674512386322021e-02,7.225134409964084625e-03,-4.205178841948509216e-02,3.713166713714599609e-02,2.018379122018814087e-01,-3.720366358757019043e-01,-2.325981855392456055e-02,8.629560470581054688e-02,2.278353273868560791e-01,8.629560470581054688e-02,-2.325981855392456055e-02,-3.720366358757019043e-01,2.018379122018814087e-01,3.713166713714599609e-02,-4.205178841948509216e-02,7.225134409964084625e-03,-3.535674512386322021e-02,4.830058664083480835e-02
-9.249588847160339355e-02
3.453619033098220825e-02,-5.432385951280593872e-02,6.321234256029129028e-02,-7.494812458753585815e-02,1.952964216470718384e-01,-2.311370223760604858e-01,-1.063174977898597717e-01,3.352390527725219727e-01,2.532299160957336426e-01,2.572864592075347900e-01,2.532299160957336426e-01,3.352390527725219727e-01,-1.063174977898597717e-01,-2.311370223760604858e-01,1.952964216470718384e-01,-7.494812458753585815e-02,6.321234256029129028e-02,-5.432385951280593872e-02,3.453619033098220825e-02
4.694266989827156067e-02,-3.309916332364082336e-02,-5.278146360069513321e-03,-3.875400498509407043e-02,2.322761528193950653e-02,2.120224982500076294e-01,-3.660430312156677246e-01,-2.573073469102382660e-02,9.119613468647003174e-02,2.277524322271347046e-01,9.119613468647003174e-02,-2.573073469102382660e-02,-3.660430312156677246e-01,2.120224982500076294e-01,2.322761528193950653e-02,-3.875400498509407043e-02,-5.278146360069513321e-03,-3.309916332364082336e-02,4.694266989827156067e-02
-9.404823929071426392e-02
3.699712082743644714e-02,-5.474837496876716614e-02,6.417958438396453857e-02,-7.603152096271514893e-02,1.891090422868728638e-01,-2.174860984086990356e-01,-1.224322393536567688e-01,3.400162160396575928e-01,2.482717782258987427e-01,2.612172067165374756e-01,2.482717782258987427e-01,3.400162160396575928e-01,-1.224322393536567688e-01,-2.174860984086990356e-01,1.891090422868728638e-01,-7.603152096271514893e-02,6.417958438396453857e-02,-5.474837496876716614e-02,3.699712082743644714e-02
4.575483500957489014e-02,-2.659155055880546570e-02,-9.218837134540081024e-03,-2.861229702830314636e-02,1.116752345114946365e-02,2.184284329414367676e-01,-3.650298118591308594e-01,-3.608857467770576477e-02,9.093460440635681152e-02,2.246150970458984375e-01,9.093460440635681152e-02,-3.608857467770576477e-02,-3.650298118591308594e-01,2.184284329414367676e-01,1.116752345114946365e-02,-2.861229702830314636e-02,-9.218837134540081024e-03,-2.659155055880546570e-02,4.575483500957489014e-02
-9.560918062925338745e-02
4.559823125600814819e-02,-4.873575270175933838e-02,6.098060682415962219e-02,-8.185269683599472046e-02,1.818183362483978271e-01,-2.023797333240509033e-01,-1.364321559667587280e-01,3.469572067260742188e-01,2.463873475790023804e-01,2.668566405773162842e-01,2.463873475790023804e-01,3.469572067260742188e-01,-1.364321559667587280e-01,-2.023797333240509033e-01,1.818183362483978271e-01,-8.185269683599472046e-02,6.098060682415962219e-02,-4.873575270175933838e-02,4.559823125600814819e-02
2.935765497386455536e-02,-1.786641031503677368e-02,-4.575841128826141357e-03,-1.936112716794013977e-02,-4.745816811919212341e-03,2.248370200395584106e-01,-3.603014349937438965e-01,-4.682901874184608459e-02,9.567667543888092041e-02,2.269918918609619141e-01,9.567667543888092041e-02,-4.682901874184608459e-02,-3.603014349937438965e-01,2.248370200395584106e-01,-4.745816811919212341e-03,-1.936112716794013977e-02,-4.575841128826141357e-03,-1.786641031503677368e-02,2.935765497386455536e-02
-9.717866033315658569e-02
4.296159744262695312e-02,-5.773324519395828247e-02,6.160185858607292175e-02,-7.489999383687973022e-02,1.772413551807403564e-01,-1.893071830272674561e-01,-1.507363766431808472e-01,3.530593216419219971e-01,2.438568919897079468e-01,2.712738811969757080e-01,2.438568919897079468e-01,3.530593216419219971e-01,-1.507363766431808472e-01,-1.893071830272674561e-01,1.772413551807403564e-01,-7.489999383687973022e-02,6.160185858607292175e-02,-5.773324519395828247e-02,4.296159744262695312e-02
3.745327517390251160e-02,-1.539507787674665451e-02,-1.818888634443283081e-02,-1.207484491169452667e-02,-9.155492298305034637e-03,2.330606728792190552e-01,-3.535231947898864746e-01,-5.173241347074508667e-02,9.909804910421371460e-02,2.221214175224304199e-01,9.909804910421371460e-02,-5.173241347074508667e-02,-3.535231947898864746e-01,2.330606728792190552e-01,-9.155492298305034637e-03,-1.207484491169452667e-02,-1.818888634443283081e-02,-1.539507787674665451e-02,3.745327517390251160e-02
-9.875663369894027710e-02
4.443332552909851074e-02,-5.831018835306167603e-02,6.201730668544769287e-02,-7.077778130769729614e-02,1.720415055751800537e-01,-1.757602095603942871e-01,-1.654779165983200073e-01,3.579469621181488037e-01,2.417943030595779419e-01,2.757040262222290039e-01,2.417943030595779419e-01,3.579469621181488037e-01,-1.654779165983200073e-01,-1.757602095603942871e-01,1.720415055751800537e-01,-7.077778130769729614e-02,6.201730668544769287e-02,-5.831018835306167603e-02,4.443332552909851074e-02
3.244135528802871704e-02,-1.130886096507310867e-02,-2.298533916473388672e-02,-4.917377606034278870e-03,-1.929961889982223511e-02,2.372851520776748657e-01,-3.473609983921051025e-01,-6.029656901955604553e-02,1.027621105313301086e-01,2.194336205720901489e-01,1.027621105313301086e-01,-6.029656901955604553e-02,-3.473609983921051025e-01,2.372851520776748657e-01,-1.929961889982223511e-02,-4.917377606034278870e-03,-2.298533916473388672e-02,-1.130886096507310867e-02,3.244135528802871704e-02
-1.003430560231208801e-01
4.683856293559074402e-02,-5.805045738816261292e-02,6.106249988079071045e-02,-6.767892092466354370e-02,1.656581759452819824e-01,-1.624476164579391479e-01,-1.805493831634521484e-01,3.607062995433807373e-01,2.386690080165863037e-01,2.784880101680755615e-01,2.386690080165863037e-01,3.607062995433807373e-01,-1.805493831634521484e-01,-1.624476164579391479e-01,1.656581759452819824e-01,-6.767892092466354370e-02,6.106249988079071045e-02,-5.805045738816261292e-02,4.683856293559074402e-02
2.952836081385612488e-02,-6.717724259942770004e-03,-2.841668203473091125e-02,1.043556723743677139e-03,-2.870489098131656647e-02,2.409847378730773926e-01,-3.409632444381713867e-01,-7.029939442873001099e-02,1.057612225413322449e-01,2.162284255027770996e-01,1.057612225413322449e-01,-7.029939442873001099e-02,-3.409632444381713867e-01,2.409847378730773926e-01,-2.870489098131656647e-02,1.043556723743677139e-03,-2.841668203473091125e-02,-6.717724259942770004e-03,2.952836081385612488e-02
-1.019378826022148132e-01
5.013575404882431030e-02,-5.446922406554222107e-02,5.972277745604515076e-02,-6.699618697166442871e-02,1.570264250040054321e-01,-1.484426707029342651e-01,-1.924728751182556152e-01,3.653398156166076660e-01,2.385604083538055420e-01,2.831613719463348389e-01,2.385604083538055420e-01,3.653398156166076660e-01,-1.924728751182556152e-01,-1.484426707029342651e-01,1.570264250040054321e-01,-6.699618697166442871e-02,5.972277745604515076e-02,-5.446922406554222107e-02,5.013575404882431030e-02
2.575860358774662018e-02,-3.217360703274607658e-03,-3.428372368216514587e-02,6.107545923441648483e-03,-3.818035125732421875e-02,2.424526363611221313e-01,-3.348805904388427734e-01,-8.082820475101470947e-02,1.095643341541290283e-01,2.131396830081939697e-01,1.095643341541290283e-01,-8.082820475101470947e-02,-3.348805904388427734e-01,2.424526363611221313e-01,-3.818035125732421875e-02,6.107545923441648483e-03,-3.428372368216514587e-02,-3.217360703274607658e-03,2.575860358774662018e-02
-1.035410687327384949e-01
4.882675781846046448e-02,-5.557619035243988037e-02,5.759441852569580078e-02,-6.348773092031478882e-02,1.495092511177062988e-01,-1.355599462985992432e-01,-2.048539072275161743e-01,3.689236938953399658e-01,2.372662276029586792e-01,2.858730256557464600e-01,2.372662276029586792e-01,3.689236938953399658e-01,-2.048539072275161743e-01,-1.355599462985992432e-01,1.495092511177062988e-01,-6.348773092031478882e-02,5.759441852569580078e-02,-5.557619035243988037e-02,4.882675781846046448e-02
2.200510352849960327e-02,2.477741334587335587e-03,-3.688920661807060242e-02,1.269032899290323257e-02,-4.529209434986114502e-02,2.446752488613128662e-01,-3.273445963859558105e-01,-9.168349206447601318e-02,1.128824800252914429e-01,2.093846946954727173e-01,1.128824800252914429e-01,-9.168349206447601318e-02,-3.273445963859558105e-01,2.446752488613128662e-01,-4.529209434986114502e-02,1.269032899290323257e-02,-3.688920661807060242e-02,2.477741334587335587e-03,2.200510352849960327e-02
-1.051525771617889404e-01
4.758086800575256348e-02,-5.644547566771507263e-02,5.386297404766082764e-02,-6.061133369803428650e-02,1.425005346536636353e-01,-1.221936717629432678e-01,-2.170213013887405396e-01,3.715252876281738281e-01,2.378572076559066772e-01,2.899183034896850586e-01,2.378572076559066772e-01,3.715252876281738281e-01,-2.170213013887405396e-01,-1.221936717629432678e-01,1.425005346536636353e-01,-6.061133369803428650e-02,5.386297404766082764e-02,-5.644547566771507263e-02,4.758086800575256348e-02
1.710990630090236664e-02,6.369127426296472549e-03,-3.949275985360145569e-02,1.928444392979145050e-02,-5.084620043635368347e-02,2.476495206356048584e-01,-3.173873722553253174e-01,-1.007687225937843323e-01,1.190528497099876404e-01,2.073871493339538574e-01,1.190528497099876404e-01,-1.007687225937843323e-01,-3.173873722553253174e-01,2.476495206356048584e-01,-5.084620043635368347e-02,1.928444392979145050e-02,-3.949275985360145569e-02,6.369127426296472549e-03,1.710990630090236664e-02
-1.067723557353019714e-01
5.016120895743370056e-02,-5.511429160833358765e-02,4.919933900237083435e-02,-5.937294289469718933e-02,1.334856748580932617e-01,-1.100823357701301575e-01,-2.279422581195831299e-01,3.738353252410888672e-01,2.361666709184646606e-01,2.900683581829071045e-01,2.361666709184646606e-01,3.738353252410888672e-01,-2.279422581195831299e-01,-1.100823357701301575e-01,1.334856748580932617e-01,-5.937294289469718933e-02,4.919933900237083435e-02,-5.511429160833358765e-02,5.016120895743370056e-02
1.517162006348371506e-02,1.278249174356460571e-02,-4.082109779119491577e-02,2.512574382126331329e-02,-5.620046705007553101e-02,2.493386119604110718e-01,-3.079480230808258057e-01,-1.120114400982856750e-01,1.223997622728347778e-01,2.035091668367385864e-01,1.223997622728347778e-01,-1.120114400982856750e-01,-3.079480230808258057e-01,2.493386119604110718e-01,-5.620046705007553101e-02,2.512574382126331329e-02,-4.082109779119491577e-02,1.278249174356460571e-02,1.517162006348371506e-02
-1.084003672003746033e-01
4.726877063512802124e-02,-5.763524398207664490e-02,4.537077620625495911e-02,-5.387783423066139221e-02,1.283787786960601807e-01,-9.590642899274826050e-02,-2.372425049543380737e-01,3.774146437644958496e-01,2.396270632743835449e-01,2.951710522174835205e-01,2.396270632743835449e-01,3.774146437644958496e-01,-2.372425049543380737e-01,-9.590642899274826050e-02,1.283787786960601807e-01,-5.387783423066139221e-02,4.537077620625495911e-02,-5.763524398207664490e-02,4.726877063512802124e-02
1.206072233617305756e-02,1.507503166794776917e-02,-4.422374442219734192e-02,3.275950253009796143e-02,-5.870478227734565735e-02,2.497437149286270142e-01,-2.980829775333404541e-01,-1.200214698910713196e-01,1.282030940055847168e-01,1.990982592105865479e-01,1.282030940055847168e-01,-1.200214698910713196e-01,-2.980829775333404541e-01,2.497437149286270142e-01,-5.870478227734565735e-02,3.275950253009796143e-02,-4.422374442219734192e-02,1.507503166794776917e-02,1.206072233617305756e-02
-1.100365743041038513e-01
4.871945083141326904e-02,-4.429513216018676758e-02,4.460513591766357422e-02,-5.689894407987594604e-02,1.165263429284095764e-01,-8.313286304473876953e-02,-2.458576112985610962e-01,3.790362179279327393e-01,2.419886142015457153e-01,2.987018525600433350e-01,2.419886142015457153e-01,3.790362179279327393e-01,-2.458576112985610962e-01,-8.313286304473876953e-02,1.165263429284095764e-01,-5.689894407987594604e-02,4.460513591766357422e-02,-4.429513216018676758e-02,4.871945083141326904e-02
-2.004531212151050568e-03,2.058697678148746490e-02,-3.724981099367141724e-02,3.931704163551330566e-02,-6.959782540798187256e-02,2.435471862554550171e-01,-2.927157878875732422e-01,-1.359717547893524170e-01,1.300275921821594238e-01,1.962618678808212280e-01,1.300275921821594238e-01,-1.359717547893524170e-01,-2.927157878875732422e-01,2.435471862554550171e-01,-6.959782540798187256e-02,3.931704163551330566e-02,-3.724981099367141724e-02,2.058697678148746490e-02,-2.004531212151050568e-03
-1.116809248924255371e-01
4.643329232931137085e-02,-5.059010908007621765e-02,4.195805639028549194e-02,-4.700988903641700745e-02,1.115532070398330688e-01,-7.203879952430725098e-02,-2.566529810428619385e-01,3.776379823684692383e-01,2.405683994293212891e-01,2.976542115211486816e-01,2.405683994293212891e-01,3.776379823684692383e-01,-2.566529810428619385e-01,-7.203879952430725098e-02,1.115532070398330688e-01,-4.700988903641700745e-02,4.195805639028549194e-02,-5.059010908007621765e-02,4.643329232931137085e-02
3.806079505011439323e-03,2.324799448251724243e-02,-4.847618564963340759e-02,3.904378786683082581e-02,-6.883587688207626343e-02,2.477549612522125244e-01,-2.793105244636535645e-01,-1.439334005117416382e-01,1.371781378984451294e-01,1.937933266162872314e-01,1.371781378984451294e-01,-1.439334005117416382e-01,-2.793105244636535645e-01,2.477549612522125244e-01,-6.883587688207626343e-02,3.904378786683082581e-02,-4.847618564963340759e-02,2.324799448251724243e-02,3.806079505011439323e-03
-1.133333891630172729e-01
4.868324846029281616e-02,-4.747738689184188843e-02,3.841151669621467590e-02,-4.386346787214279175e-02,1.018902435898780823e-01,-6.345459818840026855e-02,-2.666404545307159424e-01,3.769568800926208496e-01,2.392549067735671997e-01,2.947919666767120361e-01,2.392549067735671997e-01,3.769568800926208496e-01,-2.666404545307159424e-01,-6.345459818840026855e-02,1.018902435898780823e-01,-4.386346787214279175e-02,3.841151669621467590e-02,-4.747738689184188843e-02,4.868324846029281616e-02
1.186919864267110825e-03,2.709186449646949768e-02,-5.045600607991218567e-02,4.057554900646209717e-02,-7.511038333177566528e-02,2.439553588628768921e-01,-2.702393829822540283e-01,-1.564131230115890503e-01,1.390671432018280029e-01,1.884554177522659302e-01,1.390671432018280029e-01,-1.564131230115890503e-01,-2.702393829822540283e-01,2.439553588628768921e-01,-7.511038333177566528e-02,4.057554900646209717e-02,-5.045600607991218567e-02,2.709186449646949768e-02,1.186919864267110825e-03
-1.149939149618148804e-01
4.947373270988464355e-02,-3.859460726380348206e-02,3.482546657323837280e-02,-4.417111352086067200e-02,9.393369406461715698e-02,-5.098046362400054932e-02,-2.748276293277740479e-01,3.758010268211364746e-01,2.426173239946365356e-01,2.973616123199462891e-01,2.426173239946365356e-01,3.758010268211364746e-01,-2.748276293277740479e-01,-5.098046362400054932e-02,9.393369406461715698e-02,-4.417111352086067200e-02,3.482546657323837280e-02,-3.859460726380348206e-02,4.947373270988464355e-02
-1.287918444722890854e-02,3.091246075928211212e-02,-4.390997439622879028e-02,4.486500844359397888e-02,-8.344437181949615479e-02,2.392457574605941772e-01,-2.588720917701721191e-01,-1.667019128799438477e-01,1.441526710987091064e-01,1.863119900226593018e-01,1.441526710987091064e-01,-1.667019128799438477e-01,-2.588720917701721191e-01,2.392457574605941772e-01,-8.344437181949615479e-02,4.486500844359397888e-02,-4.390997439622879028e-02,3.091246075928211212e-02,-1.287918444722890854e-02
-1.166624799370765686e-01
4.878525435924530029e-02,-3.613955155014991760e-02,3.235863149166107178e-02,-3.969358280301094055e-02,8.625485748052597046e-02,-4.063807427883148193e-02,-2.815370857715606689e-01,3.755028545856475830e-01,2.457507699728012085e-01,2.980851531028747559e-01,2.457507699728012085e-01,3.755028545856475830e-01,-2.815370857715606689e-01,-4.063807427883148193e-02,8.625485748052597046e-02,-3.969358280301094055e-02,3.235863149166107178e-02,-3.613955155014991760e-02,4.878525435924530029e-02
-1.343573722988367081e-02,3.272833675146102905e-02,-4.697382450103759766e-02,4.785176739096641541e-02,-8.589357882738113403e-02,2.337954491376876831e-01,-2.510876357555389404e-01,-1.784874647855758667e-01,1.471485644578933716e-01,1.813146919012069702e-01,1.471485644578933716e-01,-1.784874647855758667e-01,-2.510876357555389404e-01,2.337954491376876831e-01,-8.589357882738113403e-02,4.785176739096641541e-02,-4.697382450103759766e-02,3.272833675146102905e-02,-1.343573722988367081e-02
-1.183390393853187561e-01
4.424051195383071899e-02,-3.991568461060523987e-02,2.912920154631137848e-02,-3.254885226488113403e-02,8.045020699501037598e-02,-3.059514053165912628e-02,-2.897513210773468018e-01,3.718742728233337402e-01,2.476048916578292847e-01,2.981331348419189453e-01,2.476048916578292847e-01,3.718742728233337402e-01,-2.897513210773468018e-01,-3.059514053165912628e-02,8.045020699501037598e-02,-3.254885226488113403e-02,2.912920154631137848e-02,-3.991568461060523987e-02,4.424051195383071899e-02
-8.554431609809398651e-03,3.464116528630256653e-02,-5.405789613723754883e-02,4.925841093063354492e-02,-8.218869566917419434e-02,2.364286482334136963e-01,-2.366008311510086060e-01,-1.862419992685317993e-01,1.540351510047912598e-01,1.795046180486679077e-01,1.540351510047912598e-01,-1.862419992685317993e-01,-2.366008311510086060e-01,2.364286482334136963e-01,-8.218869566917419434e-02,4.925841093063354492e-02,-5.405789613723754883e-02,3.464116528630256653e-02,-8.554431609809398651e-03
-1.200235486030578613e-01
3.893974795937538147e-02,-3.434906527400016785e-02,2.352777495980262756e-02,-3.350918367505073547e-02,7.318139076232910156e-02,-1.656803302466869354e-02,-2.919238209724426270e-01,3.702195882797241211e-01,2.485478818416595459e-01,2.956520617008209229e-01,2.485478818416595459e-01,3.702195882797241211e-01,-2.919238209724426270e-01,-1.656803302466869354e-02,7.318139076232910156e-02,-3.350918367505073547e-02,2.352777495980262756e-02,-3.434906527400016785e-02,3.893974795937538147e-02
-1.875685714185237885e-02,3.425013646483421326e-02,-5.027123540639877319e-02,5.457444489002227783e-02,-8.336459100246429443e-02,2.347377836704254150e-01,-2.221338450908660889e-01,-1.938262134790420532e-01,1.589532643556594849e-01,1.757485568523406982e-01,1.589532643556594849e-01,-1.938262134790420532e-01,-2.221338450908660889e-01,2.347377836704254150e-01,-8.336459100246429443e-02,5.457444489002227783e-02,-5.027123540639877319e-02,3.425013646483421326e-02,-1.875685714185237885e-02
-1.217159777879714966e-01
4.053300991654396057e-02,-3.300503268837928772e-02,2.165415883064270020e-02,-2.687078341841697693e-02,6.581727415323257446e-02,-1.110056508332490921e-02,-2.999514937400817871e-01,3.694009184837341309e-01,2.548878788948059082e-01,2.975465655326843262e-01,2.548878788948059082e-01,3.694009184837341309e-01,-2.999514937400817871e-01,-1.110056508332490921e-02,6.581727415323257446e-02,-2.687078341841697693e-02,2.165415883064270020e-02,-3.300503268837928772e-02,4.053300991654396057e-02
-1.911121793091297150e-02,4.064669832587242126e-02,-4.884765669703483582e-02,5.553587526082992554e-02,-8.922521770000457764e-02,2.246262282133102417e-01,-2.168643325567245483e-01,-2.074472159147262573e-01,1.607579141855239868e-01,1.719643920660018921e-01,1.607579141855239868e-01,-2.074472159147262573e-01,-2.168643325567245483e-01,2.246262282133102417e-01,-8.922521770000457764e-02,5.553587526082992554e-02,-4.884765669703483582e-02,4.064669832587242126e-02,-1.911121793091297150e-02
-1.234162896871566772e-01
3.997183963656425476e-02,-3.484779968857765198e-02,1.778003014624118805e-02,-1.964626833796501160e-02,6.023753806948661804e-02,-3.618276678025722504e-03,-3.059721887111663818e-01,3.662046492099761963e-01,2.575776278972625732e-01,2.955691218376159668e-01,2.575776278972625732e-01,3.662046492099761963e-01,-3.059721887111663818e-01,-3.618276678025722504e-03,6.023753806948661804e-02,-1.964626833796501160e-02,1.778003014624118805e-02,-3.484779968857765198e-02,3.997183963656425476e-02
-1.772977970540523529e-02,4.087166860699653625e-02,-5.562332645058631897e-02,5.604656040668487549e-02,-8.522435277700424194e-02,2.232280522584915161e-01,-2.054220438003540039e-01,-2.165756225585937500e-01,1.655340492725372314e-01,1.687159985303878784e-01,1.655340492725372314e-01,-2.165756225585937500e-01,-2.054220438003540039e-01,2.232280522584915161e-01,-8.522435277700424194e-02,5.604656040668487549e-02,-5.562332645058631897e-02,4.087166860699653625e-02,-1.772977970540523529e-02
-1.251244395971298218e-01
3.873995691537857056e-02,-2.779345773160457611e-02,1.434310711920261383e-02,-1.951910555362701416e-02,5.313522741198539734e-02,7.988259196281433105e-03,-3.070110380649566650e-01,3.636862933635711670e-01,2.616432011127471924e-01,2.945200502872467041e-01,2.616432011127471924e-01,3.636862933635711670e-01,-3.070110380649566650e-01,7.988259196281433105e-03,5.313522741198539734e-02,-1.951910555362701416e-02,1.434310711920261383e-02,-2.779345773160457611e-02,3.873995691537857056e-02
-2.346196398138999939e-02,4.556259512901306152e-02,-4.913952201604843140e-02,5.687960982322692871e-02,-9.170143306255340576e-02,2.144555896520614624e-01,-1.968339234590530396e-01,-2.293941080570220947e-01,1.676591336727142334e-01,1.666468679904937744e-01,1.676591336727142334e-01,-2.293941080570220947e-01,-1.968339234590530396e-01,2.144555896520614624e-01,-9.170143306255340576e-02,5.687960982322692871e-02,-4.913952201604843140e-02,4.556259512901306152e-02,-2.346196398138999939e-02
-1.268403977155685425e-01
3.701899573206901550e-02,-2.612722292542457581e-02,1.091136690229177475e-02,-1.520464755594730377e-02,4.646624252200126648e-02,1.421655993908643723e-02,-3.125336170196533203e-01,3.591342270374298096e-01,2.645195722579956055e-01,2.915842235088348389e-01,2.645195722579956055e-01,3.591342270374298096e-01,-3.125336170196533203e-01,1.421655993908643723e-02,4.646624252200126648e-02,-1.520464755594730377e-02,1.091136690229177475e-02,-2.612722292542457581e-02,3.701899573206901550e-02
-2.464628778398036957e-02,4.650229960680007935e-02,-5.034992471337318420e-02,5.852134525775909424e-02,-8.780476450920104980e-02,2.147596180438995361e-01,-1.821023672819137573e-01,-2.380039691925048828e-01,1.714969128370285034e-01,1.646197736263275146e-01,1.714969128370285034e-01,-2.380039691925048828e-01,-1.821023672819137573e-01,2.147596180438995361e-01,-8.780476450920104980e-02,5.852134525775909424e-02,-5.034992471337318420e-02,4.650229960680007935e-02,-2.464628778398036957e-02
-1.285641342401504517e-01
3.247859328985214233e-02,-2.928294800221920013e-02,5.984791088849306107e-03,-9.889733046293258667e-03,4.125814139842987061e-02,2.101275138556957245e-02,-3.157623410224914551e-01,3.568291962146759033e-01,2.708520591259002686e-01,2.910835742950439453e-01,2.708520591259002686e-01,3.568291962146759033e-01,-3.157623410224914551e-01,2.101275138556957245e-02,4.125814139842987061e-02,-9.889733046293258667e-03,5.984791088849306107e-03,-2.928294800221920013e-02,3.247859328985214233e-02
-2.372520044445991516e-02,4.546688869595527649e-02,-5.463948473334312439e-02,5.958820879459381104e-02,-8.514607697725296021e-02,2.097101658582687378e-01,-1.713815182447433472e-01,-2.457634210586547852e-01,1.739872395992279053e-01,1.593355387449264526e-01,1.739872395992279053e-01,-2.457634210586547852e-01,-1.713815182447433472e-01,2.097101658582687378e-01,-8.514607697725296021e-02,5.958820879459381104e-02,-5.463948473334312439e-02,4.546688869595527649e-02,-2.372520044445991516e-02
-1.302956044673919678e-01
3.258314728736877441e-02,-2.149240113794803619e-02,4.623102024197578430e-03,-7.918241433799266815e-03,3.582763671875000000e-02,3.065839596092700958e-02,-3.175229728221893311e-01,3.516223132610321045e-01,2.754519581794738770e-01,2.898904681205749512e-01,2.754519581794738770e-01,3.516223132610321045e-01,-3.175229728221893311e-01,3.065839596092700958e-02,3.582763671875000000e-02,-7.918241433799266815e-03,4.623102024197578430e-03,-2.149240113794803619e-02,3.258314728736877441e-02
-3.008562140166759491e-02,4.837225750088691711e-02,-4.904815927147865295e-02,5.910764262080192566e-02,-9.022395312786102295e-02,2.010027915239334106e-01,-1.605629473924636841e-01,-2.544888556003570557e-01,1.779145151376724243e-01,1.587565541267395020e-01,1.779145151376724243e-01,-2.544888556003570557e-01,-1.605629473924636841e-01,2.010027915239334106e-01,-9.022395312786102295e-02,5.910764262080192566e-02,-4.904815927147865295e-02,4.837225750088691711e-02,-3.008562140166759491e-02
-1.320347785949707031e-01
2.985063567757606506e-02,-1.923630572855472565e-02,1.662318594753742218e-03,-4.128161352127790451e-03,3.107637166976928711e-02,3.852195665240287781e-02,-3.194074928760528564e-01,3.461958765983581543e-01,2.789226174354553223e-01,2.864922285079956055e-01,2.789226174354553223e-01,3.461958765983581543e-01,-3.194074928760528564e-01,3.852195665240287781e-02,3.107637166976928711e-02,-4.128161352127790451e-03,1.662318594753742218e-03,-1.923630572855472565e-02,2.985063567757606506e-02
-3.379903361201286316e-02,4.721658304333686829e-02,-5.044043809175491333e-02,5.946420878171920776e-02,-8.772815763950347900e-02,1.967897862195968628e-01,-1.504649519920349121e-01,-2.641062736511230469e-01,1.795854717493057251e-01,1.556696593761444092e-01,1.795854717493057251e-01,-2.641062736511230469e-01,-1.504649519920349121e-01,1.967897862195968628e-01,-8.772815763950347900e-02,5.946420878171920776e-02,-5.044043809175491333e-02,4.721658304333686829e-02,-3.379903361201286316e-02
-1.337816268205642700e-01
2.731652371585369110e-02,-2.517916448414325714e-02,-3.068117192015051842e-03,3.236984135583043098e-03,2.774397283792495728e-02,4.454138129949569702e-02,-3.213571012020111084e-01,3.413931131362915039e-01,2.832292318344116211e-01,2.837370932102203369e-01,2.832292318344116211e-01,3.413931131362915039e-01,-3.213571012020111084e-01,4.454138129949569702e-02,2.774397283792495728e-02,3.236984135583043098e-03,-3.068117192015051842e-03,-2.517916448414325714e-02,2.731652371585369110e-02
-2.366739697754383087e-02,4.910247400403022766e-02,-5.937823653221130371e-02,5.205219238996505737e-02,-8.613962680101394653e-02,1.934104114770889282e-01,-1.383733600378036499e-01,-2.709750235080718994e-01,1.833850443363189697e-01,1.537812799215316772e-01,1.833850443363189697e-01,-2.709750235080718994e-01,-1.383733600378036499e-01,1.934104114770889282e-01,-8.613962680101394653e-02,5.205219238996505737e-02,-5.937823653221130371e-02,4.910247400403022766e-02,-2.366739697754383087e-02
-1.355361044406890869e-01
2.511370368301868439e-02,-1.514680776745080948e-02,-5.215862765908241272e-03,1.671172678470611572e-03,1.928578317165374756e-02,4.967992380261421204e-02,-3.218885362148284912e-01,3.366867303848266602e-01,2.878637015819549561e-01,2.805442512035369873e-01,2.878637015819549561e-01,3.366867303848266602e-01,-3.218885362148284912e-01,4.967992380261421204e-02,1.928578317165374756e-02,1.671172678470611572e-03,-5.215862765908241272e-03,-1.514680776745080948e-02,2.511370368301868439e-02
-3.776810690760612488e-02,4.859508574008941650e-02,-4.925207048654556274e-02,6.160450726747512817e-02,-8.101176470518112183e-02,1.900557279586791992e-01,-1.254319995641708374e-01,-2.778219580650329590e-01,1.870797127485275269e-01,1.527933180332183838e-01,1.870797127485275269e-01,-2.778219580650329590e-01,-1.254319995641708374e-01,1.900557279586791992e-01,-8.101176470518112183e-02,6.160450726747512817e-02,-4.925207048654556274e-02,4.859508574008941650e-02,-3.776810690760612488e-02
-1.372981965541839600e-01
2.550329640507698059e-02,-1.479456201195716858e-02,-7.272145710885524750e-03,7.624346762895584106e-03,1.460991334170103073e-02,5.172150209546089172e-02,-3.262262642383575439e-01,3.305438756942749023e-01,2.928347587585449219e-01,2.775077521800994873e-01,2.928347587585449219e-01,3.305438756942749023e-01,-3.262262642383575439e-01,5.172150209546089172e-02,1.460991334170103073e-02,7.624346762895584106e-03,-7.272145710885524750e-03,-1.479456201195716858e-02,2.550329640507698059e-02
-3.067498467862606049e-02,5.378146097064018250e-02,-4.761826992034912109e-02,5.902191251516342163e-02,-8.361820131540298462e-02,1.794815063476562500e-01,-1.191306337714195251e-01,-2.886385023593902588e-01,1.858417242765426636e-01,1.493530273437500000e-01,1.858417242765426636e-01,-2.886385023593902588e-01,-1.191306337714195251e-01,1.794815063476562500e-01,-8.361820131540298462e-02,5.902191251516342163e-02,-4.761826992034912109e-02,5.378146097064018250e-02,-3.067498467862606049e-02
-1.390678435564041138e-01
2.350747957825660706e-02,-1.272440515458583832e-02,-1.047125086188316345e-02,1.083471346646547318e-02,1.072506234049797058e-02,5.735293403267860413e-02,-3.273078799247741699e-01,3.238126039505004883e-01,2.974456250667572021e-01,2.743487358093261719e-01,2.974456250667572021e-01,3.238126039505004883e-01,-3.273078799247741699e-01,5.735293403267860413e-02,1.072506234049797058e-02,1.083471346646547318e-02,-1.047125086188316345e-02,-1.272440515458583832e-02,2.350747957825660706e-02
-3.251606225967407227e-02,5.401654168963432312e-02,-4.673406109213829041e-02,5.809525772929191589e-02,-8.210781961679458618e-02,1.744729578495025635e-01,-1.083120405673980713e-01,-2.962114512920379639e-01,1.883001625537872314e-01,1.489371806383132935e-01,1.883001625537872314e-01,-2.962114512920379639e-01,-1.083120405673980713e-01,1.744729578495025635e-01,-8.210781961679458618e-02,5.809525772929191589e-02,-4.673406109213829041e-02,5.401654168963432312e-02,-3.251606225967407227e-02
-1.408450454473495483e-01
2.075712010264396667e-02,-1.068567391484975815e-02,-1.512625627219676971e-02,1.072055473923683167e-02,5.540651734918355942e-03,6.387118995189666748e-02,-3.250923752784729004e-01,3.193891048431396484e-01,3.042310774326324463e-01,2.727775573730468750e-01,3.042310774326324463e-01,3.193891048431396484e-01,-3.250923752784729004e-01,6.387118995189666748e-02,5.540651734918355942e-03,1.072055473923683167e-02,-1.512625627219676971e-02,-1.068567391484975815e-02,2.075712010264396667e-02
-3.428955748677253723e-02,5.381362885236740112e-02,-4.448220133781433105e-02,5.711528658866882324e-02,-8.268432319164276123e-02,1.666789352893829346e-01,-9.910800307989120483e-02,-3.034154772758483887e-01,1.893970966339111328e-01,1.470793485641479492e-01,1.893970966339111328e-01,-3.034154772758483887e-01,-9.910800307989120483e-02,1.666789352893829346e-01,-8.268432319164276123e-02,5.711528658866882324e-02,-4.448220133781433105e-02,5.381362885236740112e-02,-3.428955748677253723e-02
-1.426297426223754883e-01
1.914585754275321960e-02,-6.778104696422815323e-03,-1.679591089487075806e-02,1.292403414845466614e-02,8.229161176132038236e-05,6.717555969953536987e-02,-3.260525166988372803e-01,3.125221431255340576e-01,3.102710545063018799e-01,2.707603871822357178e-01,3.102710545063018799e-01,3.125221431255340576e-01,-3.260525166988372803e-01,6.717555969953536987e-02,8.229161176132038236e-05,1.292403414845466614e-02,-1.679591089487075806e-02,-6.778104696422815323e-03,1.914585754275321960e-02
-3.744384646415710449e-02,5.057751759886741638e-02,-4.689283668994903564e-02,5.721037834882736206e-02,-7.748117297887802124e-02,1.630212962627410889e-01,-8.869915455579757690e-02,-3.101080656051635742e-01,1.925354003906250000e-01,1.478149741888046265e-01,1.925354003906250000e-01,-3.101080656051635742e-01,-8.869915455579757690e-02,1.630212962627410889e-01,-7.748117297887802124e-02,5.721037834882736206e-02,-4.689283668994903564e-02,5.057751759886741638e-02,-3.744384646415710449e-02
-1.444219201803207397e-01
1.598009653389453888e-02,-4.498367663472890854e-03,-1.728035137057304382e-02,1.778777875006198883e-02,-2.183348406106233597e-03,7.261642813682556152e-02,-3.245953917503356934e-01,3.054085075855255127e-01,3.126435279846191406e-01,2.645509541034698486e-01,3.126435279846191406e-01,3.054085075855255127e-01,-3.245953917503356934e-01,7.261642813682556152e-02,-2.183348406106233597e-03,1.778777875006198883e-02,-1.728035137057304382e-02,-4.498367663472890854e-03,1.598009653389453888e-02
-3.670027107000350952e-02,5.331237986683845520e-02,-4.395022988319396973e-02,5.607823655009269714e-02,-7.605697959661483765e-02,1.569011509418487549e-01,-8.006641268730163574e-02,-3.191392719745635986e-01,1.912091225385665894e-01,1.463119089603424072e-01,1.912091225385665894e-01,-3.191392719745635986e-01,-8.006641268730163574e-02,1.569011509418487549e-01,-7.605697959661483765e-02,5.607823655009269714e-02,-4.395022988319396973e-02,5.331237986683845520e-02,-3.670027107000350952e-02
-1.462215334177017212e-01
1.319177448749542236e-02,-6.800984963774681091e-03,-2.209177613258361816e-02,2.012661471962928772e-02,-6.844108924269676208e-03,7.460366934537887573e-02,-3.249792456626892090e-01,2.984360158443450928e-01,3.171660602092742920e-01,2.603478431701660156e-01,3.171660602092742920e-01,2.984360158443450928e-01,-3.249792456626892090e-01,7.460366934537887573e-02,-6.844108924269676208e-03,2.012661471962928772e-02,-2.209177613258361816e-02,-6.800984963774681091e-03,1.319177448749542236e-02
-3.528563305735588074e-02,5.411566421389579773e-02,-4.327858239412307739e-02,5.532622709870338440e-02,-7.161469757556915283e-02,1.538282781839370728e-01,-6.892978399991989136e-02,-3.246035277843475342e-01,1.931762546300888062e-01,1.461591422557830811e-01,1.931762546300888062e-01,-3.246035277843475342e-01,-6.892978399991989136e-02,1.538282781839370728e-01,-7.161469757556915283e-02,5.532622709870338440e-02,-4.327858239412307739e-02,5.411566421389579773e-02,-3.528563305735588074e-02
-1.480285674333572388e-01
1.299612876027822495e-02,2.013155492022633553e-03,-2.237125299870967865e-02,2.077781967818737030e-02,-1.014100667089223862e-02,7.977724075317382812e-02,-3.224770724773406982e-01,2.920615375041961670e-01,3.225877285003662109e-01,2.568970620632171631e-01,3.225877285003662109e-01,2.920615375041961670e-01,-3.224770724773406982e-01,7.977724075317382812e-02,-1.014100667089223862e-02,2.077781967818737030e-02,-2.237125299870967865e-02,2.013155492022633553e-03,1.299612876027822495e-02
-4.170010238885879517e-02,5.340768396854400635e-02,-3.687407076358795166e-02,5.442615970969200134e-02,-7.510618865489959717e-02,1.436347812414169312e-01,-6.065229699015617371e-02,-3.311560451984405518e-01,1.926192939281463623e-01,1.454454660415649414e-01,1.926192939281463623e-01,-3.311560451984405518e-01,-6.065229699015617371e-02,1.436347812414169312e-01,-7.510618865489959717e-02,5.442615970969200134e-02,-3.687407076358795166e-02,5.340768396854400635e-02,-4.170010238885879517e-02
-1.498429775238037109e-01
1.250843331217765808e-02,1.158780418336391449e-03,-2.545366808772087097e-02,2.532586269080638885e-02,-1.152185443788766861e-02,8.232524245977401733e-02,-3.226850926876068115e-01,2.844881713390350342e-01,3.283739387989044189e-01,2.538481354713439941e-01,3.283739387989044189e-01,2.844881713390350342e-01,-3.226850926876068115e-01,8.232524245977401733e-02,-1.152185443788766861e-02,2.532586269080638885e-02,-2.545366808772087097e-02,1.158780418336391449e-03,1.250843331217765808e-02
-3.951223939657211304e-02,5.100569128990173340e-02,-4.063685983419418335e-02,5.147968232631683350e-02,-7.170686125755310059e-02,1.379176825284957886e-01,-5.212999880313873291e-02,-3.365087807178497314e-01,1.928003132343292236e-01,1.445422023534774780e-01,1.928003132343292236e-01,-3.365087807178497314e-01,-5.212999880313873291e-02,1.379176825284957886e-01,-7.170686125755310059e-02,5.147968232631683350e-02,-4.063685983419418335e-02,5.100569128990173340e-02,-3.951223939657211304e-02
-1.516647487878799438e-01
1.084254868328571320e-02,9.115872904658317566e-03,-2.442868985235691071e-02,2.630983479321002960e-02,-1.424843445420265198e-02,8.883810788393020630e-02,-3.174738585948944092e-01,2.785443365573883057e-01,3.345021903514862061e-01,2.511291503906250000e-01,3.345021903514862061e-01,2.785443365573883057e-01,-3.174738585948944092e-01,8.883810788393020630e-02,-1.424843445420265198e-02,2.630983479321002960e-02,-2.442868985235691071e-02,9.115872904658317566e-03,1.084254868328571320e-02
-4.482360929250717163e-02,4.992288351058959961e-02,-3.613991662859916687e-02,5.072608962655067444e-02,-7.166570425033569336e-02,1.304039508104324341e-01,-4.399559646844863892e-02,-3.426584005355834961e-01,1.930518448352813721e-01,1.455495804548263550e-01,1.930518448352813721e-01,-3.426584005355834961e-01,-4.399559646844863892e-02,1.304039508104324341e-01,-7.166570425033569336e-02,5.072608962655067444e-02,-3.613991662859916687e-02,4.992288351058959961e-02,-4.482360929250717163e-02
-1.534938365221023560e-01
9.296191856265068054e-03,6.349203176796436310e-03,-2.911966480314731598e-02,2.902561426162719727e-02,-1.619248278439044952e-02,9.173110127449035645e-02,-3.157319724559783936e-01,2.709730863571166992e-01,3.392819166183471680e-01,2.470386773347854614e-01,3.392819166183471680e-01,2.709730863571166992e-01,-3.157319724559783936e-01,9.173110127449035645e-02,-1.619248278439044952e-02,2.902561426162719727e-02,-2.911966480314731598e-02,6.349203176796436310e-03,9.296191856265068054e-03
-3.814090788364410400e-02,5.155015364289283752e-02,-3.937683999538421631e-02,4.504880681633949280e-02,-6.873194128274917603e-02,1.271537840366363525e-01,-3.402435779571533203e-02,-3.472969830036163330e-01,1.928705573081970215e-01,1.454443186521530151e-01,1.928705573081970215e-01,-3.472969830036163330e-01,-3.402435779571533203e-02,1.271537840366363525e-01,-6.873194128274917603e-02,4.504880681633949280e-02,-3.937683999538421631e-02,5.155015364289283752e-02,-3.814090788364410400e-02
-1.553302258253097534e-01
7.156460545957088470e-03,9.246926754713058472e-03,-2.997379191219806671e-02,3.121391683816909790e-02,-1.952065527439117432e-02,9.260173141956329346e-02,-3.141976296901702881e-01,2.641326189041137695e-01,3.445676267147064209e-01,2.431254386901855469e-01,3.445676267147064209e-01,2.641326189041137695e-01,-3.141976296901702881e-01,9.260173141956329346e-02,-1.952065527439117432e-02,3.121391683816909790e-02,-2.997379191219806671e-02,9.246926754713058472e-03,7.156460545957088470e-03
-4.033924639225006104e-02,4.939289018511772156e-02,-3.801400586962699890e-02,4.664804413914680481e-02,-6.364428251981735229e-02,1.218174472451210022e-01,-2.699611149728298187e-02,-3.534705638885498047e-01,1.916920244693756104e-01,1.451451629400253296e-01,1.916920244693756104e-01,-3.534705638885498047e-01,-2.699611149728298187e-02,1.218174472451210022e-01,-6.364428251981735229e-02,4.664804413914680481e-02,-3.801400586962699890e-02,4.939289018511772156e-02,-4.033924639225006104e-02
-1.571738719940185547e-01
6.473595742136240005e-03,1.139875873923301697e-02,-3.151047229766845703e-02,3.329959511756896973e-02,-2.181744389235973358e-02,9.434321522712707520e-02,-3.125412464141845703e-01,2.558943331241607666e-01,3.485508561134338379e-01,2.382976263761520386e-01,3.485508561134338379e-01,2.558943331241607666e-01,-3.125412464141845703e-01,9.434321522712707520e-02,-2.181744389235973358e-02,3.329959511756896973e-02,-3.151047229766845703e-02,1.139875873923301697e-02,6.473595742136240005e-03
-4.069288447499275208e-02,4.936686903238296509e-02,-3.579434007406234741e-02,4.451930150389671326e-02,-6.194097921252250671e-02,1.165884062647819519e-01,-1.818888261914253235e-02,-3.582270145416259766e-01,1.910277158021926880e-01,1.462713927030563354e-01,1.910277158021926880e-01,-3.582270145416259766e-01,-1.818888261914253235e-02,1.165884062647819519e-01,-6.194097921252250671e-02,4.451930150389671326e-02,-3.579434007406234741e-02,4.936686903238296509e-02,-4.069288447499275208e-02
-1.590247601270675659e-01
5.252698902040719986e-03,1.731297373771667480e-02,-3.131915256381034851e-02,3.354592621326446533e-02,-2.404616400599479675e-02,9.926109015941619873e-02,-3.066436946392059326e-01,2.496362477540969849e-01,3.551366627216339111e-01,2.360345870256423950e-01,3.551366627216339111e-01,2.496362477540969849e-01,-3.066436946392059326e-01,9.926109015941619873e-02,-2.404616400599479675e-02,3.354592621326446533e-02,-3.131915256381034851e-02,1.731297373771667480e-02,5.252698902040719986e-03
-4.327581822872161865e-02,4.870361089706420898e-02,-3.191103786230087280e-02,4.129174724221229553e-02,-6.323730945587158203e-02,1.098190099000930786e-01,-9.492417797446250916e-03,-3.620190620422363281e-01,1.913144588470458984e-01,1.483895182609558105e-01,1.913144588470458984e-01,-3.620190620422363281e-01,-9.492417797446250916e-03,1.098190099000930786e-01,-6.323730945587158203e-02,4.129174724221229553e-02,-3.191103786230087280e-02,4.870361089706420898e-02,-4.327581822872161865e-02
-1.608828604221343994e-01
3.158710664138197899e-03,1.885346323251724243e-02,-3.195228055119514465e-02,3.573653846979141235e-02,-2.667156048119068146e-02,9.939790517091751099e-02,-3.053306043148040771e-01,2.416173815727233887e-01,3.606989383697509766e-01,2.328636348247528076e-01,3.606989383697509766e-01,2.416173815727233887e-01,-3.053306043148040771e-01,9.939790517091751099e-02,-2.667156048119068146e-02,3.573653846979141235e-02,-3.195228055119514465e-02,1.885346323251724243e-02,3.158710664138197899e-03
-4.242849349975585938e-02,4.842133447527885437e-02,-2.848128229379653931e-02,4.269089922308921814e-02,-5.975278094410896301e-02,1.032611429691314697e-01,-3.111601341515779495e-03,-3.670142889022827148e-01,1.889699399471282959e-01,1.485626250505447388e-01,1.889699399471282959e-01,-3.670142889022827148e-01,-3.111601341515779495e-03,1.032611429691314697e-01,-5.975278094410896301e-02,4.269089922308921814e-02,-2.848128229379653931e-02,4.842133447527885437e-02,-4.242849349975585938e-02
-1.627481281757354736e-01
3.835808311123400927e-04,1.565097272396087646e-02,-3.665616735816001892e-02,3.734838217496871948e-02,-2.696345001459121704e-02,1.017644628882408142e-01,-3.018386363983154297e-01,2.345004230737686157e-01,3.655732870101928711e-01,2.290451377630233765e-01,3.655732870101928711e-01,2.345004230737686157e-01,-3.018386363983154297e-01,1.017644628882408142e-01,-2.696345001459121704e-02,3.734838217496871948e-02,-3.665616735816001892e-02,1.565097272396087646e-02,3.835808311123400927e-04
-4.009416326880455017e-02,4.634746164083480835e-02,-3.120117634534835815e-02,4.026176035404205322e-02,-5.464452132582664490e-02,9.992111474275588989e-02,5.022018682211637497e-03,-3.697585463523864746e-01,1.886088252067565918e-01,1.490460187196731567e-01,1.886088252067565918e-01,-3.697585463523864746e-01,5.022018682211637497e-03,9.992111474275588989e-02,-5.464452132582664490e-02,4.026176035404205322e-02,-3.120117634534835815e-02,4.634746164083480835e-02,-4.009416326880455017e-02
-1.646205633878707886e-01
5.132086880621500313e-05,1.843933947384357452e-02,-3.661676123738288879e-02,4.009585082530975342e-02,-2.839693985879421234e-02,1.024648547172546387e-01,-2.987974882125854492e-01,2.272703051567077637e-01,3.700242340564727783e-01,2.242299914360046387e-01,3.700242340564727783e-01,2.272703051567077637e-01,-2.987974882125854492e-01,1.024648547172546387e-01,-2.839693985879421234e-02,4.009585082530975342e-02,-3.661676123738288879e-02,1.843933947384357452e-02,5.132086880621500313e-05
-3.801935166120529175e-02,4.647000506520271301e-02,-2.962027117609977722e-02,3.764329478144645691e-02,-5.347044393420219421e-02,9.376426786184310913e-02,1.125574111938476562e-02,-3.746938705444335938e-01,1.855146735906600952e-01,1.498596668243408203e-01,1.855146735906600952e-01,-3.746938705444335938e-01,1.125574111938476562e-02,9.376426786184310913e-02,-5.347044393420219421e-02,3.764329478144645691e-02,-2.962027117609977722e-02,4.647000506520271301e-02,-3.801935166120529175e-02
-1.665001064538955688e-01
-3.021670272573828697e-03,2.436085790395736694e-02,-3.728385642170906067e-02,3.760640695691108704e-02,-3.238014504313468933e-02,1.045221313834190369e-01,-2.940263450145721436e-01,2.199916094541549683e-01,3.766911029815673828e-01,2.227389514446258545e-01,3.766911029815673828e-01,2.199916094541549683e-01,-2.940263450145721436e-01,1.045221313834190369e-01,-3.238014504313468933e-02,3.760640695691108704e-02,-3.728385642170906067e-02,2.436085790395736694e-02,-3.021670272573828697e-03
-4.463433846831321716e-02,3.999681770801544189e-02,-2.807202562689781189e-02,3.843143209815025330e-02,-4.993525147438049316e-02,8.840281516313552856e-02,1.892735622823238373e-02,-3.760368824005126953e-01,1.870396882295608521e-01,1.528298109769821167e-01,1.870396882295608521e-01,-3.760368824005126953e-01,1.892735622823238373e-02,8.840281516313552856e-02,-4.993525147438049316e-02,3.843143209815025330e-02,-2.807202562689781189e-02,3.999681770801544189e-02,-4.463433846831321716e-02
-1.683867722749710083e-01
3.563912119716405869e-03,4.773679189383983612e-03,-4.776401072740554810e-02,4.872008040547370911e-02,-2.418491058051586151e-02,1.057269424200057983e-01,-2.940867543220520020e-01,2.100576162338256836e-01,3.795245289802551270e-01,2.173004746437072754e-01,3.795245289802551270e-01,2.100576162338256836e-01,-2.940867543220520020e-01,1.057269424200057983e-01,-2.418491058051586151e-02,4.872008040547370911e-02,-4.776401072740554810e-02,4.773679189383983612e-03,3.563912119716405869e-03
-1.255179755389690399e-02,4.943030700087547302e-02,-4.668964073061943054e-02,1.841124147176742554e-02,-4.451265931129455566e-02,9.022532403469085693e-02,2.695065177977085114e-02,-3.796155750751495361e-01,1.832487434148788452e-01,1.523521244525909424e-01,1.832487434148788452e-01,-3.796155750751495361e-01,2.695065177977085114e-02,9.022532403469085693e-02,-4.451265931129455566e-02,1.841124147176742554e-02,-4.668964073061943054e-02,4.943030700087547302e-02,-1.255179755389690399e-02
-1.702805012464523315e-01
-5.120499059557914734e-03,2.622191607952117920e-02,-4.048297926783561707e-02,3.899582102894783020e-02,-3.532965108752250671e-02,1.062916964292526245e-01,-2.869229316711425781e-01,2.037518769502639771e-01,3.841015696525573730e-01,2.136409580707550049e-01,3.841015696525573730e-01,2.037518769502639771e-01,-2.869229316711425781e-01,1.062916964292526245e-01,-3.532965108752250671e-02,3.899582102894783020e-02,-4.048297926783561707e-02,2.622191607952117920e-02,-5.120499059557914734e-03
-4.121952876448631287e-02,4.221633076667785645e-02,-2.353762090206146240e-02,3.248907253146171570e-02,-4.745591804385185242e-02,7.809471338987350464e-02,3.135423362255096436e-02,-3.846375048160552979e-01,1.805879324674606323e-01,1.563867628574371338e-01,1.805879324674606323e-01,-3.846375048160552979e-01,3.135423362255096436e-02,7.809471338987350464e-02,-4.745591804385185242e-02,3.248907253146171570e-02,-2.353762090206146240e-02,4.221633076667785645e-02,-4.121952876448631287e-02
-1.721812635660171509e-01
-5.573614966124296188e-03,2.581224776804447174e-02,-4.184097051620483398e-02,4.162734746932983398e-02,-3.540379181504249573e-02,1.062713712453842163e-01,-2.836881577968597412e-01,1.963195353746414185e-01,3.886189460754394531e-01,2.096187621355056763e-01,3.886189460754394531e-01,1.963195353746414185e-01,-2.836881577968597412e-01,1.062713712453842163e-01,-3.540379181504249573e-02,4.162734746932983398e-02,-4.184097051620483398e-02,2.581224776804447174e-02,-5.573614966124296188e-03
-3.921874240040779114e-02,4.152610525488853455e-02,-2.324535883963108063e-02,2.926107682287693024e-02,-4.604899510741233826e-02,7.234342396259307861e-02,3.696740791201591492e-02,-3.875177502632141113e-01,1.775720715522766113e-01,1.573281586170196533e-01,1.775720715522766113e-01,-3.875177502632141113e-01,3.696740791201591492e-02,7.234342396259307861e-02,-4.604899510741233826e-02,2.926107682287693024e-02,-2.324535883963108063e-02,4.152610525488853455e-02,-3.921874240040779114e-02
-1.740890592336654663e-01
-5.932266358286142349e-03,2.773776836693286896e-02,-4.225020855665206909e-02,4.299794510006904602e-02,-3.639119863510131836e-02,1.062158718705177307e-01,-2.799556553363800049e-01,1.895850002765655518e-01,3.950543701648712158e-01,2.075779736042022705e-01,3.950543701648712158e-01,1.895850002765655518e-01,-2.799556553363800049e-01,1.062158718705177307e-01,-3.639119863510131836e-02,4.299794510006904602e-02,-4.225020855665206909e-02,2.773776836693286896e-02,-5.932266358286142349e-03
-3.800099343061447144e-02,4.015871882438659668e-02,-2.091755345463752747e-02,2.951166965067386627e-02,-4.278940707445144653e-02,6.707783043384552002e-02,4.269443824887275696e-02,-3.897279202938079834e-01,1.744118034839630127e-01,1.584328562021255493e-01,1.744118034839630127e-01,-3.897279202938079834e-01,4.269443824887275696e-02,6.707783043384552002e-02,-4.278940707445144653e-02,2.951166965067386627e-02,-2.091755345463752747e-02,4.015871882438659668e-02,-3.800099343061447144e-02
-1.760038435459136963e-01
5.427880023489706218e-05,8.333863690495491028e-03,-5.516869574785232544e-02,5.085995793342590332e-02,-2.743900008499622345e-02,1.089662984013557434e-01,-2.776652276515960693e-01,1.810644418001174927e-01,3.992746472358703613e-01,2.041016817092895508e-01,3.992746472358703613e-01,1.810644418001174927e-01,-2.776652276515960693e-01,1.089662984013557434e-01,-2.743900008499622345e-02,5.085995793342590332e-02,-5.516869574785232544e-02,8.333863690495491028e-03,5.427880023489706218e-05
-9.547702036798000336e-03,4.726278409361839294e-02,-4.020394012331962585e-02,9.524945169687271118e-03,-3.704123198986053467e-02,7.136599719524383545e-02,5.267972499132156372e-02,-3.895294368267059326e-01,1.725242286920547485e-01,1.589680016040802002e-01,1.725242286920547485e-01,-3.895294368267059326e-01,5.267972499132156372e-02,7.136599719524383545e-02,-3.704123198986053467e-02,9.524945169687271118e-03,-4.020394012331962585e-02,4.726278409361839294e-02,-9.547702036798000336e-03
-1.779256016016006470e-01
-1.684731431305408478e-02,3.687542304396629333e-02,-4.142093285918235779e-02,3.719791024923324585e-02,-4.332572594285011292e-02,1.094659492373466492e-01,-2.673765718936920166e-01,1.754520386457443237e-01,4.054718613624572754e-01,2.033574283123016357e-01,4.054718613624572754e-01,1.754520386457443237e-01,-2.673765718936920166e-01,1.094659492373466492e-01,-4.332572594285011292e-02,3.719791024923324585e-02,-4.142093285918235779e-02,3.687542304396629333e-02,-1.684731431305408478e-02
-4.697018116712570190e-02,2.986915968358516693e-02,-1.615802012383937836e-02,2.961237169802188873e-02,-3.834776952862739563e-02,5.752835422754287720e-02,5.715723708271980286e-02,-3.892467916011810303e-01,1.760133802890777588e-01,1.663984656333923340e-01,1.760133802890777588e-01,-3.892467916011810303e-01,5.715723708271980286e-02,5.752835422754287720e-02,-3.834776952862739563e-02,2.961237169802188873e-02,-1.615802012383937836e-02,2.986915968358516693e-02,-4.697018116712570190e-02
-1.798543035984039307e-01
-9.654331952333450317e-03,3.195513784885406494e-02,-4.428173601627349854e-02,4.371623694896697998e-02,-3.979973122477531433e-02,1.069742813706398010e-01,-2.664582431316375732e-01,1.683450937271118164e-01,4.103388488292694092e-01,1.997928172349929810e-01,4.103388488292694092e-01,1.683450937271118164e-01,-2.664582431316375732e-01,1.069742813706398010e-01,-3.979973122477531433e-02,4.371623694896697998e-02,-4.428173601627349854e-02,3.195513784885406494e-02,-9.654331952333450317e-03
-3.229063376784324646e-02,3.730617836117744446e-02,-1.692450046539306641e-02,2.486316673457622528e-02,-3.462753817439079285e-02,5.471080541610717773e-02,5.984256789088249207e-02,-3.958855271339416504e-01,1.671336442232131958e-01,1.668158769607543945e-01,1.671336442232131958e-01,-3.958855271339416504e-01,5.984256789088249207e-02,5.471080541610717773e-02,-3.462753817439079285e-02,2.486316673457622528e-02,-1.692450046539306641e-02,3.730617836117744446e-02,-3.229063376784324646e-02
-1.817899197340011597e-01
-2.832903992384672165e-03,8.229082450270652771e-03,-5.887237191200256348e-02,5.343692377209663391e-02,-2.945658937096595764e-02,1.073429062962532043e-01,-2.665401101112365723e-01,1.590640097856521606e-01,4.133637249469757080e-01,1.949930191040039062e-01,4.133637249469757080e-01,1.590640097856521606e-01,-2.665401101112365723e-01,1.073429062962532043e-01,-2.945658937096595764e-02,5.343692377209663391e-02,-5.887237191200256348e-02,8.229082450270652771e-03,-2.832903992384672165e-03
2.130447101080790162e-04,4.342633485794067383e-02,-4.080956429243087769e-02,2.298689447343349457e-03,-2.771078795194625854e-02,6.113040447235107422e-02,7.070861011743545532e-02,-3.941337764263153076e-01,1.638811677694320679e-01,1.656322628259658813e-01,1.638811677694320679e-01,-3.941337764263153076e-01,7.070861011743545532e-02,6.113040447235107422e-02,-2.771078795194625854e-02,2.298689447343349457e-03,-4.080956429243087769e-02,4.342633485794067383e-02,2.130447101080790162e-04
-1.837324351072311401e-01
-9.857332333922386169e-03,3.585989400744438171e-02,-4.579288139939308167e-02,4.270328581333160400e-02,-4.294084012508392334e-02,1.053827628493309021e-01,-2.592360675334930420e-01,1.531163156032562256e-01,4.206181168556213379e-01,1.957555860280990601e-01,4.206181168556213379e-01,1.531163156032562256e-01,-2.592360675334930420e-01,1.053827628493309021e-01,-4.294084012508392334e-02,4.270328581333160400e-02,-4.579288139939308167e-02,3.585989400744438171e-02,-9.857332333922386169e-03
-2.730266004800796509e-02,3.208024799823760986e-02,-2.012182027101516724e-02,1.863833703100681305e-02,-2.916510216891765594e-02,4.745705798268318176e-02,7.088767737150192261e-02,-3.973349034786224365e-01,1.633763164281845093e-01,1.729837656021118164e-01,1.633763164281845093e-01,-3.973349034786224365e-01,7.088767737150192261e-02,4.745705798268318176e-02,-2.916510216891765594e-02,1.863833703100681305e-02,-2.012182027101516724e-02,3.208024799823760986e-02,-2.730266004800796509e-02
-1.856818199157714844e-01
-6.725537125021219254e-03,3.280847147107124329e-02,-4.777693375945091248e-02,4.752632230520248413e-02,-3.790922835469245911e-02,1.076676398515701294e-01,-2.539934515953063965e-01,1.460122764110565186e-01,4.233287274837493896e-01,1.915472894906997681e-01,4.233287274837493896e-01,1.460122764110565186e-01,-2.539934515953063965e-01,1.076676398515701294e-01,-3.790922835469245911e-02,4.752632230520248413e-02,-4.777693375945091248e-02,3.280847147107124329e-02,-6.725537125021219254e-03
-1.891981251537799835e-02,3.733167052268981934e-02,-2.101440355181694031e-02,1.039486750960350037e-02,-2.898017875850200653e-02,4.473578184843063354e-02,7.547435909509658813e-02,-4.004619717597961426e-01,1.571542173624038696e-01,1.747569143772125244e-01,1.571542173624038696e-01,-4.004619717597961426e-01,7.547435909509658813e-02,4.473578184843063354e-02,-2.898017875850200653e-02,1.039486750960350037e-02,-2.101440355181694031e-02,3.733167052268981934e-02,-1.891981251537799835e-02
-1.876380443572998047e-01
-9.371417574584484100e-03,3.476658463478088379e-02,-4.797499254345893860e-02,4.673586413264274597e-02,-3.982008248567581177e-02,1.058561280369758606e-01,-2.498618066310882568e-01,1.399756968021392822e-01,4.289637207984924316e-01,1.901344805955886841e-01,4.289637207984924316e-01,1.399756968021392822e-01,-2.498618066310882568e-01,1.058561280369758606e-01,-3.982008248567581177e-02,4.673586413264274597e-02,-4.797499254345893860e-02,3.476658463478088379e-02,-9.371417574584484100e-03
-1.947429217398166656e-02,3.360323980450630188e-02,-1.841413602232933044e-02,1.368479151278734207e-02,-2.431365102529525757e-02,3.994211554527282715e-02,7.868652045726776123e-02,-4.015005528926849365e-01,1.537490040063858032e-01,1.768592149019241333e-01,1.537490040063858032e-01,-4.015005528926849365e-01,7.868652045726776123e-02,3.994211554527282715e-02,-2.431365102529525757e-02,1.368479151278734207e-02,-1.841413602232933044e-02,3.360323980450630188e-02,-1.947429217398166656e-02
-1.896010935306549072e-01
-1.392834726721048355e-02,3.778415918350219727e-02,-4.834073036909103394e-02,4.292993620038032532e-02,-4.270477220416069031e-02,1.062652841210365295e-01,-2.431081980466842651e-01,1.340665966272354126e-01,4.338025152683258057e-01,1.885526627302169800e-01,4.338025152683258057e-01,1.340665966272354126e-01,-2.431081980466842651e-01,1.062652841210365295e-01,-4.270477220416069031e-02,4.292993620038032532e-02,-4.834073036909103394e-02,3.778415918350219727e-02,-1.392834726721048355e-02
-2.287608012557029724e-02,2.981593646109104156e-02,-1.553229335695505142e-02,1.349583920091390610e-02,-2.272675745189189911e-02,3.657556697726249695e-02,8.549938350915908813e-02,-4.001965522766113281e-01,1.519736796617507935e-01,1.804451793432235718e-01,1.519736796617507935e-01,-4.001965522766113281e-01,8.549938350915908813e-02,3.657556697726249695e-02,-2.272675745189189911e-02,1.349583920091390610e-02,-1.553229335695505142e-02,2.981593646109104156e-02,-2.287608012557029724e-02
-1.915709525346755981e-01
-1.484448276460170746e-02,3.717396780848503113e-02,-4.846757277846336365e-02,4.459158703684806824e-02,-4.172027483582496643e-02,1.057124733924865723e-01,-2.390602976083755493e-01,1.265213191509246826e-01,4.370060861110687256e-01,1.855468153953552246e-01,4.370060861110687256e-01,1.265213191509246826e-01,-2.390602976083755493e-01,1.057124733924865723e-01,-4.172027483582496643e-02,4.459158703684806824e-02,-4.846757277846336365e-02,3.717396780848503113e-02,-1.484448276460170746e-02
-2.197439037263393402e-02,2.949590794742107391e-02,-1.382379233837127686e-02,1.128914859145879745e-02,-2.127194590866565704e-02,3.289457038044929504e-02,8.952162414789199829e-02,-4.012894332408905029e-01,1.485058814287185669e-01,1.843518465757369995e-01,1.485058814287185669e-01,-4.012894332408905029e-01,8.952162414789199829e-02,3.289457038044929504e-02,-2.127194590866565704e-02,1.128914859145879745e-02,-1.382379233837127686e-02,2.949590794742107391e-02,-2.197439037263393402e-02
-1.935475617647171021e-01
-1.562966778874397278e-02,4.039660096168518066e-02,-4.732484370470046997e-02,4.317409917712211609e-02,-4.512753337621688843e-02,1.020705103874206543e-01,-2.357962280511856079e-01,1.197599470615386963e-01,4.414079189300537109e-01,1.832952648401260376e-01,4.414079189300537109e-01,1.197599470615386963e-01,-2.357962280511856079e-01,1.020705103874206543e-01,-4.512753337621688843e-02,4.317409917712211609e-02,-4.732484370470046997e-02,4.039660096168518066e-02,-1.562966778874397278e-02
-2.294455654919147491e-02,2.639262005686759949e-02,-9.886174462735652924e-03,1.391598489135503769e-02,-1.817204430699348450e-02,2.759084850549697876e-02,9.194029122591018677e-02,-4.022661447525024414e-01,1.445427089929580688e-01,1.871530562639236450e-01,1.445427089929580688e-01,-4.022661447525024414e-01,9.194029122591018677e-02,2.759084850549697876e-02,-1.817204430699348450e-02,1.391598489135503769e-02,-9.886174462735652924e-03,2.639262005686759949e-02,-2.294455654919147491e-02
-1.955309510231018066e-01
-1.763638854026794434e-02,4.184979200363159180e-02,-4.702337831258773804e-02,4.329937323927879333e-02,-4.456397891044616699e-02,1.017808914184570312e-01,-2.307453304529190063e-01,1.137835457921028137e-01,4.473828971385955811e-01,1.831215471029281616e-01,4.473828971385955811e-01,1.137835457921028137e-01,-2.307453304529190063e-01,1.017808914184570312e-01,-4.456397891044616699e-02,4.329937323927879333e-02,-4.702337831258773804e-02,4.184979200363159180e-02,-1.763638854026794434e-02
-2.552442252635955811e-02,2.343290112912654877e-02,-7.724374998360872269e-03,1.356166787445545197e-02,-1.701806858181953430e-02,2.258061245083808899e-02,9.597709774971008301e-02,-4.010856151580810547e-01,1.416301727294921875e-01,1.900179535150527954e-01,1.416301727294921875e-01,-4.010856151580810547e-01,9.597709774971008301e-02,2.258061245083808899e-02,-1.701806858181953430e-02,1.356166787445545197e-02,-7.724374998360872269e-03,2.343290112912654877e-02,-2.552442252635955811e-02
-1.975210458040237427e-01
-2.954510564450174570e-04,1.204058527946472168e-02,-6.473746150732040405e-02,5.789377540349960327e-02,-2.824268676340579987e-02,1.006755530834197998e-01,-2.335467785596847534e-01,1.032464504241943359e-01,4.483304321765899658e-01,1.782025545835494995e-01,4.483304321765899658e-01,1.032464504241943359e-01,-2.335467785596847534e-01,1.006755530834197998e-01,-2.824268676340579987e-02,5.789377540349960327e-02,-6.473746150732040405e-02,1.204058527946472168e-02,-2.954510564450174570e-04
1.495843380689620972e-02,3.646670654416084290e-02,-3.769629448652267456e-02,-1.523780077695846558e-02,-8.015394210815429688e-03,3.338003531098365784e-02,1.047098711133003235e-01,-4.001195132732391357e-01,1.347449272871017456e-01,1.877329796552658081e-01,1.347449272871017456e-01,-4.001195132732391357e-01,1.047098711133003235e-01,3.338003531098365784e-02,-8.015394210815429688e-03,-1.523780077695846558e-02,-3.769629448652267456e-02,3.646670654416084290e-02,1.495843380689620972e-02
-1.995178610086441040e-01
-1.899416930973529816e-02,4.272989556193351746e-02,-4.822855442762374878e-02,4.126289486885070801e-02,-4.619798064231872559e-02,9.937550872564315796e-02,-2.211450636386871338e-01,1.006835699081420898e-01,4.558349847793579102e-01,1.802962720394134521e-01,4.558349847793579102e-01,1.006835699081420898e-01,-2.211450636386871338e-01,9.937550872564315796e-02,-4.619798064231872559e-02,4.126289486885070801e-02,-4.822855442762374878e-02,4.272989556193351746e-02,-1.899416930973529816e-02
-2.743278816342353821e-02,1.921446062624454498e-02,-4.438449162989854813e-03,1.118008140474557877e-02,-1.356556545943021774e-02,1.538614835590124130e-02,1.034166887402534485e-01,-4.003582596778869629e-01,1.341178119182586670e-01,1.963680386543273926e-01,1.341178119182586670e-01,-4.003582596778869629e-01,1.034166887402534485e-01,1.538614835590124130e-02,-1.356556545943021774e-02,1.118008140474557877e-02,-4.438449162989854813e-03,1.921446062624454498e-02,-2.743278816342353821e-02
-2.015213519334793091e-01
-1.637744344770908356e-02,4.136985912919044495e-02,-4.883252456784248352e-02,4.391670972108840942e-02,-4.468651115894317627e-02,9.639754891395568848e-02,-2.188024222850799561e-01,9.406066685914993286e-02,4.597056806087493896e-01,1.786148399114608765e-01,4.597056806087493896e-01,9.406066685914993286e-02,-2.188024222850799561e-01,9.639754891395568848e-02,-4.468651115894317627e-02,4.391670972108840942e-02,-4.883252456784248352e-02,4.136985912919044495e-02,-1.637744344770908356e-02
-2.161275222897529602e-02,1.998088136315345764e-02,-5.973725579679012299e-03,8.122798986732959747e-03,-1.089919079095125198e-02,1.182227674871683121e-02,1.047064736485481262e-01,-4.015072584152221680e-01,1.286737024784088135e-01,1.987434178590774536e-01,1.286737024784088135e-01,-4.015072584152221680e-01,1.047064736485481262e-01,1.182227674871683121e-02,-1.089919079095125198e-02,8.122798986732959747e-03,-5.973725579679012299e-03,1.998088136315345764e-02,-2.161275222897529602e-02
-2.035315036773681641e-01
-5.163332913070917130e-03,2.497700415551662445e-02,-6.053645536303520203e-02,5.097347125411033630e-02,-3.438359126448631287e-02,9.696583449840545654e-02,-2.173767834901809692e-01,8.566415309906005859e-02,4.624567329883575439e-01,1.764090955257415771e-01,4.624567329883575439e-01,8.566415309906005859e-02,-2.173767834901809692e-01,9.696583449840545654e-02,-3.438359126448631287e-02,5.097347125411033630e-02,-6.053645536303520203e-02,2.497700415551662445e-02,-5.163332913070917130e-03
3.279013035353273153e-04,2.849698066711425781e-02,-2.008458599448204041e-02,-8.309189230203628540e-03,-6.082904059439897537e-03,1.736305654048919678e-02,1.118122041225433350e-01,-3.999749720096588135e-01,1.240132898092269897e-01,2.001231312751770020e-01,1.240132898092269897e-01,-3.999749720096588135e-01,1.118122041225433350e-01,1.736305654048919678e-02,-6.082904059439897537e-03,-8.309189230203628540e-03,-2.008458599448204041e-02,2.849698066711425781e-02,3.279013035353273153e-04
-2.055483013391494751e-01
-5.608842242509126663e-03,2.709928900003433228e-02,-5.987513437867164612e-02,5.023110285401344299e-02,-3.443149104714393616e-02,9.613618254661560059e-02,-2.127666324377059937e-01,7.898291945457458496e-02,4.663009345531463623e-01,1.755635887384414673e-01,4.663009345531463623e-01,7.898291945457458496e-02,-2.127666324377059937e-01,9.613618254661560059e-02,-3.443149104714393616e-02,5.023110285401344299e-02,-5.987513437867164612e-02,2.709928900003433228e-02,-5.608842242509126663e-03
-1.859366893768310547e-03,2.563286200165748596e-02,-1.668835245072841644e-02,-7.068607956171035767e-03,-4.506162833422422409e-03,1.350919902324676514e-02,1.148656234145164490e-01,-3.989842832088470459e-01,1.192009970545768738e-01,2.028607726097106934e-01,1.192009970545768738e-01,-3.989842832088470459e-01,1.148656234145164490e-01,1.350919902324676514e-02,-4.506162833422422409e-03,-7.068607956171035767e-03,-1.668835245072841644e-02,2.563286200165748596e-02,-1.859366893768310547e-03
-2.075717151165008545e-01
-1.666996441781520844e-02,4.563735425472259521e-02,-4.843456670641899109e-02,4.132734611630439758e-02,-4.623358324170112610e-02,9.191197901964187622e-02,-2.045504301786422729e-01,7.619931548833847046e-02,4.717053472995758057e-01,1.757775396108627319e-01,4.717053472995758057e-01,7.619931548833847046e-02,-2.045504301786422729e-01,9.191197901964187622e-02,-4.623358324170112610e-02,4.132734611630439758e-02,-4.843456670641899109e-02,4.563735425472259521e-02,-1.666996441781520844e-02
-2.443736046552658081e-02,1.232193224132061005e-02,3.603264631237834692e-04,1.175106875598430634e-02,-1.741126528941094875e-03,2.436943119391798973e-03,1.129350364208221436e-01,-3.990943133831024170e-01,1.160137280821800232e-01,2.078906148672103882e-01,1.160137280821800232e-01,-3.990943133831024170e-01,1.129350364208221436e-01,2.436943119391798973e-03,-1.741126528941094875e-03,1.175106875598430634e-02,3.603264631237834692e-04,1.232193224132061005e-02,-2.443736046552658081e-02
-2.096017152070999146e-01
-4.864118993282318115e-03,2.854600176215171814e-02,-6.015283241868019104e-02,4.907950013875961304e-02,-3.529094159603118896e-02,9.175691008567810059e-02,-2.041719704866409302e-01,6.728331744670867920e-02,4.728647172451019287e-01,1.727935671806335449e-01,4.728647172451019287e-01,6.728331744670867920e-02,-2.041719704866409302e-01,9.175691008567810059e-02,-3.529094159603118896e-02,4.907950013875961304e-02,-6.015283241868019104e-02,2.854600176215171814e-02,-4.864118993282318115e-03
-2.126204781234264374e-03,2.310814522206783295e-02,-1.416374091058969498e-02,-7.625493220984935760e-03,9.610700071789324284e-04,8.429189212620258331e-03,1.192177310585975647e-01,-3.987630903720855713e-01,1.098199263215065002e-01,2.096764296293258667e-01,1.098199263215065002e-01,-3.987630903720855713e-01,1.192177310585975647e-01,8.429189212620258331e-03,9.610700071789324284e-04,-7.625493220984935760e-03,-1.416374091058969498e-02,2.310814522206783295e-02,-2.126204781234264374e-03
-2.116383016109466553e-01
-1.758113503456115723e-02,4.552793875336647034e-02,-4.875497147440910339e-02,4.161987453699111938e-02,-4.470200091600418091e-02,8.956900238990783691e-02,-1.945883184671401978e-01,6.549324095249176025e-02,4.786809682846069336e-01,1.736233234405517578e-01,4.786809682846069336e-01,6.549324095249176025e-02,-1.945883184671401978e-01,8.956900238990783691e-02,-4.470200091600418091e-02,4.161987453699111938e-02,-4.875497147440910339e-02,4.552793875336647034e-02,-1.758113503456115723e-02
-2.564164623618125916e-02,8.149294182658195496e-03,2.067196764983236790e-04,6.580815184861421585e-03,-5.807073321193456650e-04,-3.729933174327015877e-03,1.182446852326393127e-01,-3.970349133014678955e-01,1.073978990316390991e-01,2.146582752466201782e-01,1.073978990316390991e-01,-3.970349133014678955e-01,1.182446852326393127e-01,-3.729933174327015877e-03,-5.807073321193456650e-04,6.580815184861421585e-03,2.067196764983236790e-04,8.149294182658195496e-03,-2.564164623618125916e-02
-2.136814445257186890e-01
3.070271341130137444e-03,1.709330454468727112e-02,-6.709411740303039551e-02,5.644421279430389404e-02,-2.597511559724807739e-02,8.903549611568450928e-02,-1.981044113636016846e-01,5.455481633543968201e-02,4.775115549564361572e-01,1.687565445899963379e-01,4.775115549564361572e-01,5.455481633543968201e-02,-1.981044113636016846e-01,8.903549611568450928e-02,-2.597511559724807739e-02,5.644421279430389404e-02,-6.709411740303039551e-02,1.709330454468727112e-02,3.070271341130137444e-03
1.706996373832225800e-02,2.595011889934539795e-02,-2.944925427436828613e-02,-2.508641034364700317e-02,6.195468828082084656e-03,9.554007090628147125e-03,1.276978403329849243e-01,-3.945297598838806152e-01,1.002929583191871643e-01,2.127060890197753906e-01,1.002929583191871643e-01,-3.945297598838806152e-01,1.276978403329849243e-01,9.554007090628147125e-03,6.195468828082084656e-03,-2.508641034364700317e-02,-2.944925427436828613e-02,2.595011889934539795e-02,1.706996373832225800e-02
-2.157311141490936279e-01
-2.472388930618762970e-02,5.307603254914283752e-02,-4.315466061234474182e-02,3.776176646351814270e-02,-4.851495102047920227e-02,8.688283711671829224e-02,-1.826387345790863037e-01,5.503915250301361084e-02,4.844299256801605225e-01,1.714662611484527588e-01,4.844299256801605225e-01,5.503915250301361084e-02,-1.826387345790863037e-01,8.688283711671829224e-02,-4.851495102047920227e-02,3.776176646351814270e-02,-4.315466061234474182e-02,5.307603254914283752e-02,-2.472388930618762970e-02
-3.173243999481201172e-02,4.831669211853295565e-04,6.309596356004476547e-03,8.211107924580574036e-03,-3.873886016663163900e-04,-1.308558229357004166e-02,1.231110319495201111e-01,-3.924999535083770752e-01,1.005463078618049622e-01,2.219885438680648804e-01,1.005463078618049622e-01,-3.924999535083770752e-01,1.231110319495201111e-01,-1.308558229357004166e-02,-3.873886016663163900e-04,8.211107924580574036e-03,6.309596356004476547e-03,4.831669211853295565e-04,-3.173243999481201172e-02
-2.177872955799102783e-01
-1.574265211820602417e-02,4.172993823885917664e-02,-4.951897636055946350e-02,4.485815763473510742e-02,-4.077001661062240601e-02,8.312070369720458984e-02,-1.846571564674377441e-01,4.660831391811370850e-02,4.870184659957885742e-01,1.707396656274795532e-01,4.870184659957885742e-01,4.660831391811370850e-02,-1.846571564674377441e-01,8.312070369720458984e-02,-4.077001661062240601e-02,4.485815763473510742e-02,-4.951897636055946350e-02,4.172993823885917664e-02,-1.574265211820602417e-02
-1.583237200975418091e-02,1.050117146223783493e-02,1.689914264716207981e-03,-1.020733965560793877e-03,3.743072971701622009e-03,-9.262097068130970001e-03,1.258071810007095337e-01,-3.942471444606781006e-01,9.360793232917785645e-02,2.259353399276733398e-01,9.360793232917785645e-02,-3.942471444606781006e-01,1.258071810007095337e-01,-9.262097068130970001e-03,3.743072971701622009e-03,-1.020733965560793877e-03,1.689914264716207981e-03,1.050117146223783493e-02,-1.583237200975418091e-02
-2.198499590158462524e-01
-2.574522513896226883e-03,2.656494267284870148e-02,-6.079926714301109314e-02,5.190976336598396301e-02,-3.044414520263671875e-02,8.133343607187271118e-02,-1.859717071056365967e-01,3.771278634667396545e-02,4.885020852088928223e-01,1.692475825548171997e-01,4.885020852088928223e-01,3.771278634667396545e-02,-1.859717071056365967e-01,8.133343607187271118e-02,-3.044414520263671875e-02,5.190976336598396301e-02,-6.079926714301109314e-02,2.656494267284870148e-02,-2.574522513896226883e-03
8.699580095708370209e-03,2.107835747301578522e-02,-1.333977933973073959e-02,-1.870873570442199707e-02,7.158502936363220215e-03,-3.123532747849822044e-03,1.321648061275482178e-01,-3.916715681552886963e-01,8.766224235296249390e-02,2.263877540826797485e-01,8.766224235296249390e-02,-3.916715681552886963e-01,1.321648061275482178e-01,-3.123532747849822044e-03,7.158502936363220215e-03,-1.870873570442199707e-02,-1.333977933973073959e-02,2.107835747301578522e-02,8.699580095708370209e-03
-2.219191044569015503e-01
-1.869279146194458008e-02,4.386340454220771790e-02,-4.752338677644729614e-02,4.480767622590065002e-02,-3.957866132259368896e-02,7.949215918779373169e-02,-1.766124069690704346e-01,3.566680103540420532e-02,4.935380816459655762e-01,1.706612855195999146e-01,4.935380816459655762e-01,3.566680103540420532e-02,-1.766124069690704346e-01,7.949215918779373169e-02,-3.957866132259368896e-02,4.480767622590065002e-02,-4.752338677644729614e-02,4.386340454220771790e-02,-1.869279146194458008e-02
-1.506601739674806595e-02,6.021975073963403702e-03,3.577313851565122604e-03,-2.226727548986673355e-03,5.673198960721492767e-03,-1.440467592328786850e-02,1.313244700431823730e-01,-3.890902698040008545e-01,8.678396046161651611e-02,2.339724153280258179e-01,8.678396046161651611e-02,-3.890902698040008545e-01,1.313244700431823730e-01,-1.440467592328786850e-02,5.673198960721492767e-03,-2.226727548986673355e-03,3.577313851565122604e-03,6.021975073963403702e-03,-1.506601739674806595e-02
-2.239947021007537842e-01
-3.658086992800235748e-03,2.804788947105407715e-02,-5.950905382633209229e-02,5.205564200878143311e-02,-2.792051434516906738e-02,7.899726182222366333e-02,-1.775553822517395020e-01,2.617030404508113861e-02,4.929568171501159668e-01,1.677632033824920654e-01,4.929568171501159668e-01,2.617030404508113861e-02,-1.775553822517395020e-01,7.899726182222366333e-02,-2.792051434516906738e-02,5.205564200878143311e-02,-5.950905382633209229e-02,2.804788947105407715e-02,-3.658086992800235748e-03
9.957202710211277008e-03,1.912531256675720215e-02,-9.877425618469715118e-03,-2.020082995295524597e-02,9.004228748381137848e-03,-6.913053337484598160e-03,1.380482912063598633e-01,-3.869644403457641602e-01,7.990542799234390259e-02,2.345323860645294189e-01,7.990542799234390259e-02,-3.869644403457641602e-01,1.380482912063598633e-01,-6.913053337484598160e-03,9.004228748381137848e-03,-2.020082995295524597e-02,-9.877425618469715118e-03,1.912531256675720215e-02,9.957202710211277008e-03
-2.260767221450805664e-01
-2.156554535031318665e-02,4.554685577750205994e-02,-4.824092984199523926e-02,4.018934443593025208e-02,-4.056644067168235779e-02,7.746838778257369995e-02,-1.657059043645858765e-01,2.622286230325698853e-02,4.984062314033508301e-01,1.695302575826644897e-01,4.984062314033508301e-01,2.622286230325698853e-02,-1.657059043645858765e-01,7.746838778257369995e-02,-4.056644067168235779e-02,4.018934443593025208e-02,-4.824092984199523926e-02,4.554685577750205994e-02,-2.156554535031318665e-02
-1.648802123963832855e-02,-1.405551913194358349e-03,5.667556077241897583e-03,-1.686114119365811348e-03,7.469335570931434631e-03,-2.025570161640644073e-02,1.362676918506622314e-01,-3.829097449779510498e-01,7.978826016187667847e-02,2.409996092319488525e-01,7.978826016187667847e-02,-3.829097449779510498e-01,1.362676918506622314e-01,-2.025570161640644073e-02,7.469335570931434631e-03,-1.686114119365811348e-03,5.667556077241897583e-03,-1.405551913194358349e-03,-1.648802123963832855e-02
-2.281651645898818970e-01
5.691061960533261299e-04,2.715961635112762451e-02,-6.126208230853080750e-02,5.161822959780693054e-02,-2.483794093132019043e-02,7.622616738080978394e-02,-1.694675236940383911e-01,1.620309427380561829e-02,4.980428516864776611e-01,1.673476696014404297e-01,4.980428516864776611e-01,1.620309427380561829e-02,-1.694675236940383911e-01,7.622616738080978394e-02,-2.483794093132019043e-02,5.161822959780693054e-02,-6.126208230853080750e-02,2.715961635112762451e-02,5.691061960533261299e-04
1.293401420116424561e-02,1.885072700679302216e-02,-7.020836230367422104e-03,-2.293516881763935089e-02,9.458281099796295166e-03,-1.284791715443134308e-02,1.403918266296386719e-01,-3.836220502853393555e-01,6.933941692113876343e-02,2.400597631931304932e-01,6.933941692113876343e-02,-3.836220502853393555e-01,1.403918266296386719e-01,-1.284791715443134308e-02,9.458281099796295166e-03,-2.293516881763935089e-02,-7.020836230367422104e-03,1.885072700679302216e-02,1.293401420116424561e-02
-2.302599847316741943e-01
-3.061374649405479431e-02,5.372959375381469727e-02,-3.989280387759208679e-02,3.650307282805442810e-02,-4.455536231398582458e-02,7.464027404785156250e-02,-1.534334421157836914e-01,1.776275411248207092e-02,5.030236244201660156e-01,1.690701246261596680e-01,5.030236244201660156e-01,1.776275411248207092e-02,-1.534334421157836914e-01,7.464027404785156250e-02,-4.455536231398582458e-02,3.650307282805442810e-02,-3.989280387759208679e-02,5.372959375381469727e-02,-3.061374649405479431e-02
-2.510804682970046997e-02,-1.039300300180912018e-02,1.267226506024599075e-02,-6.332214106805622578e-04,1.374511979520320892e-03,-3.401936218142509460e-02,1.389108896255493164e-01,-3.743039369583129883e-01,7.590568065643310547e-02,2.489602714776992798e-01,7.590568065643310547e-02,-3.743039369583129883e-01,1.389108896255493164e-01,-3.401936218142509460e-02,1.374511979520320892e-03,-6.332214106805622578e-04,1.267226506024599075e-02,-1.039300300180912018e-02,-2.510804682970046997e-02
-2.323611825704574585e-01
-1.041824091225862503e-02,3.618739545345306396e-02,-5.281940102577209473e-02,4.781691357493400574e-02,-2.848948724567890167e-02,7.206112146377563477e-02,-1.592673510313034058e-01,8.811751380562782288e-03,5.049949288368225098e-01,1.693133711814880371e-01,5.049949288368225098e-01,8.811751380562782288e-03,-1.592673510313034058e-01,7.206112146377563477e-02,-2.848948724567890167e-02,4.781691357493400574e-02,-5.281940102577209473e-02,3.618739545345306396e-02,-1.041824091225862503e-02
-7.456818711943924427e-04,7.354504894465208054e-03,5.157543811947107315e-03,-1.186149939894676208e-02,9.557100944221019745e-03,-2.503336593508720398e-02,1.389338523149490356e-01,-3.795143961906433105e-01,6.377649307250976562e-02,2.513277232646942139e-01,6.377649307250976562e-02,-3.795143961906433105e-01,1.389338523149490356e-01,-2.503336593508720398e-02,9.557100944221019745e-03,-1.186149939894676208e-02,5.157543811947107315e-03,7.354504894465208054e-03,-7.456818711943924427e-04
-2.344687432050704956e-01
-1.862266846001148224e-02,3.971003741025924683e-02,-5.152520164847373962e-02,4.081088304519653320e-02,-3.319687768816947937e-02,7.203052937984466553e-02,-1.508601009845733643e-01,5.826273001730442047e-03,5.074388980865478516e-01,1.696773320436477661e-01,5.074388980865478516e-01,5.826273001730442047e-03,-1.508601009845733643e-01,7.203052937984466553e-02,-3.319687768816947937e-02,4.081088304519653320e-02,-5.152520164847373962e-02,3.971003741025924683e-02,-1.862266846001148224e-02
-8.637141436338424683e-03,-2.042795764282345772e-03,8.880067616701126099e-03,-7.049846462905406952e-03,9.718452580273151398e-03,-2.993927709758281708e-02,1.417123228311538696e-01,-3.735090494155883789e-01,6.276404112577438354e-02,2.550671994686126709e-01,6.276404112577438354e-02,-3.735090494155883789e-01,1.417123228311538696e-01,-2.993927709758281708e-02,9.718452580273151398e-03,-7.049846462905406952e-03,8.880067616701126099e-03,-2.042795764282345772e-03,-8.637141436338424683e-03
-2.365826219320297241e-01
-9.234349243342876434e-03,3.401561453938484192e-02,-5.458028987050056458e-02,4.621260240674018860e-02,-2.675263211131095886e-02,6.871943920850753784e-02,-1.512226909399032593e-01,-3.392369835637509823e-04,5.079650878906250000e-01,1.682341694831848145e-01,5.079650878906250000e-01,-3.392369835637509823e-04,-1.512226909399032593e-01,6.871943920850753784e-02,-2.675263211131095886e-02,4.621260240674018860e-02,-5.458028987050056458e-02,3.401561453938484192e-02,-9.234349243342876434e-03
1.933345571160316467e-03,7.294789887964725494e-03,7.411619648337364197e-03,-1.303811371326446533e-02,1.204568520188331604e-02,-2.851048484444618225e-02,1.412318050861358643e-01,-3.753609359264373779e-01,5.321363359689712524e-02,2.566873431205749512e-01,5.321363359689712524e-02,-3.753609359264373779e-01,1.412318050861358643e-01,-2.851048484444618225e-02,1.204568520188331604e-02,-1.303811371326446533e-02,7.411619648337364197e-03,7.294789887964725494e-03,1.933345571160316467e-03
-2.387028187513351440e-01
-1.384705863893032074e-02,3.387067839503288269e-02,-5.629925429821014404e-02,4.116608574986457825e-02,-2.854772284626960754e-02,6.806039065122604370e-02,-1.453482508659362793e-01,-3.915125969797372818e-03,5.107095241546630859e-01,1.694873422384262085e-01,5.107095241546630859e-01,-3.915125969797372818e-03,-1.453482508659362793e-01,6.806039065122604370e-02,-2.854772284626960754e-02,4.116608574986457825e-02,-5.629925429821014404e-02,3.387067839503288269e-02,-1.384705863893032074e-02
-1.740804174914956093e-03,2.843489171937108040e-03,9.880794212222099304e-03,-9.687579236924648285e-03,1.479374710470438004e-02,-3.008755482733249664e-02,1.435785740613937378e-01,-3.708397448062896729e-01,5.155912041664123535e-02,2.612937390804290771e-01,5.155912041664123535e-02,-3.708397448062896729e-01,1.435785740613937378e-01,-3.008755482733249664e-02,1.479374710470438004e-02,-9.687579236924648285e-03,9.880794212222099304e-03,2.843489171937108040e-03,-1.740804174914956093e-03
-2.408293187618255615e-01
-4.583560861647129059e-03,2.939571253955364227e-02,-5.870855599641799927e-02,4.572181031107902527e-02,-2.271854691207408905e-02,6.529337912797927856e-02,-1.458574384450912476e-01,-1.158360857516527176e-02,5.102390646934509277e-01,1.681532263755798340e-01,5.102390646934509277e-01,-1.158360857516527176e-02,-1.458574384450912476e-01,6.529337912797927856e-02,-2.271854691207408905e-02,4.572181031107902527e-02,-5.870855599641799927e-02,2.939571253955364227e-02,-4.583560861647129059e-03
6.296499166637659073e-03,8.232692256569862366e-03,5.284986924380064011e-03,-1.791750453412532806e-02,1.561410352587699890e-02,-2.907599136233329773e-02,1.449346542358398438e-01,-3.695475757122039795e-01,4.452574253082275391e-02,2.626221477985382080e-01,4.452574253082275391e-02,-3.695475757122039795e-01,1.449346542358398438e-01,-2.907599136233329773e-02,1.561410352587699890e-02,-1.791750453412532806e-02,5.284986924380064011e-03,8.232692256569862366e-03,6.296499166637659073e-03
-2.429620921611785889e-01
-1.771949790418148041e-02,4.023962840437889099e-02,-4.950643703341484070e-02,3.931927308440208435e-02,-3.114958666265010834e-02,6.232446059584617615e-02,-1.384362429380416870e-01,-1.398373302072286606e-02,5.120629668235778809e-01,1.683968603610992432e-01,5.120629668235778809e-01,-1.398373302072286606e-02,-1.384362429380416870e-01,6.232446059584617615e-02,-3.114958666265010834e-02,3.931927308440208435e-02,-4.950643703341484070e-02,4.023962840437889099e-02,-1.771949790418148041e-02
-8.690713904798030853e-03,-6.688107736408710480e-03,1.150280609726905823e-02,-8.008663542568683624e-03,1.556046213954687119e-02,-3.666033223271369934e-02,1.438782960176467896e-01,-3.656756579875946045e-01,4.318320378661155701e-02,2.684690058231353760e-01,4.318320378661155701e-02,-3.656756579875946045e-01,1.438782960176467896e-01,-3.666033223271369934e-02,1.556046213954687119e-02,-8.008663542568683624e-03,1.150280609726905823e-02,-6.688107736408710480e-03,-8.690713904798030853e-03
-2.451011240482330322e-01
-3.045777790248394012e-02,5.620206892490386963e-02,-3.622777760028839111e-02,3.170702978968620300e-02,-4.137952998280525208e-02,6.051191315054893494e-02,-1.278750002384185791e-01,-1.509300153702497482e-02,5.129197239875793457e-01,1.678698807954788208e-01,5.129197239875793457e-01,-1.509300153702497482e-02,-1.278750002384185791e-01,6.051191315054893494e-02,-4.137952998280525208e-02,3.170702978968620300e-02,-3.622777760028839111e-02,5.620206892490386963e-02,-3.045777790248394012e-02
-2.816011011600494385e-02,-2.114458568394184113e-02,2.138416096568107605e-02,2.287480747327208519e-03,1.165521889925003052e-02,-4.780504107475280762e-02,1.430764645338058472e-01,-3.600492179393768311e-01,3.969838097691535950e-02,2.698939442634582520e-01,3.969838097691535950e-02,-3.600492179393768311e-01,1.430764645338058472e-01,-4.780504107475280762e-02,1.165521889925003052e-02,2.287480747327208519e-03,2.138416096568107605e-02,-2.114458568394184113e-02,-2.816011011600494385e-02
-2.472463995218276978e-01
-1.653976924717426300e-02,4.090230911970138550e-02,-4.711730033159255981e-02,4.050982370972633362e-02,-2.813510410487651825e-02,5.837327986955642700e-02,-1.306646168231964111e-01,-2.022287994623184204e-02,5.153113603591918945e-01,1.687383502721786499e-01,5.153113603591918945e-01,-2.022287994623184204e-02,-1.306646168231964111e-01,5.837327986955642700e-02,-2.813510410487651825e-02,4.050982370972633362e-02,-4.711730033159255981e-02,4.090230911970138550e-02,-1.653976924717426300e-02
-1.420830190181732178e-02,-7.953378371894359589e-03,1.640351861715316772e-02,-5.315083079040050507e-03,1.868152059614658356e-02,-4.118422046303749084e-02,1.414851546287536621e-01,-3.639258146286010742e-01,2.936399541795253754e-02,2.721759080886840820e-01,2.936399541795253754e-02,-3.639258146286010742e-01,1.414851546287536621e-01,-4.118422046303749084e-02,1.868152059614658356e-02,-5.315083079040050507e-03,1.640351861715316772e-02,-7.953378371894359589e-03,-1.420830190181732178e-02
-2.493978887796401978e-01
-7.135275751352310181e-03,3.609034791588783264e-02,-5.143683403730392456e-02,4.178495332598686218e-02,-2.498791739344596863e-02,5.503931269049644470e-02,-1.300233751535415649e-01,-2.451380528509616852e-02,5.185125470161437988e-01,1.710970699787139893e-01,5.185125470161437988e-01,-2.451380528509616852e-02,-1.300233751535415649e-01,5.503931269049644470e-02,-2.498791739344596863e-02,4.178495332598686218e-02,-5.143683403730392456e-02,3.609034791588783264e-02,-7.135275751352310181e-03
-6.977208424359560013e-03,-1.818113261833786964e-03,1.406931132078170776e-02,-1.045604050159454346e-02,2.071793004870414734e-02,-4.155452176928520203e-02,1.400883197784423828e-01,-3.629235029220581055e-01,2.197440341114997864e-02,2.720988094806671143e-01,2.197440341114997864e-02,-3.629235029220581055e-01,1.400883197784423828e-01,-4.155452176928520203e-02,2.071793004870414734e-02,-1.045604050159454346e-02,1.406931132078170776e-02,-1.818113261833786964e-03,-6.977208424359560013e-03
-2.515555918216705322e-01
9.568119421601295471e-03,1.502772700041532516e-02,-6.621893495321273804e-02,5.217269808053970337e-02,-9.996039792895317078e-03,5.296807736158370972e-02,-1.336781084537506104e-01,-3.112093545496463776e-02,5.200876593589782715e-01,1.719059646129608154e-01,5.200876593589782715e-01,-3.112093545496463776e-02,-1.336781084537506104e-01,5.296807736158370972e-02,-9.996039792895317078e-03,5.217269808053970337e-02,-6.621893495321273804e-02,1.502772700041532516e-02,9.568119421601295471e-03
1.990299858152866364e-02,9.927716106176376343e-03,-9.323902428150177002e-03,-3.094164840877056122e-02,3.007574565708637238e-02,-3.045348264276981354e-02,1.441422253847122192e-01,-3.592754304409027100e-01,1.510052476078271866e-02,2.681091427803039551e-01,1.510052476078271866e-02,-3.592754304409027100e-01,1.441422253847122192e-01,-3.045348264276981354e-02,3.007574565708637238e-02,-3.094164840877056122e-02,-9.323902428150177002e-03,9.927716106176376343e-03,1.990299858152866364e-02
-2.537194788455963135e-01
1.010525599122047424e-02,1.848900876939296722e-02,-6.412027031183242798e-02,4.931186139583587646e-02,-1.221564132720232010e-02,5.032646656036376953e-02,-1.297300606966018677e-01,-3.481990844011306763e-02,5.217013955116271973e-01,1.731040626764297485e-01,5.217013955116271973e-01,-3.481990844011306763e-02,-1.297300606966018677e-01,5.032646656036376953e-02,-1.221564132720232010e-02,4.931186139583587646e-02,-6.412027031183242798e-02,1.848900876939296722e-02,1.010525599122047424e-02
1.608154550194740295e-02,1.016243081539869308e-02,-3.210660070180892944e-03,-2.668821811676025391e-02,3.130435571074485779e-02,-3.381012752652168274e-02,1.425877958536148071e-01,-3.575128614902496338e-01,1.083568576723337173e-02,2.722849547863006592e-01,1.083568576723337173e-02,-3.575128614902496338e-01,1.425877958536148071e-01,-3.381012752652168274e-02,3.130435571074485779e-02,-2.668821811676025391e-02,-3.210660070180892944e-03,1.016243081539869308e-02,1.608154550194740295e-02
-2.558895349502563477e-01
9.235663339495658875e-03,1.748074963688850403e-02,-6.395508348941802979e-02,4.833365231752395630e-02,-1.225057616829872131e-02,4.804682359099388123e-02,-1.260557025671005249e-01,-3.878649696707725525e-02,5.215234160423278809e-01,1.722925752401351929e-01,5.215234160423278809e-01,-3.878649696707725525e-02,-1.260557025671005249e-01,4.804682359099388123e-02,-1.225057616829872131e-02,4.833365231752395630e-02,-6.395508348941802979e-02,1.748074963688850403e-02,9.235663339495658875e-03
1.606911793351173401e-02,1.087977457791566849e-02,-2.570732729509472847e-03,-2.889689430594444275e-02,3.165659680962562561e-02,-3.285189345479011536e-02,1.457609683275222778e-01,-3.541571199893951416e-01,5.579090211540460587e-03,2.748524248600006104e-01,5.579090211540460587e-03,-3.541571199893951416e-01,1.457609683275222778e-01,-3.285189345479011536e-02,3.165659680962562561e-02,-2.889689430594444275e-02,-2.570732729509472847e-03,1.087977457791566849e-02,1.606911793351173401e-02
-2.580657303333282471e-01
7.524770218878984451e-03,1.430700998753309250e-02,-6.554277241230010986e-02,4.746210575103759766e-02,-1.133829262107610703e-02,4.607101157307624817e-02,-1.232556253671646118e-01,-4.343992844223976135e-02,5.211694240570068359e-01,1.718125492334365845e-01,5.211694240570068359e-01,-4.343992844223976135e-02,-1.232556253671646118e-01,4.607101157307624817e-02,-1.133829262107610703e-02,4.746210575103759766e-02,-6.554277241230010986e-02,1.430700998753309250e-02,7.524770218878984451e-03
1.896135695278644562e-02,1.196315698325634003e-02,-4.461904987692832947e-03,-3.451740741729736328e-02,3.068867698311805725e-02,-3.002956137061119080e-02,1.511385887861251831e-01,-3.499841988086700439e-01,4.574954509735107422e-04,2.774882912635803223e-01,4.574954509735107422e-04,-3.499841988086700439e-01,1.511385887861251831e-01,-3.002956137061119080e-02,3.068867698311805725e-02,-3.451740741729736328e-02,-4.461904987692832947e-03,1.196315698325634003e-02,1.896135695278644562e-02
-2.602480649948120117e-01
-2.413552999496459961e-02,4.781665652990341187e-02,-3.675251081585884094e-02,3.253962099552154541e-02,-3.326238319277763367e-02,4.253547638654708862e-02,-1.088946908712387085e-01,-3.952660784125328064e-02,5.269589424133300781e-01,1.769876331090927124e-01,5.269589424133300781e-01,-3.952660784125328064e-02,-1.088946908712387085e-01,4.253547638654708862e-02,-3.326238319277763367e-02,3.253962099552154541e-02,-3.675251081585884094e-02,4.781665652990341187e-02,-2.413552999496459961e-02
-2.060435153543949127e-02,-1.447695493698120117e-02,2.686598338186740875e-02,-1.112974830903112888e-03,2.326449379324913025e-02,-5.207302048802375793e-02,1.416375935077667236e-01,-3.489123284816741943e-01,4.477677866816520691e-03,2.932857275009155273e-01,4.477677866816520691e-03,-3.489123284816741943e-01,1.416375935077667236e-01,-5.207302048802375793e-02,2.326449379324913025e-02,-1.112974830903112888e-03,2.686598338186740875e-02,-1.447695493698120117e-02,-2.060435153543949127e-02
-2.624365389347076416e-01
-2.935556508600711823e-02,5.120902135968208313e-02,-3.400139510631561279e-02,2.955292165279388428e-02,-3.375464677810668945e-02,4.340592026710510254e-02,-1.035839542746543884e-01,-4.436207935214042664e-02,5.266571640968322754e-01,1.779816448688507080e-01,5.266571640968322754e-01,-4.436207935214042664e-02,-1.035839542746543884e-01,4.340592026710510254e-02,-3.375464677810668945e-02,2.955292165279388428e-02,-3.400139510631561279e-02,5.120902135968208313e-02,-2.935556508600711823e-02
-2.065523341298103333e-02,-2.070288360118865967e-02,2.256283536553382874e-02,-6.773019675165414810e-03,1.902830041944980621e-02,-5.473911762237548828e-02,1.434944272041320801e-01,-3.442987203598022461e-01,4.198950715363025665e-03,3.001406490802764893e-01,4.198950715363025665e-03,-3.442987203598022461e-01,1.434944272041320801e-01,-5.473911762237548828e-02,1.902830041944980621e-02,-6.773019675165414810e-03,2.256283536553382874e-02,-2.070288360118865967e-02,-2.065523341298103333e-02
-2.646310925483703613e-01
-1.145083270967006683e-02,3.324342891573905945e-02,-4.951527342200279236e-02,3.687231242656707764e-02,-1.893602311611175537e-02,4.314268380403518677e-02,-1.072321757674217224e-01,-5.084332078695297241e-02,5.268524885177612305e-01,1.788972765207290649e-01,5.268524885177612305e-01,-5.084332078695297241e-02,-1.072321757674217224e-01,4.314268380403518677e-02,-1.893602311611175537e-02,3.687231242656707764e-02,-4.951527342200279236e-02,3.324342891573905945e-02,-1.145083270967006683e-02
1.345341559499502182e-03,-2.698916941881179810e-03,1.259471941739320755e-02,-2.153526432812213898e-02,2.585105970501899719e-02,-4.227206483483314514e-02,1.467432826757431030e-01,-3.458105325698852539e-01,-5.090882070362567902e-03,3.023219704627990723e-01,-5.090882070362567902e-03,-3.458105325698852539e-01,1.467432826757431030e-01,-4.227206483483314514e-02,2.585105970501899719e-02,-2.153526432812213898e-02,1.259471941739320755e-02,-2.698916941881179810e-03,1.345341559499502182e-03
-2.668317258358001709e-01
-2.232930622994899750e-02,4.514447972178459167e-02,-3.959429264068603516e-02,3.108750469982624054e-02,-2.519560791552066803e-02,4.309120401740074158e-02,-9.893316030502319336e-02,-5.231716483831405640e-02,5.281752347946166992e-01,1.809121817350387573e-01,5.281752347946166992e-01,-5.231716483831405640e-02,-9.893316030502319336e-02,4.309120401740074158e-02,-2.519560791552066803e-02,3.108750469982624054e-02,-3.959429264068603516e-02,4.514447972178459167e-02,-2.232930622994899750e-02
-1.044000498950481415e-02,-1.704319566488265991e-02,1.736784912645816803e-02,-1.459228247404098511e-02,2.061419375240802765e-02,-5.403885245323181152e-02,1.421288698911666870e-01,-3.419797718524932861e-01,-6.539376918226480484e-03,3.075038790702819824e-01,-6.539376918226480484e-03,-3.419797718524932861e-01,1.421288698911666870e-01,-5.403885245323181152e-02,2.061419375240802765e-02,-1.459228247404098511e-02,1.736784912645816803e-02,-1.704319566488265991e-02,-1.044000498950481415e-02
-2.690384387969970703e-01
-1.157130300998687744e-02,3.284536302089691162e-02,-4.972859472036361694e-02,3.575316071510314941e-02,-1.467018853873014450e-02,4.287366196513175964e-02,-1.002990305423736572e-01,-5.791260674595832825e-02,5.285947918891906738e-01,1.823778301477432251e-01,5.285947918891906738e-01,-5.791260674595832825e-02,-1.002990305423736572e-01,4.287366196513175964e-02,-1.467018853873014450e-02,3.575316071510314941e-02,-4.972859472036361694e-02,3.284536302089691162e-02,-1.157130300998687744e-02
6.385117303580045700e-04,-4.114126786589622498e-03,1.558988168835639954e-02,-2.048634923994541168e-02,2.579963393509387970e-02,-4.716882109642028809e-02,1.439539194107055664e-01,-3.409419357776641846e-01,-1.233453210443258286e-02,3.105928599834442139e-01,-1.233453210443258286e-02,-3.409419357776641846e-01,1.439539194107055664e-01,-4.716882109642028809e-02,2.579963393509387970e-02,-2.048634923994541168e-02,1.558988168835639954e-02,-4.114126786589622498e-03,6.385117303580045700e-04
-2.712512016296386719e-01
-9.406436234712600708e-03,2.924217469990253448e-02,-5.285795778036117554e-02,3.530983999371528625e-02,-1.139149442315101624e-02,4.307574406266212463e-02,-9.709846973419189453e-02,-6.215667724609375000e-02,5.280684828758239746e-01,1.830284595489501953e-01,5.280684828758239746e-01,-6.215667724609375000e-02,-9.709846973419189453e-02,4.307574406266212463e-02,-1.139149442315101624e-02,3.530983999371528625e-02,-5.285795778036117554e-02,2.924217469990253448e-02,-9.406436234712600708e-03
2.321692183613777161e-03,-2.180195413529872894e-03,1.548799406737089157e-02,-2.154009975492954254e-02,2.807828038930892944e-02,-4.586700722575187683e-02,1.458633542060852051e-01,-3.362698554992675781e-01,-1.530515961349010468e-02,3.129062652587890625e-01,-1.530515961349010468e-02,-3.362698554992675781e-01,1.458633542060852051e-01,-4.586700722575187683e-02,2.807828038930892944e-02,-2.154009975492954254e-02,1.548799406737089157e-02,-2.180195413529872894e-03,2.321692183613777161e-03
-2.734699845314025879e-01
-1.420575287193059921e-02,3.773800656199455261e-02,-4.419420659542083740e-02,3.389943763613700867e-02,-1.549821533262729645e-02,3.941041231155395508e-02,-9.288085252046585083e-02,-6.428830325603485107e-02,5.274450778961181641e-01,1.828246712684631348e-01,5.274450778961181641e-01,-6.428830325603485107e-02,-9.288085252046585083e-02,3.941041231155395508e-02,-1.549821533262729645e-02,3.389943763613700867e-02,-4.419420659542083740e-02,3.773800656199455261e-02,-1.420575287193059921e-02
-4.958774894475936890e-03,-8.642249740660190582e-03,1.962270587682723999e-02,-1.509103272110223770e-02,2.899555861949920654e-02,-5.003613606095314026e-02,1.414123624563217163e-01,-3.366961181163787842e-01,-2.207791991531848907e-02,3.164668977260589600e-01,-2.207791991531848907e-02,-3.366961181163787842e-01,1.414123624563217163e-01,-5.003613606095314026e-02,2.899555861949920654e-02,-1.509103272110223770e-02,1.962270587682723999e-02,-8.642249740660190582e-03,-4.958774894475936890e-03
-2.756947875022888184e-01
1.352907530963420868e-02,1.522010099142789841e-02,-6.266468018293380737e-02,4.648774862289428711e-02,2.237624954432249069e-03,3.591345995664596558e-02,-1.004507541656494141e-01,-7.331722229719161987e-02,5.243076086044311523e-01,1.806611120700836182e-01,5.243076086044311523e-01,-7.331722229719161987e-02,-1.004507541656494141e-01,3.591345995664596558e-02,2.237624954432249069e-03,4.648774862289428711e-02,-6.266468018293380737e-02,1.522010099142789841e-02,1.352907530963420868e-02
2.746101841330528259e-02,1.135423965752124786e-02,-9.141826070845127106e-03,-4.603839665651321411e-02,3.732956945896148682e-02,-3.053096681833267212e-02,1.515494436025619507e-01,-3.320502936840057373e-01,-3.441396728157997131e-02,3.051916360855102539e-01,-3.441396728157997131e-02,-3.320502936840057373e-01,1.515494436025619507e-01,-3.053096681833267212e-02,3.732956945896148682e-02,-4.603839665651321411e-02,-9.141826070845127106e-03,1.135423965752124786e-02,2.746101841330528259e-02
-2.779256105422973633e-01
-2.331686206161975861e-02,4.700536653399467468e-02,-3.581167384982109070e-02,2.734506130218505859e-02,-2.218101359903812408e-02,3.479234129190444946e-02,-8.463435620069503784e-02,-7.001568377017974854e-02,5.276644229888916016e-01,1.854940354824066162e-01,5.276644229888916016e-01,-7.001568377017974854e-02,-8.463435620069503784e-02,3.479234129190444946e-02,-2.218101359903812408e-02,2.734506130218505859e-02,-3.581167384982109070e-02,4.700536653399467468e-02,-2.331686206161975861e-02
-1.253820769488811493e-02,-1.938735693693161011e-02,2.224247902631759644e-02,-1.158026792109012604e-02,2.751846425235271454e-02,-5.521798133850097656e-02,1.409478038549423218e-01,-3.295712471008300781e-01,-2.816420048475265503e-02,3.250523805618286133e-01,-2.816420048475265503e-02,-3.295712471008300781e-01,1.409478038549423218e-01,-5.521798133850097656e-02,2.751846425235271454e-02,-1.158026792109012604e-02,2.224247902631759644e-02,-1.938735693693161011e-02,-1.253820769488811493e-02
-2.801623940467834473e-01
5.504710134118795395e-03,2.229603938758373260e-02,-5.631134286522865295e-02,3.990306332707405090e-02,-3.492670599371194839e-03,3.094449266791343689e-02,-9.369985014200210571e-02,-7.829570770263671875e-02,5.264405012130737305e-01,1.854728758335113525e-01,5.264405012130737305e-01,-7.829570770263671875e-02,-9.369985014200210571e-02,3.094449266791343689e-02,-3.492670599371194839e-03,3.990306332707405090e-02,-5.631134286522865295e-02,2.229603938758373260e-02,5.504710134118795395e-03
1.872201077640056610e-02,8.832888677716255188e-03,5.473950877785682678e-03,-3.619902208447456360e-02,3.505638986825942993e-02,-3.700695559382438660e-02,1.493490338325500488e-01,-3.272834420204162598e-01,-4.033242538571357727e-02,3.176698684692382812e-01,-4.033242538571357727e-02,-3.272834420204162598e-01,1.493490338325500488e-01,-3.700695559382438660e-02,3.505638986825942993e-02,-3.619902208447456360e-02,5.473950877785682678e-03,8.832888677716255188e-03,1.872201077640056610e-02
-2.824051678180694580e-01
-1.907787658274173737e-02,3.346678987145423889e-02,-4.576273635029792786e-02,2.968381345272064209e-02,-1.294217538088560104e-02,3.279963135719299316e-02,-8.161973208189010620e-02,-7.606060802936553955e-02,5.288248062133789062e-01,1.889186352491378784e-01,5.288248062133789062e-01,-7.606060802936553955e-02,-8.161973208189010620e-02,3.279963135719299316e-02,-1.294217538088560104e-02,2.968381345272064209e-02,-4.576273635029792786e-02,3.346678987145423889e-02,-1.907787658274173737e-02
-7.619567331857979298e-04,-8.643669076263904572e-03,1.805049553513526917e-02,-2.068800851702690125e-02,3.153976052999496460e-02,-4.716915637254714966e-02,1.458182185888290405e-01,-3.236671090126037598e-01,-3.754191100597381592e-02,3.300974071025848389e-01,-3.754191100597381592e-02,-3.236671090126037598e-01,1.458182185888290405e-01,-4.716915637254714966e-02,3.153976052999496460e-02,-2.068800851702690125e-02,1.805049553513526917e-02,-8.643669076263904572e-03,-7.619567331857979298e-04
-2.846538722515106201e-01
-3.165635466575622559e-02,5.148851498961448669e-02,-2.931909076869487762e-02,2.322598174214363098e-02,-2.377708815038204193e-02,3.071735985577106476e-02,-7.270137965679168701e-02,-7.630799710750579834e-02,5.287864208221435547e-01,1.904658526182174683e-01,5.287864208221435547e-01,-7.630799710750579834e-02,-7.270137965679168701e-02,3.071735985577106476e-02,-2.377708815038204193e-02,2.322598174214363098e-02,-2.931909076869487762e-02,5.148851498961448669e-02,-3.165635466575622559e-02
-1.305032800883054733e-02,-2.145081572234630585e-02,2.515017986297607422e-02,-1.352237351238727570e-02,2.382713370025157928e-02,-5.994908884167671204e-02,1.410041749477386475e-01,-3.197836875915527344e-01,-4.083456471562385559e-02,3.338830173015594482e-01,-4.083456471562385559e-02,-3.197836875915527344e-01,1.410041749477386475e-01,-5.994908884167671204e-02,2.382713370025157928e-02,-1.352237351238727570e-02,2.515017986297607422e-02,-2.145081572234630585e-02,-1.305032800883054733e-02
-2.869085371494293213e-01
-1.704994961619377136e-02,3.650939837098121643e-02,-4.435899481177330017e-02,2.689465880393981934e-02,-1.247437298297882080e-02,2.981017716228961945e-02,-7.546422630548477173e-02,-7.965959608554840088e-02,5.311273932456970215e-01,1.939007043838500977e-01,5.311273932456970215e-01,-7.965959608554840088e-02,-7.546422630548477173e-02,2.981017716228961945e-02,-1.247437298297882080e-02,2.689465880393981934e-02,-4.435899481177330017e-02,3.650939837098121643e-02,-1.704994961619377136e-02
-2.882238244637846947e-03,-8.324936032295227051e-03,2.159213088452816010e-02,-1.874455064535140991e-02,3.223889693617820740e-02,-5.038669332861900330e-02,1.418481618165969849e-01,-3.200170099735260010e-01,-4.756963625550270081e-02,3.363080620765686035e-01,-4.756963625550270081e-02,-3.200170099735260010e-01,1.418481618165969849e-01,-5.038669332861900330e-02,3.223889693617820740e-02,-1.874455064535140991e-02,2.159213088452816010e-02,-8.324936032295227051e-03,-2.882238244637846947e-03
-2.891691029071807861e-01
-1.193384733051061630e-02,3.697108849883079529e-02,-4.491103813052177429e-02,2.675890736281871796e-02,-1.074061915278434753e-02,2.770545519888401031e-02,-7.468688488006591797e-02,-8.363536745309829712e-02,5.306650400161743164e-01,1.955292969942092896e-01,5.306650400161743164e-01,-8.363536745309829712e-02,-7.468688488006591797e-02,2.770545519888401031e-02,-1.074061915278434753e-02,2.675890736281871796e-02,-4.491103813052177429e-02,3.697108849883079529e-02,-1.193384733051061630e-02
-4.727290943264961243e-03,-6.427914369851350784e-03,2.398766763508319855e-02,-1.805123127996921539e-02,3.213521838188171387e-02,-5.290551856160163879e-02,1.385293304920196533e-01,-3.188235759735107422e-01,-5.421600863337516785e-02,3.366529345512390137e-01,-5.421600863337516785e-02,-3.188235759735107422e-01,1.385293304920196533e-01,-5.290551856160163879e-02,3.213521838188171387e-02,-1.805123127996921539e-02,2.398766763508319855e-02,-6.427914369851350784e-03,-4.727290943264961243e-03
-2.914355695247650146e-01
1.361374650150537491e-02,1.512146927416324615e-02,-6.081014871597290039e-02,4.238002002239227295e-02,7.331656292080879211e-03,2.225074544548988342e-02,-8.293343335390090942e-02,-8.965989202260971069e-02,5.292480587959289551e-01,1.947532147169113159e-01,5.292480587959289551e-01,-8.965989202260971069e-02,-8.293343335390090942e-02,2.225074544548988342e-02,7.331656292080879211e-03,4.238002002239227295e-02,-6.081014871597290039e-02,1.512146927416324615e-02,1.361374650150537491e-02
2.201399207115173340e-02,9.175539016723632812e-03,-6.531865801662206650e-03,-4.717086255550384521e-02,4.229968786239624023e-02,-3.519295156002044678e-02,1.457788646221160889e-01,-3.143362700939178467e-01,-6.767172366380691528e-02,3.210386931896209717e-01,-6.767172366380691528e-02,-3.143362700939178467e-01,1.457788646221160889e-01,-3.519295156002044678e-02,4.229968786239624023e-02,-4.717086255550384521e-02,-6.531865801662206650e-03,9.175539016723632812e-03,2.201399207115173340e-02
-2.937079370021820068e-01
-1.977438665926456451e-02,4.354668408632278442e-02,-3.727288171648979187e-02,2.317905053496360779e-02,-1.443078182637691498e-02,2.372690849006175995e-02,-6.682249158620834351e-02,-8.593847602605819702e-02,5.315134525299072266e-01,1.995458900928497314e-01,5.315134525299072266e-01,-8.593847602605819702e-02,-6.682249158620834351e-02,2.372690849006175995e-02,-1.443078182637691498e-02,2.317905053496360779e-02,-3.727288171648979187e-02,4.354668408632278442e-02,-1.977438665926456451e-02
-1.639846712350845337e-02,-1.545783597975969315e-02,2.976874448359012604e-02,-1.020796876400709152e-02,3.093181177973747253e-02,-6.191420555114746094e-02,1.324422359466552734e-01,-3.130014240741729736e-01,-6.191719323396682739e-02,3.416355550289154053e-01,-6.191719323396682739e-02,-3.130014240741729736e-01,1.324422359466552734e-01,-6.191420555114746094e-02,3.093181177973747253e-02,-1.020796876400709152e-02,2.976874448359012604e-02,-1.545783597975969315e-02,-1.639846712350845337e-02
-2.959862053394317627e-01
1.240923441946506500e-02,1.821249537169933319e-02,-5.729274079203605652e-02,4.061044380068778992e-02,6.670601200312376022e-03,1.808795891702175140e-02,-7.745984941720962524e-02,-9.326096624135971069e-02,5.300111770629882812e-01,1.990420669317245483e-01,5.300111770629882812e-01,-9.326096624135971069e-02,-7.745984941720962524e-02,1.808795891702175140e-02,6.670601200312376022e-03,4.061044380068778992e-02,-5.729274079203605652e-02,1.821249537169933319e-02,1.240923441946506500e-02
1.909838803112506866e-02,8.254116401076316833e-03,-4.554943647235631943e-03,-4.720389470458030701e-02,4.099098592996597290e-02,-3.828914836049079895e-02,1.442361623048782349e-01,-3.080821335315704346e-01,-7.572957128286361694e-02,3.256389200687408447e-01,-7.572957128286361694e-02,-3.080821335315704346e-01,1.442361623048782349e-01,-3.828914836049079895e-02,4.099098592996597290e-02,-4.720389470458030701e-02,-4.554943647235631943e-03,8.254116401076316833e-03,1.909838803112506866e-02
-2.982703149318695068e-01
-2.332804352045059204e-02,3.953345865011215210e-02,-3.748127073049545288e-02,2.344994433224201202e-02,-1.156930625438690186e-02,2.072157897055149078e-02,-6.320938467979431152e-02,-9.189632534980773926e-02,5.305406451225280762e-01,2.030414640903472900e-01,5.305406451225280762e-01,-9.189632534980773926e-02,-6.320938467979431152e-02,2.072157897055149078e-02,-1.156930625438690186e-02,2.344994433224201202e-02,-3.748127073049545288e-02,3.953345865011215210e-02,-2.332804352045059204e-02
-1.311289146542549133e-02,-1.593870669603347778e-02,2.526722848415374756e-02,-1.587358117103576660e-02,3.152941912412643433e-02,-5.835323408246040344e-02,1.363966166973114014e-01,-3.049273490905761719e-01,-6.752696633338928223e-02,3.489299416542053223e-01,-6.752696633338928223e-02,-3.049273490905761719e-01,1.363966166973114014e-01,-5.835323408246040344e-02,3.152941912412643433e-02,-1.587358117103576660e-02,2.526722848415374756e-02,-1.593870669603347778e-02,-1.311289146542549133e-02
-3.005602359771728516e-01
-1.312943827360868454e-02,3.359713405370712280e-02,-4.255395382642745972e-02,2.710201963782310486e-02,-5.490054842084646225e-03,1.835588365793228149e-02,-6.466192007064819336e-02,-9.599736332893371582e-02,5.293166637420654297e-01,2.038360685110092163e-01,5.293166637420654297e-01,-9.599736332893371582e-02,-6.466192007064819336e-02,1.835588365793228149e-02,-5.490054842084646225e-03,2.710201963782310486e-02,-4.255395382642745972e-02,3.359713405370712280e-02,-1.312943827360868454e-02
-3.229380818083882332e-03,-7.407421711832284927e-03,2.049762941896915436e-02,-2.443622983992099762e-02,3.282580524682998657e-02,-5.227826535701751709e-02,1.396675854921340942e-01,-3.027388155460357666e-01,-7.490915805101394653e-02,3.484902083873748779e-01,-7.490915805101394653e-02,-3.027388155460357666e-01,1.396675854921340942e-01,-5.227826535701751709e-02,3.282580524682998657e-02,-2.443622983992099762e-02,2.049762941896915436e-02,-7.407421711832284927e-03,-3.229380818083882332e-03
-3.028560280799865723e-01
2.663095947355031967e-03,2.470316924154758453e-02,-5.159188061952590942e-02,3.175133466720581055e-02,3.325765486806631088e-03,1.722867414355278015e-02,-6.587042659521102905e-02,-9.980135411024093628e-02,5.283771753311157227e-01,2.047852426767349243e-01,5.283771753311157227e-01,-9.980135411024093628e-02,-6.587042659521102905e-02,1.722867414355278015e-02,3.325765486806631088e-03,3.175133466720581055e-02,-5.159188061952590942e-02,2.470316924154758453e-02,2.663095947355031967e-03
9.195462800562381744e-03,3.435861319303512573e-03,1.149356551468372345e-02,-3.746857121586799622e-02,3.489726036787033081e-02,-4.386022314429283142e-02,1.454027295112609863e-01,-2.979394495487213135e-01,-8.203637599945068359e-02,3.440726995468139648e-01,-8.203637599945068359e-02,-2.979394495487213135e-01,1.454027295112609863e-01,-4.386022314429283142e-02,3.489726036787033081e-02,-3.746857121586799622e-02,1.149356551468372345e-02,3.435861319303512573e-03,9.195462800562381744e-03
-3.051576316356658936e-01
-1.374083291739225388e-02,3.193706274032592773e-02,-4.271020367741584778e-02,2.647676877677440643e-02,-1.665417454205453396e-03,1.852581836283206940e-02,-5.856656283140182495e-02,-1.005572974681854248e-01,5.276786088943481445e-01,2.070746719837188721e-01,5.276786088943481445e-01,-1.005572974681854248e-01,-5.856656283140182495e-02,1.852581836283206940e-02,-1.665417454205453396e-03,2.647676877677440643e-02,-4.271020367741584778e-02,3.193706274032592773e-02,-1.374083291739225388e-02
-1.423791400156915188e-03,-9.264210239052772522e-03,2.010359242558479309e-02,-2.634924836456775665e-02,3.072809614241123199e-02,-5.294419825077056885e-02,1.401657462120056152e-01,-2.963973879814147949e-01,-8.104449510574340820e-02,3.567980825901031494e-01,-8.104449510574340820e-02,-2.963973879814147949e-01,1.401657462120056152e-01,-5.294419825077056885e-02,3.072809614241123199e-02,-2.634924836456775665e-02,2.010359242558479309e-02,-9.264210239052772522e-03,-1.423791400156915188e-03
-3.074650168418884277e-01
-1.417788304388523102e-02,3.301565721631050110e-02,-4.185420274734497070e-02,2.337023057043552399e-02,-3.361808368936181068e-03,1.731097325682640076e-02,-5.535819008946418762e-02,-1.025298684835433960e-01,5.271458029747009277e-01,2.092925757169723511e-01,5.271458029747009277e-01,-1.025298684835433960e-01,-5.535819008946418762e-02,1.731097325682640076e-02,-3.361808368936181068e-03,2.337023057043552399e-02,-4.185420274734497070e-02,3.301565721631050110e-02,-1.417788304388523102e-02
-7.995449705049395561e-04,-8.528103120625019073e-03,2.643392048776149750e-02,-2.076137624680995941e-02,3.048097714781761169e-02,-5.684049427509307861e-02,1.360303014516830444e-01,-2.952698767185211182e-01,-8.454372733831405640e-02,3.618125319480895996e-01,-8.454372733831405640e-02,-2.952698767185211182e-01,1.360303014516830444e-01,-5.684049427509307861e-02,3.048097714781761169e-02,-2.076137624680995941e-02,2.643392048776149750e-02,-8.528103120625019073e-03,-7.995449705049395561e-04
-3.097782135009765625e-01
2.694176696240901947e-02,1.558120548725128174e-02,-6.141698360443115234e-02,3.793972358107566833e-02,1.547844335436820984e-02,1.129802037030458450e-02,-6.463479250669479370e-02,-1.086704730987548828e-01,5.240386128425598145e-01,2.068405002355575562e-01,5.240386128425598145e-01,-1.086704730987548828e-01,-6.463479250669479370e-02,1.129802037030458450e-02,1.547844335436820984e-02,3.793972358107566833e-02,-6.141698360443115234e-02,1.558120548725128174e-02,2.694176696240901947e-02
2.999852970242500305e-02,1.689781434834003448e-02,-2.893243450671434402e-03,-5.583861470222473145e-02,3.982333466410636902e-02,-3.204663097858428955e-02,1.480661928653717041e-01,-2.918598949909210205e-01,-1.018654033541679382e-01,3.414133191108703613e-01,-1.018654033541679382e-01,-2.918598949909210205e-01,1.480661928653717041e-01,-3.204663097858428955e-02,3.982333466410636902e-02,-5.583861470222473145e-02,-2.893243450671434402e-03,1.689781434834003448e-02,2.999852970242500305e-02
-3.120971620082855225e-01
-1.189200673252344131e-02,2.646662108600139618e-02,-4.831534996628761292e-02,2.207699976861476898e-02,3.353362437337636948e-03,1.754651032388210297e-02,-5.485343560576438904e-02,-1.123660355806350708e-01,5.266501307487487793e-01,2.166201323270797729e-01,5.266501307487487793e-01,-1.123660355806350708e-01,-5.485343560576438904e-02,1.754651032388210297e-02,3.353362437337636948e-03,2.207699976861476898e-02,-4.831534996628761292e-02,2.646662108600139618e-02,-1.189200673252344131e-02
4.019602201879024506e-03,-9.262191131711006165e-03,2.326866611838340759e-02,-2.470533363521099091e-02,3.199597820639610291e-02,-5.238027125597000122e-02,1.339710801839828491e-01,-2.949476242065429688e-01,-9.044543653726577759e-02,3.764544427394866943e-01,-9.044543653726577759e-02,-2.949476242065429688e-01,1.339710801839828491e-01,-5.238027125597000122e-02,3.199597820639610291e-02,-2.470533363521099091e-02,2.326866611838340759e-02,-9.262191131711006165e-03,4.019602201879024506e-03
-3.144218921661376953e-01
-8.715076744556427002e-02,6.683286279439926147e-02,2.130865119397640228e-02,5.511514376848936081e-03,-4.920432344079017639e-02,5.866752937436103821e-03,-1.149296946823596954e-02,-8.357327431440353394e-02,5.216066241264343262e-01,2.054201215505599976e-01,5.216066241264343262e-01,-8.357327431440353394e-02,-1.149296946823596954e-02,5.866752937436103821e-03,-4.920432344079017639e-02,5.511514376848936081e-03,2.130865119397640228e-02,6.683286279439926147e-02,-8.715076744556427002e-02
-3.610604628920555115e-02,-9.325116872787475586e-02,3.958214819431304932e-02,3.459201753139495850e-02,2.882342599332332611e-02,-9.359025955200195312e-02,1.279239207506179810e-01,-2.550216913223266602e-01,-5.594122037291526794e-02,3.776808977127075195e-01,-5.594122037291526794e-02,-2.550216913223266602e-01,1.279239207506179810e-01,-9.359025955200195312e-02,2.882342599332332611e-02,3.459201753139495850e-02,3.958214819431304932e-02,-9.325116872787475586e-02,-3.610604628920555115e-02
-3.167523443698883057e-01
-8.711908012628555298e-03,3.109236806631088257e-02,-4.646047577261924744e-02,1.845692470669746399e-02,4.183921497315168381e-03,1.686609163880348206e-02,-5.226211622357368469e-02,-1.199159845709800720e-01,5.277464985847473145e-01,2.256781011819839478e-01,5.277464985847473145e-01,-1.199159845709800720e-01,-5.226211622357368469e-02,1.686609163880348206e-02,4.183921497315168381e-03,1.845692470669746399e-02,-4.646047577261924744e-02,3.109236806631088257e-02,-8.711908012628555298e-03
5.468381568789482117e-03,-1.163747161626815796e-02,2.902313321828842163e-02,-2.246624603867530823e-02,2.629127725958824158e-02,-5.819415301084518433e-02,1.315401345491409302e-01,-2.881981134414672852e-01,-9.265302121639251709e-02,3.902260363101959229e-01,-9.265302121639251709e-02,-2.881981134414672852e-01,1.315401345491409302e-01,-5.819415301084518433e-02,2.629127725958824158e-02,-2.246624603867530823e-02,2.902313321828842163e-02,-1.163747161626815796e-02,5.468381568789482117e-03
-3.190885186195373535e-01
3.885890170931816101e-02,2.185316197574138641e-02,-6.259539723396301270e-02,3.160886466503143311e-02,1.962111890316009521e-02,9.310395456850528717e-03,-5.773747339844703674e-02,-1.206698715686798096e-01,5.257869362831115723e-01,2.222029864788055420e-01,5.257869362831115723e-01,-1.206698715686798096e-01,-5.773747339844703674e-02,9.310395456850528717e-03,1.962111890316009521e-02,3.160886466503143311e-02,-6.259539723396301270e-02,2.185316197574138641e-02,3.885890170931816101e-02
2.860879898071289062e-02,1.732920855283737183e-02,6.403081119060516357e-03,-5.563284829258918762e-02,3.393742442131042480e-02,-3.439229354262351990e-02,1.450413912534713745e-01,-2.837959229946136475e-01,-1.125411465764045715e-01,3.660114705562591553e-01,-1.125411465764045715e-01,-2.837959229946136475e-01,1.450413912534713745e-01,-3.439229354262351990e-02,3.393742442131042480e-02,-5.563284829258918762e-02,6.403081119060516357e-03,1.732920855283737183e-02,2.860879898071289062e-02
-3.214304149150848389e-01
-7.750244112685322762e-04,2.742592990398406982e-02,-4.731347784399986267e-02,2.065502479672431946e-02,6.796061061322689056e-03,1.273999083787202835e-02,-4.765060916543006897e-02,-1.230872794985771179e-01,5.228313803672790527e-01,2.250017225742340088e-01,5.228313803672790527e-01,-1.230872794985771179e-01,-4.765060916543006897e-02,1.273999083787202835e-02,6.796061061322689056e-03,2.065502479672431946e-02,-4.731347784399986267e-02,2.742592990398406982e-02,-7.750244112685322762e-04
5.959837231785058975e-03,-7.118334062397480011e-03,3.033487871289253235e-02,-2.532170712947845459e-02,2.779855206608772278e-02,-5.146780982613563538e-02,1.365423053503036499e-01,-2.826373577117919922e-01,-1.087545305490493774e-01,3.848336040973663330e-01,-1.087545305490493774e-01,-2.826373577117919922e-01,1.365423053503036499e-01,-5.146780982613563538e-02,2.779855206608772278e-02,-2.532170712947845459e-02,3.033487871289253235e-02,-7.118334062397480011e-03,5.959837231785058975e-03
-3.237780332565307617e-01
-1.080715004354715347e-02,3.193848207592964172e-02,-3.900622203946113586e-02,1.868462562561035156e-02,2.628439804539084435e-03,1.332619134336709976e-02,-3.980622068047523499e-02,-1.235740408301353455e-01,5.178565382957458496e-01,2.231386899948120117e-01,5.178565382957458496e-01,-1.235740408301353455e-01,-3.980622068047523499e-02,1.332619134336709976e-02,2.628439804539084435e-03,1.868462562561035156e-02,-3.900622203946113586e-02,3.193848207592964172e-02,-1.080715004354715347e-02
-1.087259079213254154e-04,-1.657645404338836670e-02,3.178935497999191284e-02,-2.295743487775325775e-02,2.455931715667247772e-02,-5.242290347814559937e-02,1.394108682870864868e-01,-2.779709696769714355e-01,-1.110201328992843628e-01,3.900327384471893311e-01,-1.110201328992843628e-01,-2.779709696769714355e-01,1.394108682870864868e-01,-5.242290347814559937e-02,2.455931715667247772e-02,-2.295743487775325775e-02,3.178935497999191284e-02,-1.657645404338836670e-02,-1.087259079213254154e-04
-3.261313140392303467e-01
-2.725314907729625702e-02,3.829384222626686096e-02,-2.628130465745925903e-02,1.368103735148906708e-02,-7.706539705395698547e-03,1.290603540837764740e-02,-2.814417332410812378e-02,-1.215823143720626831e-01,5.121819972991943359e-01,2.203911244869232178e-01,5.121819972991943359e-01,-1.215823143720626831e-01,-2.814417332410812378e-02,1.290603540837764740e-02,-7.706539705395698547e-03,1.368103735148906708e-02,-2.628130465745925903e-02,3.829384222626686096e-02,-2.725314907729625702e-02
-6.456186994910240173e-03,-2.412647753953933716e-02,3.615354374051094055e-02,-2.017051540315151215e-02,2.072171494364738464e-02,-5.311202257871627808e-02,1.416131854057312012e-01,-2.754745781421661377e-01,-1.134338676929473877e-01,3.987636566162109375e-01,-1.134338676929473877e-01,-2.754745781421661377e-01,1.416131854057312012e-01,-5.311202257871627808e-02,2.072171494364738464e-02,-2.017051540315151215e-02,3.615354374051094055e-02,-2.412647753953933716e-02,-6.456186994910240173e-03
-3.284902870655059814e-01
-2.527857664972543716e-03,1.425119768828153610e-02,-1.807529293000698090e-02,-1.993863098323345184e-02,3.690613433718681335e-02,-2.074193209409713745e-02,4.305353388190269470e-02,-1.166798025369644165e-01,2.229854911565780640e-01,6.591063737869262695e-01,2.229854911565780640e-01,-1.166798025369644165e-01,4.305353388190269470e-02,-2.074193209409713745e-02,3.690613433718681335e-02,-1.993863098323345184e-02,-1.807529293000698090e-02,1.425119768828153610e-02,-2.527857664972543716e-03
-1.569162495434284210e-02,5.407570861279964447e-03,2.623885869979858398e-02,-4.133354127407073975e-02,-1.931006088852882385e-02,3.676559776067733765e-02,4.014148935675621033e-02,-3.843019157648086548e-02,-3.401915431022644043e-01,5.016767382621765137e-01,-3.401915431022644043e-01,-3.843019157648086548e-02,4.014148935675621033e-02,3.676559776067733765e-02,-1.931006088852882385e-02,-4.133354127407073975e-02,2.623885869979858398e-02,5.407570861279964447e-03,-1.569162495434284210e-02
-0.000000000000000000e+00
