-3.279506042599678040e-02,-2.067252397537231445e-01,-5.873578414320945740e-02,6.289071589708328247e-02,1.094806641340255737e-01,8.026625216007232666e-02,1.016349568963050842e-01,5.955503508448600769e-02,6.312518566846847534e-02,5.285178497433662415e-02,6.312518566846847534e-02,5.955503508448600769e-02,1.016349568963050842e-01,8.026625216007232666e-02,1.094806641340255737e-01,6.289071589708328247e-02,-5.873578414320945740e-02,-2.067252397537231445e-01,-3.279506042599678040e-02
1.589766144752502441e-01,-1.663926802575588226e-02,-1.735483407974243164e-01,-1.245143264532089233e-01,-3.527408093214035034e-02,1.819403655827045441e-02,8.755798451602458954e-03,3.510334715247154236e-02,4.375340789556503296e-02,7.285286486148834229e-02,4.375340789556503296e-02,3.510334715247154236e-02,8.755798451602458954e-03,1.819403655827045441e-02,-3.527408093214035034e-02,-1.245143264532089233e-01,-1.735483407974243164e-01,-1.663926802575588226e-02,1.589766144752502441e-01
-3.248978871852159500e-03
-7.054112851619720459e-02,8.073107898235321045e-02,1.557796597480773926e-01,1.060130372643470764e-01,7.501514256000518799e-02,6.575110554695129395e-02,1.055064722895622253e-01,1.156735941767692566e-01,7.919578999280929565e-02,4.938436299562454224e-02,7.919578999280929565e-02,1.156735941767692566e-01,1.055064722895622253e-01,6.575110554695129395e-02,7.501514256000518799e-02,1.060130372643470764e-01,1.557796597480773926e-01,8.073107898235321045e-02,-7.054112851619720459e-02
-8.820865303277969360e-02,-9.117367863655090332e-02,4.084704909473657608e-03,3.354941494762897491e-03,-3.893681243062019348e-02,-1.126312534324824810e-03,3.322540223598480225e-02,3.572716191411018372e-02,3.305787593126296997e-02,5.507862940430641174e-02,3.305787593126296997e-02,3.572716191411018372e-02,3.322540223598480225e-02,-1.126312534324824810e-03,-3.893681243062019348e-02,3.354941494762897491e-03,4.084704909473657608e-03,-9.117367863655090332e-02,-8.820865303277969360e-02
-3.769710194319486618e-03
-8.463849872350692749e-02,1.321419179439544678e-01,1.245389804244041443e-01,6.548874080181121826e-02,7.136075198650360107e-02,1.135707646608352661e-01,9.731443971395492554e-02,6.166540458798408508e-02,8.488636463880538940e-02,9.591346234083175659e-02,8.488636463880538940e-02,6.166540458798408508e-02,9.731443971395492554e-02,1.135707646608352661e-01,7.136075198650360107e-02,6.548874080181121826e-02,1.245389804244041443e-01,1.321419179439544678e-01,-8.463849872350692749e-02
-6.539724022150039673e-02,-1.122476905584335327e-01,-5.992600694298744202e-02,-1.664625480771064758e-02,-4.367653653025627136e-02,3.777201054617762566e-03,3.980146721005439758e-02,6.294690817594528198e-02,4.452399536967277527e-02,6.294655054807662964e-02,4.452399536967277527e-02,6.294690817594528198e-02,3.980146721005439758e-02,3.777201054617762566e-03,-4.367653653025627136e-02,-1.664625480771064758e-02,-5.992600694298744202e-02,-1.122476905584335327e-01,-6.539724022150039673e-02
-4.315481521189212799e-03
-7.831545919179916382e-02,9.901282191276550293e-02,1.001625284552574158e-01,4.961128905415534973e-02,7.136013358831405640e-02,1.144247651100158691e-01,1.008880957961082458e-01,5.668138712644577026e-02,8.552842587232589722e-02,9.627895057201385498e-02,8.552842587232589722e-02,5.668138712644577026e-02,1.008880957961082458e-01,1.144247651100158691e-01,7.136013358831405640e-02,4.961128905415534973e-02,1.001625284552574158e-01,9.901282191276550293e-02,-7.831545919179916382e-02
-7.253389060497283936e-02,-1.511290222406387329e-01,-7.973281294107437134e-02,-9.242038941010832787e-04,-1.753382198512554169e-02,7.187532610259950161e-04,2.581689506769180298e-02,4.858578369021415710e-02,4.983734339475631714e-02,7.303988188505172729e-02,4.983734339475631714e-02,4.858578369021415710e-02,2.581689506769180298e-02,7.187532610259950161e-04,-1.753382198512554169e-02,-9.242038941010832787e-04,-7.973281294107437134e-02,-1.511290222406387329e-01,-7.253389060497283936e-02
-4.885198082774877548e-03
-9.314336627721786499e-02,1.992217637598514557e-02,1.028183475136756897e-01,6.337883323431015015e-02,6.784200668334960938e-02,9.195613861083984375e-02,1.154516935348510742e-01,7.352861016988754272e-02,7.987347245216369629e-02,6.999991834163665771e-02,7.987347245216369629e-02,7.352861016988754272e-02,1.154516935348510742e-01,9.195613861083984375e-02,6.784200668334960938e-02,6.337883323431015015e-02,1.028183475136756897e-01,1.992217637598514557e-02,-9.314336627721786499e-02
-2.326249703764915466e-02,-1.989743411540985107e-01,-1.162656992673873901e-01,-1.808209903538227081e-02,-5.794854834675788879e-03,-3.844671184197068214e-03,4.740529134869575500e-02,5.892818793654441833e-02,4.733589291572570801e-02,4.934312775731086731e-02,4.733589291572570801e-02,5.892818793654441833e-02,4.740529134869575500e-02,-3.844671184197068214e-03,-5.794854834675788879e-03,-1.808209903538227081e-02,-1.162656992673873901e-01,-1.989743411540985107e-01,-2.326249703764915466e-02
-5.477896425873041153e-03
-1.082583665847778320e-01,-3.861537575721740723e-02,5.666295066475868225e-02,7.762389630079269409e-02,6.671336293220520020e-02,1.071036756038665771e-01,1.041432321071624756e-01,8.267790824174880981e-02,6.069739162921905518e-02,7.726918905973434448e-02,6.069739162921905518e-02,8.267790824174880981e-02,1.041432321071624756e-01,1.071036756038665771e-01,6.671336293220520020e-02,7.762389630079269409e-02,5.666295066475868225e-02,-3.861537575721740723e-02,-1.082583665847778320e-01
2.944698184728622437e-02,-2.251743674278259277e-01,-1.384714990854263306e-01,-2.371844835579395294e-02,1.145791821181774139e-02,-2.331358939409255981e-02,4.529495164752006531e-02,6.186707690358161926e-02,5.756388977169990540e-02,3.329147771000862122e-02,5.756388977169990540e-02,6.186707690358161926e-02,4.529495164752006531e-02,-2.331358939409255981e-02,1.145791821181774139e-02,-2.371844835579395294e-02,-1.384714990854263306e-01,-2.251743674278259277e-01,2.944698184728622437e-02
-6.092720665037631989e-03
-1.332183331251144409e-01,-1.227052658796310425e-01,3.549107164144515991e-02,1.100085973739624023e-01,9.038806706666946411e-02,9.252520650625228882e-02,9.407726675271987915e-02,7.869227975606918335e-02,6.351041793823242188e-02,7.667072862386703491e-02,6.351041793823242188e-02,7.869227975606918335e-02,9.407726675271987915e-02,9.252520650625228882e-02,9.038806706666946411e-02,1.100085973739624023e-01,3.549107164144515991e-02,-1.227052658796310425e-01,-1.332183331251144409e-01
2.474488504230976105e-02,-1.783292293548583984e-01,-1.515363007783889771e-01,-3.523547202348709106e-02,-3.051318228244781494e-02,-9.600805118680000305e-03,4.599494114518165588e-02,9.771256893873214722e-02,2.397529594600200653e-02,2.618748322129249573e-02,2.397529594600200653e-02,9.771256893873214722e-02,4.599494114518165588e-02,-9.600805118680000305e-03,-3.051318228244781494e-02,-3.523547202348709106e-02,-1.515363007783889771e-01,-1.783292293548583984e-01,2.474488504230976105e-02
-6.728903856128454208e-03
-1.147125437855720520e-01,-1.669753789901733398e-01,5.441816523671150208e-03,9.924704581499099731e-02,1.084910854697227478e-01,9.234198927879333496e-02,9.461512416601181030e-02,6.720709800720214844e-02,6.807395815849304199e-02,7.050602138042449951e-02,6.807395815849304199e-02,6.720709800720214844e-02,9.461512416601181030e-02,9.234198927879333496e-02,1.084910854697227478e-01,9.924704581499099731e-02,5.441816523671150208e-03,-1.669753789901733398e-01,-1.147125437855720520e-01
7.190302759408950806e-02,-1.695855706930160522e-01,-1.293500810861587524e-01,-5.513411760330200195e-02,-1.711980253458023071e-02,-3.368678689002990723e-02,5.734105408191680908e-02,7.746209949254989624e-02,5.276067182421684265e-02,1.634529232978820801e-02,5.276067182421684265e-02,7.746209949254989624e-02,5.734105408191680908e-02,-3.368678689002990723e-02,-1.711980253458023071e-02,-5.513411760330200195e-02,-1.293500810861587524e-01,-1.695855706930160522e-01,7.190302759408950806e-02
-7.385753560811281204e-03
-1.212963238358497620e-01,-1.856431066989898682e-01,-5.740473978221416473e-03,9.809818118810653687e-02,9.545869380235671997e-02,1.030125841498374939e-01,9.877002239227294922e-02,6.904126703739166260e-02,5.643846839666366577e-02,7.491602748632431030e-02,5.643846839666366577e-02,6.904126703739166260e-02,9.877002239227294922e-02,1.030125841498374939e-01,9.545869380235671997e-02,9.809818118810653687e-02,-5.740473978221416473e-03,-1.856431066989898682e-01,-1.212963238358497620e-01
7.437822222709655762e-02,-9.061784297227859497e-02,-1.641368567943572998e-01,-9.103780984878540039e-02,-3.248414397239685059e-02,3.135621547698974609e-02,2.228425629436969757e-02,4.148330539464950562e-02,3.991424664855003357e-02,7.971850782632827759e-02,3.991424664855003357e-02,4.148330539464950562e-02,2.228425629436969757e-02,3.135621547698974609e-02,-3.248414397239685059e-02,-9.103780984878540039e-02,-1.641368567943572998e-01,-9.061784297227859497e-02,7.437822222709655762e-02
-8.062640205025672913e-03
-6.110998243093490601e-02,-1.990591585636138916e-01,-6.323710083961486816e-02,1.016846448183059692e-01,1.032038480043411255e-01,8.698348701000213623e-02,9.075292199850082397e-02,9.103972464799880981e-02,5.230911448597908020e-02,5.717311054468154907e-02,5.230911448597908020e-02,9.103972464799880981e-02,9.075292199850082397e-02,8.698348701000213623e-02,1.032038480043411255e-01,1.016846448183059692e-01,-6.323710083961486816e-02,-1.990591585636138916e-01,-6.110998243093490601e-02
1.557035297155380249e-01,-9.074899554252624512e-02,-1.579758971929550171e-01,-1.133029311895370483e-01,-4.974659532308578491e-03,-6.350209936499595642e-03,3.438016772270202637e-02,3.648481890559196472e-02,6.775208562612533569e-02,4.893013089895248413e-02,6.775208562612533569e-02,3.648481890559196472e-02,3.438016772270202637e-02,-6.350209936499595642e-03,-4.974659532308578491e-03,-1.133029311895370483e-01,-1.579758971929550171e-01,-9.074899554252624512e-02,1.557035297155380249e-01
-8.758988231420516968e-03
-2.590827830135822296e-02,-1.959762871265411377e-01,-4.270423948764801025e-02,7.141096144914627075e-02,1.001326367259025574e-01,6.292349100112915039e-02,1.051802858710289001e-01,7.576309144496917725e-02,7.399363815784454346e-02,4.769999906420707703e-02,7.399363815784454346e-02,7.576309144496917725e-02,1.051802858710289001e-01,6.292349100112915039e-02,1.001326367259025574e-01,7.141096144914627075e-02,-4.270423948764801025e-02,-1.959762871265411377e-01,-2.590827830135822296e-02
1.445582062005996704e-01,-5.585348978638648987e-02,-1.640322059392929077e-01,-1.062785238027572632e-01,-4.998334124684333801e-02,-1.633732952177524567e-02,2.056637033820152283e-02,6.531965732574462891e-02,4.831196740269660950e-02,5.227088183164596558e-02,4.831196740269660950e-02,6.531965732574462891e-02,2.056637033820152283e-02,-1.633732952177524567e-02,-4.998334124684333801e-02,-1.062785238027572632e-01,-1.640322059392929077e-01,-5.585348978638648987e-02,1.445582062005996704e-01
-9.474270045757293701e-03
-3.115704096853733063e-02,-1.883921176195144653e-01,-1.157430410385131836e-01,5.014502257108688354e-02,9.372107684612274170e-02,1.227753087878227234e-01,8.697141706943511963e-02,7.193160057067871094e-02,5.716373771429061890e-02,9.631054848432540894e-02,5.716373771429061890e-02,7.193160057067871094e-02,8.697141706943511963e-02,1.227753087878227234e-01,9.372107684612274170e-02,5.014502257108688354e-02,-1.157430410385131836e-01,-1.883921176195144653e-01,-3.115704096853733063e-02
1.628464311361312866e-01,2.899502404034137726e-02,-1.732719391584396362e-01,-1.498077660799026489e-01,-4.629596322774887085e-02,3.098771162331104279e-02,1.902634836733341217e-02,4.567037522792816162e-02,5.561120808124542236e-02,8.778239786624908447e-02,5.561120808124542236e-02,4.567037522792816162e-02,1.902634836733341217e-02,3.098771162331104279e-02,-4.629596322774887085e-02,-1.498077660799026489e-01,-1.732719391584396362e-01,2.899502404034137726e-02,1.628464311361312866e-01
-1.020799670368432999e-02
2.566258795559406281e-02,-2.094152569770812988e-01,-1.437250673770904541e-01,5.233116075396537781e-02,1.038412600755691528e-01,9.851686656475067139e-02,9.603462368249893188e-02,1.004518568515777588e-01,6.288883835077285767e-02,6.647728383541107178e-02,6.288883835077285767e-02,1.004518568515777588e-01,9.603462368249893188e-02,9.851686656475067139e-02,1.038412600755691528e-01,5.233116075396537781e-02,-1.437250673770904541e-01,-2.094152569770812988e-01,2.566258795559406281e-02
1.793392449617385864e-01,4.619140550494194031e-02,-1.238785237073898315e-01,-1.810389161109924316e-01,-6.264384835958480835e-02,-1.892722025513648987e-02,4.133495688438415527e-02,3.883285075426101685e-02,7.104305177927017212e-02,5.423637479543685913e-02,7.104305177927017212e-02,3.883285075426101685e-02,4.133495688438415527e-02,-1.892722025513648987e-02,-6.264384835958480835e-02,-1.810389161109924316e-01,-1.238785237073898315e-01,4.619140550494194031e-02,1.793392449617385864e-01
-1.095971744507551193e-02
8.807288855314254761e-02,-2.204529792070388794e-01,-1.434121429920196533e-01,2.207395806908607483e-02,1.240847557783126831e-01,8.102945238351821899e-02,1.231571212410926819e-01,1.019398197531700134e-01,8.646496385335922241e-02,4.378381371498107910e-02,8.646496385335922241e-02,1.019398197531700134e-01,1.231571212410926819e-01,8.102945238351821899e-02,1.240847557783126831e-01,2.207395806908607483e-02,-1.434121429920196533e-01,-2.204529792070388794e-01,8.807288855314254761e-02
1.616650074720382690e-01,9.943382441997528076e-02,-1.053718179464340210e-01,-1.785729825496673584e-01,-9.204933792352676392e-02,-1.785695925354957581e-02,2.642198652029037476e-02,4.439832642674446106e-02,6.752683967351913452e-02,7.490441203117370605e-02,6.752683967351913452e-02,4.439832642674446106e-02,2.642198652029037476e-02,-1.785695925354957581e-02,-9.204933792352676392e-02,-1.785729825496673584e-01,-1.053718179464340210e-01,9.943382441997528076e-02,1.616650074720382690e-01
-1.172901038080453873e-02
1.017840951681137085e-01,-1.694874167442321777e-01,-1.648194193840026855e-01,-6.984082050621509552e-03,9.706961363554000854e-02,1.027027294039726257e-01,1.206575781106948853e-01,1.108097955584526062e-01,7.789216935634613037e-02,6.097214668989181519e-02,7.789216935634613037e-02,1.108097955584526062e-01,1.206575781106948853e-01,1.027027294039726257e-01,9.706961363554000854e-02,-6.984082050621509552e-03,-1.648194193840026855e-01,-1.694874167442321777e-01,1.017840951681137085e-01
1.434276998043060303e-01,1.592223644256591797e-01,-1.054837107658386230e-01,-1.718118637800216675e-01,-1.267803460359573364e-01,-9.013704955577850342e-03,8.568129502236843109e-03,6.325066089630126953e-02,4.863237217068672180e-02,8.802339434623718262e-02,4.863237217068672180e-02,6.325066089630126953e-02,8.568129502236843109e-03,-9.013704955577850342e-03,-1.267803460359573364e-01,-1.718118637800216675e-01,-1.054837107658386230e-01,1.592223644256591797e-01,1.434276998043060303e-01
-1.251548528671264648e-02
1.020730361342430115e-01,-1.310351938009262085e-01,-1.918260306119918823e-01,-6.126919761300086975e-03,7.258027791976928711e-02,1.220566853880882263e-01,1.064857244491577148e-01,1.323915123939514160e-01,7.528784871101379395e-02,9.192284196615219116e-02,7.528784871101379395e-02,1.323915123939514160e-01,1.064857244491577148e-01,1.220566853880882263e-01,7.258027791976928711e-02,-6.126919761300086975e-03,-1.918260306119918823e-01,-1.310351938009262085e-01,1.020730361342430115e-01
1.424529999494552612e-01,1.727241575717926025e-01,-6.761164963245391846e-02,-1.710111349821090698e-01,-1.215582042932510376e-01,-3.857190907001495361e-02,-1.052085217088460922e-02,3.282370418310165405e-02,5.903480947017669678e-02,8.626508712768554688e-02,5.903480947017669678e-02,3.282370418310165405e-02,-1.052085217088460922e-02,-3.857190907001495361e-02,-1.215582042932510376e-01,-1.710111349821090698e-01,-6.761164963245391846e-02,1.727241575717926025e-01,1.424529999494552612e-01
-1.331877429038286209e-02
1.391104161739349365e-01,-1.061161160469055176e-01,-2.003908455371856689e-01,-4.237310588359832764e-02,7.596440613269805908e-02,1.262781620025634766e-01,1.145769730210304260e-01,1.263152062892913818e-01,8.495172113180160522e-02,9.360726177692413330e-02,8.495172113180160522e-02,1.263152062892913818e-01,1.145769730210304260e-01,1.262781620025634766e-01,7.596440613269805908e-02,-4.237310588359832764e-02,-2.003908455371856689e-01,-1.061161160469055176e-01,1.391104161739349365e-01
1.383769959211349487e-01,1.791049391031265259e-01,-2.196275070309638977e-02,-1.992368996143341064e-01,-1.201035976409912109e-01,-6.263428926467895508e-02,8.973618037998676300e-03,1.293763425201177597e-02,8.372819423675537109e-02,7.489719241857528687e-02,8.372819423675537109e-02,1.293763425201177597e-02,8.973618037998676300e-03,-6.263428926467895508e-02,-1.201035976409912109e-01,-1.992368996143341064e-01,-2.196275070309638977e-02,1.791049391031265259e-01,1.383769959211349487e-01
-1.413853280246257782e-02
2.293317168951034546e-01,-8.464273065328598022e-02,-1.992540210485458374e-01,-8.203337341547012329e-02,1.110806465148925781e-01,1.176370233297348022e-01,1.099770069122314453e-01,7.954879105091094971e-02,9.616590291261672974e-02,8.364083617925643921e-02,9.616590291261672974e-02,7.954879105091094971e-02,1.099770069122314453e-01,1.176370233297348022e-01,1.110806465148925781e-01,-8.203337341547012329e-02,-1.992540210485458374e-01,-8.464273065328598022e-02,2.293317168951034546e-01
8.969987928867340088e-02,1.830124109983444214e-01,6.461851298809051514e-03,-1.929813027381896973e-01,-1.299535483121871948e-01,-7.178142666816711426e-02,-1.530083268880844116e-02,-1.919391448609530926e-03,1.040049940347671509e-01,1.118454411625862122e-01,1.040049940347671509e-01,-1.919391448609530926e-03,-1.530083268880844116e-02,-7.178142666816711426e-02,-1.299535483121871948e-01,-1.929813027381896973e-01,6.461851298809051514e-03,1.830124109983444214e-01,8.969987928867340088e-02
-1.497443672269582748e-02
1.948899328708648682e-01,-5.973563343286514282e-02,-1.722879260778427124e-01,-1.184731796383857727e-01,6.782687455415725708e-02,9.911551326513290405e-02,1.650000065565109253e-01,1.378055959939956665e-01,1.344188898801803589e-01,7.987117767333984375e-02,1.344188898801803589e-01,1.378055959939956665e-01,1.650000065565109253e-01,9.911551326513290405e-02,6.782687455415725708e-02,-1.184731796383857727e-01,-1.722879260778427124e-01,-5.973563343286514282e-02,1.948899328708648682e-01
4.508528113365173340e-02,2.277269512414932251e-01,1.440876536071300507e-02,-1.770529597997665405e-01,-1.578671932220458984e-01,-5.109819769859313965e-02,-1.456313952803611755e-02,1.510148216038942337e-02,7.021360844373703003e-02,1.071414053440093994e-01,7.021360844373703003e-02,1.510148216038942337e-02,-1.456313952803611755e-02,-5.109819769859313965e-02,-1.578671932220458984e-01,-1.770529597997665405e-01,1.440876536071300507e-02,2.277269512414932251e-01,4.508528113365173340e-02
-1.582618057727813721e-02
2.065541893243789673e-01,1.163167133927345276e-02,-1.868662089109420776e-01,-1.344263702630996704e-01,5.803151056170463562e-02,1.303679496049880981e-01,1.465719193220138550e-01,1.270086020231246948e-01,1.135085821151733398e-01,9.562993794679641724e-02,1.135085821151733398e-01,1.270086020231246948e-01,1.465719193220138550e-01,1.303679496049880981e-01,5.803151056170463562e-02,-1.344263702630996704e-01,-1.868662089109420776e-01,1.163167133927345276e-02,2.065541893243789673e-01
-1.648499444127082825e-02,2.395063936710357666e-01,2.456121705472469330e-02,-1.594049930572509766e-01,-1.934713274240493774e-01,-5.691609531641006470e-02,-2.948005124926567078e-02,3.268796578049659729e-02,5.371165275573730469e-02,1.156974583864212036e-01,5.371165275573730469e-02,3.268796578049659729e-02,-2.948005124926567078e-02,-5.691609531641006470e-02,-1.934713274240493774e-01,-1.594049930572509766e-01,2.456121705472469330e-02,2.395063936710357666e-01,-1.648499444127082825e-02
-1.669347472488880157e-02
1.721178740262985229e-01,7.487823814153671265e-02,-1.914463490247726440e-01,-1.334986388683319092e-01,2.152565866708755493e-02,1.489989012479782104e-01,1.463163048028945923e-01,1.628484129905700684e-01,1.104566752910614014e-01,1.193279400467872620e-01,1.104566752910614014e-01,1.628484129905700684e-01,1.463163048028945923e-01,1.489989012479782104e-01,2.152565866708755493e-02,-1.334986388683319092e-01,-1.914463490247726440e-01,7.487823814153671265e-02,1.721178740262985229e-01
-5.863424018025398254e-02,2.271548956632614136e-01,5.136608704924583435e-02,-1.499904096126556396e-01,-1.916577816009521484e-01,-6.096249073743820190e-02,-3.053157031536102295e-02,2.597018331289291382e-02,6.344977766275405884e-02,1.250386536121368408e-01,6.344977766275405884e-02,2.597018331289291382e-02,-3.053157031536102295e-02,-6.096249073743820190e-02,-1.916577816009521484e-01,-1.499904096126556396e-01,5.136608704924583435e-02,2.271548956632614136e-01,-5.863424018025398254e-02
-1.757604628801345825e-02
1.487100273370742798e-01,1.234022229909896851e-01,-1.903509199619293213e-01,-1.474567502737045288e-01,4.654667573049664497e-04,1.623083651065826416e-01,1.464612334966659546e-01,1.744186729192733765e-01,1.067951694130897522e-01,1.304563730955123901e-01,1.067951694130897522e-01,1.744186729192733765e-01,1.464612334966659546e-01,1.623083651065826416e-01,4.654667573049664497e-04,-1.474567502737045288e-01,-1.903509199619293213e-01,1.234022229909896851e-01,1.487100273370742798e-01
-8.530205488204956055e-02,1.960009187459945679e-01,1.046765521168708801e-01,-1.447126865386962891e-01,-1.826016902923583984e-01,-8.479280024766921997e-02,-1.366596762090921402e-02,1.622032746672630310e-02,7.867204397916793823e-02,1.125159636139869690e-01,7.867204397916793823e-02,1.622032746672630310e-02,-1.366596762090921402e-02,-8.479280024766921997e-02,-1.826016902923583984e-01,-1.447126865386962891e-01,1.046765521168708801e-01,1.960009187459945679e-01,-8.530205488204956055e-02
-1.847363449633121490e-02
1.378189623355865479e-01,1.473356932401657104e-01,-1.733779460191726685e-01,-1.847646534442901611e-01,-2.452778257429599762e-02,1.416440457105636597e-01,1.518212109804153442e-01,1.675616502761840820e-01,1.140993535518646240e-01,1.249835267663002014e-01,1.140993535518646240e-01,1.675616502761840820e-01,1.518212109804153442e-01,1.416440457105636597e-01,-2.452778257429599762e-02,-1.847646534442901611e-01,-1.733779460191726685e-01,1.473356932401657104e-01,1.378189623355865479e-01
-9.558318555355072021e-02,1.717269122600555420e-01,1.601816862821578979e-01,-1.354331523180007935e-01,-1.652503013610839844e-01,-1.046744063496589661e-01,-6.797125563025474548e-03,-9.708689525723457336e-03,8.894310891628265381e-02,9.922726452350616455e-02,8.894310891628265381e-02,-9.708689525723457336e-03,-6.797125563025474548e-03,-1.046744063496589661e-01,-1.652503013610839844e-01,-1.354331523180007935e-01,1.601816862821578979e-01,1.717269122600555420e-01,-9.558318555355072021e-02
-1.938599348068237305e-02
1.126613840460777283e-01,1.606225967407226562e-01,-1.227529048919677734e-01,-1.918043494224548340e-01,1.242316910065710545e-03,1.416831463575363159e-01,1.787722706794738770e-01,1.673593372106552124e-01,1.550594121217727661e-01,1.363961696624755859e-01,1.550594121217727661e-01,1.673593372106552124e-01,1.787722706794738770e-01,1.416831463575363159e-01,1.242316910065710545e-03,-1.918043494224548340e-01,-1.227529048919677734e-01,1.606225967407226562e-01,1.126613840460777283e-01
-1.336053609848022461e-01,1.094191968441009521e-01,1.657276749610900879e-01,-1.128806471824645996e-01,-1.587654054164886475e-01,-1.269115209579467773e-01,4.009952303022146225e-03,1.883636973798274994e-02,1.213871687650680542e-01,1.095163226127624512e-01,1.213871687650680542e-01,1.883636973798274994e-02,4.009952303022146225e-03,-1.269115209579467773e-01,-1.587654054164886475e-01,-1.128806471824645996e-01,1.657276749610900879e-01,1.094191968441009521e-01,-1.336053609848022461e-01
-2.031288668513298035e-02
8.828111737966537476e-02,1.677641868591308594e-01,-7.577607035636901855e-02,-2.128281891345977783e-01,-5.403693765401840210e-03,1.077956035733222961e-01,1.820204108953475952e-01,1.512204706668853760e-01,1.741007119417190552e-01,1.304909735918045044e-01,1.741007119417190552e-01,1.512204706668853760e-01,1.820204108953475952e-01,1.077956035733222961e-01,-5.403693765401840210e-03,-2.128281891345977783e-01,-7.577607035636901855e-02,1.677641868591308594e-01,8.828111737966537476e-02
-1.715640872716903687e-01,8.710868656635284424e-02,1.793043762445449829e-01,-7.510564476251602173e-02,-1.604382991790771484e-01,-1.250988095998764038e-01,-4.695826210081577301e-03,3.495332226157188416e-02,1.331309527158737183e-01,1.344449818134307861e-01,1.331309527158737183e-01,3.495332226157188416e-02,-4.695826210081577301e-03,-1.250988095998764038e-01,-1.604382991790771484e-01,-7.510564476251602173e-02,1.793043762445449829e-01,8.710868656635284424e-02,-1.715640872716903687e-01
-2.125409059226512909e-02
5.416906252503395081e-02,1.809805482625961304e-01,-4.296489059925079346e-02,-2.271579951047897339e-01,-1.845468021929264069e-02,9.154039621353149414e-02,1.835953742265701294e-01,1.440116614103317261e-01,1.832233965396881104e-01,1.309850364923477173e-01,1.832233965396881104e-01,1.440116614103317261e-01,1.835953742265701294e-01,9.154039621353149414e-02,-1.845468021929264069e-02,-2.271579951047897339e-01,-4.296489059925079346e-02,1.809805482625961304e-01,5.416906252503395081e-02
-2.046576291322708130e-01,7.391010969877243042e-02,1.844218224287033081e-01,-2.948450483381748199e-02,-1.761339157819747925e-01,-1.236316710710525513e-01,-2.176142670214176178e-02,5.579551681876182556e-02,1.272862553596496582e-01,1.534302383661270142e-01,1.272862553596496582e-01,5.579551681876182556e-02,-2.176142670214176178e-02,-1.236316710710525513e-01,-1.761339157819747925e-01,-2.948450483381748199e-02,1.844218224287033081e-01,7.391010969877243042e-02,-2.046576291322708130e-01
-2.220939099788665771e-02
-4.053001757711172104e-03,1.887413710355758667e-01,-3.017863817512989044e-02,-2.226302623748779297e-01,-2.226353250443935394e-02,1.166918948292732239e-01,2.037426978349685669e-01,1.654265820980072021e-01,1.791944503784179688e-01,1.293701082468032837e-01,1.791944503784179688e-01,1.654265820980072021e-01,2.037426978349685669e-01,1.166918948292732239e-01,-2.226353250443935394e-02,-2.226302623748779297e-01,-3.017863817512989044e-02,1.887413710355758667e-01,-4.053001757711172104e-03
-2.556902766227722168e-01,2.515882998704910278e-02,1.644807606935501099e-01,-2.381091006100177765e-03,-2.093529701232910156e-01,-1.295978873968124390e-01,-3.475887328386306763e-02,6.154278293251991272e-02,9.085361659526824951e-02,1.411838680505752563e-01,9.085361659526824951e-02,6.154278293251991272e-02,-3.475887328386306763e-02,-1.295978873968124390e-01,-2.093529701232910156e-01,-2.381091006100177765e-03,1.644807606935501099e-01,2.515882998704910278e-02,-2.556902766227722168e-01
-2.317858114838600159e-02
-6.052963808178901672e-02,2.157833427190780640e-01,-1.284197065979242325e-02,-2.172626256942749023e-01,-7.179570943117141724e-02,9.503325074911117554e-02,1.684186756610870361e-01,1.613716036081314087e-01,1.701699793338775635e-01,1.517880558967590332e-01,1.701699793338775635e-01,1.613716036081314087e-01,1.684186756610870361e-01,9.503325074911117554e-02,-7.179570943117141724e-02,-2.172626256942749023e-01,-1.284197065979242325e-02,2.157833427190780640e-01,-6.052963808178901672e-02
-2.340156584978103638e-01,2.662415057420730591e-02,1.879745870828628540e-01,5.137401074171066284e-02,-2.080191969871520996e-01,-1.344212442636489868e-01,-5.219143256545066833e-02,8.646742254495620728e-02,1.062786132097244263e-01,1.692942380905151367e-01,1.062786132097244263e-01,8.646742254495620728e-02,-5.219143256545066833e-02,-1.344212442636489868e-01,-2.080191969871520996e-01,5.137401074171066284e-02,1.879745870828628540e-01,2.662415057420730591e-02,-2.340156584978103638e-01
-2.416146919131278992e-02
-1.193799525499343872e-01,2.257857918739318848e-01,-2.425826154649257660e-03,-1.932124942541122437e-01,-1.033891439437866211e-01,9.593841433525085449e-02,1.613391041755676270e-01,1.934733092784881592e-01,1.621081978082656860e-01,1.613952964544296265e-01,1.621081978082656860e-01,1.934733092784881592e-01,1.613391041755676270e-01,9.593841433525085449e-02,-1.033891439437866211e-01,-1.932124942541122437e-01,-2.425826154649257660e-03,2.257857918739318848e-01,-1.193799525499343872e-01
-2.233878076076507568e-01,-2.344061806797981262e-02,1.929386705160140991e-01,7.456910610198974609e-02,-2.132985591888427734e-01,-1.500158756971359253e-01,-5.332609266042709351e-02,8.778634667396545410e-02,9.601344913244247437e-02,1.561905592679977417e-01,9.601344913244247437e-02,8.778634667396545410e-02,-5.332609266042709351e-02,-1.500158756971359253e-01,-2.132985591888427734e-01,7.456910610198974609e-02,1.929386705160140991e-01,-2.344061806797981262e-02,-2.233878076076507568e-01
-2.515786141157150269e-02
-2.157941013574600220e-01,2.194873690605163574e-01,3.646310046315193176e-02,-1.471133530139923096e-01,-1.037757769227027893e-01,1.264982968568801880e-01,1.689412742853164673e-01,2.152706384658813477e-01,1.508235186338424683e-01,1.707748770713806152e-01,1.508235186338424683e-01,2.152706384658813477e-01,1.689412742853164673e-01,1.264982968568801880e-01,-1.037757769227027893e-01,-1.471133530139923096e-01,3.646310046315193176e-02,2.194873690605163574e-01,-2.157941013574600220e-01
-2.011321038007736206e-01,-1.181320548057556152e-01,1.587717682123184204e-01,6.410790234804153442e-02,-1.900278478860855103e-01,-1.440012454986572266e-01,-3.854408115148544312e-02,7.741199433803558350e-02,9.962973743677139282e-02,1.491083502769470215e-01,9.962973743677139282e-02,7.741199433803558350e-02,-3.854408115148544312e-02,-1.440012454986572266e-01,-1.900278478860855103e-01,6.410790234804153442e-02,1.587717682123184204e-01,-1.181320548057556152e-01,-2.011321038007736206e-01
-2.616758272051811218e-02
-2.083665728569030762e-01,2.287257909774780273e-01,4.505050554871559143e-02,-1.693740338087081909e-01,-1.592676639556884766e-01,1.028676778078079224e-01,1.488858610391616821e-01,2.075360417366027832e-01,1.477444618940353394e-01,1.852638721466064453e-01,1.477444618940353394e-01,2.075360417366027832e-01,1.488858610391616821e-01,1.028676778078079224e-01,-1.592676639556884766e-01,-1.693740338087081909e-01,4.505050554871559143e-02,2.287257909774780273e-01,-2.083665728569030762e-01
-1.087022051215171814e-01,-1.174378544092178345e-01,2.132931947708129883e-01,9.666481614112854004e-02,-1.735239177942276001e-01,-1.820494085550308228e-01,-5.456129834055900574e-02,5.503841117024421692e-02,1.252255141735076904e-01,1.553324609994888306e-01,1.252255141735076904e-01,5.503841117024421692e-02,-5.456129834055900574e-02,-1.820494085550308228e-01,-1.735239177942276001e-01,9.666481614112854004e-02,2.132931947708129883e-01,-1.174378544092178345e-01,-1.087022051215171814e-01
-2.719045430421829224e-02
-2.218658924102783203e-01,2.015523612499237061e-01,7.776145637035369873e-02,-1.641083955764770508e-01,-1.732470542192459106e-01,9.497781842947006226e-02,1.527642011642456055e-01,2.078624218702316284e-01,1.513506174087524414e-01,1.873319298028945923e-01,1.513506174087524414e-01,2.078624218702316284e-01,1.527642011642456055e-01,9.497781842947006226e-02,-1.732470542192459106e-01,-1.641083955764770508e-01,7.776145637035369873e-02,2.015523612499237061e-01,-2.218658924102783203e-01
-3.929101675748825073e-02,-1.676236987113952637e-01,2.192973941564559937e-01,1.008696928620338440e-01,-1.515343040227890015e-01,-2.023072540760040283e-01,-5.121231451630592346e-02,3.544700890779495239e-02,1.366261839866638184e-01,1.451345384120941162e-01,1.366261839866638184e-01,3.544700890779495239e-02,-5.121231451630592346e-02,-2.023072540760040283e-01,-1.515343040227890015e-01,1.008696928620338440e-01,2.192973941564559937e-01,-1.676236987113952637e-01,-3.929101675748825073e-02
-2.822631411254405975e-02
-2.500388920307159424e-01,1.585286706686019897e-01,1.527795642614364624e-01,-1.210058778524398804e-01,-1.585755646228790283e-01,7.362946867942810059e-02,1.584328114986419678e-01,2.130837440490722656e-01,1.709468513727188110e-01,1.891619414091110229e-01,1.709468513727188110e-01,2.130837440490722656e-01,1.584328114986419678e-01,7.362946867942810059e-02,-1.585755646228790283e-01,-1.210058778524398804e-01,1.527795642614364624e-01,1.585286706686019897e-01,-2.500388920307159424e-01
-4.464928526431322098e-03,-2.497687041759490967e-01,1.928390264511108398e-01,9.635204821825027466e-02,-1.237620040774345398e-01,-1.985976845026016235e-01,-2.381701581180095673e-02,3.674788400530815125e-02,1.415500491857528687e-01,1.281772553920745850e-01,1.415500491857528687e-01,3.674788400530815125e-02,-2.381701581180095673e-02,-1.985976845026016235e-01,-1.237620040774345398e-01,9.635204821825027466e-02,1.928390264511108398e-01,-2.497687041759490967e-01,-4.464928526431322098e-03
-2.927499823272228241e-02
-1.838134527206420898e-01,1.068787500262260437e-01,1.606690734624862671e-01,-1.639577895402908325e-01,-1.820341646671295166e-01,5.584525316953659058e-02,1.703661680221557617e-01,1.914925426244735718e-01,1.759158372879028320e-01,1.800659894943237305e-01,1.759158372879028320e-01,1.914925426244735718e-01,1.703661680221557617e-01,5.584525316953659058e-02,-1.820341646671295166e-01,-1.639577895402908325e-01,1.606690734624862671e-01,1.068787500262260437e-01,-1.838134527206420898e-01
8.950327336788177490e-02,-2.375511527061462402e-01,2.064037322998046875e-01,1.198290139436721802e-01,-1.180732399225234985e-01,-2.366727739572525024e-01,-5.006962269544601440e-02,1.751154847443103790e-02,1.543089151382446289e-01,1.315307319164276123e-01,1.543089151382446289e-01,1.751154847443103790e-02,-5.006962269544601440e-02,-2.366727739572525024e-01,-1.180732399225234985e-01,1.198290139436721802e-01,2.064037322998046875e-01,-2.375511527061462402e-01,8.950327336788177490e-02
-3.033635206520557404e-02
-1.511466205120086670e-01,4.292451217770576477e-02,2.097890228033065796e-01,-1.510816663503646851e-01,-1.757025271654129028e-01,3.007464110851287842e-02,1.836000680923461914e-01,1.875413656234741211e-01,1.961615383625030518e-01,1.747084259986877441e-01,1.961615383625030518e-01,1.875413656234741211e-01,1.836000680923461914e-01,3.007464110851287842e-02,-1.757025271654129028e-01,-1.510816663503646851e-01,2.097890228033065796e-01,4.292451217770576477e-02,-1.511466205120086670e-01
1.317360550165176392e-01,-2.590901851654052734e-01,1.758046746253967285e-01,1.327802836894989014e-01,-1.085708513855934143e-01,-2.418514639139175415e-01,-5.432326346635818481e-02,1.766523718833923340e-02,1.542254090309143066e-01,1.304493993520736694e-01,1.542254090309143066e-01,1.766523718833923340e-02,-5.432326346635818481e-02,-2.418514639139175415e-01,-1.085708513855934143e-01,1.327802836894989014e-01,1.758046746253967285e-01,-2.590901851654052734e-01,1.317360550165176392e-01
-3.141022846102714539e-02
-1.030522063374519348e-01,-2.450764551758766174e-02,2.336413264274597168e-01,-1.585255712270736694e-01,-1.777363270521163940e-01,2.115283347666263580e-02,2.129359245300292969e-01,1.869041174650192261e-01,2.047593444585800171e-01,1.599152088165283203e-01,2.047593444585800171e-01,1.869041174650192261e-01,2.129359245300292969e-01,2.115283347666263580e-02,-1.777363270521163940e-01,-1.585255712270736694e-01,2.336413264274597168e-01,-2.450764551758766174e-02,-1.030522063374519348e-01
1.673177033662796021e-01,-2.497725188732147217e-01,1.414324492216110229e-01,1.583463102579116821e-01,-9.316661208868026733e-02,-2.390716224908828735e-01,-7.626948505640029907e-02,2.082985127344727516e-03,1.439002901315689087e-01,1.358347535133361816e-01,1.439002901315689087e-01,2.082985127344727516e-03,-7.626948505640029907e-02,-2.390716224908828735e-01,-9.316661208868026733e-02,1.583463102579116821e-01,1.414324492216110229e-01,-2.497725188732147217e-01,1.673177033662796021e-01
-3.249647840857505798e-02
-5.412127077579498291e-02,-7.731097191572189331e-02,2.638290822505950928e-01,-1.473913937807083130e-01,-1.753717958927154541e-01,2.235811669379472733e-03,2.127715647220611572e-01,1.734009087085723877e-01,2.175576686859130859e-01,1.621405035257339478e-01,2.175576686859130859e-01,1.734009087085723877e-01,2.127715647220611572e-01,2.235811669379472733e-03,-1.753717958927154541e-01,-1.473913937807083130e-01,2.638290822505950928e-01,-7.731097191572189331e-02,-5.412127077579498291e-02
1.769532412290573120e-01,-2.401379495859146118e-01,9.340205043554306030e-02,1.860285252332687378e-01,-8.822979032993316650e-02,-2.363579571247100830e-01,-8.936542272567749023e-02,1.975259743630886078e-02,1.427520513534545898e-01,1.464366018772125244e-01,1.427520513534545898e-01,1.975259743630886078e-02,-8.936542272567749023e-02,-2.363579571247100830e-01,-8.822979032993316650e-02,1.860285252332687378e-01,9.340205043554306030e-02,-2.401379495859146118e-01,1.769532412290573120e-01
-3.359496593475341797e-02
-1.253696158528327942e-02,-1.324028670787811279e-01,2.798573970794677734e-01,-1.288872808218002319e-01,-1.810413748025894165e-01,-1.127869915217161179e-02,2.258264571428298950e-01,1.796094030141830444e-01,2.234754413366317749e-01,1.565403491258621216e-01,2.234754413366317749e-01,1.796094030141830444e-01,2.258264571428298950e-01,-1.127869915217161179e-02,-1.810413748025894165e-01,-1.288872808218002319e-01,2.798573970794677734e-01,-1.324028670787811279e-01,-1.253696158528327942e-02
1.787520796060562134e-01,-2.086712419986724854e-01,4.222592711448669434e-02,2.110353112220764160e-01,-8.439473062753677368e-02,-2.239441424608230591e-01,-1.035313606262207031e-01,2.924874238669872284e-02,1.311795264482498169e-01,1.557206511497497559e-01,1.311795264482498169e-01,2.924874238669872284e-02,-1.035313606262207031e-01,-2.239441424608230591e-01,-8.439473062753677368e-02,2.110353112220764160e-01,4.222592711448669434e-02,-2.086712419986724854e-01,1.787520796060562134e-01
-3.470556065440177917e-02
2.697952277958393097e-02,-1.631004214286804199e-01,2.918364703655242920e-01,-1.000266447663307190e-01,-1.849111914634704590e-01,-2.373601309955120087e-02,2.120970785617828369e-01,1.692774146795272827e-01,2.231066077947616577e-01,1.621286869049072266e-01,2.231066077947616577e-01,1.692774146795272827e-01,2.120970785617828369e-01,-2.373601309955120087e-02,-1.849111914634704590e-01,-1.000266447663307190e-01,2.918364703655242920e-01,-1.631004214286804199e-01,2.697952277958393097e-02
1.598510295152664185e-01,-1.785882711410522461e-01,-8.083574473857879639e-03,2.449816614389419556e-01,-7.962054759263992310e-02,-2.211737781763076782e-01,-1.253301352262496948e-01,4.570579901337623596e-02,1.296992450952529907e-01,1.721177846193313599e-01,1.296992450952529907e-01,4.570579901337623596e-02,-1.253301352262496948e-01,-2.211737781763076782e-01,-7.962054759263992310e-02,2.449816614389419556e-01,-8.083574473857879639e-03,-1.785882711410522461e-01,1.598510295152664185e-01
-3.582812100648880005e-02
8.314240723848342896e-02,-1.857010275125503540e-01,2.718806266784667969e-01,-8.587081730365753174e-02,-2.088389992713928223e-01,-3.697143495082855225e-02,2.027716338634490967e-01,1.698972135782241821e-01,2.148840427398681641e-01,1.628984510898590088e-01,2.148840427398681641e-01,1.698972135782241821e-01,2.027716338634490967e-01,-3.697143495082855225e-02,-2.088389992713928223e-01,-8.587081730365753174e-02,2.718806266784667969e-01,-1.857010275125503540e-01,8.314240723848342896e-02
1.481028199195861816e-01,-1.073998585343360901e-01,-3.753834217786788940e-02,2.753532528877258301e-01,-7.390760630369186401e-02,-2.132956534624099731e-01,-1.428332328796386719e-01,5.232276022434234619e-02,1.160498261451721191e-01,1.780742853879928589e-01,1.160498261451721191e-01,5.232276022434234619e-02,-1.428332328796386719e-01,-2.132956534624099731e-01,-7.390760630369186401e-02,2.753532528877258301e-01,-3.753834217786788940e-02,-1.073998585343360901e-01,1.481028199195861816e-01
-3.696253150701522827e-02
8.482226729393005371e-02,-2.085851728916168213e-01,2.630454003810882568e-01,-3.793410584330558777e-02,-2.116966396570205688e-01,-2.604183182120323181e-02,2.076655030250549316e-01,1.895181089639663696e-01,2.179278880357742310e-01,1.771701872348785400e-01,2.179278880357742310e-01,1.895181089639663696e-01,2.076655030250549316e-01,-2.604183182120323181e-02,-2.116966396570205688e-01,-3.793410584330558777e-02,2.630454003810882568e-01,-2.085851728916168213e-01,8.482226729393005371e-02
1.138203665614128113e-01,-8.445771783590316772e-02,-1.117275953292846680e-01,2.773087918758392334e-01,-6.677404046058654785e-02,-2.017236649990081787e-01,-1.537366509437561035e-01,6.414960324764251709e-02,1.117130592465400696e-01,1.876679658889770508e-01,1.117130592465400696e-01,6.414960324764251709e-02,-1.537366509437561035e-01,-2.017236649990081787e-01,-6.677404046058654785e-02,2.773087918758392334e-01,-1.117275953292846680e-01,-8.445771783590316772e-02,1.138203665614128113e-01
-3.810866177082061768e-02
1.004946082830429077e-01,-2.102080136537551880e-01,2.350071072578430176e-01,-3.092029364779591560e-04,-2.247927486896514893e-01,-2.341477200388908386e-02,1.957534700632095337e-01,1.968635320663452148e-01,2.086021751165390015e-01,1.869853138923645020e-01,2.086021751165390015e-01,1.968635320663452148e-01,1.957534700632095337e-01,-2.341477200388908386e-02,-2.247927486896514893e-01,-3.092029364779591560e-04,2.350071072578430176e-01,-2.102080136537551880e-01,1.004946082830429077e-01
7.656076550483703613e-02,-4.359620064496994019e-02,-1.503713876008987427e-01,2.941232323646545410e-01,-5.160805583000183105e-02,-2.013019770383834839e-01,-1.696424484252929688e-01,6.837570667266845703e-02,1.082043051719665527e-01,1.927708238363265991e-01,1.082043051719665527e-01,6.837570667266845703e-02,-1.696424484252929688e-01,-2.013019770383834839e-01,-5.160805583000183105e-02,2.941232323646545410e-01,-1.503713876008987427e-01,-4.359620064496994019e-02,7.656076550483703613e-02
-3.926640003919601440e-02
1.109142526984214783e-01,-2.024364918470382690e-01,2.000886201858520508e-01,3.826778382062911987e-02,-2.415473908185958862e-01,-2.290808409452438354e-02,1.845412850379943848e-01,2.088863104581832886e-01,1.992079764604568481e-01,1.966097503900527954e-01,1.992079764604568481e-01,2.088863104581832886e-01,1.845412850379943848e-01,-2.290808409452438354e-02,-2.415473908185958862e-01,3.826778382062911987e-02,2.000886201858520508e-01,-2.024364918470382690e-01,1.109142526984214783e-01
4.460687190294265747e-02,4.477344627957791090e-04,-1.831127554178237915e-01,2.968598306179046631e-01,-3.538708016276359558e-02,-2.012174725532531738e-01,-1.792172193527221680e-01,6.914909183979034424e-02,1.059004664421081543e-01,1.935609877109527588e-01,1.059004664421081543e-01,6.914909183979034424e-02,-1.792172193527221680e-01,-2.012174725532531738e-01,-3.538708016276359558e-02,2.968598306179046631e-01,-1.831127554178237915e-01,4.477344627957791090e-04,4.460687190294265747e-02
-4.043562710285186768e-02
1.349342763423919678e-01,-1.853385120630264282e-01,1.554916203022003174e-01,7.664259523153305054e-02,-2.599042057991027832e-01,-3.110774047672748566e-02,1.686241179704666138e-01,2.234199792146682739e-01,1.927094012498855591e-01,2.079903781414031982e-01,1.927094012498855591e-01,2.234199792146682739e-01,1.686241179704666138e-01,-3.110774047672748566e-02,-2.599042057991027832e-01,7.664259523153305054e-02,1.554916203022003174e-01,-1.853385120630264282e-01,1.349342763423919678e-01
2.546933293342590332e-02,6.124845147132873535e-02,-2.020212709903717041e-01,2.855741977691650391e-01,-2.217151969671249390e-02,-2.092574685811996460e-01,-1.901053488254547119e-01,6.089444458484649658e-02,1.020616441965103149e-01,1.895710676908493042e-01,1.020616441965103149e-01,6.089444458484649658e-02,-1.901053488254547119e-01,-2.092574685811996460e-01,-2.217151969671249390e-02,2.855741977691650391e-01,-2.020212709903717041e-01,6.124845147132873535e-02,2.546933293342590332e-02
-4.161622747778892517e-02
1.275516748428344727e-01,-1.661168038845062256e-01,1.136506125330924988e-01,1.155184432864189148e-01,-2.707939743995666504e-01,-3.077227063477039337e-02,1.588968932628631592e-01,2.366027981042861938e-01,1.866395622491836548e-01,2.184965610504150391e-01,1.866395622491836548e-01,2.366027981042861938e-01,1.588968932628631592e-01,-3.077227063477039337e-02,-2.707939743995666504e-01,1.155184432864189148e-01,1.136506125330924988e-01,-1.661168038845062256e-01,1.275516748428344727e-01
-3.573474474251270294e-03,9.108078479766845703e-02,-2.208741307258605957e-01,2.740858495235443115e-01,5.240362603217363358e-03,-2.119764834642410278e-01,-1.920103579759597778e-01,5.686367303133010864e-02,1.065835356712341309e-01,1.858823448419570923e-01,1.065835356712341309e-01,5.686367303133010864e-02,-1.920103579759597778e-01,-2.119764834642410278e-01,5.240362603217363358e-03,2.740858495235443115e-01,-2.208741307258605957e-01,9.108078479766845703e-02,-3.573474474251270294e-03
-4.280810058116912842e-02
9.307742118835449219e-02,-1.436685025691986084e-01,7.858066260814666748e-02,1.522632688283920288e-01,-2.773850560188293457e-01,-2.626893855631351471e-02,1.535636782646179199e-01,2.444262206554412842e-01,1.792219579219818115e-01,2.265588641166687012e-01,1.792219579219818115e-01,2.444262206554412842e-01,1.535636782646179199e-01,-2.626893855631351471e-02,-2.773850560188293457e-01,1.522632688283920288e-01,7.858066260814666748e-02,-1.436685025691986084e-01,9.307742118835449219e-02
-3.773365169763565063e-02,9.553678333759307861e-02,-2.364085167646408081e-01,2.613973319530487061e-01,4.419300332665443420e-02,-2.070551514625549316e-01,-1.846511363983154297e-01,5.425936728715896606e-02,1.163447201251983643e-01,1.811235845088958740e-01,1.163447201251983643e-01,5.425936728715896606e-02,-1.846511363983154297e-01,-2.070551514625549316e-01,4.419300332665443420e-02,2.613973319530487061e-01,-2.364085167646408081e-01,9.553678333759307861e-02,-3.773365169763565063e-02
-4.401113837957382202e-02
1.052808165550231934e-01,-1.194517463445663452e-01,2.027414552867412567e-02,1.749657690525054932e-01,-2.857359945774078369e-01,-3.993583098053932190e-02,1.415189206600189209e-01,2.564691603183746338e-01,1.781572848558425903e-01,2.328364104032516479e-01,1.781572848558425903e-01,2.564691603183746338e-01,1.415189206600189209e-01,-3.993583098053932190e-02,-2.857359945774078369e-01,1.749657690525054932e-01,2.027414552867412567e-02,-1.194517463445663452e-01,1.052808165550231934e-01
-4.189870879054069519e-02,1.381347924470901489e-01,-2.314350605010986328e-01,2.296938598155975342e-01,6.372682750225067139e-02,-2.255963832139968872e-01,-1.921627223491668701e-01,3.648847714066505432e-02,1.186628863215446472e-01,1.700385957956314087e-01,1.186628863215446472e-01,3.648847714066505432e-02,-1.921627223491668701e-01,-2.255963832139968872e-01,6.372682750225067139e-02,2.296938598155975342e-01,-2.314350605010986328e-01,1.381347924470901489e-01,-4.189870879054069519e-02
-4.522523283958435059e-02
6.805384904146194458e-02,-8.897508680820465088e-02,-5.376343615353107452e-03,2.076640725135803223e-01,-2.833929955959320068e-01,-4.279656708240509033e-02,1.389874070882797241e-01,2.606001198291778564e-01,1.762113720178604126e-01,2.379949688911437988e-01,1.762113720178604126e-01,2.606001198291778564e-01,1.389874070882797241e-01,-4.279656708240509033e-02,-2.833929955959320068e-01,2.076640725135803223e-01,-5.376343615353107452e-03,-8.897508680820465088e-02,6.805384904146194458e-02
-6.751254945993423462e-02,1.304423362016677856e-01,-2.313128113746643066e-01,2.077967077493667603e-01,1.061843484640121460e-01,-2.234003990888595581e-01,-1.807499378919601440e-01,3.417462110519409180e-02,1.316660344600677490e-01,1.632224023342132568e-01,1.316660344600677490e-01,3.417462110519409180e-02,-1.807499378919601440e-01,-2.234003990888595581e-01,1.061843484640121460e-01,2.077967077493667603e-01,-2.313128113746643066e-01,1.304423362016677856e-01,-6.751254945993423462e-02
-4.645029082894325256e-02
3.949563950300216675e-02,-5.812646821141242981e-02,-2.425093948841094971e-02,2.367271631956100464e-01,-2.851713895797729492e-01,-6.334652006626129150e-02,1.329494565725326538e-01,2.653669118881225586e-01,1.770107895135879517e-01,2.387710362672805786e-01,1.770107895135879517e-01,2.653669118881225586e-01,1.329494565725326538e-01,-6.334652006626129150e-02,-2.851713895797729492e-01,2.367271631956100464e-01,-2.425093948841094971e-02,-5.812646821141242981e-02,3.949563950300216675e-02
-7.110133767127990723e-02,1.339007765054702759e-01,-2.251978814601898193e-01,1.716313660144805908e-01,1.374245882034301758e-01,-2.260950207710266113e-01,-1.713866442441940308e-01,2.780185639858245850e-02,1.437218040227890015e-01,1.563844531774520874e-01,1.437218040227890015e-01,2.780185639858245850e-02,-1.713866442441940308e-01,-2.260950207710266113e-01,1.374245882034301758e-01,1.716313660144805908e-01,-2.251978814601898193e-01,1.339007765054702759e-01,-7.110133767127990723e-02
-4.768621549010276794e-02
2.785836718976497650e-02,-3.767012059688568115e-02,-6.396806240081787109e-02,2.578179836273193359e-01,-2.620631754398345947e-01,-6.786873191595077515e-02,1.358290016651153564e-01,2.717600166797637939e-01,1.830704361200332642e-01,2.390410304069519043e-01,1.830704361200332642e-01,2.717600166797637939e-01,1.358290016651153564e-01,-6.786873191595077515e-02,-2.620631754398345947e-01,2.578179836273193359e-01,-6.396806240081787109e-02,-3.767012059688568115e-02,2.785836718976497650e-02
-8.473894745111465454e-02,1.276380866765975952e-01,-2.168946117162704468e-01,1.356568634510040283e-01,1.691765189170837402e-01,-2.377109229564666748e-01,-1.741732358932495117e-01,1.478550303727388382e-02,1.526771038770675659e-01,1.493349522352218628e-01,1.526771038770675659e-01,1.478550303727388382e-02,-1.741732358932495117e-01,-2.377109229564666748e-01,1.691765189170837402e-01,1.356568634510040283e-01,-2.168946117162704468e-01,1.276380866765975952e-01,-8.473894745111465454e-02
-4.893290624022483826e-02
3.206841880455613136e-03,-7.472442463040351868e-03,-8.118706196546554565e-02,2.640709877014160156e-01,-2.585465610027313232e-01,-8.943996578454971313e-02,1.337519139051437378e-01,2.662059366703033447e-01,1.854339838027954102e-01,2.363054752349853516e-01,1.854339838027954102e-01,2.662059366703033447e-01,1.337519139051437378e-01,-8.943996578454971313e-02,-2.585465610027313232e-01,2.640709877014160156e-01,-8.118706196546554565e-02,-7.472442463040351868e-03,3.206841880455613136e-03
-8.055566251277923584e-02,1.258102804422378540e-01,-1.932174712419509888e-01,1.033489853143692017e-01,2.024321407079696655e-01,-2.364357858896255493e-01,-1.675356179475784302e-01,3.280170960351824760e-03,1.591227948665618896e-01,1.398682147264480591e-01,1.591227948665618896e-01,3.280170960351824760e-03,-1.675356179475784302e-01,-2.364357858896255493e-01,2.024321407079696655e-01,1.033489853143692017e-01,-1.932174712419509888e-01,1.258102804422378540e-01,-8.055566251277923584e-02
-5.019027367234230042e-02
9.240794926881790161e-03,1.410813443362712860e-02,-1.171441674232482910e-01,2.621551752090454102e-01,-2.417602688074111938e-01,-1.127824485301971436e-01,1.317548304796218872e-01,2.673773765563964844e-01,1.949429064989089966e-01,2.320385873317718506e-01,1.949429064989089966e-01,2.673773765563964844e-01,1.317548304796218872e-01,-1.127824485301971436e-01,-2.417602688074111938e-01,2.621551752090454102e-01,-1.171441674232482910e-01,1.410813443362712860e-02,9.240794926881790161e-03
-7.150098681449890137e-02,1.322523951530456543e-01,-1.654231548309326172e-01,6.640375405550003052e-02,2.238697409629821777e-01,-2.488270550966262817e-01,-1.729176342487335205e-01,-1.045666262507438660e-02,1.641364544630050659e-01,1.315753906965255737e-01,1.641364544630050659e-01,-1.045666262507438660e-02,-1.729176342487335205e-01,-2.488270550966262817e-01,2.238697409629821777e-01,6.640375405550003052e-02,-1.654231548309326172e-01,1.322523951530456543e-01,-7.150098681449890137e-02
-5.145822837948799133e-02
-2.468248829245567322e-02,3.574769198894500732e-02,-1.139130368828773499e-01,2.716828882694244385e-01,-2.246448844671249390e-01,-1.389152109622955322e-01,1.279949992895126343e-01,2.572624087333679199e-01,2.007478773593902588e-01,2.272368967533111572e-01,2.007478773593902588e-01,2.572624087333679199e-01,1.279949992895126343e-01,-1.389152109622955322e-01,-2.246448844671249390e-01,2.716828882694244385e-01,-1.139130368828773499e-01,3.574769198894500732e-02,-2.468248829245567322e-02
-6.845098733901977539e-02,1.078540608286857605e-01,-1.448950916528701782e-01,3.621451929211616516e-02,2.502121031284332275e-01,-2.482173442840576172e-01,-1.659107357263565063e-01,-9.099141694605350494e-03,1.735612154006958008e-01,1.261856555938720703e-01,1.735612154006958008e-01,-9.099141694605350494e-03,-1.659107357263565063e-01,-2.482173442840576172e-01,2.502121031284332275e-01,3.621451929211616516e-02,-1.448950916528701782e-01,1.078540608286857605e-01,-6.845098733901977539e-02
-5.273668467998504639e-02
-3.607266023755073547e-02,5.050996318459510803e-02,-1.302560418844223022e-01,2.639117538928985596e-01,-1.986301988363265991e-01,-1.537492275238037109e-01,1.386274695396423340e-01,2.559492588043212891e-01,2.108903527259826660e-01,2.210892736911773682e-01,2.108903527259826660e-01,2.559492588043212891e-01,1.386274695396423340e-01,-1.537492275238037109e-01,-1.986301988363265991e-01,2.639117538928985596e-01,-1.302560418844223022e-01,5.050996318459510803e-02,-3.607266023755073547e-02
-6.319795548915863037e-02,9.593804180622100830e-02,-1.225319951772689819e-01,3.015204099938273430e-03,2.767383158206939697e-01,-2.415151894092559814e-01,-1.688253283500671387e-01,-2.188610471785068512e-02,1.752833724021911621e-01,1.228920370340347290e-01,1.752833724021911621e-01,-2.188610471785068512e-02,-1.688253283500671387e-01,-2.415151894092559814e-01,2.767383158206939697e-01,3.015204099938273430e-03,-1.225319951772689819e-01,9.593804180622100830e-02,-6.319795548915863037e-02
-5.402555316686630249e-02
-4.073690623044967651e-02,6.195479631423950195e-02,-1.420056670904159546e-01,2.545949816703796387e-01,-1.715337932109832764e-01,-1.763305813074111938e-01,1.417079269886016846e-01,2.523345649242401123e-01,2.217261344194412231e-01,2.141146212816238403e-01,2.217261344194412231e-01,2.523345649242401123e-01,1.417079269886016846e-01,-1.763305813074111938e-01,-1.715337932109832764e-01,2.545949816703796387e-01,-1.420056670904159546e-01,6.195479631423950195e-02,-4.073690623044967651e-02
-5.256886407732963562e-02,8.427683264017105103e-02,-9.801983833312988281e-02,-2.865395881235599518e-02,2.924193143844604492e-01,-2.409128695726394653e-01,-1.738578379154205322e-01,-2.725546061992645264e-02,1.780725866556167603e-01,1.206798627972602844e-01,1.780725866556167603e-01,-2.725546061992645264e-02,-1.738578379154205322e-01,-2.409128695726394653e-01,2.924193143844604492e-01,-2.865395881235599518e-02,-9.801983833312988281e-02,8.427683264017105103e-02,-5.256886407732963562e-02
-5.532475188374519348e-02
-5.365384742617607117e-02,7.261136174201965332e-02,-1.365627795457839966e-01,2.467722892761230469e-01,-1.479470133781433105e-01,-2.051554918289184570e-01,1.381220966577529907e-01,2.427133470773696899e-01,2.315966486930847168e-01,2.084838598966598511e-01,2.315966486930847168e-01,2.427133470773696899e-01,1.381220966577529907e-01,-2.051554918289184570e-01,-1.479470133781433105e-01,2.467722892761230469e-01,-1.365627795457839966e-01,7.261136174201965332e-02,-5.365384742617607117e-02
-4.076934978365898132e-02,6.540671736001968384e-02,-7.016144692897796631e-02,-5.107218772172927856e-02,3.037415742874145508e-01,-2.415036261081695557e-01,-1.790433228015899658e-01,-2.673764340579509735e-02,1.790895462036132812e-01,1.180013120174407959e-01,1.790895462036132812e-01,-2.673764340579509735e-02,-1.790433228015899658e-01,-2.415036261081695557e-01,3.037415742874145508e-01,-5.107218772172927856e-02,-7.016144692897796631e-02,6.540671736001968384e-02,-4.076934978365898132e-02
-5.663419887423515320e-02
-6.380126625299453735e-02,7.625421881675720215e-02,-1.376913040876388550e-01,2.308109104633331299e-01,-1.193419396877288818e-01,-2.238916009664535522e-01,1.464749276638031006e-01,2.392295598983764648e-01,2.403356879949569702e-01,1.993430554866790771e-01,2.403356879949569702e-01,2.392295598983764648e-01,1.464749276638031006e-01,-2.238916009664535522e-01,-1.193419396877288818e-01,2.308109104633331299e-01,-1.376913040876388550e-01,7.625421881675720215e-02,-6.380126625299453735e-02
-2.982469834387302399e-02,4.966452345252037048e-02,-5.128256231546401978e-02,-7.831458747386932373e-02,3.176088631153106689e-01,-2.266513407230377197e-01,-1.845399439334869385e-01,-3.148092702031135559e-02,1.784745752811431885e-01,1.205106228590011597e-01,1.784745752811431885e-01,-3.148092702031135559e-02,-1.845399439334869385e-01,-2.266513407230377197e-01,3.176088631153106689e-01,-7.831458747386932373e-02,-5.128256231546401978e-02,4.966452345252037048e-02,-2.982469834387302399e-02
-5.795381590723991394e-02
-6.214014068245887756e-02,8.271889388561248779e-02,-1.365941613912582397e-01,2.119951099157333374e-01,-8.950314670801162720e-02,-2.429316341876983643e-01,1.506776362657546997e-01,2.356798499822616577e-01,2.514150440692901611e-01,1.938109248876571655e-01,2.514150440692901611e-01,2.356798499822616577e-01,1.506776362657546997e-01,-2.429316341876983643e-01,-8.950314670801162720e-02,2.119951099157333374e-01,-1.365941613912582397e-01,8.271889388561248779e-02,-6.214014068245887756e-02
-1.988406106829643250e-02,3.652370348572731018e-02,-3.086317144334316254e-02,-1.011026203632354736e-01,3.260513544082641602e-01,-2.127677798271179199e-01,-1.928097307682037354e-01,-3.380208462476730347e-02,1.760471612215042114e-01,1.233569532632827759e-01,1.760471612215042114e-01,-3.380208462476730347e-02,-1.928097307682037354e-01,-2.127677798271179199e-01,3.260513544082641602e-01,-1.011026203632354736e-01,-3.086317144334316254e-02,3.652370348572731018e-02,-1.988406106829643250e-02
-5.928352475166320801e-02
-6.089476123452186584e-02,8.129630982875823975e-02,-1.340979784727096558e-01,1.936896741390228271e-01,-5.898704007267951965e-02,-2.623757421970367432e-01,1.534404605627059937e-01,2.341974973678588867e-01,2.613509893417358398e-01,1.868835240602493286e-01,2.613509893417358398e-01,2.341974973678588867e-01,1.534404605627059937e-01,-2.623757421970367432e-01,-5.898704007267951965e-02,1.936896741390228271e-01,-1.340979784727096558e-01,8.129630982875823975e-02,-6.089476123452186584e-02
-5.762625485658645630e-03,2.299705147743225098e-02,-1.364183332771062851e-02,-1.219224929809570312e-01,3.273348212242126465e-01,-2.004522532224655151e-01,-2.021299451589584351e-01,-3.208069130778312683e-02,1.732961833477020264e-01,1.269895881414413452e-01,1.732961833477020264e-01,-3.208069130778312683e-02,-2.021299451589584351e-01,-2.004522532224655151e-01,3.273348212242126465e-01,-1.219224929809570312e-01,-1.364183332771062851e-02,2.299705147743225098e-02,-5.762625485658645630e-03
-6.062324717640876770e-02
-6.380030512809753418e-02,7.926385849714279175e-02,-1.250117868185043335e-01,1.748549789190292358e-01,-3.025809489190578461e-02,-2.801118493080139160e-01,1.543880999088287354e-01,2.306279540061950684e-01,2.698480486869812012e-01,1.819377839565277100e-01,2.698480486869812012e-01,2.306279540061950684e-01,1.543880999088287354e-01,-2.801118493080139160e-01,-3.025809489190578461e-02,1.748549789190292358e-01,-1.250117868185043335e-01,7.926385849714279175e-02,-6.380030512809753418e-02
4.661369137465953827e-03,7.006608415395021439e-03,2.319243969395756721e-03,-1.369800269603729248e-01,3.280811309814453125e-01,-1.842076182365417480e-01,-2.120469212532043457e-01,-2.978022769093513489e-02,1.690184921026229858e-01,1.317100077867507935e-01,1.690184921026229858e-01,-2.978022769093513489e-02,-2.120469212532043457e-01,-1.842076182365417480e-01,3.280811309814453125e-01,-1.369800269603729248e-01,2.319243969395756721e-03,7.006608415395021439e-03,4.661369137465953827e-03
-6.197291612625122070e-02
-6.918974220752716064e-02,7.691687345504760742e-02,-1.104691252112388611e-01,1.553720235824584961e-01,-4.862880334258079529e-03,-2.978972196578979492e-01,1.515957415103912354e-01,2.241039872169494629e-01,2.756539881229400635e-01,1.779734343290328979e-01,2.756539881229400635e-01,2.241039872169494629e-01,1.515957415103912354e-01,-2.978972196578979492e-01,-4.862880334258079529e-03,1.553720235824584961e-01,-1.104691252112388611e-01,7.691687345504760742e-02,-6.918974220752716064e-02
1.111982390284538269e-02,-9.794997982680797577e-03,1.916774362325668335e-02,-1.446742117404937744e-01,3.288083970546722412e-01,-1.658300310373306274e-01,-2.237051576375961304e-01,-2.811976335942745209e-02,1.630278974771499634e-01,1.373004466295242310e-01,1.630278974771499634e-01,-2.811976335942745209e-02,-2.237051576375961304e-01,-1.658300310373306274e-01,3.288083970546722412e-01,-1.446742117404937744e-01,1.916774362325668335e-02,-9.794997982680797577e-03,1.111982390284538269e-02
-6.333244591951370239e-02
-6.625374406576156616e-02,7.117597013711929321e-02,-1.005690097808837891e-01,1.347249746322631836e-01,2.195844054222106934e-02,-3.123184442520141602e-01,1.495407372713088989e-01,2.227467447519302368e-01,2.820661067962646484e-01,1.744567900896072388e-01,2.820661067962646484e-01,2.227467447519302368e-01,1.495407372713088989e-01,-3.123184442520141602e-01,2.195844054222106934e-02,1.347249746322631836e-01,-1.005690097808837891e-01,7.117597013711929321e-02,-6.625374406576156616e-02
2.073556184768676758e-02,-2.081398293375968933e-02,3.363288938999176025e-02,-1.531951278448104858e-01,3.215695321559906006e-01,-1.496672928333282471e-01,-2.369181811809539795e-01,-2.501066960394382477e-02,1.565349251031875610e-01,1.431983262300491333e-01,1.565349251031875610e-01,-2.501066960394382477e-02,-2.369181811809539795e-01,-1.496672928333282471e-01,3.215695321559906006e-01,-1.531951278448104858e-01,3.363288938999176025e-02,-2.081398293375968933e-02,2.073556184768676758e-02
-6.470178067684173584e-02
-6.297862529754638672e-02,6.511455774307250977e-02,-8.870550245046615601e-02,1.144518777728080750e-01,4.717626795172691345e-02,-3.248928785324096680e-01,1.457108557224273682e-01,2.220732271671295166e-01,2.874071896076202393e-01,1.722343713045120239e-01,2.874071896076202393e-01,2.220732271671295166e-01,1.457108557224273682e-01,-3.248928785324096680e-01,4.717626795172691345e-02,1.144518777728080750e-01,-8.870550245046615601e-02,6.511455774307250977e-02,-6.297862529754638672e-02
2.843277342617511749e-02,-3.217371553182601929e-02,4.379234835505485535e-02,-1.595252454280853271e-01,3.137229084968566895e-01,-1.292087584733963013e-01,-2.491801530122756958e-01,-2.104182355105876923e-02,1.500978320837020874e-01,1.501536965370178223e-01,1.500978320837020874e-01,-2.104182355105876923e-02,-2.491801530122756958e-01,-1.292087584733963013e-01,3.137229084968566895e-01,-1.595252454280853271e-01,4.379234835505485535e-02,-3.217371553182601929e-02,2.843277342617511749e-02
-6.608083844184875488e-02
-5.431957915425300598e-02,6.108096241950988770e-02,-7.746210694313049316e-02,9.225517511367797852e-02,7.006856054067611694e-02,-3.344407677650451660e-01,1.419037431478500366e-01,2.236812263727188110e-01,2.925463020801544189e-01,1.718520373106002808e-01,2.925463020801544189e-01,2.236812263727188110e-01,1.419037431478500366e-01,-3.344407677650451660e-01,7.006856054067611694e-02,9.225517511367797852e-02,-7.746210694313049316e-02,6.108096241950988770e-02,-5.431957915425300598e-02
3.688158839941024780e-02,-3.803216293454170227e-02,5.197061970829963684e-02,-1.652330458164215088e-01,3.033285737037658691e-01,-1.064962670207023621e-01,-2.615723609924316406e-01,-1.747706532478332520e-02,1.442324668169021606e-01,1.586313396692276001e-01,1.442324668169021606e-01,-1.747706532478332520e-02,-2.615723609924316406e-01,-1.064962670207023621e-01,3.033285737037658691e-01,-1.652330458164215088e-01,5.197061970829963684e-02,-3.803216293454170227e-02,3.688158839941024780e-02
-6.746955960988998413e-02
-5.164314433932304382e-02,5.066615715622901917e-02,-6.463858485221862793e-02,7.503535598516464233e-02,9.396088868379592896e-02,-3.418979644775390625e-01,1.340012848377227783e-01,2.235673815011978149e-01,2.949054837226867676e-01,1.715065389871597290e-01,2.949054837226867676e-01,2.235673815011978149e-01,1.340012848377227783e-01,-3.418979644775390625e-01,9.396088868379592896e-02,7.503535598516464233e-02,-6.463858485221862793e-02,5.066615715622901917e-02,-5.164314433932304382e-02
4.171475395560264587e-02,-4.868600144982337952e-02,6.100070104002952576e-02,-1.630194783210754395e-01,2.901794612407684326e-01,-8.991950005292892456e-02,-2.769054472446441650e-01,-1.388628128916025162e-02,1.368420124053955078e-01,1.654241383075714111e-01,1.368420124053955078e-01,-1.388628128916025162e-02,-2.769054472446441650e-01,-8.991950005292892456e-02,2.901794612407684326e-01,-1.630194783210754395e-01,6.100070104002952576e-02,-4.868600144982337952e-02,4.171475395560264587e-02
-6.886786967515945435e-02
-6.485892087221145630e-02,3.631734848022460938e-02,-4.386436194181442261e-02,6.549970060586929321e-02,1.180329769849777222e-01,-3.441972732543945312e-01,1.302776336669921875e-01,2.275911271572113037e-01,2.959441840648651123e-01,1.710981279611587524e-01,2.959441840648651123e-01,2.275911271572113037e-01,1.302776336669921875e-01,-3.441972732543945312e-01,1.180329769849777222e-01,6.549970060586929321e-02,-4.386436194181442261e-02,3.631734848022460938e-02,-6.485892087221145630e-02
4.816237464547157288e-02,-7.086286693811416626e-02,4.864323511719703674e-02,-1.657086908817291260e-01,2.839221358299255371e-01,-5.715977400541305542e-02,-2.819309532642364502e-01,-3.863462945446372032e-03,1.304725259542465210e-01,1.707694679498672485e-01,1.304725259542465210e-01,-3.863462945446372032e-03,-2.819309532642364502e-01,-5.715977400541305542e-02,2.839221358299255371e-01,-1.657086908817291260e-01,4.864323511719703674e-02,-7.086286693811416626e-02,4.816237464547157288e-02
-7.027571648359298706e-02
-4.236695915460586548e-02,3.261793032288551331e-02,-4.067723825573921204e-02,3.777987509965896606e-02,1.314095258712768555e-01,-3.503333628177642822e-01,1.184744760394096375e-01,2.303734123706817627e-01,2.986039817333221436e-01,1.750694066286087036e-01,2.986039817333221436e-01,2.303734123706817627e-01,1.184744760394096375e-01,-3.503333628177642822e-01,1.314095258712768555e-01,3.777987509965896606e-02,-4.067723825573921204e-02,3.261793032288551331e-02,-4.236695915460586548e-02
5.185313895344734192e-02,-6.023411452770233154e-02,6.894796341657638550e-02,-1.591718792915344238e-01,2.617357969284057617e-01,-4.542394727468490601e-02,-3.012463450431823730e-01,-6.053294986486434937e-03,1.239060536026954651e-01,1.807166934013366699e-01,1.239060536026954651e-01,-6.053294986486434937e-03,-3.012463450431823730e-01,-4.542394727468490601e-02,2.617357969284057617e-01,-1.591718792915344238e-01,6.894796341657638550e-02,-6.023411452770233154e-02,5.185313895344734192e-02
-7.169301807880401611e-02
-3.400297835469245911e-02,2.720500156283378601e-02,-2.603968046605587006e-02,2.229172177612781525e-02,1.457446813583374023e-01,-3.542154133319854736e-01,1.076316460967063904e-01,2.352254092693328857e-01,2.973298728466033936e-01,1.758105158805847168e-01,2.973298728466033936e-01,2.352254092693328857e-01,1.076316460967063904e-01,-3.542154133319854736e-01,1.457446813583374023e-01,2.229172177612781525e-02,-2.603968046605587006e-02,2.720500156283378601e-02,-3.400297835469245911e-02
5.666790902614593506e-02,-6.374571472406387329e-02,6.631529331207275391e-02,-1.580574363470077515e-01,2.478188723325729370e-01,-1.760518923401832581e-02,-3.098214566707611084e-01,-2.434441354125738144e-03,1.170439645648002625e-01,1.875975728034973145e-01,1.170439645648002625e-01,-2.434441354125738144e-03,-3.098214566707611084e-01,-1.760518923401832581e-02,2.478188723325729370e-01,-1.580574363470077515e-01,6.631529331207275391e-02,-6.374571472406387329e-02,5.666790902614593506e-02
-7.311972230672836304e-02
-2.868777513504028320e-02,1.753596402704715729e-02,-1.439658459275960922e-02,8.144890889525413513e-03,1.603552103042602539e-01,-3.534308075904846191e-01,9.638223797082901001e-02,2.407559007406234741e-01,2.971651852130889893e-01,1.800543963909149170e-01,2.971651852130889893e-01,2.407559007406234741e-01,9.638223797082901001e-02,-3.534308075904846191e-01,1.603552103042602539e-01,8.144890889525413513e-03,-1.439658459275960922e-02,1.753596402704715729e-02,-2.868777513504028320e-02
6.043155491352081299e-02,-6.734811514616012573e-02,6.399010866880416870e-02,-1.535072177648544312e-01,2.309909313917160034e-01,4.907401278614997864e-03,-3.197368681430816650e-01,1.579195959493517876e-03,1.120767369866371155e-01,1.945010423660278320e-01,1.120767369866371155e-01,1.579195959493517876e-03,-3.197368681430816650e-01,4.907401278614997864e-03,2.309909313917160034e-01,-1.535072177648544312e-01,6.399010866880416870e-02,-6.734811514616012573e-02,6.043155491352081299e-02
-7.455576956272125244e-02
-2.325248531997203827e-02,9.419961832463741302e-03,-4.226066637784242630e-03,-7.027707528322935104e-03,1.718702614307403564e-01,-3.509467244148254395e-01,8.405654877424240112e-02,2.467881739139556885e-01,2.960338592529296875e-01,1.848955303430557251e-01,2.960338592529296875e-01,2.467881739139556885e-01,8.405654877424240112e-02,-3.509467244148254395e-01,1.718702614307403564e-01,-7.027707528322935104e-03,-4.226066637784242630e-03,9.419961832463741302e-03,-2.325248531997203827e-02
6.027679890394210815e-02,-6.856072694063186646e-02,6.472741067409515381e-02,-1.454011499881744385e-01,2.140562981367111206e-01,2.569132298231124878e-02,-3.310447931289672852e-01,1.707223593257367611e-03,1.060387119650840759e-01,2.011967748403549194e-01,1.060387119650840759e-01,1.707223593257367611e-03,-3.310447931289672852e-01,2.569132298231124878e-02,2.140562981367111206e-01,-1.454011499881744385e-01,6.472741067409515381e-02,-6.856072694063186646e-02,6.027679890394210815e-02
-7.600108534097671509e-02
-2.623862400650978088e-02,-3.571338718757033348e-03,1.105548813939094543e-02,-1.232121232897043228e-02,1.847023367881774902e-01,-3.468530178070068359e-01,7.092973589897155762e-02,2.524039447307586670e-01,2.907737493515014648e-01,1.865127086639404297e-01,2.907737493515014648e-01,2.524039447307586670e-01,7.092973589897155762e-02,-3.468530178070068359e-01,1.847023367881774902e-01,-1.232121232897043228e-02,1.105548813939094543e-02,-3.571338718757033348e-03,-2.623862400650978088e-02
6.290989369153976440e-02,-7.902818918228149414e-02,5.356863886117935181e-02,-1.372531652450561523e-01,2.014290094375610352e-01,5.051380023360252380e-02,-3.365494012832641602e-01,7.217577192932367325e-03,1.003418192267417908e-01,2.034553736448287964e-01,1.003418192267417908e-01,7.217577192932367325e-03,-3.365494012832641602e-01,5.051380023360252380e-02,2.014290094375610352e-01,-1.372531652450561523e-01,5.356863886117935181e-02,-7.902818918228149414e-02,6.290989369153976440e-02
-7.745563238859176636e-02
-7.574803661555051804e-03,-6.070364732295274734e-03,1.296353712677955627e-02,-3.482986241579055786e-02,1.847174614667892456e-01,-3.460695445537567139e-01,5.446644872426986694e-02,2.595120072364807129e-01,2.900955379009246826e-01,1.941623389720916748e-01,2.900955379009246826e-01,2.595120072364807129e-01,5.446644872426986694e-02,-3.460695445537567139e-01,1.847174614667892456e-01,-3.482986241579055786e-02,1.296353712677955627e-02,-6.070364732295274734e-03,-7.574803661555051804e-03
6.632844358682632446e-02,-6.398530304431915283e-02,6.471321731805801392e-02,-1.241786777973175049e-01,1.810115873813629150e-01,6.624319404363632202e-02,-3.481149375438690186e-01,4.866634961217641830e-03,9.705737978219985962e-02,2.106161266565322876e-01,9.705737978219985962e-02,4.866634961217641830e-03,-3.481149375438690186e-01,6.624319404363632202e-02,1.810115873813629150e-01,-1.241786777973175049e-01,6.471321731805801392e-02,-6.398530304431915283e-02,6.632844358682632446e-02
-7.891933619976043701e-02
-6.215712986886501312e-03,-1.618400774896144867e-02,2.254812419414520264e-02,-3.859983012080192566e-02,1.997961997985839844e-01,-3.326133787631988525e-01,4.248540848493576050e-02,2.680185735225677490e-01,2.869664728641510010e-01,1.997813582420349121e-01,2.869664728641510010e-01,2.680185735225677490e-01,4.248540848493576050e-02,-3.326133787631988525e-01,1.997961997985839844e-01,-3.859983012080192566e-02,2.254812419414520264e-02,-1.618400774896144867e-02,-6.215712986886501312e-03
6.107683479785919189e-02,-6.956307590007781982e-02,5.479231849312782288e-02,-1.181413382291793823e-01,1.618026345968246460e-01,8.454017341136932373e-02,-3.556948006153106689e-01,3.786489600315690041e-03,9.318682551383972168e-02,2.158709764480590820e-01,9.318682551383972168e-02,3.786489600315690041e-03,-3.556948006153106689e-01,8.454017341136932373e-02,1.618026345968246460e-01,-1.181413382291793823e-01,5.479231849312782288e-02,-6.956307590007781982e-02,6.107683479785919189e-02
-8.039214462041854858e-02
-1.073104096576571465e-03,-2.242434024810791016e-02,3.114549815654754639e-02,-4.728909581899642944e-02,2.028668522834777832e-01,-3.265071511268615723e-01,2.582251653075218201e-02,2.754281461238861084e-01,2.834715545177459717e-01,2.060388475656509399e-01,2.834715545177459717e-01,2.754281461238861084e-01,2.582251653075218201e-02,-3.265071511268615723e-01,2.028668522834777832e-01,-4.728909581899642944e-02,3.114549815654754639e-02,-2.242434024810791016e-02,-1.073104096576571465e-03
6.023486703634262085e-02,-6.782056391239166260e-02,4.830185696482658386e-02,-1.106357127428054810e-01,1.443086117506027222e-01,1.052114441990852356e-01,-3.596732318401336670e-01,3.448852570727467537e-03,9.085486084222793579e-02,2.203352302312850952e-01,9.085486084222793579e-02,3.448852570727467537e-03,-3.596732318401336670e-01,1.052114441990852356e-01,1.443086117506027222e-01,-1.106357127428054810e-01,4.830185696482658386e-02,-6.782056391239166260e-02,6.023486703634262085e-02
-8.187400549650192261e-02
4.394637886434793472e-03,-2.905721962451934814e-02,3.805407881736755371e-02,-5.364521220326423645e-02,2.068546712398529053e-01,-3.171851038932800293e-01,1.009588595479726791e-02,2.833892405033111572e-01,2.787411212921142578e-01,2.111246436834335327e-01,2.787411212921142578e-01,2.833892405033111572e-01,1.009588595479726791e-02,-3.171851038932800293e-01,2.068546712398529053e-01,-5.364521220326423645e-02,3.805407881736755371e-02,-2.905721962451934814e-02,4.394637886434793472e-03
6.004636362195014954e-02,-6.544978916645050049e-02,4.312095791101455688e-02,-9.936353564262390137e-02,1.282664835453033447e-01,1.218100935220718384e-01,-3.650293350219726562e-01,1.507803332060575485e-03,8.739578723907470703e-02,2.221552878618240356e-01,8.739578723907470703e-02,1.507803332060575485e-03,-3.650293350219726562e-01,1.218100935220718384e-01,1.282664835453033447e-01,-9.936353564262390137e-02,4.312095791101455688e-02,-6.544978916645050049e-02,6.004636362195014954e-02
-8.336485922336578369e-02
9.927227161824703217e-03,-3.396230190992355347e-02,4.419329389929771423e-02,-6.061187759041786194e-02,2.074016630649566650e-01,-3.076527416706085205e-01,-6.267403718084096909e-03,2.914718389511108398e-01,2.755413055419921875e-01,2.185627818107604980e-01,2.755413055419921875e-01,2.914718389511108398e-01,-6.267403718084096909e-03,-3.076527416706085205e-01,2.074016630649566650e-01,-6.061187759041786194e-02,4.419329389929771423e-02,-3.396230190992355347e-02,9.927227161824703217e-03
5.831304192543029785e-02,-6.196476146578788757e-02,3.656413406133651733e-02,-9.148607403039932251e-02,1.102469116449356079e-01,1.386010497808456421e-01,-3.675995171070098877e-01,-4.703986051026731730e-04,8.732996881008148193e-02,2.260265797376632690e-01,8.732996881008148193e-02,-4.703986051026731730e-04,-3.675995171070098877e-01,1.386010497808456421e-01,1.102469116449356079e-01,-9.148607403039932251e-02,3.656413406133651733e-02,-6.196476146578788757e-02,5.831304192543029785e-02
-8.486464619636535645e-02
1.051365304738283157e-02,-4.126433655619621277e-02,5.100844800472259521e-02,-6.298997253179550171e-02,2.092921435832977295e-01,-2.960070371627807617e-01,-2.259730920195579529e-02,2.985518872737884521e-01,2.704100310802459717e-01,2.242336273193359375e-01,2.704100310802459717e-01,2.985518872737884521e-01,-2.259730920195579529e-02,-2.960070371627807617e-01,2.092921435832977295e-01,-6.298997253179550171e-02,5.100844800472259521e-02,-4.126433655619621277e-02,1.051365304738283157e-02
5.851335078477859497e-02,-6.111731007695198059e-02,2.810085006058216095e-02,-7.962760329246520996e-02,9.722919762134552002e-02,1.543789356946945190e-01,-3.701610267162322998e-01,-3.320495598018169403e-03,8.532453328371047974e-02,2.257659882307052612e-01,8.532453328371047974e-02,-3.320495598018169403e-03,-3.701610267162322998e-01,1.543789356946945190e-01,9.722919762134552002e-02,-7.962760329246520996e-02,2.810085006058216095e-02,-6.111731007695198059e-02,5.851335078477859497e-02
-8.637332916259765625e-02
1.959851570427417755e-02,-4.412278160452842712e-02,5.198303982615470886e-02,-6.942479312419891357e-02,2.093236297369003296e-01,-2.828527390956878662e-01,-3.792075440287590027e-02,3.076051175594329834e-01,2.667540907859802246e-01,2.305805385112762451e-01,2.667540907859802246e-01,3.076051175594329834e-01,-3.792075440287590027e-02,-2.828527390956878662e-01,2.093236297369003296e-01,-6.942479312419891357e-02,5.198303982615470886e-02,-4.412278160452842712e-02,1.959851570427417755e-02
5.364222824573516846e-02,-5.470263212919235229e-02,2.453510835766792297e-02,-7.148978859186172485e-02,7.808827608823776245e-02,1.667779237031936646e-01,-3.720882833003997803e-01,-8.701510727405548096e-03,8.577290177345275879e-02,2.286309450864791870e-01,8.577290177345275879e-02,-8.701510727405548096e-03,-3.720882833003997803e-01,1.667779237031936646e-01,7.808827608823776245e-02,-7.148978859186172485e-02,2.453510835766792297e-02,-5.470263212919235229e-02,5.364222824573516846e-02
-8.789084106683731079e-02
2.225471846759319305e-02,-4.827172309160232544e-02,5.573199316859245300e-02,-7.280907779932022095e-02,2.063256055116653442e-01,-2.713711857795715332e-01,-5.489080771803855896e-02,3.155759871006011963e-01,2.643402218818664551e-01,2.387755513191223145e-01,2.643402218818664551e-01,3.155759871006011963e-01,-5.489080771803855896e-02,-2.713711857795715332e-01,2.063256055116653442e-01,-7.280907779932022095e-02,5.573199316859245300e-02,-4.827172309160232544e-02,2.225471846759319305e-02
5.112259462475776672e-02,-4.968290030956268311e-02,1.912192068994045258e-02,-6.138503178954124451e-02,6.289310753345489502e-02,1.788201630115509033e-01,-3.728541433811187744e-01,-1.376063283532857895e-02,8.673443645238876343e-02,2.298324555158615112e-01,8.673443645238876343e-02,-1.376063283532857895e-02,-3.728541433811187744e-01,1.788201630115509033e-01,6.289310753345489502e-02,-6.138503178954124451e-02,1.912192068994045258e-02,-4.968290030956268311e-02,5.112259462475776672e-02
-8.941713720560073853e-02
2.900485880672931671e-02,-5.067721754312515259e-02,5.863678082823753357e-02,-7.354997843503952026e-02,2.049439549446105957e-01,-2.583890557289123535e-01,-7.140379399061203003e-02,3.223885893821716309e-01,2.578885853290557861e-01,2.418377399444580078e-01,2.578885853290557861e-01,3.223885893821716309e-01,-7.140379399061203003e-02,-2.583890557289123535e-01,2.049439549446105957e-01,-7.354997843503952026e-02,5.863678082823753357e-02,-5.067721754312515259e-02,2.900485880672931671e-02
4.848319664597511292e-02,-4.646042734384536743e-02,1.164937950670719147e-02,-5.184924975037574768e-02,4.957974329590797424e-02,1.913553029298782349e-01,-3.714558482170104980e-01,-1.941991597414016724e-02,8.681863546371459961e-02,2.290501743555068970e-01,8.681863546371459961e-02,-1.941991597414016724e-02,-3.714558482170104980e-01,1.913553029298782349e-01,4.957974329590797424e-02,-5.184924975037574768e-02,1.164937950670719147e-02,-4.646042734384536743e-02,4.848319664597511292e-02
-9.095217287540435791e-02
2.738079614937305450e-02,-5.492790043354034424e-02,6.118416413664817810e-02,-7.508793473243713379e-02,2.008465826511383057e-01,-2.444812804460525513e-01,-8.741226792335510254e-02,3.292207717895507812e-01,2.564287483692169189e-01,2.510130405426025391e-01,2.564287483692169189e-01,3.292207717895507812e-01,-8.741226792335510254e-02,-2.444812804460525513e-01,2.008465826511383057e-01,-7.508793473243713379e-02,6.118416413664817810e-02,-5.492790043354034424e-02,2.738079614937305450e-02
4.506845772266387939e-02,-4.250798374414443970e-02,4.373513627797365189e-03,-4.301320761442184448e-02,3.644264861941337585e-02,2.021196335554122925e-01,-3.697660267353057861e-01,-2.549624443054199219e-02,8.992969244718551636e-02,2.298994809389114380e-01,8.992969244718551636e-02,-2.549624443054199219e-02,-3.697660267353057861e-01,2.021196335554122925e-01,3.644264861941337585e-02,-4.301320761442184448e-02,4.373513627797365189e-03,-4.250798374414443970e-02,4.506845772266387939e-02
-9.249588847160339355e-02
3.422382473945617676e-02,-5.714690312743186951e-02,6.306085735559463501e-02,-7.299174368381500244e-02,1.977413147687911987e-01,-2.318305373191833496e-01,-1.035377606749534607e-01,3.359264135360717773e-01,2.491605132818222046e-01,2.517167925834655762e-01,2.491605132818222046e-01,3.359264135360717773e-01,-1.035377606749534607e-01,-2.318305373191833496e-01,1.977413147687911987e-01,-7.299174368381500244e-02,6.306085735559463501e-02,-5.714690312743186951e-02,3.422382473945617676e-02
4.370604828000068665e-02,-3.728831931948661804e-02,-1.180370803922414780e-03,-3.323329240083694458e-02,2.443255111575126648e-02,2.115255594253540039e-01,-3.671703040599822998e-01,-3.360058739781379700e-02,8.971489965915679932e-02,2.272052168846130371e-01,8.971489965915679932e-02,-3.360058739781379700e-02,-3.671703040599822998e-01,2.115255594253540039e-01,2.443255111575126648e-02,-3.323329240083694458e-02,-1.180370803922414780e-03,-3.728831931948661804e-02,4.370604828000068665e-02
-9.404823929071426392e-02
3.203330934047698975e-02,-6.097568944096565247e-02,6.415399163961410522e-02,-7.312569767236709595e-02,1.915091425180435181e-01,-2.186068147420883179e-01,-1.192009523510932922e-01,3.427543342113494873e-01,2.491335570812225342e-01,2.608879804611206055e-01,2.491335570812225342e-01,3.427543342113494873e-01,-1.192009523510932922e-01,-2.186068147420883179e-01,1.915091425180435181e-01,-7.312569767236709595e-02,6.415399163961410522e-02,-6.097568944096565247e-02,3.203330934047698975e-02
4.013021662831306458e-02,-3.394906967878341675e-02,-8.109875954687595367e-03,-2.433658763766288757e-02,1.286998949944972992e-02,2.192770391702651978e-01,-3.633054792881011963e-01,-3.979355841875076294e-02,9.315119683742523193e-02,2.256759405136108398e-01,9.315119683742523193e-02,-3.979355841875076294e-02,-3.633054792881011963e-01,2.192770391702651978e-01,1.286998949944972992e-02,-2.433658763766288757e-02,-8.109875954687595367e-03,-3.394906967878341675e-02,4.013021662831306458e-02
-9.560918062925338745e-02
3.948456421494483948e-02,-6.016181409358978271e-02,6.288849562406539917e-02,-7.333797216415405273e-02,1.864538043737411499e-01,-2.040374577045440674e-01,-1.338793933391571045e-01,3.487316966056823730e-01,2.448397874832153320e-01,2.641649842262268066e-01,2.448397874832153320e-01,3.487316966056823730e-01,-1.338793933391571045e-01,-2.040374577045440674e-01,1.864538043737411499e-01,-7.333797216415405273e-02,6.288849562406539917e-02,-6.016181409358978271e-02,3.948456421494483948e-02
3.705313429236412048e-02,-2.696834690868854523e-02,-1.205566804856061935e-02,-1.634349673986434937e-02,8.740061311982572079e-04,2.258830815553665161e-01,-3.594261407852172852e-01,-4.906577616930007935e-02,9.575644135475158691e-02,2.243659496307373047e-01,9.575644135475158691e-02,-4.906577616930007935e-02,-3.594261407852172852e-01,2.258830815553665161e-01,8.740061311982572079e-04,-1.634349673986434937e-02,-1.205566804856061935e-02,-2.696834690868854523e-02,3.705313429236412048e-02
-9.717866033315658569e-02
3.905380889773368835e-02,-6.158291548490524292e-02,6.262660026550292969e-02,-7.208010554313659668e-02,1.803082972764968872e-01,-1.897539794445037842e-01,-1.484066545963287354e-01,3.539897203445434570e-01,2.430938631296157837e-01,2.699425518512725830e-01,2.430938631296157837e-01,3.539897203445434570e-01,-1.484066545963287354e-01,-1.897539794445037842e-01,1.803082972764968872e-01,-7.208010554313659668e-02,6.262660026550292969e-02,-6.158291548490524292e-02,3.905380889773368835e-02
3.263638541102409363e-02,-2.322231791913509369e-02,-1.882272586226463318e-02,-9.711377322673797607e-03,-9.406233206391334534e-03,2.332375496625900269e-01,-3.532692492008209229e-01,-5.738161876797676086e-02,9.970632940530776978e-02,2.228284776210784912e-01,9.970632940530776978e-02,-5.738161876797676086e-02,-3.532692492008209229e-01,2.332375496625900269e-01,-9.406233206391334534e-03,-9.711377322673797607e-03,-1.882272586226463318e-02,-2.322231791913509369e-02,3.263638541102409363e-02
-9.875663369894027710e-02
4.224335774779319763e-02,-6.216913834214210510e-02,6.133802235126495361e-02,-7.047068327665328979e-02,1.731201708316802979e-01,-1.767633855342864990e-01,-1.626219898462295532e-01,3.593741357326507568e-01,2.409652322530746460e-01,2.739442288875579834e-01,2.409652322530746460e-01,3.593741357326507568e-01,-1.626219898462295532e-01,-1.767633855342864990e-01,1.731201708316802979e-01,-7.047068327665328979e-02,6.133802235126495361e-02,-6.216913834214210510e-02,4.224335774779319763e-02
3.073543682694435120e-02,-1.740388385951519012e-02,-2.228740416467189789e-02,-1.760093000484630466e-04,-1.785841770470142365e-02,2.373471111059188843e-01,-3.479823470115661621e-01,-6.663832068443298340e-02,1.022160127758979797e-01,2.192281931638717651e-01,1.022160127758979797e-01,-6.663832068443298340e-02,-3.479823470115661621e-01,2.373471111059188843e-01,-1.785841770470142365e-02,-1.760093000484630466e-04,-2.228740416467189789e-02,-1.740388385951519012e-02,3.073543682694435120e-02
-1.003430560231208801e-01
4.232449457049369812e-02,-6.325271725654602051e-02,6.064610555768013000e-02,-6.728560477495193481e-02,1.663836836814880371e-01,-1.633303314447402954e-01,-1.768379062414169312e-01,3.627759516239166260e-01,2.385748028755187988e-01,2.776139080524444580e-01,2.385748028755187988e-01,3.627759516239166260e-01,-1.768379062414169312e-01,-1.633303314447402954e-01,1.663836836814880371e-01,-6.728560477495193481e-02,6.064610555768013000e-02,-6.325271725654602051e-02,4.232449457049369812e-02
2.752369083464145660e-02,-1.307972613722085953e-02,-2.840152569115161896e-02,4.818638786673545837e-03,-2.784455567598342896e-02,2.417727410793304443e-01,-3.405916690826416016e-01,-7.554270327091217041e-02,1.071242466568946838e-01,2.173369675874710083e-01,1.071242466568946838e-01,-7.554270327091217041e-02,-3.405916690826416016e-01,2.417727410793304443e-01,-2.784455567598342896e-02,4.818638786673545837e-03,-2.840152569115161896e-02,-1.307972613722085953e-02,2.752369083464145660e-02
-1.019378826022148132e-01
4.403533414006233215e-02,-6.423059105873107910e-02,5.931188538670539856e-02,-6.208891421556472778e-02,1.611912399530410767e-01,-1.495477110147476196e-01,-1.898469924926757812e-01,3.668495118618011475e-01,2.360569685697555542e-01,2.794531881809234619e-01,2.360569685697555542e-01,3.668495118618011475e-01,-1.898469924926757812e-01,-1.495477110147476196e-01,1.611912399530410767e-01,-6.208891421556472778e-02,5.931188538670539856e-02,-6.423059105873107910e-02,4.403533414006233215e-02
2.541598863899707794e-02,-9.193368256092071533e-03,-3.338167443871498108e-02,1.223666407167911530e-02,-3.512535616755485535e-02,2.440367937088012695e-01,-3.341632783412933350e-01,-8.584453165531158447e-02,1.095024049282073975e-01,2.125950455665588379e-01,1.095024049282073975e-01,-8.584453165531158447e-02,-3.341632783412933350e-01,2.440367937088012695e-01,-3.512535616755485535e-02,1.223666407167911530e-02,-3.338167443871498108e-02,-9.193368256092071533e-03,2.541598863899707794e-02
-1.035410687327384949e-01
5.447360128164291382e-02,-5.108648911118507385e-02,5.507296696305274963e-02,-7.138840109109878540e-02,1.442667394876480103e-01,-1.399225443601608276e-01,-2.033531665802001953e-01,3.701446652412414551e-01,2.379449456930160522e-01,2.861250936985015869e-01,2.379449456930160522e-01,3.701446652412414551e-01,-2.033531665802001953e-01,-1.399225443601608276e-01,1.442667394876480103e-01,-7.138840109109878540e-02,5.507296696305274963e-02,-5.108648911118507385e-02,5.447360128164291382e-02
1.430726051330566406e-02,4.267856013029813766e-03,-2.170703932642936707e-02,2.302779816091060638e-02,-4.811474308371543884e-02,2.391870617866516113e-01,-3.300492167472839355e-01,-9.902793914079666138e-02,1.126084253191947937e-01,2.098086029291152954e-01,1.126084253191947937e-01,-9.902793914079666138e-02,-3.300492167472839355e-01,2.391870617866516113e-01,-4.811474308371543884e-02,2.302779816091060638e-02,-2.170703932642936707e-02,4.267856013029813766e-03,1.430726051330566406e-02
-1.051525771617889404e-01
4.582642018795013428e-02,-6.202692165970802307e-02,5.477801710367202759e-02,-5.708523094654083252e-02,1.456793695688247681e-01,-1.226791217923164368e-01,-2.136217206716537476e-01,3.730315566062927246e-01,2.356632351875305176e-01,2.867641448974609375e-01,2.356632351875305176e-01,3.730315566062927246e-01,-2.136217206716537476e-01,-1.226791217923164368e-01,1.456793695688247681e-01,-5.708523094654083252e-02,5.477801710367202759e-02,-6.202692165970802307e-02,4.582642018795013428e-02
1.787075400352478027e-02,-5.599751020781695843e-04,-4.148270562291145325e-02,2.340990118682384491e-02,-4.928294196724891663e-02,2.476548701524734497e-01,-3.181486129760742188e-01,-1.062710881233215332e-01,1.189548000693321228e-01,2.071243226528167725e-01,1.189548000693321228e-01,-1.062710881233215332e-01,-3.181486129760742188e-01,2.476548701524734497e-01,-4.928294196724891663e-02,2.340990118682384491e-02,-4.148270562291145325e-02,-5.599751020781695843e-04,1.787075400352478027e-02
-1.067723557353019714e-01
4.662888124585151672e-02,-5.981702357530593872e-02,5.230463668704032898e-02,-5.457826703786849976e-02,1.370194852352142334e-01,-1.105472818017005920e-01,-2.252906858921051025e-01,3.748509287834167480e-01,2.357558161020278931e-01,2.894110977649688721e-01,2.357558161020278931e-01,3.748509287834167480e-01,-2.252906858921051025e-01,-1.105472818017005920e-01,1.370194852352142334e-01,-5.457826703786849976e-02,5.230463668704032898e-02,-5.981702357530593872e-02,4.662888124585151672e-02
1.626915298402309418e-02,3.791249589994549751e-03,-4.647885635495185852e-02,2.726165577769279480e-02,-5.453169345855712891e-02,2.504775822162628174e-01,-3.080676198005676270e-01,-1.162980571389198303e-01,1.238042041659355164e-01,2.039215564727783203e-01,1.238042041659355164e-01,-1.162980571389198303e-01,-3.080676198005676270e-01,2.504775822162628174e-01,-5.453169345855712891e-02,2.726165577769279480e-02,-4.647885635495185852e-02,3.791249589994549751e-03,1.626915298402309418e-02
-1.084003672003746033e-01
4.723181948065757751e-02,-5.955483764410018921e-02,4.946916922926902771e-02,-4.982291534543037415e-02,1.297006905078887939e-01,-9.904494881629943848e-02,-2.364981472492218018e-01,3.764351308345794678e-01,2.353752702474594116e-01,2.902510166168212891e-01,2.353752702474594116e-01,3.764351308345794678e-01,-2.364981472492218018e-01,-9.904494881629943848e-02,1.297006905078887939e-01,-4.982291534543037415e-02,4.946916922926902771e-02,-5.955483764410018921e-02,4.723181948065757751e-02
1.363202929496765137e-02,7.099853362888097763e-03,-5.066734179854393005e-02,3.177149966359138489e-02,-5.883890017867088318e-02,2.520735263824462891e-01,-2.976659238338470459e-01,-1.264615356922149658e-01,1.268510371446609497e-01,1.988341808319091797e-01,1.268510371446609497e-01,-1.264615356922149658e-01,-2.976659238338470459e-01,2.520735263824462891e-01,-5.883890017867088318e-02,3.177149966359138489e-02,-5.066734179854393005e-02,7.099853362888097763e-03,1.363202929496765137e-02
-1.100365743041038513e-01
5.025472864508628845e-02,-5.145194754004478455e-02,4.560463130474090576e-02,-5.240078642964363098e-02,1.177785769104957581e-01,-8.759835362434387207e-02,-2.458009421825408936e-01,3.789803981781005859e-01,2.401333004236221313e-01,2.963100373744964600e-01,2.401333004236221313e-01,3.789803981781005859e-01,-2.458009421825408936e-01,-8.759835362434387207e-02,1.177785769104957581e-01,-5.240078642964363098e-02,4.560463130474090576e-02,-5.145194754004478455e-02,5.025472864508628845e-02
3.988269250839948654e-03,1.560152415186166763e-02,-4.063370451331138611e-02,4.285498708486557007e-02,-6.702800095081329346e-02,2.428429424762725830e-01,-2.929247021675109863e-01,-1.391863226890563965e-01,1.308569908142089844e-01,1.950477659702301025e-01,1.308569908142089844e-01,-1.391863226890563965e-01,-2.929247021675109863e-01,2.428429424762725830e-01,-6.702800095081329346e-02,4.285498708486557007e-02,-4.063370451331138611e-02,1.560152415186166763e-02,3.988269250839948654e-03
-1.116809248924255371e-01
4.363681375980377197e-02,-5.657725036144256592e-02,4.414130374789237976e-02,-4.262333735823631287e-02,1.143048629164695740e-01,-7.390087842941284180e-02,-2.541529238224029541e-01,3.793120086193084717e-01,2.401512861251831055e-01,2.963854074478149414e-01,2.401512861251831055e-01,3.793120086193084717e-01,-2.541529238224029541e-01,-7.390087842941284180e-02,1.143048629164695740e-01,-4.262333735823631287e-02,4.414130374789237976e-02,-5.657725036144256592e-02,4.363681375980377197e-02
5.849118810147047043e-03,1.372786425054073334e-02,-5.331085249781608582e-02,4.278285056352615356e-02,-6.775294244289398193e-02,2.460484802722930908e-01,-2.813931107521057129e-01,-1.488096863031387329e-01,1.367324888706207275e-01,1.923683881759643555e-01,1.367324888706207275e-01,-1.488096863031387329e-01,-2.813931107521057129e-01,2.460484802722930908e-01,-6.775294244289398193e-02,4.278285056352615356e-02,-5.331085249781608582e-02,1.372786425054073334e-02,5.849118810147047043e-03
-1.133333891630172729e-01
4.478610306978225708e-02,-5.425235629081726074e-02,4.118451848626136780e-02,-3.859777748584747314e-02,1.062867343425750732e-01,-6.306371092796325684e-02,-2.631628215312957764e-01,3.786516785621643066e-01,2.403290420770645142e-01,2.958522439002990723e-01,2.403290420770645142e-01,3.786516785621643066e-01,-2.631628215312957764e-01,-6.306371092796325684e-02,1.062867343425750732e-01,-3.859777748584747314e-02,4.118451848626136780e-02,-5.425235629081726074e-02,4.478610306978225708e-02
3.722178516909480095e-03,1.820126175880432129e-02,-5.524739250540733337e-02,4.565288126468658447e-02,-7.126284390687942505e-02,2.453098595142364502e-01,-2.707818150520324707e-01,-1.598702371120452881e-01,1.412820070981979370e-01,1.894853711128234863e-01,1.412820070981979370e-01,-1.598702371120452881e-01,-2.707818150520324707e-01,2.453098595142364502e-01,-7.126284390687942505e-02,4.565288126468658447e-02,-5.524739250540733337e-02,1.820126175880432129e-02,3.722178516909480095e-03
-1.149939149618148804e-01
4.744699224829673767e-02,-4.749045521020889282e-02,3.804760798811912537e-02,-3.726751357316970825e-02,9.598592668771743774e-02,-5.459818616509437561e-02,-2.726086676120758057e-01,3.774818181991577148e-01,2.409002780914306641e-01,2.946532964706420898e-01,2.409002780914306641e-01,3.774818181991577148e-01,-2.726086676120758057e-01,-5.459818616509437561e-02,9.598592668771743774e-02,-3.726751357316970825e-02,3.804760798811912537e-02,-4.749045521020889282e-02,4.744699224829673767e-02
-2.782439347356557846e-03,2.388256601989269257e-02,-5.223453417420387268e-02,4.931189864873886108e-02,-7.702127099037170410e-02,2.413554191589355469e-01,-2.605906128883361816e-01,-1.713273227214813232e-01,1.442361176013946533e-01,1.851506084203720093e-01,1.442361176013946533e-01,-1.713273227214813232e-01,-2.605906128883361816e-01,2.413554191589355469e-01,-7.702127099037170410e-02,4.931189864873886108e-02,-5.223453417420387268e-02,2.388256601989269257e-02,-2.782439347356557846e-03
-1.166624799370765686e-01
4.481769725680351257e-02,-5.177167057991027832e-02,3.318351879715919495e-02,-2.979332208633422852e-02,9.172499179840087891e-02,-4.328150302171707153e-02,-2.802784144878387451e-01,3.763841986656188965e-01,2.439790815114974976e-01,2.957018017768859863e-01,2.439790815114974976e-01,3.763841986656188965e-01,-2.802784144878387451e-01,-4.328150302171707153e-02,9.172499179840087891e-02,-2.979332208633422852e-02,3.318351879715919495e-02,-5.177167057991027832e-02,4.481769725680351257e-02
9.173403959721326828e-04,2.570524625480175018e-02,-5.932870879769325256e-02,5.039018765091896057e-02,-7.781948149204254150e-02,2.394831329584121704e-01,-2.492175698280334473e-01,-1.797858029603958130e-01,1.497330367565155029e-01,1.811753958463668823e-01,1.497330367565155029e-01,-1.797858029603958130e-01,-2.492175698280334473e-01,2.394831329584121704e-01,-7.781948149204254150e-02,5.039018765091896057e-02,-5.932870879769325256e-02,2.570524625480175018e-02,9.173403959721326828e-04
-1.183390393853187561e-01
4.635950550436973572e-02,-4.373348876833915710e-02,3.065253980457782745e-02,-2.912574820220470428e-02,8.211302012205123901e-02,-3.347356989979743958e-02,-2.869507968425750732e-01,3.742994070053100586e-01,2.463350743055343628e-01,2.956047356128692627e-01,2.463350743055343628e-01,3.742994070053100586e-01,-2.869507968425750732e-01,-3.347356989979743958e-02,8.211302012205123901e-02,-2.912574820220470428e-02,3.065253980457782745e-02,-4.373348876833915710e-02,4.635950550436973572e-02
-8.515671826899051666e-03,2.933815680444240570e-02,-5.477077141404151917e-02,5.462032184004783630e-02,-8.230396360158920288e-02,2.335781008005142212e-01,-2.402013689279556274e-01,-1.922371983528137207e-01,1.533572971820831299e-01,1.784169971942901611e-01,1.533572971820831299e-01,-1.922371983528137207e-01,-2.402013689279556274e-01,2.335781008005142212e-01,-8.230396360158920288e-02,5.462032184004783630e-02,-5.477077141404151917e-02,2.933815680444240570e-02,-8.515671826899051666e-03
-1.200235486030578613e-01
4.531015083193778992e-02,-3.605021908879280090e-02,2.740905620157718658e-02,-2.869103848934173584e-02,7.545024901628494263e-02,-1.894901879131793976e-02,-2.896462976932525635e-01,3.723518848419189453e-01,2.492462545633316040e-01,2.955036461353302002e-01,2.492462545633316040e-01,3.723518848419189453e-01,-2.896462976932525635e-01,-1.894901879131793976e-02,7.545024901628494263e-02,-2.869103848934173584e-02,2.740905620157718658e-02,-3.605021908879280090e-02,4.531015083193778992e-02
-1.547350548207759857e-02,2.815686352550983429e-02,-5.730043351650238037e-02,5.699328333139419556e-02,-8.239954710006713867e-02,2.340857535600662231e-01,-2.254885584115982056e-01,-1.996271014213562012e-01,1.580839455127716064e-01,1.745326966047286987e-01,1.580839455127716064e-01,-1.996271014213562012e-01,-2.254885584115982056e-01,2.340857535600662231e-01,-8.239954710006713867e-02,5.699328333139419556e-02,-5.730043351650238037e-02,2.815686352550983429e-02,-1.547350548207759857e-02
-1.217159777879714966e-01
4.205641895532608032e-02,-4.563519731163978577e-02,2.350039780139923096e-02,-1.655834913253784180e-02,7.134231179952621460e-02,-1.427167840301990509e-02,-2.987611293792724609e-01,3.708227276802062988e-01,2.543016672134399414e-01,2.958413064479827881e-01,2.543016672134399414e-01,3.708227276802062988e-01,-2.987611293792724609e-01,-1.427167840301990509e-02,7.134231179952621460e-02,-1.655834913253784180e-02,2.350039780139923096e-02,-4.563519731163978577e-02,4.205641895532608032e-02
-5.209474358707666397e-03,3.135685995221138000e-02,-6.455496698617935181e-02,5.688438937067985535e-02,-8.067970722913742065e-02,2.294936627149581909e-01,-2.166186124086380005e-01,-2.100783586502075195e-01,1.625535637140274048e-01,1.712373346090316772e-01,1.625535637140274048e-01,-2.100783586502075195e-01,-2.166186124086380005e-01,2.294936627149581909e-01,-8.067970722913742065e-02,5.688438937067985535e-02,-6.455496698617935181e-02,3.135685995221138000e-02,-5.209474358707666397e-03
-1.234162896871566772e-01
3.949221596121788025e-02,-4.149050265550613403e-02,2.030906826257705688e-02,-1.420309580862522125e-02,6.407354027032852173e-02,-4.581038374453783035e-03,-3.026143014430999756e-01,3.683336675167083740e-01,2.580553293228149414e-01,2.950493693351745605e-01,2.580553293228149414e-01,3.683336675167083740e-01,-3.026143014430999756e-01,-4.581038374453783035e-03,6.407354027032852173e-02,-1.420309580862522125e-02,2.030906826257705688e-02,-4.149050265550613403e-02,3.949221596121788025e-02
-1.023334823548793793e-02,3.359615057706832886e-02,-6.291747093200683594e-02,5.951767787337303162e-02,-8.193892985582351685e-02,2.234455645084381104e-01,-2.075744569301605225e-01,-2.219186723232269287e-01,1.655694097280502319e-01,1.685780733823776245e-01,1.655694097280502319e-01,-2.219186723232269287e-01,-2.075744569301605225e-01,2.234455645084381104e-01,-8.193892985582351685e-02,5.951767787337303162e-02,-6.291747093200683594e-02,3.359615057706832886e-02,-1.023334823548793793e-02
-1.251244395971298218e-01
4.386138916015625000e-02,-2.829287387430667877e-02,1.703425124287605286e-02,-1.905412971973419189e-02,5.115100368857383728e-02,3.227703738957643509e-03,-3.063127696514129639e-01,3.641223609447479248e-01,2.614051103591918945e-01,2.939235270023345947e-01,2.614051103591918945e-01,3.641223609447479248e-01,-3.063127696514129639e-01,3.227703738957643509e-03,5.115100368857383728e-02,-1.905412971973419189e-02,1.703425124287605286e-02,-2.829287387430667877e-02,4.386138916015625000e-02
-2.077567391097545624e-02,4.093300923705101013e-02,-5.196052417159080505e-02,6.202870607376098633e-02,-8.902379870414733887e-02,2.145313918590545654e-01,-1.979702562093734741e-01,-2.335623502731323242e-01,1.691649109125137329e-01,1.679602414369583130e-01,1.691649109125137329e-01,-2.335623502731323242e-01,-1.979702562093734741e-01,2.145313918590545654e-01,-8.902379870414733887e-02,6.202870607376098633e-02,-5.196052417159080505e-02,4.093300923705101013e-02,-2.077567391097545624e-02
-1.268403977155685425e-01
4.080653190612792969e-02,-3.639812022447586060e-02,1.293812878429889679e-02,-7.439177948981523514e-03,4.888055473566055298e-02,8.707882836461067200e-03,-3.120560944080352783e-01,3.609751760959625244e-01,2.643344998359680176e-01,2.901737391948699951e-01,2.643344998359680176e-01,3.609751760959625244e-01,-3.120560944080352783e-01,8.707882836461067200e-03,4.888055473566055298e-02,-7.439177948981523514e-03,1.293812878429889679e-02,-3.639812022447586060e-02,4.080653190612792969e-02
-9.812784381210803986e-03,4.053891077637672424e-02,-6.417220085859298706e-02,5.885542929172515869e-02,-8.352712541818618774e-02,2.156562656164169312e-01,-1.846803426742553711e-01,-2.412068247795104980e-01,1.721631139516830444e-01,1.629579514265060425e-01,1.721631139516830444e-01,-2.412068247795104980e-01,-1.846803426742553711e-01,2.156562656164169312e-01,-8.352712541818618774e-02,5.885542929172515869e-02,-6.417220085859298706e-02,4.053891077637672424e-02,-9.812784381210803986e-03
-1.285641342401504517e-01
4.009189829230308533e-02,-3.317473828792572021e-02,1.006818003952503204e-02,-2.839698921889066696e-03,4.438913986086845398e-02,1.681943237781524658e-02,-3.163650333881378174e-01,3.558062911033630371e-01,2.686271965503692627e-01,2.888167798519134521e-01,2.686271965503692627e-01,3.558062911033630371e-01,-3.163650333881378174e-01,1.681943237781524658e-02,4.438913986086845398e-02,-2.839698921889066696e-03,1.006818003952503204e-02,-3.317473828792572021e-02,4.009189829230308533e-02
-1.129921246320009232e-02,4.253147169947624207e-02,-6.464465707540512085e-02,5.820766463875770569e-02,-8.368119597434997559e-02,2.120483666658401489e-01,-1.724364608526229858e-01,-2.498018443584442139e-01,1.756735593080520630e-01,1.608464717864990234e-01,1.756735593080520630e-01,-2.498018443584442139e-01,-1.724364608526229858e-01,2.120483666658401489e-01,-8.368119597434997559e-02,5.820766463875770569e-02,-6.464465707540512085e-02,4.253147169947624207e-02,-1.129921246320009232e-02
-1.302956044673919678e-01
3.397032991051673889e-02,-3.131806105375289917e-02,8.150592446327209473e-03,3.253489267081022263e-03,4.266254231333732605e-02,2.852317504584789276e-02,-3.150836229324340820e-01,3.547943830490112305e-01,2.758664488792419434e-01,2.888975441455841064e-01,2.758664488792419434e-01,3.547943830490112305e-01,-3.150836229324340820e-01,2.852317504584789276e-02,4.266254231333732605e-02,3.253489267081022263e-03,8.150592446327209473e-03,-3.131806105375289917e-02,3.397032991051673889e-02
-1.832296140491962433e-02,4.091458395123481750e-02,-6.429398804903030396e-02,5.946275219321250916e-02,-8.439617604017257690e-02,2.035626769065856934e-01,-1.632089167833328247e-01,-2.590437531471252441e-01,1.784019023180007935e-01,1.577976793050765991e-01,1.784019023180007935e-01,-2.590437531471252441e-01,-1.632089167833328247e-01,2.035626769065856934e-01,-8.439617604017257690e-02,5.946275219321250916e-02,-6.429398804903030396e-02,4.091458395123481750e-02,-1.832296140491962433e-02
-1.320347785949707031e-01
3.421020135283470154e-02,-3.043885156512260437e-02,2.977424301207065582e-03,3.982221707701683044e-03,3.361725807189941406e-02,3.259722515940666199e-02,-3.187836706638336182e-01,3.491567075252532959e-01,2.808241546154022217e-01,2.874695956707000732e-01,2.808241546154022217e-01,3.491567075252532959e-01,-3.187836706638336182e-01,3.259722515940666199e-02,3.361725807189941406e-02,3.982221707701683044e-03,2.977424301207065582e-03,-3.043885156512260437e-02,3.421020135283470154e-02
-1.682298257946968079e-02,4.447237402200698853e-02,-6.197094172239303589e-02,6.135279685258865356e-02,-8.189614117145538330e-02,1.992503553628921509e-01,-1.525367200374603271e-01,-2.675186097621917725e-01,1.824359148740768433e-01,1.568825393915176392e-01,1.824359148740768433e-01,-2.675186097621917725e-01,-1.525367200374603271e-01,1.992503553628921509e-01,-8.189614117145538330e-02,6.135279685258865356e-02,-6.197094172239303589e-02,4.447237402200698853e-02,-1.682298257946968079e-02
-1.337816268205642700e-01
3.405778855085372925e-02,-2.624314464628696442e-02,5.506529123522341251e-04,7.265180349349975586e-03,2.819823287427425385e-02,3.890589624643325806e-02,-3.198151588439941406e-01,3.446262180805206299e-01,2.842978537082672119e-01,2.831394076347351074e-01,2.842978537082672119e-01,3.446262180805206299e-01,-3.198151588439941406e-01,3.890589624643325806e-02,2.819823287427425385e-02,7.265180349349975586e-03,5.506529123522341251e-04,-2.624314464628696442e-02,3.405778855085372925e-02
-2.122539281845092773e-02,4.436580091714859009e-02,-6.112210080027580261e-02,6.105159595608711243e-02,-8.152858167886734009e-02,1.935098320245742798e-01,-1.425799727439880371e-01,-2.773729562759399414e-01,1.835151463747024536e-01,1.545266509056091309e-01,1.835151463747024536e-01,-2.773729562759399414e-01,-1.425799727439880371e-01,1.935098320245742798e-01,-8.152858167886734009e-02,6.105159595608711243e-02,-6.112210080027580261e-02,4.436580091714859009e-02,-2.122539281845092773e-02
-1.355361044406890869e-01
3.456222265958786011e-02,-2.079965546727180481e-02,-2.670021494850516319e-03,9.384774602949619293e-03,2.328875660896301270e-02,4.521482437849044800e-02,-3.219095468521118164e-01,3.380761146545410156e-01,2.883696258068084717e-01,2.799579799175262451e-01,2.883696258068084717e-01,3.380761146545410156e-01,-3.219095468521118164e-01,4.521482437849044800e-02,2.328875660896301270e-02,9.384774602949619293e-03,-2.670021494850516319e-03,-2.079965546727180481e-02,3.456222265958786011e-02
-2.494897507131099701e-02,4.528775438666343689e-02,-6.091506779193878174e-02,5.920809507369995117e-02,-8.099650591611862183e-02,1.899318099021911621e-01,-1.300425231456756592e-01,-2.846632599830627441e-01,1.858101487159729004e-01,1.526534855365753174e-01,1.858101487159729004e-01,-2.846632599830627441e-01,-1.300425231456756592e-01,1.899318099021911621e-01,-8.099650591611862183e-02,5.920809507369995117e-02,-6.091506779193878174e-02,4.528775438666343689e-02,-2.494897507131099701e-02
-1.372981965541839600e-01
3.223607316613197327e-02,-1.512691099196672440e-02,-5.437300540506839752e-03,8.753715083003044128e-03,1.593630760908126831e-02,5.175729840993881226e-02,-3.207404315471649170e-01,3.348066806793212891e-01,2.966300845146179199e-01,2.802610993385314941e-01,2.966300845146179199e-01,3.348066806793212891e-01,-3.207404315471649170e-01,5.175729840993881226e-02,1.593630760908126831e-02,8.753715083003044128e-03,-5.437300540506839752e-03,-1.512691099196672440e-02,3.223607316613197327e-02
-2.904429100453853607e-02,4.899450019001960754e-02,-5.295062065124511719e-02,6.110734120011329651e-02,-8.448325097560882568e-02,1.773888021707534790e-01,-1.230342388153076172e-01,-2.938073575496673584e-01,1.877163350582122803e-01,1.517009586095809937e-01,1.877163350582122803e-01,-2.938073575496673584e-01,-1.230342388153076172e-01,1.773888021707534790e-01,-8.448325097560882568e-02,6.110734120011329651e-02,-5.295062065124511719e-02,4.899450019001960754e-02,-2.904429100453853607e-02
-1.390678435564041138e-01
3.006862662732601166e-02,-1.312978565692901611e-02,-7.857309654355049133e-03,1.142005156725645065e-02,1.031083893030881882e-02,5.634709447622299194e-02,-3.212389647960662842e-01,3.289518654346466064e-01,3.020033240318298340e-01,2.777979671955108643e-01,3.020033240318298340e-01,3.289518654346466064e-01,-3.212389647960662842e-01,5.634709447622299194e-02,1.031083893030881882e-02,1.142005156725645065e-02,-7.857309654355049133e-03,-1.312978565692901611e-02,3.006862662732601166e-02
-2.932901307940483093e-02,5.007597059011459351e-02,-5.136018991470336914e-02,6.156942620873451233e-02,-8.188876509666442871e-02,1.723076254129409790e-01,-1.127212718129158020e-01,-3.014831840991973877e-01,1.898055672645568848e-01,1.508186608552932739e-01,1.898055672645568848e-01,-3.014831840991973877e-01,-1.127212718129158020e-01,1.723076254129409790e-01,-8.188876509666442871e-02,6.156942620873451233e-02,-5.136018991470336914e-02,5.007597059011459351e-02,-2.932901307940483093e-02
-1.408450454473495483e-01
2.866151556372642517e-02,-1.000999752432107925e-02,-9.591387584805488586e-03,1.452907361090183258e-02,5.765851121395826340e-03,6.130603328347206116e-02,-3.209724724292755127e-01,3.227869570255279541e-01,3.069581687450408936e-01,2.745801210403442383e-01,3.069581687450408936e-01,3.227869570255279541e-01,-3.209724724292755127e-01,6.130603328347206116e-02,5.765851121395826340e-03,1.452907361090183258e-02,-9.591387584805488586e-03,-1.000999752432107925e-02,2.866151556372642517e-02
-2.982296794652938843e-02,5.007944628596305847e-02,-5.137981474399566650e-02,6.006836146116256714e-02,-7.964345067739486694e-02,1.679461300373077393e-01,-1.021663844585418701e-01,-3.089804351329803467e-01,1.913976073265075684e-01,1.501162052154541016e-01,1.913976073265075684e-01,-3.089804351329803467e-01,-1.021663844585418701e-01,1.679461300373077393e-01,-7.964345067739486694e-02,6.006836146116256714e-02,-5.137981474399566650e-02,5.007944628596305847e-02,-2.982296794652938843e-02
-1.426297426223754883e-01
2.762708999216556549e-02,-1.554428972303867340e-02,-1.381849870085716248e-02,2.241755649447441101e-02,3.139813896268606186e-03,6.094136089086532593e-02,-3.243876695632934570e-01,3.164986968040466309e-01,3.110762834548950195e-01,2.693651020526885986e-01,3.110762834548950195e-01,3.164986968040466309e-01,-3.243876695632934570e-01,6.094136089086532593e-02,3.139813896268606186e-03,2.241755649447441101e-02,-1.381849870085716248e-02,-1.554428972303867340e-02,2.762708999216556549e-02
-2.171335555613040924e-02,5.082433298230171204e-02,-5.763970315456390381e-02,5.615890398621559143e-02,-7.420648634433746338e-02,1.658353507518768311e-01,-9.114310145378112793e-02,-3.151327073574066162e-01,1.912325620651245117e-01,1.463165581226348877e-01,1.912325620651245117e-01,-3.151327073574066162e-01,-9.114310145378112793e-02,1.658353507518768311e-01,-7.420648634433746338e-02,5.615890398621559143e-02,-5.763970315456390381e-02,5.082433298230171204e-02,-2.171335555613040924e-02
-1.444219201803207397e-01
2.407656610012054443e-02,-7.069684565067291260e-03,-1.583746448159217834e-02,1.955690234899520874e-02,-3.135850420221686363e-03,6.767879426479339600e-02,-3.218729197978973389e-01,3.105144500732421875e-01,3.189431428909301758e-01,2.692784368991851807e-01,3.189431428909301758e-01,3.105144500732421875e-01,-3.218729197978973389e-01,6.767879426479339600e-02,-3.135850420221686363e-03,1.955690234899520874e-02,-1.583746448159217834e-02,-7.069684565067291260e-03,2.407656610012054443e-02
-3.347168490290641785e-02,5.021184310317039490e-02,-4.845738783478736877e-02,5.838501825928688049e-02,-7.702123373746871948e-02,1.548754125833511353e-01,-8.257237821817398071e-02,-3.210345804691314697e-01,1.945483982563018799e-01,1.477511078119277954e-01,1.945483982563018799e-01,-3.210345804691314697e-01,-8.257237821817398071e-02,1.548754125833511353e-01,-7.702123373746871948e-02,5.838501825928688049e-02,-4.845738783478736877e-02,5.021184310317039490e-02,-3.347168490290641785e-02
-1.462215334177017212e-01
2.171219140291213989e-02,-1.012056972831487656e-02,-1.981551386415958405e-02,2.439695410430431366e-02,-5.549055524170398712e-03,6.997690349817276001e-02,-3.232668042182922363e-01,3.021674752235412598e-01,3.221219480037689209e-01,2.639961540699005127e-01,3.221219480037689209e-01,3.021674752235412598e-01,-3.232668042182922363e-01,6.997690349817276001e-02,-5.549055524170398712e-03,2.439695410430431366e-02,-1.981551386415958405e-02,-1.012056972831487656e-02,2.171219140291213989e-02
-3.008569404482841492e-02,5.115826427936553955e-02,-5.061029642820358276e-02,5.641975626349449158e-02,-7.151757180690765381e-02,1.521639227867126465e-01,-7.283019274473190308e-02,-3.279485106468200684e-01,1.952113956212997437e-01,1.472420096397399902e-01,1.952113956212997437e-01,-3.279485106468200684e-01,-7.283019274473190308e-02,1.521639227867126465e-01,-7.151757180690765381e-02,5.641975626349449158e-02,-5.061029642820358276e-02,5.115826427936553955e-02,-3.008569404482841492e-02
-1.480285674333572388e-01
2.123211696743965149e-02,-6.312800105661153793e-03,-2.202273532748222351e-02,2.544856630265712738e-02,-9.300199337303638458e-03,7.451830804347991943e-02,-3.220466077327728271e-01,2.937457263469696045e-01,3.259597122669219971e-01,2.594341635704040527e-01,3.259597122669219971e-01,2.937457263469696045e-01,-3.220466077327728271e-01,7.451830804347991943e-02,-9.300199337303638458e-03,2.544856630265712738e-02,-2.202273532748222351e-02,-6.312800105661153793e-03,2.123211696743965149e-02
-3.128978237509727478e-02,5.248140171170234680e-02,-4.643406718969345093e-02,5.699060112237930298e-02,-6.937284022569656372e-02,1.460712105035781860e-01,-6.417382508516311646e-02,-3.350429236888885498e-01,1.958655565977096558e-01,1.479988396167755127e-01,1.958655565977096558e-01,-3.350429236888885498e-01,-6.417382508516311646e-02,1.460712105035781860e-01,-6.937284022569656372e-02,5.699060112237930298e-02,-4.643406718969345093e-02,5.248140171170234680e-02,-3.128978237509727478e-02
-1.498429775238037109e-01
1.477420236915349960e-02,-1.400293130427598953e-02,-2.419962361454963684e-02,3.771850094199180603e-02,-2.552601275965571404e-03,8.204834163188934326e-02,-3.197476863861083984e-01,2.869211137294769287e-01,3.290640413761138916e-01,2.528723180294036865e-01,3.290640413761138916e-01,2.869211137294769287e-01,-3.197476863861083984e-01,8.204834163188934326e-02,-2.552601275965571404e-03,3.771850094199180603e-02,-2.419962361454963684e-02,-1.400293130427598953e-02,1.477420236915349960e-02
-2.687260881066322327e-02,4.707486182451248169e-02,-5.987624824047088623e-02,4.744321480393409729e-02,-6.443706154823303223e-02,1.479239314794540405e-01,-5.032184347510337830e-02,-3.385843634605407715e-01,1.966799199581146240e-01,1.476680934429168701e-01,1.966799199581146240e-01,-3.385843634605407715e-01,-5.032184347510337830e-02,1.479239314794540405e-01,-6.443706154823303223e-02,4.744321480393409729e-02,-5.987624824047088623e-02,4.707486182451248169e-02,-2.687260881066322327e-02
-1.516647487878799438e-01
1.987948454916477203e-02,-1.302353688515722752e-03,-2.495536953210830688e-02,3.114262409508228302e-02,-1.547706220299005508e-02,7.953589409589767456e-02,-3.194848597049713135e-01,2.794796228408813477e-01,3.353900015354156494e-01,2.506842017173767090e-01,3.353900015354156494e-01,2.794796228408813477e-01,-3.194848597049713135e-01,7.953589409589767456e-02,-1.547706220299005508e-02,3.114262409508228302e-02,-2.495536953210830688e-02,-1.302353688515722752e-03,1.987948454916477203e-02
-3.124236874282360077e-02,5.208380892872810364e-02,-4.465455189347267151e-02,5.319279059767723083e-02,-6.624408811330795288e-02,1.334936320781707764e-01,-4.685624688863754272e-02,-3.469341397285461426e-01,1.944915950298309326e-01,1.465141624212265015e-01,1.944915950298309326e-01,-3.469341397285461426e-01,-4.685624688863754272e-02,1.334936320781707764e-01,-6.624408811330795288e-02,5.319279059767723083e-02,-4.465455189347267151e-02,5.208380892872810364e-02,-3.124236874282360077e-02
-1.534938365221023560e-01
1.819566823542118073e-02,3.245007974328473210e-05,-2.644889056682586670e-02,3.444234281778335571e-02,-1.770185492932796478e-02,8.228256553411483765e-02,-3.165868818759918213e-01,2.734662294387817383e-01,3.407685458660125732e-01,2.465802729129791260e-01,3.407685458660125732e-01,2.734662294387817383e-01,-3.165868818759918213e-01,8.228256553411483765e-02,-1.770185492932796478e-02,3.444234281778335571e-02,-2.644889056682586670e-02,3.245007974328473210e-05,1.819566823542118073e-02
-3.212413191795349121e-02,5.085194855928421021e-02,-4.553906247019767761e-02,4.951093345880508423e-02,-6.476196646690368652e-02,1.283191740512847900e-01,-3.748173639178276062e-02,-3.516950011253356934e-01,1.933837532997131348e-01,1.453804075717926025e-01,1.933837532997131348e-01,-3.516950011253356934e-01,-3.748173639178276062e-02,1.283191740512847900e-01,-6.476196646690368652e-02,4.951093345880508423e-02,-4.553906247019767761e-02,5.085194855928421021e-02,-3.212413191795349121e-02
-1.553302258253097534e-01
1.798166893422603607e-02,1.404525828547775745e-03,-2.859801985323429108e-02,3.715534508228302002e-02,-1.930876076221466064e-02,8.552905917167663574e-02,-3.132577836513519287e-01,2.676948606967926025e-01,3.477970659732818604e-01,2.443840354681015015e-01,3.477970659732818604e-01,2.676948606967926025e-01,-3.132577836513519287e-01,8.552905917167663574e-02,-1.930876076221466064e-02,3.715534508228302002e-02,-2.859801985323429108e-02,1.404525828547775745e-03,1.798166893422603607e-02
-3.132309764623641968e-02,4.959968850016593933e-02,-4.669116064906120300e-02,4.674480482935905457e-02,-6.166027486324310303e-02,1.235910207033157349e-01,-2.857906930148601532e-02,-3.559039235115051270e-01,1.927412748336791992e-01,1.449340283870697021e-01,1.927412748336791992e-01,-3.559039235115051270e-01,-2.857906930148601532e-02,1.235910207033157349e-01,-6.166027486324310303e-02,4.674480482935905457e-02,-4.669116064906120300e-02,4.959968850016593933e-02,-3.132309764623641968e-02
-1.571738719940185547e-01
1.572112552821636200e-02,8.439409546554088593e-03,-2.893521077930927277e-02,3.595410287380218506e-02,-2.349722385406494141e-02,8.943757414817810059e-02,-3.083967864513397217e-01,2.614583671092987061e-01,3.535816073417663574e-01,2.413146197795867920e-01,3.535816073417663574e-01,2.614583671092987061e-01,-3.083967864513397217e-01,8.943757414817810059e-02,-2.349722385406494141e-02,3.595410287380218506e-02,-2.893521077930927277e-02,8.439409546554088593e-03,1.572112552821636200e-02
-3.817609325051307678e-02,4.997385665774345398e-02,-3.916080668568611145e-02,4.660042375326156616e-02,-6.304669380187988281e-02,1.154613792896270752e-01,-2.025492116808891296e-02,-3.599981367588043213e-01,1.928573846817016602e-01,1.463503986597061157e-01,1.928573846817016602e-01,-3.599981367588043213e-01,-2.025492116808891296e-02,1.154613792896270752e-01,-6.304669380187988281e-02,4.660042375326156616e-02,-3.916080668568611145e-02,4.997385665774345398e-02,-3.817609325051307678e-02
-1.590247601270675659e-01
1.493132859468460083e-02,7.565430365502834320e-03,-3.144176304340362549e-02,3.889456763863563538e-02,-2.527579292654991150e-02,9.006237238645553589e-02,-3.071137368679046631e-01,2.535922229290008545e-01,3.591813147068023682e-01,2.381290346384048462e-01,3.591813147068023682e-01,2.535922229290008545e-01,-3.071137368679046631e-01,9.006237238645553589e-02,-2.527579292654991150e-02,3.889456763863563538e-02,-3.144176304340362549e-02,7.565430365502834320e-03,1.493132859468460083e-02
-3.412569686770439148e-02,5.056588724255561829e-02,-3.985413536429405212e-02,4.450084269046783447e-02,-5.833747610449790955e-02,1.115620210766792297e-01,-1.244320627301931381e-02,-3.643775880336761475e-01,1.920403242111206055e-01,1.469670832157135010e-01,1.920403242111206055e-01,-3.643775880336761475e-01,-1.244320627301931381e-02,1.115620210766792297e-01,-5.833747610449790955e-02,4.450084269046783447e-02,-3.985413536429405212e-02,5.056588724255561829e-02,-3.412569686770439148e-02
-1.608828604221343994e-01
1.259553525596857071e-02,1.124016009271144867e-02,-3.184236586093902588e-02,3.973255679011344910e-02,-2.840352430939674377e-02,9.150398522615432739e-02,-3.037919402122497559e-01,2.462532818317413330e-01,3.639115691184997559e-01,2.339808642864227295e-01,3.639115691184997559e-01,2.462532818317413330e-01,-3.037919402122497559e-01,9.150398522615432739e-02,-2.840352430939674377e-02,3.973255679011344910e-02,-3.184236586093902588e-02,1.124016009271144867e-02,1.259553525596857071e-02
-3.834879398345947266e-02,4.986542463302612305e-02,-3.445481508970260620e-02,4.479800164699554443e-02,-5.773661285638809204e-02,1.041478812694549561e-01,-5.045868922024965286e-03,-3.682969808578491211e-01,1.912128925323486328e-01,1.482555717229843140e-01,1.912128925323486328e-01,-3.682969808578491211e-01,-5.045868922024965286e-03,1.041478812694549561e-01,-5.773661285638809204e-02,4.479800164699554443e-02,-3.445481508970260620e-02,4.986542463302612305e-02,-3.834879398345947266e-02
-1.627481281757354736e-01
1.096044480800628662e-02,1.147533208131790161e-02,-3.454706072807312012e-02,4.034200310707092285e-02,-3.082205727696418762e-02,9.221219271421432495e-02,-3.022055029869079590e-01,2.374020516872406006e-01,3.692568540573120117e-01,2.309695631265640259e-01,3.692568540573120117e-01,2.374020516872406006e-01,-3.022055029869079590e-01,9.221219271421432495e-02,-3.082205727696418762e-02,4.034200310707092285e-02,-3.454706072807312012e-02,1.147533208131790161e-02,1.096044480800628662e-02
-3.629565238952636719e-02,4.960318282246589661e-02,-3.350764513015747070e-02,4.393104463815689087e-02,-5.373322963714599609e-02,9.965524822473526001e-02,2.462232718244194984e-03,-3.718602061271667480e-01,1.905288398265838623e-01,1.497334986925125122e-01,1.905288398265838623e-01,-3.718602061271667480e-01,2.462232718244194984e-03,9.965524822473526001e-02,-5.373322963714599609e-02,4.393104463815689087e-02,-3.350764513015747070e-02,4.960318282246589661e-02,-3.629565238952636719e-02
-1.646205633878707886e-01
6.798070855438709259e-03,3.912394167855381966e-04,-4.002228379249572754e-02,4.972459003329277039e-02,-2.185851335525512695e-02,9.930253773927688599e-02,-2.976170778274536133e-01,2.298489809036254883e-01,3.722936809062957764e-01,2.250342071056365967e-01,3.722936809062957764e-01,2.298489809036254883e-01,-2.976170778274536133e-01,9.930253773927688599e-02,-2.185851335525512695e-02,4.972459003329277039e-02,-4.002228379249572754e-02,3.912394167855381966e-04,6.798070855438709259e-03
-2.786042727530002594e-02,4.637337848544120789e-02,-4.769907146692276001e-02,3.079488314688205719e-02,-5.043603479862213135e-02,1.020637601613998413e-01,1.447073556482791901e-02,-3.732148706912994385e-01,1.894625127315521240e-01,1.508085876703262329e-01,1.894625127315521240e-01,-3.732148706912994385e-01,1.447073556482791901e-02,1.020637601613998413e-01,-5.043603479862213135e-02,3.079488314688205719e-02,-4.769907146692276001e-02,4.637337848544120789e-02,-2.786042727530002594e-02
-1.665001064538955688e-01
8.863857015967369080e-03,1.465867087244987488e-02,-3.734527528285980225e-02,4.301449656486511230e-02,-3.371271863579750061e-02,9.522879123687744141e-02,-2.946635186672210693e-01,2.225916534662246704e-01,3.777941167354583740e-01,2.220350503921508789e-01,3.777941167354583740e-01,2.225916534662246704e-01,-2.946635186672210693e-01,9.522879123687744141e-02,-3.371271863579750061e-02,4.301449656486511230e-02,-3.734527528285980225e-02,1.465867087244987488e-02,8.863857015967369080e-03
-3.661859408020973206e-02,4.704299569129943848e-02,-3.231901675462722778e-02,3.875037655234336853e-02,-4.945479705929756165e-02,8.996858447790145874e-02,1.673094742000102997e-02,-3.793842494487762451e-01,1.863138079643249512e-01,1.519047021865844727e-01,1.863138079643249512e-01,-3.793842494487762451e-01,1.673094742000102997e-02,8.996858447790145874e-02,-4.945479705929756165e-02,3.875037655234336853e-02,-3.231901675462722778e-02,4.704299569129943848e-02,-3.661859408020973206e-02
-1.683867722749710083e-01
1.020263973623514175e-02,1.723485998809337616e-02,-3.858956322073936462e-02,4.406010732054710388e-02,-3.554939106106758118e-02,9.508860856294631958e-02,-2.919742166996002197e-01,2.148698419332504272e-01,3.823153972625732422e-01,2.181010395288467407e-01,3.823153972625732422e-01,2.148698419332504272e-01,-2.919742166996002197e-01,9.508860856294631958e-02,-3.554939106106758118e-02,4.406010732054710388e-02,-3.858956322073936462e-02,1.723485998809337616e-02,1.020263973623514175e-02
-3.522239997982978821e-02,4.700839146971702576e-02,-3.054181858897209167e-02,3.689704090356826782e-02,-4.759195074439048767e-02,8.394932746887207031e-02,2.238510549068450928e-02,-3.832933604717254639e-01,1.834049075841903687e-01,1.530344933271408081e-01,1.834049075841903687e-01,-3.832933604717254639e-01,2.238510549068450928e-02,8.394932746887207031e-02,-4.759195074439048767e-02,3.689704090356826782e-02,-3.054181858897209167e-02,4.700839146971702576e-02,-3.522239997982978821e-02
-1.702805012464523315e-01
8.182858116924762726e-03,1.991315372288227081e-02,-4.008265212178230286e-02,4.298913106322288513e-02,-3.772818297147750854e-02,9.704065322875976562e-02,-2.866957485675811768e-01,2.083811461925506592e-01,3.883505165576934814e-01,2.158737480640411377e-01,3.883505165576934814e-01,2.083811461925506592e-01,-2.866957485675811768e-01,9.704065322875976562e-02,-3.772818297147750854e-02,4.298913106322288513e-02,-4.008265212178230286e-02,1.991315372288227081e-02,8.182858116924762726e-03
-3.739449009299278259e-02,4.566786810755729675e-02,-2.754267863929271698e-02,3.570474311709403992e-02,-4.669579863548278809e-02,7.694017142057418823e-02,2.818001434206962585e-02,-3.858407735824584961e-01,1.819531023502349854e-01,1.548304706811904907e-01,1.819531023502349854e-01,-3.858407735824584961e-01,2.818001434206962585e-02,7.694017142057418823e-02,-4.669579863548278809e-02,3.570474311709403992e-02,-2.754267863929271698e-02,4.566786810755729675e-02,-3.739449009299278259e-02
-1.721812635660171509e-01
2.448017708957195282e-03,-1.200248720124363899e-03,-4.887043312191963196e-02,5.816185474395751953e-02,-2.114465273916721344e-02,1.051523685455322266e-01,-2.829934060573577881e-01,2.000223845243453979e-01,3.904565274715423584e-01,2.092210054397583008e-01,3.904565274715423584e-01,2.000223845243453979e-01,-2.829934060573577881e-01,1.051523685455322266e-01,-2.114465273916721344e-02,5.816185474395751953e-02,-4.887043312191963196e-02,-1.200248720124363899e-03,2.448017708957195282e-03
-2.149095945060253143e-02,4.153378680348396301e-02,-5.118409544229507446e-02,1.798865199089050293e-02,-3.871197253465652466e-02,8.671901375055313110e-02,4.265232384204864502e-02,-3.843787312507629395e-01,1.823756396770477295e-01,1.575639843940734863e-01,1.823756396770477295e-01,-3.843787312507629395e-01,4.265232384204864502e-02,8.671901375055313110e-02,-3.871197253465652466e-02,1.798865199089050293e-02,-5.118409544229507446e-02,4.153378680348396301e-02,-2.149095945060253143e-02
-1.740890592336654663e-01
3.487034002318978310e-03,2.565553225576877594e-02,-4.148067906498908997e-02,4.157686233520507812e-02,-4.253879189491271973e-02,9.832871705293655396e-02,-2.773713469505310059e-01,1.944774687290191650e-01,3.977343142032623291e-01,2.089965790510177612e-01,3.977343142032623291e-01,1.944774687290191650e-01,-2.773713469505310059e-01,9.832871705293655396e-02,-4.253879189491271973e-02,4.157686233520507812e-02,-4.148067906498908997e-02,2.565553225576877594e-02,3.487034002318978310e-03
-4.225336387753486633e-02,4.439417645335197449e-02,-1.903514564037322998e-02,3.358923643827438354e-02,-4.640103504061698914e-02,6.237289682030677795e-02,3.909089788794517517e-02,-3.907340466976165771e-01,1.771888285875320435e-01,1.586954891681671143e-01,1.771888285875320435e-01,-3.907340466976165771e-01,3.909089788794517517e-02,6.237289682030677795e-02,-4.640103504061698914e-02,3.358923643827438354e-02,-1.903514564037322998e-02,4.439417645335197449e-02,-4.225336387753486633e-02
-1.760038435459136963e-01
-4.312498494982719421e-04,2.761638537049293518e-02,-4.180668666958808899e-02,4.192486405372619629e-02,-4.292215779423713684e-02,1.001326218247413635e-01,-2.731213867664337158e-01,1.860967278480529785e-01,4.025718867778778076e-01,2.064154148101806641e-01,4.025718867778778076e-01,1.860967278480529785e-01,-2.731213867664337158e-01,1.001326218247413635e-01,-4.292215779423713684e-02,4.192486405372619629e-02,-4.180668666958808899e-02,2.761638537049293518e-02,-4.312498494982719421e-04
-4.625383764505386353e-02,4.108772426843643188e-02,-1.549059990793466568e-02,3.456789627671241760e-02,-4.338113963603973389e-02,5.792872235178947449e-02,4.603525623679161072e-02,-3.909645080566406250e-01,1.774554997682571411e-01,1.625621318817138672e-01,1.774554997682571411e-01,-3.909645080566406250e-01,4.603525623679161072e-02,5.792872235178947449e-02,-4.338113963603973389e-02,3.456789627671241760e-02,-1.549059990793466568e-02,4.108772426843643188e-02,-4.625383764505386353e-02
-1.779256016016006470e-01
-2.954045077785849571e-03,3.003369085490703583e-02,-4.211320728063583374e-02,4.081294685602188110e-02,-4.593582078814506531e-02,9.951456636190414429e-02,-2.681632936000823975e-01,1.794361770153045654e-01,4.073593318462371826e-01,2.031091451644897461e-01,4.073593318462371826e-01,1.794361770153045654e-01,-2.681632936000823975e-01,9.951456636190414429e-02,-4.593582078814506531e-02,4.081294685602188110e-02,-4.211320728063583374e-02,3.003369085490703583e-02,-2.954045077785849571e-03
-4.868222028017044067e-02,3.831877559423446655e-02,-1.217107102274894714e-02,3.622369840741157532e-02,-4.029809311032295227e-02,5.136229842901229858e-02,5.000159144401550293e-02,-3.933486938476562500e-01,1.741124689579010010e-01,1.641998887062072754e-01,1.741124689579010010e-01,-3.933486938476562500e-01,5.000159144401550293e-02,5.136229842901229858e-02,-4.029809311032295227e-02,3.622369840741157532e-02,-1.217107102274894714e-02,3.831877559423446655e-02,-4.868222028017044067e-02
-1.798543035984039307e-01
-3.267754800617694855e-03,-2.663395425770431757e-04,-5.535972863435745239e-02,6.013684719800949097e-02,-2.401510253548622131e-02,1.057557910680770874e-01,-2.684615552425384521e-01,1.692874729633331299e-01,4.109232425689697266e-01,1.990194767713546753e-01,4.109232425689697266e-01,1.692874729633331299e-01,-2.684615552425384521e-01,1.057557910680770874e-01,-2.401510253548622131e-02,6.013684719800949097e-02,-5.535972863435745239e-02,-2.663395425770431757e-04,-3.267754800617694855e-03
-1.522947847843170166e-02,3.944414481520652771e-02,-4.407990723848342896e-02,1.487608905881643295e-02,-2.549378201365470886e-02,6.801027059555053711e-02,6.317333877086639404e-02,-3.932334184646606445e-01,1.727650016546249390e-01,1.667422652244567871e-01,1.727650016546249390e-01,-3.932334184646606445e-01,6.317333877086639404e-02,6.801027059555053711e-02,-2.549378201365470886e-02,1.487608905881643295e-02,-4.407990723848342896e-02,3.944414481520652771e-02,-1.522947847843170166e-02
-1.817899197340011597e-01
-3.318203613162040710e-03,7.424235809594392776e-04,-5.584099516272544861e-02,6.168968603014945984e-02,-2.321639657020568848e-02,1.065026596188545227e-01,-2.642300426959991455e-01,1.607125997543334961e-01,4.124732315540313721e-01,1.933572888374328613e-01,4.124732315540313721e-01,1.607125997543334961e-01,-2.642300426959991455e-01,1.065026596188545227e-01,-2.321639657020568848e-02,6.168968603014945984e-02,-5.584099516272544861e-02,7.424235809594392776e-04,-3.318203613162040710e-03
-1.113855373114347458e-02,3.915099054574966431e-02,-4.594822973012924194e-02,9.238988161087036133e-03,-2.370720542967319489e-02,6.646113097667694092e-02,7.006683200597763062e-02,-3.946509957313537598e-01,1.692302674055099487e-01,1.696921288967132568e-01,1.692302674055099487e-01,-3.946509957313537598e-01,7.006683200597763062e-02,6.646113097667694092e-02,-2.370720542967319489e-02,9.238988161087036133e-03,-4.594822973012924194e-02,3.915099054574966431e-02,-1.113855373114347458e-02
-1.837324351072311401e-01
-2.656429307535290718e-03,3.222325071692466736e-02,-4.490069299936294556e-02,4.350555315613746643e-02,-4.648612439632415771e-02,9.825640916824340820e-02,-2.581799626350402832e-01,1.549199670553207397e-01,4.185280799865722656e-01,1.929023265838623047e-01,4.185280799865722656e-01,1.549199670553207397e-01,-2.581799626350402832e-01,9.825640916824340820e-02,-4.648612439632415771e-02,4.350555315613746643e-02,-4.490069299936294556e-02,3.222325071692466736e-02,-2.656429307535290718e-03
-3.528510034084320068e-02,3.939326107501983643e-02,-1.209163106977939606e-02,2.727915719151496887e-02,-3.166811168193817139e-02,4.135136306285858154e-02,6.416768580675125122e-02,-4.009709060192108154e-01,1.635136157274246216e-01,1.724600344896316528e-01,1.635136157274246216e-01,-4.009709060192108154e-01,6.416768580675125122e-02,4.135136306285858154e-02,-3.166811168193817139e-02,2.727915719151496887e-02,-1.209163106977939606e-02,3.939326107501983643e-02,-3.528510034084320068e-02
-1.856818199157714844e-01
-3.065201686695218086e-03,3.344393894076347351e-02,-4.531364515423774719e-02,4.457856342196464539e-02,-4.623697325587272644e-02,9.778892993927001953e-02,-2.547368705272674561e-01,1.467998772859573364e-01,4.221575856208801270e-01,1.897248476743698120e-01,4.221575856208801270e-01,1.467998772859573364e-01,-2.547368705272674561e-01,9.778892993927001953e-02,-4.623697325587272644e-02,4.457856342196464539e-02,-4.531364515423774719e-02,3.344393894076347351e-02,-3.065201686695218086e-03
-3.286039456725120544e-02,3.858834132552146912e-02,-1.273548789322376251e-02,2.304122038185596466e-02,-3.003787435591220856e-02,3.873061388731002808e-02,7.015077769756317139e-02,-4.015937745571136475e-01,1.606236398220062256e-01,1.756144165992736816e-01,1.606236398220062256e-01,-4.015937745571136475e-01,7.015077769756317139e-02,3.873061388731002808e-02,-3.003787435591220856e-02,2.304122038185596466e-02,-1.273548789322376251e-02,3.858834132552146912e-02,-3.286039456725120544e-02
-1.876380443572998047e-01
-9.172895806841552258e-04,7.469443604350090027e-03,-5.792214721441268921e-02,6.151771545410156250e-02,-2.418424002826213837e-02,1.058919280767440796e-01,-2.510238289833068848e-01,1.392718106508255005e-01,4.249060750007629395e-01,1.849204450845718384e-01,4.249060750007629395e-01,1.392718106508255005e-01,-2.510238289833068848e-01,1.058919280767440796e-01,-2.418424002826213837e-02,6.151771545410156250e-02,-5.792214721441268921e-02,7.469443604350090027e-03,-9.172895806841552258e-04
-6.010990124195814133e-03,3.913616389036178589e-02,-4.095828160643577576e-02,5.696209263987839222e-04,-2.120662666857242584e-02,5.137318745255470276e-02,8.237471431493759155e-02,-3.998338282108306885e-01,1.567126512527465820e-01,1.763564497232437134e-01,1.567126512527465820e-01,-3.998338282108306885e-01,8.237471431493759155e-02,5.137318745255470276e-02,-2.120662666857242584e-02,5.696209263987839222e-04,-4.095828160643577576e-02,3.913616389036178589e-02,-6.010990124195814133e-03
-1.896010935306549072e-01
-6.407501641660928726e-03,3.375658392906188965e-02,-4.740729928016662598e-02,4.666156694293022156e-02,-4.192059114575386047e-02,1.021440476179122925e-01,-2.417313307523727417e-01,1.359057426452636719e-01,4.331464469432830811e-01,1.869452148675918579e-01,4.331464469432830811e-01,1.359057426452636719e-01,-2.417313307523727417e-01,1.021440476179122925e-01,-4.192059114575386047e-02,4.666156694293022156e-02,-4.740729928016662598e-02,3.375658392906188965e-02,-6.407501641660928726e-03
-3.232415765523910522e-02,3.477704524993896484e-02,-1.158216316252946854e-02,1.926023140549659729e-02,-2.523227967321872711e-02,3.113050013780593872e-02,7.977619022130966187e-02,-4.015915095806121826e-01,1.552191227674484253e-01,1.813989281654357910e-01,1.552191227674484253e-01,-4.015915095806121826e-01,7.977619022130966187e-02,3.113050013780593872e-02,-2.523227967321872711e-02,1.926023140549659729e-02,-1.158216316252946854e-02,3.477704524993896484e-02,-3.232415765523910522e-02
-1.915709525346755981e-01
-5.391189362853765488e-03,3.132623806595802307e-02,-5.110492184758186340e-02,4.627106711268424988e-02,-4.139626026153564453e-02,1.015906929969787598e-01,-2.381810694932937622e-01,1.276737749576568604e-01,4.360015392303466797e-01,1.838590800762176514e-01,4.360015392303466797e-01,1.276737749576568604e-01,-2.381810694932937622e-01,1.015906929969787598e-01,-4.139626026153564453e-02,4.627106711268424988e-02,-5.110492184758186340e-02,3.132623806595802307e-02,-5.391189362853765488e-03
-2.390500530600547791e-02,3.742730617523193359e-02,-1.420973148196935654e-02,1.248082052916288376e-02,-2.220834419131278992e-02,3.246275335550308228e-02,8.652959018945693970e-02,-4.021601378917694092e-01,1.508574634790420532e-01,1.845607310533523560e-01,1.508574634790420532e-01,-4.021601378917694092e-01,8.652959018945693970e-02,3.246275335550308228e-02,-2.220834419131278992e-02,1.248082052916288376e-02,-1.420973148196935654e-02,3.742730617523193359e-02,-2.390500530600547791e-02
-1.935475617647171021e-01
-7.979569025337696075e-03,3.345623984932899475e-02,-4.922579601407051086e-02,4.706933349370956421e-02,-4.208524897694587708e-02,1.002684086561203003e-01,-2.328161150217056274e-01,1.220992207527160645e-01,4.401192069053649902e-01,1.814129948616027832e-01,4.401192069053649902e-01,1.220992207527160645e-01,-2.328161150217056274e-01,1.002684086561203003e-01,-4.208524897694587708e-02,4.706933349370956421e-02,-4.922579601407051086e-02,3.345623984932899475e-02,-7.979569025337696075e-03
-2.661687508225440979e-02,3.423688560724258423e-02,-1.230283733457326889e-02,1.167371030896902084e-02,-2.043891884386539459e-02,2.736186236143112183e-02,8.916497230529785156e-02,-4.034360945224761963e-01,1.471532732248306274e-01,1.881544589996337891e-01,1.471532732248306274e-01,-4.034360945224761963e-01,8.916497230529785156e-02,2.736186236143112183e-02,-2.043891884386539459e-02,1.167371030896902084e-02,-1.230283733457326889e-02,3.423688560724258423e-02,-2.661687508225440979e-02
-1.955309510231018066e-01
-1.059911586344242096e-02,3.517494723200798035e-02,-4.811038821935653687e-02,4.745176061987876892e-02,-4.304737970232963562e-02,9.808887541294097900e-02,-2.285468429327011108e-01,1.163582727313041687e-01,4.455558061599731445e-01,1.804161518812179565e-01,4.455558061599731445e-01,1.163582727313041687e-01,-2.285468429327011108e-01,9.808887541294097900e-02,-4.304737970232963562e-02,4.745176061987876892e-02,-4.811038821935653687e-02,3.517494723200798035e-02,-1.059911586344242096e-02
-2.891684882342815399e-02,3.084737062454223633e-02,-1.006534509360790253e-02,1.165921613574028015e-02,-1.878615096211433411e-02,2.284716628491878510e-02,9.316827356815338135e-02,-4.024921655654907227e-01,1.445531994104385376e-01,1.914248019456863403e-01,1.445531994104385376e-01,-4.024921655654907227e-01,9.316827356815338135e-02,2.284716628491878510e-02,-1.878615096211433411e-02,1.165921613574028015e-02,-1.006534509360790253e-02,3.084737062454223633e-02,-2.891684882342815399e-02
-1.975210458040237427e-01
-1.231148745864629745e-02,3.783471882343292236e-02,-4.776351153850555420e-02,4.500544443726539612e-02,-4.574999958276748657e-02,9.594675153493881226e-02,-2.241128981113433838e-01,1.100921332836151123e-01,4.509825110435485840e-01,1.802229881286621094e-01,4.509825110435485840e-01,1.100921332836151123e-01,-2.241128981113433838e-01,9.594675153493881226e-02,-4.574999958276748657e-02,4.500544443726539612e-02,-4.776351153850555420e-02,3.783471882343292236e-02,-1.231148745864629745e-02
-3.079449571669101715e-02,2.781779132783412933e-02,-7.270568981766700745e-03,1.253233943134546280e-02,-1.705188304185867310e-02,1.744445227086544037e-02,9.606228768825531006e-02,-4.016306698322296143e-01,1.418968588113784790e-01,1.950873434543609619e-01,1.418968588113784790e-01,-4.016306698322296143e-01,9.606228768825531006e-02,1.744445227086544037e-02,-1.705188304185867310e-02,1.253233943134546280e-02,-7.270568981766700745e-03,2.781779132783412933e-02,-3.079449571669101715e-02
-1.995178610086441040e-01
-1.438395772129297256e-02,3.946657851338386536e-02,-4.720791429281234741e-02,4.340177401900291443e-02,-4.789419099688529968e-02,9.403207153081893921e-02,-2.187977731227874756e-01,1.044051349163055420e-01,4.553631246089935303e-01,1.788413822650909424e-01,4.553631246089935303e-01,1.044051349163055420e-01,-2.187977731227874756e-01,9.403207153081893921e-02,-4.789419099688529968e-02,4.340177401900291443e-02,-4.720791429281234741e-02,3.946657851338386536e-02,-1.438395772129297256e-02
-3.363474085927009583e-02,2.524749934673309326e-02,-3.546607214957475662e-03,1.355396304279565811e-02,-1.596110500395298004e-02,1.193965319544076920e-02,9.864216297864913940e-02,-4.011724591255187988e-01,1.383679658174514771e-01,1.982586979866027832e-01,1.383679658174514771e-01,-4.011724591255187988e-01,9.864216297864913940e-02,1.193965319544076920e-02,-1.596110500395298004e-02,1.355396304279565811e-02,-3.546607214957475662e-03,2.524749934673309326e-02,-3.363474085927009583e-02
-2.015213519334793091e-01
-4.826894029974937439e-03,7.252138108015060425e-03,-6.566878408193588257e-02,5.933867394924163818e-02,-2.513272128999233246e-02,9.770222753286361694e-02,-2.212880700826644897e-01,9.279248863458633423e-02,4.560701549053192139e-01,1.745682060718536377e-01,4.560701549053192139e-01,9.279248863458633423e-02,-2.212880700826644897e-01,9.770222753286361694e-02,-2.513272128999233246e-02,5.933867394924163818e-02,-6.566878408193588257e-02,7.252138108015060425e-03,-4.826894029974937439e-03
6.397292949259281158e-03,3.431930765509605408e-02,-3.360824286937713623e-02,-1.253136340528726578e-02,-6.222065072506666183e-03,2.947100438177585602e-02,1.109855547547340393e-01,-3.986606597900390625e-01,1.323113739490509033e-01,1.978178322315216064e-01,1.323113739490509033e-01,-3.986606597900390625e-01,1.109855547547340393e-01,2.947100438177585602e-02,-6.222065072506666183e-03,-1.253136340528726578e-02,-3.360824286937713623e-02,3.431930765509605408e-02,6.397292949259281158e-03
-2.035315036773681641e-01
-1.525271963328123093e-02,4.172442853450775146e-02,-4.631651565432548523e-02,4.393977299332618713e-02,-4.645045474171638489e-02,9.258257597684860229e-02,-2.095819264650344849e-01,9.132194519042968750e-02,4.626860618591308594e-01,1.758377104997634888e-01,4.626860618591308594e-01,9.132194519042968750e-02,-2.095819264650344849e-01,9.258257597684860229e-02,-4.645045474171638489e-02,4.393977299332618713e-02,-4.631651565432548523e-02,4.172442853450775146e-02,-1.525271963328123093e-02
-3.086989372968673706e-02,2.278378419578075409e-02,-1.439638552255928516e-03,1.035934593528509140e-02,-1.330775208771228790e-02,4.472314845770597458e-03,1.045952662825584412e-01,-3.998938202857971191e-01,1.314662545919418335e-01,2.055007070302963257e-01,1.314662545919418335e-01,-3.998938202857971191e-01,1.045952662825584412e-01,4.472314845770597458e-03,-1.330775208771228790e-02,1.035934593528509140e-02,-1.439638552255928516e-03,2.278378419578075409e-02,-3.086989372968673706e-02
-2.055483013391494751e-01
-8.437486365437507629e-03,3.192165866494178772e-02,-5.417039245367050171e-02,4.713401198387145996e-02,-4.099994525313377380e-02,9.041676670312881470e-02,-2.092792987823486328e-01,8.250356465578079224e-02,4.651483297348022461e-01,1.736787855625152588e-01,4.651483297348022461e-01,8.250356465578079224e-02,-2.092792987823486328e-01,9.041676670312881470e-02,-4.099994525313377380e-02,4.713401198387145996e-02,-5.417039245367050171e-02,3.192165866494178772e-02,-8.437486365437507629e-03
-1.294129528105258942e-02,2.862131036818027496e-02,-9.595222771167755127e-03,6.998166209086775780e-04,-7.897670380771160126e-03,9.302640333771705627e-03,1.092527210712432861e-01,-4.012820422649383545e-01,1.237921342253684998e-01,2.068205475807189941e-01,1.237921342253684998e-01,-4.012820422649383545e-01,1.092527210712432861e-01,9.302640333771705627e-03,-7.897670380771160126e-03,6.998166209086775780e-04,-9.595222771167755127e-03,2.862131036818027496e-02,-1.294129528105258942e-02
-2.075717151165008545e-01
-1.363437250256538391e-02,4.254481196403503418e-02,-4.644624888896942139e-02,4.433512315154075623e-02,-4.585345461964607239e-02,8.864042162895202637e-02,-2.010931968688964844e-01,7.993233203887939453e-02,4.714218378067016602e-01,1.744046062231063843e-01,4.714218378067016602e-01,7.993233203887939453e-02,-2.010931968688964844e-01,8.864042162895202637e-02,-4.585345461964607239e-02,4.433512315154075623e-02,-4.644624888896942139e-02,4.254481196403503418e-02,-1.363437250256538391e-02
-2.878338471055030823e-02,1.877461560070514679e-02,-1.684046117588877678e-03,9.180299937725067139e-03,-6.299708038568496704e-03,-4.386698128655552864e-04,1.088656485080718994e-01,-4.000911116600036621e-01,1.215219870209693909e-01,2.110228538513183594e-01,1.215219870209693909e-01,-4.000911116600036621e-01,1.088656485080718994e-01,-4.386698128655552864e-04,-6.299708038568496704e-03,9.180299937725067139e-03,-1.684046117588877678e-03,1.877461560070514679e-02,-2.878338471055030823e-02
-2.096017152070999146e-01
-3.122065449133515358e-03,9.168352000415325165e-03,-6.655374169349670410e-02,5.920735001564025879e-02,-2.294796891510486603e-02,9.216080605983734131e-02,-2.036619186401367188e-01,6.859516352415084839e-02,4.716875255107879639e-01,1.708014011383056641e-01,4.716875255107879639e-01,6.859516352415084839e-02,-2.036619186401367188e-01,9.216080605983734131e-02,-2.294796891510486603e-02,5.920735001564025879e-02,-6.655374169349670410e-02,9.168352000415325165e-03,-3.122065449133515358e-03
1.031736470758914948e-02,2.742511406540870667e-02,-3.338691964745521545e-02,-1.645350083708763123e-02,5.743074230849742889e-03,1.961771957576274872e-02,1.210789978504180908e-01,-3.971989154815673828e-01,1.151896715164184570e-01,2.107840627431869507e-01,1.151896715164184570e-01,-3.971989154815673828e-01,1.210789978504180908e-01,1.961771957576274872e-02,5.743074230849742889e-03,-1.645350083708763123e-02,-3.338691964745521545e-02,2.742511406540870667e-02,1.031736470758914948e-02
-2.116383016109466553e-01
-8.048033341765403748e-03,3.765505552291870117e-02,-5.292893946170806885e-02,4.253770038485527039e-02,-4.402078688144683838e-02,8.518508076667785645e-02,-1.957716792821884155e-01,6.380919367074966431e-02,4.760905504226684570e-01,1.717072725296020508e-01,4.760905504226684570e-01,6.380919367074966431e-02,-1.957716792821884155e-01,8.518508076667785645e-02,-4.402078688144683838e-02,4.253770038485527039e-02,-5.292893946170806885e-02,3.765505552291870117e-02,-8.048033341765403748e-03
-1.507888734340667725e-02,2.249474078416824341e-02,-5.224848166108131409e-03,6.867509218864142895e-04,-1.331995124928653240e-03,-1.980153901968151331e-04,1.159224063158035278e-01,-3.989856839179992676e-01,1.120994836091995239e-01,2.182675153017044067e-01,1.120994836091995239e-01,-3.989856839179992676e-01,1.159224063158035278e-01,-1.980153901968151331e-04,-1.331995124928653240e-03,6.867509218864142895e-04,-5.224848166108131409e-03,2.249474078416824341e-02,-1.507888734340667725e-02
-2.136814445257186890e-01
-7.302294252440333366e-04,2.385331876575946808e-02,-6.156104803085327148e-02,4.929732531309127808e-02,-3.336104750633239746e-02,8.569317311048507690e-02,-1.944394558668136597e-01,5.546538531780242920e-02,4.761325120925903320e-01,1.677700877189636230e-01,4.761325120925903320e-01,5.546538531780242920e-02,-1.944394558668136597e-01,8.569317311048507690e-02,-3.336104750633239746e-02,4.929732531309127808e-02,-6.156104803085327148e-02,2.385331876575946808e-02,-7.302294252440333366e-04
2.411424182355403900e-03,2.778277173638343811e-02,-1.780020631849765778e-02,-1.399962976574897766e-02,2.132177352905273438e-03,6.228447426110506058e-03,1.217056959867477417e-01,-3.983707726001739502e-01,1.054507717490196228e-01,2.201331853866577148e-01,1.054507717490196228e-01,-3.983707726001739502e-01,1.217056959867477417e-01,6.228447426110506058e-03,2.132177352905273438e-03,-1.399962976574897766e-02,-1.780020631849765778e-02,2.778277173638343811e-02,2.411424182355403900e-03
-2.157311141490936279e-01
-1.848006248474121094e-02,5.504486337304115295e-02,-3.999952971935272217e-02,3.728218376636505127e-02,-5.183698609471321106e-02,8.286567032337188721e-02,-1.792413294315338135e-01,5.751250684261322021e-02,4.821813106536865234e-01,1.685436666011810303e-01,4.821813106536865234e-01,5.751250684261322021e-02,-1.792413294315338135e-01,8.286567032337188721e-02,-5.183698609471321106e-02,3.728218376636505127e-02,-3.999952971935272217e-02,5.504486337304115295e-02,-1.848006248474121094e-02
-3.954746946692466736e-02,8.197003975510597229e-03,8.466283790767192841e-03,9.104196913540363312e-03,-4.179219715297222137e-03,-1.741416752338409424e-02,1.174895763397216797e-01,-3.940893113613128662e-01,1.069636717438697815e-01,2.264513969421386719e-01,1.069636717438697815e-01,-3.940893113613128662e-01,1.174895763397216797e-01,-1.741416752338409424e-02,-4.179219715297222137e-03,9.104196913540363312e-03,8.466283790767192841e-03,8.197003975510597229e-03,-3.954746946692466736e-02
-2.177872955799102783e-01
-3.262321464717388153e-03,3.108186880126595497e-03,-6.946603953838348389e-02,6.336619704961776733e-02,-1.602419093251228333e-02,8.536400645971298218e-02,-1.887329816818237305e-01,4.380077868700027466e-02,4.798139631748199463e-01,1.625332087278366089e-01,4.798139631748199463e-01,4.380077868700027466e-02,-1.887329816818237305e-01,8.536400645971298218e-02,-1.602419093251228333e-02,6.336619704961776733e-02,-6.946603953838348389e-02,3.108186880126595497e-03,-3.262321464717388153e-03
1.930535770952701569e-02,2.369363792240619659e-02,-4.021967947483062744e-02,-2.938612736761569977e-02,1.539772562682628632e-02,1.707708463072776794e-02,1.330171674489974976e-01,-3.934014439582824707e-01,9.789977967739105225e-02,2.255619019269943237e-01,9.789977967739105225e-02,-3.934014439582824707e-01,1.330171674489974976e-01,1.707708463072776794e-02,1.539772562682628632e-02,-2.938612736761569977e-02,-4.021967947483062744e-02,2.369363792240619659e-02,1.930535770952701569e-02
-2.198499590158462524e-01
-1.188417710363864899e-02,4.569134488701820374e-02,-4.774448275566101074e-02,3.964966535568237305e-02,-4.592648521065711975e-02,7.733341306447982788e-02,-1.770433187484741211e-01,4.298617318272590637e-02,4.883051514625549316e-01,1.684007197618484497e-01,4.883051514625549316e-01,4.298617318272590637e-02,-1.770433187484741211e-01,7.733341306447982788e-02,-4.592648521065711975e-02,3.964966535568237305e-02,-4.774448275566101074e-02,4.569134488701820374e-02,-1.188417710363864899e-02
-1.711272448301315308e-02,1.692662946879863739e-02,3.534128190949559212e-03,-1.787417335435748100e-03,2.336973790079355240e-03,-1.381356641650199890e-02,1.230446025729179382e-01,-3.944099247455596924e-01,9.466715902090072632e-02,2.335890829563140869e-01,9.466715902090072632e-02,-3.944099247455596924e-01,1.230446025729179382e-01,-1.381356641650199890e-02,2.336973790079355240e-03,-1.787417335435748100e-03,3.534128190949559212e-03,1.692662946879863739e-02,-1.711272448301315308e-02
-2.219191044569015503e-01
-1.712886057794094086e-02,5.016604438424110413e-02,-4.280302301049232483e-02,3.966162353754043579e-02,-4.646413400769233704e-02,7.612481713294982910e-02,-1.709671169519424438e-01,3.877791762351989746e-02,4.912731647491455078e-01,1.678984761238098145e-01,4.912731647491455078e-01,3.877791762351989746e-02,-1.709671169519424438e-01,7.612481713294982910e-02,-4.646413400769233704e-02,3.966162353754043579e-02,-4.280302301049232483e-02,5.016604438424110413e-02,-1.712886057794094086e-02
-2.518173120915889740e-02,1.133141573518514633e-02,8.067230693995952606e-03,1.463014981709420681e-03,3.653045045211911201e-03,-1.835572719573974609e-02,1.243684738874435425e-01,-3.917809128761291504e-01,9.337212145328521729e-02,2.397413402795791626e-01,9.337212145328521729e-02,-3.917809128761291504e-01,1.243684738874435425e-01,-1.835572719573974609e-02,3.653045045211911201e-03,1.463014981709420681e-03,8.067230693995952606e-03,1.133141573518514633e-02,-2.518173120915889740e-02
-2.239947021007537842e-01
-7.380506955087184906e-03,3.750763833522796631e-02,-5.263523384928703308e-02,4.406293481588363647e-02,-3.847165778279304504e-02,7.312207669019699097e-02,-1.728717535734176636e-01,3.013330511748790741e-02,4.928797781467437744e-01,1.669479012489318848e-01,4.928797781467437744e-01,3.013330511748790741e-02,-1.728717535734176636e-01,7.312207669019699097e-02,-3.847165778279304504e-02,4.406293481588363647e-02,-5.263523384928703308e-02,3.750763833522796631e-02,-7.380506955087184906e-03
-3.274234477430582047e-03,2.084460854530334473e-02,-2.419516240479424596e-04,-1.000572089105844498e-02,7.553256116807460785e-03,-1.185276452451944351e-02,1.291378587484359741e-01,-3.913612067699432373e-01,8.438917994499206543e-02,2.400258928537368774e-01,8.438917994499206543e-02,-3.913612067699432373e-01,1.291378587484359741e-01,-1.185276452451944351e-02,7.553256116807460785e-03,-1.000572089105844498e-02,-2.419516240479424596e-04,2.084460854530334473e-02,-3.274234477430582047e-03
-2.260767221450805664e-01
-1.938540115952491760e-02,5.312004685401916504e-02,-4.036649316549301147e-02,3.890981525182723999e-02,-4.569007828831672668e-02,7.327321916818618774e-02,-1.600430607795715332e-01,3.214613720774650574e-02,4.995054900646209717e-01,1.690114140510559082e-01,4.995054900646209717e-01,3.214613720774650574e-02,-1.600430607795715332e-01,7.327321916818618774e-02,-4.569007828831672668e-02,3.890981525182723999e-02,-4.036649316549301147e-02,5.312004685401916504e-02,-1.938540115952491760e-02
-3.105493634939193726e-02,3.847602754831314087e-03,1.278849691152572632e-02,5.233337637037038803e-03,6.091333925724029541e-03,-2.651841379702091217e-02,1.279354989528656006e-01,-3.850583136081695557e-01,8.617897331714630127e-02,2.449920326471328735e-01,8.617897331714630127e-02,-3.850583136081695557e-01,1.279354989528656006e-01,-2.651841379702091217e-02,6.091333925724029541e-03,5.233337637037038803e-03,1.278849691152572632e-02,3.847602754831314087e-03,-3.105493634939193726e-02
-2.281651645898818970e-01
-2.993969712406396866e-03,3.005005419254302979e-04,-7.033941894769668579e-02,6.665249913930892944e-02,-6.593409460037946701e-03,7.753214985132217407e-02,-1.692614406347274780e-01,1.854199729859828949e-02,4.958232045173645020e-01,1.629468649625778198e-01,4.958232045173645020e-01,1.854199729859828949e-02,-1.692614406347274780e-01,7.753214985132217407e-02,-6.593409460037946701e-03,6.665249913930892944e-02,-7.033941894769668579e-02,3.005005419254302979e-04,-2.993969712406396866e-03
2.556019276380538940e-02,1.686452329158782959e-02,-4.041175544261932373e-02,-3.527334704995155334e-02,2.585815079510211945e-02,9.436598978936672211e-03,1.442327648401260376e-01,-3.822440803050994873e-01,7.609669864177703857e-02,2.409600764513015747e-01,7.609669864177703857e-02,-3.822440803050994873e-01,1.442327648401260376e-01,9.436598978936672211e-03,2.585815079510211945e-02,-3.527334704995155334e-02,-4.041175544261932373e-02,1.686452329158782959e-02,2.556019276380538940e-02
-2.302599847316741943e-01
-1.988747715950012207e-02,5.751597136259078979e-02,-3.731798008084297180e-02,3.622852265834808350e-02,-4.700821638107299805e-02,6.970510631799697876e-02,-1.497714817523956299e-01,2.361347153782844543e-02,5.047907829284667969e-01,1.687600463628768921e-01,5.047907829284667969e-01,2.361347153782844543e-02,-1.497714817523956299e-01,6.970510631799697876e-02,-4.700821638107299805e-02,3.622852265834808350e-02,-3.731798008084297180e-02,5.751597136259078979e-02,-1.988747715950012207e-02
-3.435177728533744812e-02,-4.114834300708025694e-04,1.729916222393512726e-02,6.590824108570814133e-03,6.802987307310104370e-03,-3.518300876021385193e-02,1.284883320331573486e-01,-3.815265595912933350e-01,7.708223164081573486e-02,2.517220675945281982e-01,7.708223164081573486e-02,-3.815265595912933350e-01,1.284883320331573486e-01,-3.518300876021385193e-02,6.802987307310104370e-03,6.590824108570814133e-03,1.729916222393512726e-02,-4.114834300708025694e-04,-3.435177728533744812e-02
-2.323611825704574585e-01
5.978945177048444748e-03,2.195611409842967987e-02,-6.475043296813964844e-02,4.854508116841316223e-02,-2.335247024893760681e-02,6.899859011173248291e-02,-1.605999320745468140e-01,7.173942402005195618e-03,5.018846988677978516e-01,1.661894619464874268e-01,5.018846988677978516e-01,7.173942402005195618e-03,-1.605999320745468140e-01,6.899859011173248291e-02,-2.335247024893760681e-02,4.854508116841316223e-02,-6.475043296813964844e-02,2.195611409842967987e-02,5.978945177048444748e-03
1.807341165840625763e-02,2.462604083120822906e-02,-1.048730127513408661e-02,-2.490720339119434357e-02,1.525431312620639801e-02,-1.339405402541160583e-02,1.370362341403961182e-01,-3.827084898948669434e-01,6.569587439298629761e-02,2.509399354457855225e-01,6.569587439298629761e-02,-3.827084898948669434e-01,1.370362341403961182e-01,-1.339405402541160583e-02,1.525431312620639801e-02,-2.490720339119434357e-02,-1.048730127513408661e-02,2.462604083120822906e-02,1.807341165840625763e-02
-2.344687432050704956e-01
-2.015384472906589508e-02,5.466395244002342224e-02,-3.842570632696151733e-02,3.645689040422439575e-02,-4.404685273766517639e-02,6.594429165124893188e-02,-1.438496410846710205e-01,1.138549949973821640e-02,5.068488121032714844e-01,1.671586930751800537e-01,5.068488121032714844e-01,1.138549949973821640e-02,-1.438496410846710205e-01,6.594429165124893188e-02,-4.404685273766517639e-02,3.645689040422439575e-02,-3.842570632696151733e-02,5.466395244002342224e-02,-2.015384472906589508e-02
-3.297121450304985046e-02,-1.996923703700304031e-03,1.887486502528190613e-02,3.696103114634752274e-03,6.912511773407459259e-03,-4.075606912374496460e-02,1.308380067348480225e-01,-3.766761124134063721e-01,6.882427632808685303e-02,2.592383325099945068e-01,6.882427632808685303e-02,-3.766761124134063721e-01,1.308380067348480225e-01,-4.075606912374496460e-02,6.912511773407459259e-03,3.696103114634752274e-03,1.887486502528190613e-02,-1.996923703700304031e-03,-3.297121450304985046e-02
-2.365826219320297241e-01
-7.324881153181195259e-04,-1.945638650795444846e-04,-7.075809687376022339e-02,6.554629653692245483e-02,-1.868313527666032314e-03,7.098169624805450439e-02,-1.541828513145446777e-01,-2.718825126066803932e-03,5.019332170486450195e-01,1.607954353094100952e-01,5.019332170486450195e-01,-2.718825126066803932e-03,-1.541828513145446777e-01,7.098169624805450439e-02,-1.868313527666032314e-03,6.554629653692245483e-02,-7.075809687376022339e-02,-1.945638650795444846e-04,-7.324881153181195259e-04
2.718171663582324982e-02,1.465451158583164215e-02,-3.684204071760177612e-02,-4.050289466977119446e-02,2.782465890049934387e-02,-6.980632315389811993e-04,1.476530432701110840e-01,-3.749772906303405762e-01,5.643682926893234253e-02,2.539956867694854736e-01,5.643682926893234253e-02,-3.749772906303405762e-01,1.476530432701110840e-01,-6.980632315389811993e-04,2.782465890049934387e-02,-4.050289466977119446e-02,-3.684204071760177612e-02,1.465451158583164215e-02,2.718171663582324982e-02
-2.387028187513351440e-01
-1.141309365630149841e-02,4.402086511254310608e-02,-4.846329241991043091e-02,3.629434481263160706e-02,-3.767877817153930664e-02,6.139001995325088501e-02,-1.416648626327514648e-01,-1.759826322086155415e-03,5.092282891273498535e-01,1.671181470155715942e-01,5.092282891273498535e-01,-1.759826322086155415e-03,-1.416648626327514648e-01,6.139001995325088501e-02,-3.767877817153930664e-02,3.629434481263160706e-02,-4.846329241991043091e-02,4.402086511254310608e-02,-1.141309365630149841e-02
-9.015530347824096680e-03,9.465913288295269012e-03,1.289169769734144211e-02,-8.385816588997840881e-03,1.199634559452533722e-02,-3.569536656141281128e-02,1.346132904291152954e-01,-3.757542967796325684e-01,5.518963187932968140e-02,2.653406858444213867e-01,5.518963187932968140e-02,-3.757542967796325684e-01,1.346132904291152954e-01,-3.569536656141281128e-02,1.199634559452533722e-02,-8.385816588997840881e-03,1.289169769734144211e-02,9.465913288295269012e-03,-9.015530347824096680e-03
-2.408293187618255615e-01
-5.591927561908960342e-03,3.544433042407035828e-02,-5.542306602001190186e-02,3.887890651822090149e-02,-3.044982999563217163e-02,6.100623682141304016e-02,-1.410046368837356567e-01,-9.157480672001838684e-03,5.090245008468627930e-01,1.661820709705352783e-01,5.090245008468627930e-01,-9.157480672001838684e-03,-1.410046368837356567e-01,6.100623682141304016e-02,-3.044982999563217163e-02,3.887890651822090149e-02,-5.542306602001190186e-02,3.544433042407035828e-02,-5.591927561908960342e-03
1.317191054113209248e-03,1.413932722061872482e-02,7.202333305031061172e-03,-1.668471843004226685e-02,1.529519446194171906e-02,-2.969501726329326630e-02,1.389550864696502686e-01,-3.735216557979583740e-01,4.863667860627174377e-02,2.673158049583435059e-01,4.863667860627174377e-02,-3.735216557979583740e-01,1.389550864696502686e-01,-2.969501726329326630e-02,1.529519446194171906e-02,-1.668471843004226685e-02,7.202333305031061172e-03,1.413932722061872482e-02,1.317191054113209248e-03
-2.429620921611785889e-01
-1.246126834303140640e-02,4.048430919647216797e-02,-4.854281246662139893e-02,3.938758745789527893e-02,-3.181812167167663574e-02,5.829700827598571777e-02,-1.352689564228057861e-01,-1.056003849953413010e-02,5.119467973709106445e-01,1.669798940420150757e-01,5.119467973709106445e-01,-1.056003849953413010e-02,-1.352689564228057861e-01,5.829700827598571777e-02,-3.181812167167663574e-02,3.938758745789527893e-02,-4.854281246662139893e-02,4.048430919647216797e-02,-1.246126834303140640e-02
-8.456598035991191864e-03,5.886857397854328156e-03,1.058713812381029129e-02,-1.173709519207477570e-02,1.713109761476516724e-02,-3.482249751687049866e-02,1.382204890251159668e-01,-3.703669011592864990e-01,4.717796668410301208e-02,2.731394767761230469e-01,4.717796668410301208e-02,-3.703669011592864990e-01,1.382204890251159668e-01,-3.482249751687049866e-02,1.713109761476516724e-02,-1.173709519207477570e-02,1.058713812381029129e-02,5.886857397854328156e-03,-8.456598035991191864e-03
-2.451011240482330322e-01
-1.622189208865165710e-02,3.944174945354461670e-02,-4.824367165565490723e-02,3.947418555617332458e-02,-2.931999228894710541e-02,5.878373980522155762e-02,-1.302245706319808960e-01,-1.442050747573375702e-02,5.134220719337463379e-01,1.674947887659072876e-01,5.134220719337463379e-01,-1.442050747573375702e-02,-1.302245706319808960e-01,5.878373980522155762e-02,-2.931999228894710541e-02,3.947418555617332458e-02,-4.824367165565490723e-02,3.944174945354461670e-02,-1.622189208865165710e-02
-1.194340363144874573e-02,1.207200228236615658e-03,1.010902225971221924e-02,-1.208652369678020477e-02,1.890030317008495331e-02,-3.481725230813026428e-02,1.415449529886245728e-01,-3.648791313171386719e-01,4.628033563494682312e-02,2.781052887439727783e-01,4.628033563494682312e-02,-3.648791313171386719e-01,1.415449529886245728e-01,-3.481725230813026428e-02,1.890030317008495331e-02,-1.208652369678020477e-02,1.010902225971221924e-02,1.207200228236615658e-03,-1.194340363144874573e-02
-2.472463995218276978e-01
-1.414504554122686386e-02,3.810072317719459534e-02,-4.897635430097579956e-02,3.962451964616775513e-02,-2.823590114712715149e-02,5.527358502149581909e-02,-1.283954828977584839e-01,-1.914084516465663910e-02,5.143268704414367676e-01,1.674208790063858032e-01,5.143268704414367676e-01,-1.914084516465663910e-02,-1.283954828977584839e-01,5.527358502149581909e-02,-2.823590114712715149e-02,3.962451964616775513e-02,-4.897635430097579956e-02,3.810072317719459534e-02,-1.414504554122686386e-02
-7.221756968647241592e-03,3.189409384503960609e-03,8.865747600793838501e-03,-1.505197677761316299e-02,2.118606679141521454e-02,-3.397159278392791748e-02,1.416542828083038330e-01,-3.648257255554199219e-01,3.907702118158340454e-02,2.812184691429138184e-01,3.907702118158340454e-02,-3.648257255554199219e-01,1.416542828083038330e-01,-3.397159278392791748e-02,2.118606679141521454e-02,-1.505197677761316299e-02,8.865747600793838501e-03,3.189409384503960609e-03,-7.221756968647241592e-03
-2.493978887796401978e-01
-1.539216283708810806e-02,3.801704943180084229e-02,-4.811233654618263245e-02,3.944163396954536438e-02,-2.752053365111351013e-02,5.315861850976943970e-02,-1.244352608919143677e-01,-2.192434296011924744e-02,5.166673660278320312e-01,1.684916317462921143e-01,5.166673660278320312e-01,-2.192434296011924744e-02,-1.244352608919143677e-01,5.315861850976943970e-02,-2.752053365111351013e-02,3.944163396954536438e-02,-4.811233654618263245e-02,3.801704943180084229e-02,-1.539216283708810806e-02
-8.966370485723018646e-03,7.942673400975763798e-04,9.611641988158226013e-03,-1.444558985531330109e-02,2.232878655195236206e-02,-3.651935979723930359e-02,1.413009911775588989e-01,-3.625896871089935303e-01,3.466905653476715088e-02,2.846848666667938232e-01,3.466905653476715088e-02,-3.625896871089935303e-01,1.413009911775588989e-01,-3.651935979723930359e-02,2.232878655195236206e-02,-1.444558985531330109e-02,9.611641988158226013e-03,7.942673400975763798e-04,-8.966370485723018646e-03
-2.515555918216705322e-01
-1.567960344254970551e-02,3.957970812916755676e-02,-4.704375937581062317e-02,3.798006102442741394e-02,-2.773222699761390686e-02,5.121927335858345032e-02,-1.207260638475418091e-01,-2.532997168600559235e-02,5.190498828887939453e-01,1.702531725168228149e-01,5.190498828887939453e-01,-2.532997168600559235e-02,-1.207260638475418091e-01,5.121927335858345032e-02,-2.773222699761390686e-02,3.798006102442741394e-02,-4.704375937581062317e-02,3.957970812916755676e-02,-1.567960344254970551e-02
-9.135466068983078003e-03,3.642143856268376112e-04,1.198365353047847748e-02,-1.317766495048999786e-02,2.217088080942630768e-02,-4.123479500412940979e-02,1.394113898277282715e-01,-3.609372377395629883e-01,2.975774928927421570e-02,2.879758775234222412e-01,2.975774928927421570e-02,-3.609372377395629883e-01,1.394113898277282715e-01,-4.123479500412940979e-02,2.217088080942630768e-02,-1.317766495048999786e-02,1.198365353047847748e-02,3.642143856268376112e-04,-9.135466068983078003e-03
-2.537194788455963135e-01
-1.987289637327194214e-02,4.383627697825431824e-02,-4.259588569402694702e-02,3.652254864573478699e-02,-2.910460904240608215e-02,5.008111149072647095e-02,-1.148543283343315125e-01,-2.746817469596862793e-02,5.214125514030456543e-01,1.718001514673233032e-01,5.214125514030456543e-01,-2.746817469596862793e-02,-1.148543283343315125e-01,5.008111149072647095e-02,-2.910460904240608215e-02,3.652254864573478699e-02,-4.259588569402694702e-02,4.383627697825431824e-02,-1.987289637327194214e-02
-1.766882278025150299e-02,-4.662521183490753174e-03,1.697766408324241638e-02,-7.989189587533473969e-03,2.215393260121345520e-02,-4.681328311562538147e-02,1.382213383913040161e-01,-3.575255870819091797e-01,2.744502946734428406e-02,2.924926877021789551e-01,2.744502946734428406e-02,-3.575255870819091797e-01,1.382213383913040161e-01,-4.681328311562538147e-02,2.215393260121345520e-02,-7.989189587533473969e-03,1.697766408324241638e-02,-4.662521183490753174e-03,-1.766882278025150299e-02
-2.558895349502563477e-01
4.053432494401931763e-03,9.798539802432060242e-03,-6.788162887096405029e-02,5.051532015204429626e-02,-4.560441244393587112e-03,4.996504262089729309e-02,-1.237170100212097168e-01,-3.972870856523513794e-02,5.188582539558410645e-01,1.701450794935226440e-01,5.188582539558410645e-01,-3.972870856523513794e-02,-1.237170100212097168e-01,4.996504262089729309e-02,-4.560441244393587112e-03,5.051532015204429626e-02,-6.788162887096405029e-02,9.798539802432060242e-03,4.053432494401931763e-03
2.377310581505298615e-02,1.396004110574722290e-02,-1.418500114232301712e-02,-3.593930229544639587e-02,3.482107445597648621e-02,-2.195871435105800629e-02,1.477022022008895874e-01,-3.560143113136291504e-01,1.329679042100906372e-02,2.847537398338317871e-01,1.329679042100906372e-02,-3.560143113136291504e-01,1.477022022008895874e-01,-2.195871435105800629e-02,3.482107445597648621e-02,-3.593930229544639587e-02,-1.418500114232301712e-02,1.396004110574722290e-02,2.377310581505298615e-02
-2.580657303333282471e-01
-1.822271943092346191e-02,4.309617727994918823e-02,-4.369019716978073120e-02,3.391534090042114258e-02,-2.823276631534099579e-02,4.572818055748939514e-02,-1.095269471406936646e-01,-3.597782924771308899e-02,5.239949822425842285e-01,1.742865741252899170e-01,5.239949822425842285e-01,-3.597782924771308899e-02,-1.095269471406936646e-01,4.572818055748939514e-02,-2.823276631534099579e-02,3.391534090042114258e-02,-4.369019716978073120e-02,4.309617727994918823e-02,-1.822271943092346191e-02
-1.618971303105354309e-02,-4.534221719950437546e-03,1.794157549738883972e-02,-9.526675567030906677e-03,2.265025861561298370e-02,-5.007338896393775940e-02,1.388388425111770630e-01,-3.523890674114227295e-01,1.636071503162384033e-02,2.972311973571777344e-01,1.636071503162384033e-02,-3.523890674114227295e-01,1.388388425111770630e-01,-5.007338896393775940e-02,2.265025861561298370e-02,-9.526675567030906677e-03,1.794157549738883972e-02,-4.534221719950437546e-03,-1.618971303105354309e-02
-2.602480649948120117e-01
-2.113686129450798035e-02,4.677068069577217102e-02,-3.965608775615692139e-02,3.272720798850059509e-02,-3.040164150297641754e-02,4.245641827583312988e-02,-1.053510382771492004e-01,-3.847692534327507019e-02,5.246096253395080566e-01,1.743521988391876221e-01,5.246096253395080566e-01,-3.847692534327507019e-02,-1.053510382771492004e-01,4.245641827583312988e-02,-3.040164150297641754e-02,3.272720798850059509e-02,-3.965608775615692139e-02,4.677068069577217102e-02,-2.113686129450798035e-02
-2.274944633245468140e-02,-8.855179883539676666e-03,2.136785723268985748e-02,-6.171763408929109573e-03,2.224277704954147339e-02,-5.463363602757453918e-02,1.381815075874328613e-01,-3.489284217357635498e-01,1.247310731559991837e-02,3.003330826759338379e-01,1.247310731559991837e-02,-3.489284217357635498e-01,1.381815075874328613e-01,-5.463363602757453918e-02,2.224277704954147339e-02,-6.171763408929109573e-03,2.136785723268985748e-02,-8.855179883539676666e-03,-2.274944633245468140e-02
-2.624365389347076416e-01
-8.725066436454653740e-04,2.834629453718662262e-02,-5.624974519014358521e-02,3.825179114937782288e-02,-1.819786429405212402e-02,3.916034847497940063e-02,-1.112723574042320251e-01,-4.714909195899963379e-02,5.242450237274169922e-01,1.748615503311157227e-01,5.242450237274169922e-01,-4.714909195899963379e-02,-1.112723574042320251e-01,3.916034847497940063e-02,-1.819786429405212402e-02,3.825179114937782288e-02,-5.624974519014358521e-02,2.834629453718662262e-02,-8.725066436454653740e-04
6.119917146861553192e-03,6.912943441420793533e-03,6.682797335088253021e-03,-2.286303043365478516e-02,2.743851207196712494e-02,-4.310169443488121033e-02,1.412746459245681763e-01,-3.488719761371612549e-01,4.779433365911245346e-04,2.963227629661560059e-01,4.779433365911245346e-04,-3.488719761371612549e-01,1.412746459245681763e-01,-4.310169443488121033e-02,2.743851207196712494e-02,-2.286303043365478516e-02,6.682797335088253021e-03,6.912943441420793533e-03,6.119917146861553192e-03
-2.646310925483703613e-01
6.512199528515338898e-03,2.508527971804141998e-02,-5.960095673799514771e-02,3.937117010354995728e-02,-1.436787098646163940e-02,3.765896335244178772e-02,-1.087800338864326477e-01,-5.037429556250572205e-02,5.249252319335937500e-01,1.754601001739501953e-01,5.249252319335937500e-01,-5.037429556250572205e-02,-1.087800338864326477e-01,3.765896335244178772e-02,-1.436787098646163940e-02,3.937117010354995728e-02,-5.960095673799514771e-02,2.508527971804141998e-02,6.512199528515338898e-03
1.427639648318290710e-02,1.029155496507883072e-02,1.703725894913077354e-03,-2.781552821397781372e-02,2.936838567256927490e-02,-4.162595048546791077e-02,1.415083557367324829e-01,-3.467081785202026367e-01,-6.000122986733913422e-03,2.964468002319335938e-01,-6.000122986733913422e-03,-3.467081785202026367e-01,1.415083557367324829e-01,-4.162595048546791077e-02,2.936838567256927490e-02,-2.781552821397781372e-02,1.703725894913077354e-03,1.029155496507883072e-02,1.427639648318290710e-02
-2.668317258358001709e-01
-3.607162507250905037e-04,-1.866834500106051564e-04,-6.723251938819885254e-02,5.903366208076477051e-02,8.702434599399566650e-03,4.038571566343307495e-02,-1.101748794317245483e-01,-5.621442943811416626e-02,5.212650299072265625e-01,1.711912900209426880e-01,5.212650299072265625e-01,-5.621442943811416626e-02,-1.101748794317245483e-01,4.038571566343307495e-02,8.702434599399566650e-03,5.903366208076477051e-02,-6.723251938819885254e-02,-1.866834500106051564e-04,-3.607162507250905037e-04
2.693033777177333832e-02,2.239101566374301910e-03,-3.097833134233951569e-02,-4.449262842535972595e-02,4.636761546134948730e-02,-1.790532283484935760e-02,1.525587588548660278e-01,-3.414881229400634766e-01,-1.158381626009941101e-02,2.941694855690002441e-01,-1.158381626009941101e-02,-3.414881229400634766e-01,1.525587588548660278e-01,-1.790532283484935760e-02,4.636761546134948730e-02,-4.449262842535972595e-02,-3.097833134233951569e-02,2.239101566374301910e-03,2.693033777177333832e-02
-2.690384387969970703e-01
-2.083188481628894806e-02,5.039496719837188721e-02,-3.606289997696876526e-02,2.922740951180458069e-02,-2.944337017834186554e-02,3.565435856580734253e-02,-8.981756120920181274e-02,-4.878285899758338928e-02,5.289618372917175293e-01,1.790342777967453003e-01,5.289618372917175293e-01,-4.878285899758338928e-02,-8.981756120920181274e-02,3.565435856580734253e-02,-2.944337017834186554e-02,2.922740951180458069e-02,-3.606289997696876526e-02,5.039496719837188721e-02,-2.083188481628894806e-02
-2.049830928444862366e-02,-1.003795489668846130e-02,2.559399232268333435e-02,-6.857404019683599472e-03,2.158769778907299042e-02,-6.318994611501693726e-02,1.358884274959564209e-01,-3.393333852291107178e-01,-5.940316244959831238e-03,3.133838772773742676e-01,-5.940316244959831238e-03,-3.393333852291107178e-01,1.358884274959564209e-01,-6.318994611501693726e-02,2.158769778907299042e-02,-6.857404019683599472e-03,2.559399232268333435e-02,-1.003795489668846130e-02,-2.049830928444862366e-02
-2.712512016296386719e-01
-3.563501872122287750e-03,3.212300688028335571e-02,-5.340052768588066101e-02,3.322214633226394653e-02,-1.601324975490570068e-02,3.489809483289718628e-02,-9.675403684377670288e-02,-6.043652445077896118e-02,5.263352394104003906e-01,1.793860197067260742e-01,5.263352394104003906e-01,-6.043652445077896118e-02,-9.675403684377670288e-02,3.489809483289718628e-02,-1.601324975490570068e-02,3.322214633226394653e-02,-5.340052768588066101e-02,3.212300688028335571e-02,-3.563501872122287750e-03
6.665606983006000519e-03,7.875884883105754852e-03,1.494422927498817444e-02,-2.399853989481925964e-02,2.520341426134109497e-02,-4.905140027403831482e-02,1.420448422431945801e-01,-3.378836214542388916e-01,-1.493933983147144318e-02,3.135232627391815186e-01,-1.493933983147144318e-02,-3.378836214542388916e-01,1.420448422431945801e-01,-4.905140027403831482e-02,2.520341426134109497e-02,-2.399853989481925964e-02,1.494422927498817444e-02,7.875884883105754852e-03,6.665606983006000519e-03
-2.734699845314025879e-01
-2.597751095890998840e-02,4.780520126223564148e-02,-3.513662144541740417e-02,3.075046837329864502e-02,-2.285042405128479004e-02,3.725137561559677124e-02,-8.242984861135482788e-02,-5.657200887799263000e-02,5.276598334312438965e-01,1.800469160079956055e-01,5.276598334312438965e-01,-5.657200887799263000e-02,-8.242984861135482788e-02,3.725137561559677124e-02,-2.285042405128479004e-02,3.075046837329864502e-02,-3.513662144541740417e-02,4.780520126223564148e-02,-2.597751095890998840e-02
-2.719430811703205109e-02,-1.602422818541526794e-02,2.657119370996952057e-02,-6.551073864102363586e-03,2.366977930068969727e-02,-6.054038926959037781e-02,1.419440209865570068e-01,-3.283717036247253418e-01,-7.583033759146928787e-03,3.239345550537109375e-01,-7.583033759146928787e-03,-3.283717036247253418e-01,1.419440209865570068e-01,-6.054038926959037781e-02,2.366977930068969727e-02,-6.551073864102363586e-03,2.657119370996952057e-02,-1.602422818541526794e-02,-2.719430811703205109e-02
-2.756947875022888184e-01
-4.453474190086126328e-03,3.320329263806343079e-02,-5.111918598413467407e-02,3.319338709115982056e-02,-1.349619869142770767e-02,3.176302090287208557e-02,-9.124352037906646729e-02,-6.698462367057800293e-02,5.260346531867980957e-01,1.809607595205307007e-01,5.260346531867980957e-01,-6.698462367057800293e-02,-9.124352037906646729e-02,3.176302090287208557e-02,-1.349619869142770767e-02,3.319338709115982056e-02,-5.111918598413467407e-02,3.320329263806343079e-02,-4.453474190086126328e-03
4.440893419086933136e-03,5.198704544454813004e-03,1.632064953446388245e-02,-2.257136814296245575e-02,2.861341275274753571e-02,-4.885976016521453857e-02,1.417188793420791626e-01,-3.338472247123718262e-01,-2.449430152773857117e-02,3.211905062198638916e-01,-2.449430152773857117e-02,-3.338472247123718262e-01,1.417188793420791626e-01,-4.885976016521453857e-02,2.861341275274753571e-02,-2.257136814296245575e-02,1.632064953446388245e-02,5.198704544454813004e-03,4.440893419086933136e-03
-2.779256105422973633e-01
-1.965551078319549561e-02,4.907922819256782532e-02,-3.586062416434288025e-02,2.826008945703506470e-02,-2.301176637411117554e-02,2.989980950951576233e-02,-8.039943128824234009e-02,-6.334435194730758667e-02,5.291194319725036621e-01,1.836121827363967896e-01,5.291194319725036621e-01,-6.334435194730758667e-02,-8.039943128824234009e-02,2.989980950951576233e-02,-2.301176637411117554e-02,2.826008945703506470e-02,-3.586062416434288025e-02,4.907922819256782532e-02,-1.965551078319549561e-02
-1.983581297099590302e-02,-1.136160828173160553e-02,2.822204306721687317e-02,-6.463246420025825500e-03,2.682449109852313995e-02,-6.192759051918983459e-02,1.372945904731750488e-01,-3.289069235324859619e-01,-2.240509167313575745e-02,3.292638361454010010e-01,-2.240509167313575745e-02,-3.289069235324859619e-01,1.372945904731750488e-01,-6.192759051918983459e-02,2.682449109852313995e-02,-6.463246420025825500e-03,2.822204306721687317e-02,-1.136160828173160553e-02,-1.983581297099590302e-02
-2.801623940467834473e-01
2.053672214969992638e-03,-2.466811100021004677e-03,-6.612715870141983032e-02,6.023655086755752563e-02,1.889214292168617249e-02,2.909059636294841766e-02,-9.673815220594406128e-02,-7.610111683607101440e-02,5.235297679901123047e-01,1.787618100643157959e-01,5.235297679901123047e-01,-7.610111683607101440e-02,-9.673815220594406128e-02,2.909059636294841766e-02,1.889214292168617249e-02,6.023655086755752563e-02,-6.612715870141983032e-02,-2.466811100021004677e-03,2.053672214969992638e-03
3.021903336048126221e-02,1.691486337222158909e-03,-2.901344187557697296e-02,-4.735981300473213196e-02,5.207457765936851501e-02,-1.733196713030338287e-02,1.535161137580871582e-01,-3.271128237247467041e-01,-3.983917459845542908e-02,3.145301043987274170e-01,-3.983917459845542908e-02,-3.271128237247467041e-01,1.535161137580871582e-01,-1.733196713030338287e-02,5.207457765936851501e-02,-4.735981300473213196e-02,-2.901344187557697296e-02,1.691486337222158909e-03,3.021903336048126221e-02
-2.824051678180694580e-01
-1.535008288919925690e-02,4.766308143734931946e-02,-3.804045543074607849e-02,2.570873498916625977e-02,-2.242929860949516296e-02,2.470192871987819672e-02,-7.668638974428176880e-02,-6.893945485353469849e-02,5.312061905860900879e-01,1.881287693977355957e-01,5.312061905860900879e-01,-6.893945485353469849e-02,-7.668638974428176880e-02,2.470192871987819672e-02,-2.242929860949516296e-02,2.570873498916625977e-02,-3.804045543074607849e-02,4.766308143734931946e-02,-1.535008288919925690e-02
-1.225045695900917053e-02,-6.666834000498056412e-03,2.986061014235019684e-02,-8.241338655352592468e-03,2.548644877970218658e-02,-6.534916907548904419e-02,1.349644809961318970e-01,-3.252573013305664062e-01,-3.442370519042015076e-02,3.327076435089111328e-01,-3.442370519042015076e-02,-3.252573013305664062e-01,1.349644809961318970e-01,-6.534916907548904419e-02,2.548644877970218658e-02,-8.241338655352592468e-03,2.986061014235019684e-02,-6.666834000498056412e-03,-1.225045695900917053e-02
-2.846538722515106201e-01
9.992504492402076721e-03,3.011321276426315308e-02,-5.686350166797637939e-02,2.897866256535053253e-02,-1.064496580511331558e-02,2.226780727505683899e-02,-8.245875686407089233e-02,-7.721250504255294800e-02,5.285462141036987305e-01,1.876468360424041748e-01,5.285462141036987305e-01,-7.721250504255294800e-02,-8.245875686407089233e-02,2.226780727505683899e-02,-1.064496580511331558e-02,2.897866256535053253e-02,-5.686350166797637939e-02,3.011321276426315308e-02,9.992504492402076721e-03
1.823122799396514893e-02,1.415863726288080215e-02,1.578344218432903290e-02,-2.751153893768787384e-02,3.015810437500476837e-02,-5.082703754305839539e-02,1.380735486745834351e-01,-3.264734148979187012e-01,-4.728575795888900757e-02,3.287158310413360596e-01,-4.728575795888900757e-02,-3.264734148979187012e-01,1.380735486745834351e-01,-5.082703754305839539e-02,3.015810437500476837e-02,-2.751153893768787384e-02,1.578344218432903290e-02,1.415863726288080215e-02,1.823122799396514893e-02
-2.869085371494293213e-01
3.943973686546087265e-03,4.056719597429037094e-03,-6.223344430327415466e-02,5.497700348496437073e-02,1.679424941539764404e-02,2.383890189230442047e-02,-8.659839630126953125e-02,-8.229131996631622314e-02,5.249617695808410645e-01,1.841043382883071899e-01,5.249617695808410645e-01,-8.229131996631622314e-02,-8.659839630126953125e-02,2.383890189230442047e-02,1.679424941539764404e-02,5.497700348496437073e-02,-6.223344430327415466e-02,4.056719597429037094e-03,3.943973686546087265e-03
2.766473777592182159e-02,2.586626214906573296e-03,-2.404908649623394012e-02,-4.713561385869979858e-02,5.044572800397872925e-02,-2.177381142973899841e-02,1.496769189834594727e-01,-3.223975896835327148e-01,-5.480049178004264832e-02,3.246254920959472656e-01,-5.480049178004264832e-02,-3.223975896835327148e-01,1.496769189834594727e-01,-2.177381142973899841e-02,5.044572800397872925e-02,-4.713561385869979858e-02,-2.404908649623394012e-02,2.586626214906573296e-03,2.766473777592182159e-02
-2.891691029071807861e-01
-2.310753799974918365e-02,5.327639356255531311e-02,-3.149801492691040039e-02,2.109331078827381134e-02,-2.429649606347084045e-02,2.219835482537746429e-02,-6.339290738105773926e-02,-7.398918271064758301e-02,5.317581295967102051e-01,1.928120851516723633e-01,5.317581295967102051e-01,-7.398918271064758301e-02,-6.339290738105773926e-02,2.219835482537746429e-02,-2.429649606347084045e-02,2.109331078827381134e-02,-3.149801492691040039e-02,5.327639356255531311e-02,-2.310753799974918365e-02
-2.216099016368389130e-02,-1.441664714366197586e-02,3.334212303161621094e-02,-4.709019325673580170e-03,2.555811405181884766e-02,-6.930392980575561523e-02,1.331773847341537476e-01,-3.171209096908569336e-01,-4.493125155568122864e-02,3.451933860778808594e-01,-4.493125155568122864e-02,-3.171209096908569336e-01,1.331773847341537476e-01,-6.930392980575561523e-02,2.555811405181884766e-02,-4.709019325673580170e-03,3.334212303161621094e-02,-1.441664714366197586e-02,-2.216099016368389130e-02
-2.914355695247650146e-01
-1.839042827486991882e-02,4.839201644062995911e-02,-3.704442828893661499e-02,1.959620602428913116e-02,-2.176971547305583954e-02,1.982310786843299866e-02,-6.446963548660278320e-02,-7.940489053726196289e-02,5.309199690818786621e-01,1.947396695613861084e-01,5.309199690818786621e-01,-7.940489053726196289e-02,-6.446963548660278320e-02,1.982310786843299866e-02,-2.176971547305583954e-02,1.959620602428913116e-02,-3.704442828893661499e-02,4.839201644062995911e-02,-1.839042827486991882e-02
-1.440128870308399200e-02,-9.167204611003398895e-03,3.136812150478363037e-02,-9.458282962441444397e-03,2.532721124589443207e-02,-6.783939898014068604e-02,1.326667666435241699e-01,-3.161265552043914795e-01,-5.148524045944213867e-02,3.477316200733184814e-01,-5.148524045944213867e-02,-3.161265552043914795e-01,1.326667666435241699e-01,-6.783939898014068604e-02,2.532721124589443207e-02,-9.458282962441444397e-03,3.136812150478363037e-02,-9.167204611003398895e-03,-1.440128870308399200e-02
-2.937079370021820068e-01
5.962487775832414627e-03,6.436889991164207458e-03,-6.227950379252433777e-02,4.879298433661460876e-02,1.495985500514507294e-02,1.678683981299400330e-02,-8.022499084472656250e-02,-9.014621376991271973e-02,5.261753797531127930e-01,1.910283565521240234e-01,5.261753797531127930e-01,-9.014621376991271973e-02,-8.022499084472656250e-02,1.678683981299400330e-02,1.495985500514507294e-02,4.879298433661460876e-02,-6.227950379252433777e-02,6.436889991164207458e-03,5.962487775832414627e-03
2.470437437295913696e-02,2.736990107223391533e-03,-1.898502558469772339e-02,-4.546964541077613831e-02,4.922944307327270508e-02,-2.643043547868728638e-02,1.453112661838531494e-01,-3.168585002422332764e-01,-6.877293437719345093e-02,3.350490629673004150e-01,-6.877293437719345093e-02,-3.168585002422332764e-01,1.453112661838531494e-01,-2.643043547868728638e-02,4.922944307327270508e-02,-4.546964541077613831e-02,-1.898502558469772339e-02,2.736990107223391533e-03,2.470437437295913696e-02
-2.959862053394317627e-01
-3.302827849984169006e-02,5.790661647915840149e-02,-2.528583817183971405e-02,1.630479469895362854e-02,-2.649976685643196106e-02,1.950025558471679688e-02,-5.089373886585235596e-02,-7.888212054967880249e-02,5.312444567680358887e-01,1.975557804107666016e-01,5.312444567680358887e-01,-7.888212054967880249e-02,-5.089373886585235596e-02,1.950025558471679688e-02,-2.649976685643196106e-02,1.630479469895362854e-02,-2.528583817183971405e-02,5.790661647915840149e-02,-3.302827849984169006e-02
-4.061965271830558777e-02,-2.912841178476810455e-02,4.079426079988479614e-02,7.125232368707656860e-03,2.321996167302131653e-02,-8.012627810239791870e-02,1.325755119323730469e-01,-3.007114827632904053e-01,-4.884918779134750366e-02,3.542336523532867432e-01,-4.884918779134750366e-02,-3.007114827632904053e-01,1.325755119323730469e-01,-8.012627810239791870e-02,2.321996167302131653e-02,7.125232368707656860e-03,4.079426079988479614e-02,-2.912841178476810455e-02,-4.061965271830558777e-02
-2.982703149318695068e-01
3.875988535583019257e-03,7.473786361515522003e-03,-6.010507792234420776e-02,4.856251552700996399e-02,1.750157587230205536e-02,1.483735721558332443e-02,-7.542199641466140747e-02,-9.540863335132598877e-02,5.262101292610168457e-01,1.955248713493347168e-01,5.262101292610168457e-01,-9.540863335132598877e-02,-7.542199641466140747e-02,1.483735721558332443e-02,1.750157587230205536e-02,4.856251552700996399e-02,-6.010507792234420776e-02,7.473786361515522003e-03,3.875988535583019257e-03
2.347946912050247192e-02,6.723494152538478374e-04,-1.825854927301406860e-02,-4.395806044340133667e-02,5.028928443789482117e-02,-2.728050388395786285e-02,1.447382718324661255e-01,-3.102535009384155273e-01,-7.520798593759536743e-02,3.413370251655578613e-01,-7.520798593759536743e-02,-3.102535009384155273e-01,1.447382718324661255e-01,-2.728050388395786285e-02,5.028928443789482117e-02,-4.395806044340133667e-02,-1.825854927301406860e-02,6.723494152538478374e-04,2.347946912050247192e-02
-3.005602359771728516e-01
1.242307387292385101e-02,2.734078466892242432e-02,-5.792360007762908936e-02,2.414494380354881287e-02,-4.143546801060438156e-03,1.169439498335123062e-02,-6.588461995124816895e-02,-9.504293650388717651e-02,5.272992849349975586e-01,1.996468305587768555e-01,5.272992849349975586e-01,-9.504293650388717651e-02,-6.588461995124816895e-02,1.169439498335123062e-02,-4.143546801060438156e-03,2.414494380354881287e-02,-5.792360007762908936e-02,2.734078466892242432e-02,1.242307387292385101e-02
1.975703053176403046e-02,1.370376721024513245e-02,1.590323634445667267e-02,-3.020675480365753174e-02,3.250413760542869568e-02,-5.136511102318763733e-02,1.352786719799041748e-01,-3.086686730384826660e-01,-7.848394662141799927e-02,3.480628430843353271e-01,-7.848394662141799927e-02,-3.086686730384826660e-01,1.352786719799041748e-01,-5.136511102318763733e-02,3.250413760542869568e-02,-3.020675480365753174e-02,1.590323634445667267e-02,1.370376721024513245e-02,1.975703053176403046e-02
-3.028560280799865723e-01
-1.658877171576023102e-02,4.188103973865509033e-02,-3.814349696040153503e-02,2.141421847045421600e-02,-1.273675356060266495e-02,1.207233592867851257e-02,-5.516908690333366394e-02,-9.167905151844024658e-02,5.296926498413085938e-01,2.037341296672821045e-01,5.296926498413085938e-01,-9.167905151844024658e-02,-5.516908690333366394e-02,1.207233592867851257e-02,-1.273675356060266495e-02,2.141421847045421600e-02,-3.814349696040153503e-02,4.188103973865509033e-02,-1.658877171576023102e-02
-7.656266447156667709e-03,-9.032147005200386047e-03,2.855773642659187317e-02,-1.316838432103395462e-02,2.795119583606719971e-02,-6.492501497268676758e-02,1.336462944746017456e-01,-3.005051314830780029e-01,-7.184867560863494873e-02,3.602737784385681152e-01,-7.184867560863494873e-02,-3.005051314830780029e-01,1.336462944746017456e-01,-6.492501497268676758e-02,2.795119583606719971e-02,-1.316838432103395462e-02,2.855773642659187317e-02,-9.032147005200386047e-03,-7.656266447156667709e-03
-3.051576316356658936e-01
1.156668644398450851e-02,1.220698282122612000e-02,-5.975613370537757874e-02,4.134938120841979980e-02,1.454577408730983734e-02,1.002363860607147217e-02,-6.564044952392578125e-02,-1.004782393574714661e-01,5.234935283660888672e-01,1.991435140371322632e-01,5.234935283660888672e-01,-1.004782393574714661e-01,-6.564044952392578125e-02,1.002363860607147217e-02,1.454577408730983734e-02,4.134938120841979980e-02,-5.975613370537757874e-02,1.220698282122612000e-02,1.156668644398450851e-02
2.431117743253707886e-02,4.003689624369144440e-03,-1.052423473447561264e-02,-4.386711865663528442e-02,4.611033201217651367e-02,-2.916990220546722412e-02,1.465250402688980103e-01,-2.986819446086883545e-01,-8.760451525449752808e-02,3.464779257774353027e-01,-8.760451525449752808e-02,-2.986819446086883545e-01,1.465250402688980103e-01,-2.916990220546722412e-02,4.611033201217651367e-02,-4.386711865663528442e-02,-1.052423473447561264e-02,4.003689624369144440e-03,2.431117743253707886e-02
-3.074650168418884277e-01
-1.800359413027763367e-02,3.766122832894325256e-02,-3.783920779824256897e-02,2.449820004403591156e-02,-5.957530811429023743e-03,1.302684657275676727e-02,-4.888900741934776306e-02,-9.551329910755157471e-02,5.274125337600708008e-01,2.061704695224761963e-01,5.274125337600708008e-01,-9.551329910755157471e-02,-4.888900741934776306e-02,1.302684657275676727e-02,-5.957530811429023743e-03,2.449820004403591156e-02,-3.783920779824256897e-02,3.766122832894325256e-02,-1.800359413027763367e-02
-1.193657331168651581e-02,-1.555375382304191589e-02,2.519126422703266144e-02,-1.585021987557411194e-02,2.824581600725650787e-02,-6.056897342205047607e-02,1.395191699266433716e-01,-2.887770533561706543e-01,-7.354658097028732300e-02,3.667418956756591797e-01,-7.354658097028732300e-02,-2.887770533561706543e-01,1.395191699266433716e-01,-6.056897342205047607e-02,2.824581600725650787e-02,-1.585021987557411194e-02,2.519126422703266144e-02,-1.555375382304191589e-02,-1.193657331168651581e-02
-3.097782135009765625e-01
-1.295855082571506500e-02,3.471133485436439514e-02,-3.934488072991371155e-02,2.623780257999897003e-02,-3.732962301000952721e-03,9.286271408200263977e-03,-4.893600195646286011e-02,-9.760601818561553955e-02,5.265915393829345703e-01,2.072712332010269165e-01,5.265915393829345703e-01,-9.760601818561553955e-02,-4.893600195646286011e-02,9.286271408200263977e-03,-3.732962301000952721e-03,2.623780257999897003e-02,-3.934488072991371155e-02,3.471133485436439514e-02,-1.295855082571506500e-02
-4.978659562766551971e-03,-1.053305994719266891e-02,2.312633395195007324e-02,-2.029841765761375427e-02,2.965171821415424347e-02,-5.660176649689674377e-02,1.385241150856018066e-01,-2.900467514991760254e-01,-8.218480646610260010e-02,3.681203126907348633e-01,-8.218480646610260010e-02,-2.900467514991760254e-01,1.385241150856018066e-01,-5.660176649689674377e-02,2.965171821415424347e-02,-2.029841765761375427e-02,2.312633395195007324e-02,-1.053305994719266891e-02,-4.978659562766551971e-03
-3.120971620082855225e-01
5.422364920377731323e-03,2.779371850192546844e-02,-4.999795556068420410e-02,2.576944231986999512e-02,8.677953737787902355e-04,5.800293292850255966e-03,-5.212327465415000916e-02,-1.025538742542266846e-01,5.253645777702331543e-01,2.088350802659988403e-01,5.253645777702331543e-01,-1.025538742542266846e-01,-5.212327465415000916e-02,5.800293292850255966e-03,8.677953737787902355e-04,2.576944231986999512e-02,-4.999795556068420410e-02,2.779371850192546844e-02,5.422364920377731323e-03
9.967340156435966492e-03,2.948827575892210007e-03,1.840593107044696808e-02,-3.116973489522933960e-02,2.990432642400264740e-02,-4.907505214214324951e-02,1.393543332815170288e-01,-2.914636135101318359e-01,-9.515475481748580933e-02,3.637441694736480713e-01,-9.515475481748580933e-02,-2.914636135101318359e-01,1.393543332815170288e-01,-4.907505214214324951e-02,2.990432642400264740e-02,-3.116973489522933960e-02,1.840593107044696808e-02,2.948827575892210007e-03,9.967340156435966492e-03
-3.144218921661376953e-01
-2.627418190240859985e-02,4.178649559617042542e-02,-2.870391309261322021e-02,2.535401284694671631e-02,-5.748718511313199997e-03,1.229102537035942078e-02,-3.385890647768974304e-02,-9.807485342025756836e-02,5.224218964576721191e-01,2.079572677612304688e-01,5.224218964576721191e-01,-9.807485342025756836e-02,-3.385890647768974304e-02,1.229102537035942078e-02,-5.748718511313199997e-03,2.535401284694671631e-02,-2.870391309261322021e-02,4.178649559617042542e-02,-2.627418190240859985e-02
-3.444942459464073181e-02,-3.285757452249526978e-02,2.686892263591289520e-02,-9.929575026035308838e-03,2.614061720669269562e-02,-6.077200919389724731e-02,1.456089615821838379e-01,-2.700773179531097412e-01,-6.316649913787841797e-02,3.925474286079406738e-01,-6.316649913787841797e-02,-2.700773179531097412e-01,1.456089615821838379e-01,-6.077200919389724731e-02,2.614061720669269562e-02,-9.929575026035308838e-03,2.686892263591289520e-02,-3.285757452249526978e-02,-3.444942459464073181e-02
-3.167523443698883057e-01
-6.946082576178014278e-04,2.516071312129497528e-02,-4.690933227539062500e-02,2.949819527566432953e-02,7.622586097568273544e-03,6.131163798272609711e-03,-4.888468980789184570e-02,-1.073934510350227356e-01,5.278131365776062012e-01,2.177143096923828125e-01,5.278131365776062012e-01,-1.073934510350227356e-01,-4.888468980789184570e-02,6.131163798272609711e-03,7.622586097568273544e-03,2.949819527566432953e-02,-4.690933227539062500e-02,2.516071312129497528e-02,-6.946082576178014278e-04
-2.057427074760198593e-03,-3.100535133853554726e-03,2.412037551403045654e-02,-2.912260964512825012e-02,2.473023347556591034e-02,-5.311849713325500488e-02,1.396249532699584961e-01,-2.828235924243927002e-01,-9.201066941022872925e-02,3.794578015804290771e-01,-9.201066941022872925e-02,-2.828235924243927002e-01,1.396249532699584961e-01,-5.311849713325500488e-02,2.473023347556591034e-02,-2.912260964512825012e-02,2.412037551403045654e-02,-3.100535133853554726e-03,-2.057427074760198593e-03
-3.190885186195373535e-01
2.053378382697701454e-03,2.069368027150630951e-02,-5.143846198916435242e-02,2.826521918177604675e-02,1.053308229893445969e-02,6.249042693525552750e-03,-4.825938865542411804e-02,-1.119019463658332825e-01,5.259684324264526367e-01,2.197133302688598633e-01,5.259684324264526367e-01,-1.119019463658332825e-01,-4.825938865542411804e-02,6.249042693525552750e-03,1.053308229893445969e-02,2.826521918177604675e-02,-5.143846198916435242e-02,2.069368027150630951e-02,2.053378382697701454e-03
-5.211484618484973907e-03,-7.986803539097309113e-04,2.766055054962635040e-02,-3.043409995734691620e-02,2.124905213713645935e-02,-5.277330055832862854e-02,1.421886384487152100e-01,-2.773689031600952148e-01,-9.264077246189117432e-02,3.830486238002777100e-01,-9.264077246189117432e-02,-2.773689031600952148e-01,1.421886384487152100e-01,-5.277330055832862854e-02,2.124905213713645935e-02,-3.043409995734691620e-02,2.766055054962635040e-02,-7.986803539097309113e-04,-5.211484618484973907e-03
-3.214304149150848389e-01
1.352841872721910477e-02,1.793480850756168365e-02,-5.823798850178718567e-02,2.468768320977687836e-02,1.231099106371402740e-02,6.085737142711877823e-03,-4.755125939846038818e-02,-1.172946691513061523e-01,5.208534002304077148e-01,2.185039371252059937e-01,5.208534002304077148e-01,-1.172946691513061523e-01,-4.755125939846038818e-02,6.085737142711877823e-03,1.231099106371402740e-02,2.468768320977687836e-02,-5.823798850178718567e-02,1.793480850756168365e-02,1.352841872721910477e-02
-4.112890746910125017e-04,1.281605660915374756e-02,3.363629430532455444e-02,-3.660084307193756104e-02,1.468574907630681992e-02,-5.271632969379425049e-02,1.412809640169143677e-01,-2.781093418598175049e-01,-9.861253947019577026e-02,3.874887824058532715e-01,-9.861253947019577026e-02,-2.781093418598175049e-01,1.412809640169143677e-01,-5.271632969379425049e-02,1.468574907630681992e-02,-3.660084307193756104e-02,3.363629430532455444e-02,1.281605660915374756e-02,-4.112890746910125017e-04
-3.237780332565307617e-01
2.210570871829986572e-02,5.660382448695600033e-04,-6.544285267591476440e-02,4.412388801574707031e-02,3.348915278911590576e-02,5.737951956689357758e-03,-5.424954369664192200e-02,-1.272049099206924438e-01,5.109436511993408203e-01,2.117847204208374023e-01,5.109436511993408203e-01,-1.272049099206924438e-01,-5.424954369664192200e-02,5.737951956689357758e-03,3.348915278911590576e-02,4.412388801574707031e-02,-6.544285267591476440e-02,5.660382448695600033e-04,2.210570871829986572e-02
7.891485467553138733e-03,1.356219220906496048e-02,3.050670959055423737e-03,-5.859215557575225830e-02,3.210401162505149841e-02,-1.785144954919815063e-02,1.536433547735214233e-01,-2.797830104827880859e-01,-1.083594486117362976e-01,3.905872106552124023e-01,-1.083594486117362976e-01,-2.797830104827880859e-01,1.536433547735214233e-01,-1.785144954919815063e-02,3.210401162505149841e-02,-5.859215557575225830e-02,3.050670959055423737e-03,1.356219220906496048e-02,7.891485467553138733e-03
-3.261313140392303467e-01
3.354618325829505920e-02,1.348142791539430618e-02,-7.235347479581832886e-02,1.841202005743980408e-02,2.448249794542789459e-02,1.818801090121269226e-02,-4.486091434955596924e-02,-1.352285593748092651e-01,5.083936452865600586e-01,2.183921486139297485e-01,5.083936452865600586e-01,-1.352285593748092651e-01,-4.486091434955596924e-02,1.818801090121269226e-02,2.448249794542789459e-02,1.841202005743980408e-02,-7.235347479581832886e-02,1.348142791539430618e-02,3.354618325829505920e-02
4.142687655985355377e-03,3.840157389640808105e-02,4.003868997097015381e-02,-5.831595882773399353e-02,7.051082793623209000e-03,-3.574907034635543823e-02,1.430293917655944824e-01,-2.878133654594421387e-01,-1.031909957528114319e-01,4.238739907741546631e-01,-1.031909957528114319e-01,-2.878133654594421387e-01,1.430293917655944824e-01,-3.574907034635543823e-02,7.051082793623209000e-03,-5.831595882773399353e-02,4.003868997097015381e-02,3.840157389640808105e-02,4.142687655985355377e-03
-3.284902870655059814e-01
-1.006188690662384033e-01,7.365579903125762939e-02,8.620614558458328247e-02,-4.394681751728057861e-02,-5.943625420331954956e-02,-4.698462039232254028e-02,1.220924779772758484e-01,-5.041639134287834167e-02,2.068992257118225098e-01,6.226555705070495605e-01,2.068992257118225098e-01,-5.041639134287834167e-02,1.220924779772758484e-01,-4.698462039232254028e-02,-5.943625420331954956e-02,-4.394681751728057861e-02,8.620614558458328247e-02,7.365579903125762939e-02,-1.006188690662384033e-01
-3.342368081212043762e-02,-5.825231224298477173e-02,2.036287821829319000e-02,2.429671585559844971e-02,2.338547445833683014e-02,-1.027751900255680084e-02,-3.399556875228881836e-02,-5.100398510694503784e-02,-2.004515528678894043e-01,6.408944129943847656e-01,-2.004515528678894043e-01,-5.100398510694503784e-02,-3.399556875228881836e-02,-1.027751900255680084e-02,2.338547445833683014e-02,2.429671585559844971e-02,2.036287821829319000e-02,-5.825231224298477173e-02,-3.342368081212043762e-02
-0.000000000000000000e+00
