-1.862661540508270264e-01,-3.254145756363868713e-02,1.113182455301284790e-01,1.412032544612884521e-01,7.986833900213241577e-02,5.864441022276878357e-02,2.392982877790927887e-02,6.030047684907913208e-02,6.728816777467727661e-02,6.030047684907913208e-02,2.392982877790927887e-02,5.864441022276878357e-02,7.986833900213241577e-02,1.412032544612884521e-01,1.113182455301284790e-01,-3.254145756363868713e-02,-1.862661540508270264e-01
4.185910522937774658e-02,-2.373360991477966309e-01,-9.732228517532348633e-02,2.582739852368831635e-02,-1.290814578533172607e-02,-9.873692877590656281e-03,9.410463273525238037e-02,4.179457202553749084e-02,2.152464538812637329e-02,4.179457202553749084e-02,9.410463273525238037e-02,-9.873692877590656281e-03,-1.290814578533172607e-02,2.582739852368831635e-02,-9.732228517532348633e-02,-2.373360991477966309e-01,4.185910522937774658e-02
-3.248978871852159500e-03
-2.095811814069747925e-02,1.955026239156723022e-01,1.206711679697036743e-01,4.444913938641548157e-02,8.862295001745223999e-02,1.252315044403076172e-01,6.551823019981384277e-02,8.298387378454208374e-02,8.598936349153518677e-02,8.298387378454208374e-02,6.551823019981384277e-02,1.252315044403076172e-01,8.862295001745223999e-02,4.444913938641548157e-02,1.206711679697036743e-01,1.955026239156723022e-01,-2.095811814069747925e-02
-1.403886824846267700e-01,2.783691883087158203e-02,8.450450748205184937e-02,2.775806700810790062e-03,-1.376627292484045029e-02,3.787906095385551453e-02,8.502718061208724976e-02,4.403045028448104858e-02,3.623257949948310852e-02,4.403045028448104858e-02,8.502718061208724976e-02,3.787906095385551453e-02,-1.376627292484045029e-02,2.775806700810790062e-03,8.450450748205184937e-02,2.783691883087158203e-02,-1.403886824846267700e-01
-3.769710194319486618e-03
1.387347187846899033e-02,1.666275262832641602e-01,7.805304229259490967e-02,6.808852311223745346e-03,8.830298483371734619e-02,1.187956631183624268e-01,7.138865441083908081e-02,7.418324053287506104e-02,8.830389380455017090e-02,7.418324053287506104e-02,7.138865441083908081e-02,1.187956631183624268e-01,8.830298483371734619e-02,6.808852311223745346e-03,7.805304229259490967e-02,1.666275262832641602e-01,1.387347187846899033e-02
-1.637965291738510132e-01,2.484049648046493530e-02,1.095559149980545044e-01,4.899713024497032166e-02,4.345428198575973511e-02,2.715378440916538239e-02,3.779686987400054932e-02,4.604264348745346069e-02,7.917027920484542847e-02,4.604264348745346069e-02,3.779686987400054932e-02,2.715378440916538239e-02,4.345428198575973511e-02,4.899713024497032166e-02,1.095559149980545044e-01,2.484049648046493530e-02,-1.637965291738510132e-01
-4.315481521189212799e-03
-5.067760497331619263e-02,2.234963923692703247e-01,1.466595232486724854e-01,6.554096192121505737e-02,1.023300811648368835e-01,1.100180819630622864e-01,3.700773417949676514e-02,5.753180012106895447e-02,8.693823218345642090e-02,5.753180012106895447e-02,3.700773417949676514e-02,1.100180819630622864e-01,1.023300811648368835e-01,6.554096192121505737e-02,1.466595232486724854e-01,2.234963923692703247e-01,-5.067760497331619263e-02
-1.405784934759140015e-01,-8.058895170688629150e-02,5.634792149066925049e-02,3.582350537180900574e-02,6.167408078908920288e-03,-3.408400807529687881e-03,4.633446037769317627e-02,7.268598675727844238e-02,8.911628276109695435e-02,7.268598675727844238e-02,4.633446037769317627e-02,-3.408400807529687881e-03,6.167408078908920288e-03,3.582350537180900574e-02,5.634792149066925049e-02,-8.058895170688629150e-02,-1.405784934759140015e-01
-4.885198082774877548e-03
-4.630721732974052429e-02,2.242186516523361206e-01,1.109873801469802856e-01,4.290508106350898743e-02,8.291730284690856934e-02,1.111203283071517944e-01,3.241558000445365906e-02,5.166270956397056580e-02,7.704150676727294922e-02,5.166270956397056580e-02,3.241558000445365906e-02,1.111203283071517944e-01,8.291730284690856934e-02,4.290508106350898743e-02,1.109873801469802856e-01,2.242186516523361206e-01,-4.630721732974052429e-02
-1.319067925214767456e-01,-3.874213248491287231e-02,-7.473030127584934235e-03,-6.008194293826818466e-03,2.104518748819828033e-02,4.444755986332893372e-02,2.602047100663185120e-02,5.227505043148994446e-02,7.912975549697875977e-02,5.227505043148994446e-02,2.602047100663185120e-02,4.444755986332893372e-02,2.104518748819828033e-02,-6.008194293826818466e-03,-7.473030127584934235e-03,-3.874213248491287231e-02,-1.319067925214767456e-01
-5.477896425873041153e-03
-1.440148800611495972e-01,1.773888170719146729e-01,1.643171608448028564e-01,5.337570235133171082e-02,6.009755656123161316e-02,9.881360828876495361e-02,8.299738913774490356e-02,4.771535098552703857e-02,6.484946608543395996e-02,4.771535098552703857e-02,8.299738913774490356e-02,9.881360828876495361e-02,6.009755656123161316e-02,5.337570235133171082e-02,1.643171608448028564e-01,1.773888170719146729e-01,-1.440148800611495972e-01
-1.370384395122528076e-01,-1.268894076347351074e-01,5.295284092426300049e-03,1.961081288754940033e-02,-6.243128329515457153e-02,3.487459383904933929e-03,8.673071116209030151e-02,1.131647080183029175e-01,5.829190462827682495e-02,1.131647080183029175e-01,8.673071116209030151e-02,3.487459383904933929e-03,-6.243128329515457153e-02,1.961081288754940033e-02,5.295284092426300049e-03,-1.268894076347351074e-01,-1.370384395122528076e-01
-6.092720665037631989e-03
-1.135280877351760864e-01,1.697868257761001587e-01,1.202967166900634766e-01,5.235137045383453369e-02,1.015318036079406738e-01,1.019262224435806274e-01,3.803263232111930847e-02,4.270180687308311462e-02,9.524075686931610107e-02,4.270180687308311462e-02,3.803263232111930847e-02,1.019262224435806274e-01,1.015318036079406738e-01,5.235137045383453369e-02,1.202967166900634766e-01,1.697868257761001587e-01,-1.135280877351760864e-01
-9.096273034811019897e-02,-2.072811126708984375e-01,-8.560761064291000366e-02,9.909661021083593369e-04,2.763904444873332977e-02,3.105004131793975830e-02,7.500768452882766724e-02,5.160837247967720032e-02,6.491632759571075439e-02,5.160837247967720032e-02,7.500768452882766724e-02,3.105004131793975830e-02,2.763904444873332977e-02,9.909661021083593369e-04,-8.560761064291000366e-02,-2.072811126708984375e-01,-9.096273034811019897e-02
-6.728903856128454208e-03
-1.440995931625366211e-01,1.394199430942535400e-01,1.337402015924453735e-01,8.870496600866317749e-02,8.466733247041702271e-02,7.557988911867141724e-02,2.847726643085479736e-02,6.707774847745895386e-02,9.757207334041595459e-02,6.707774847745895386e-02,2.847726643085479736e-02,7.557988911867141724e-02,8.466733247041702271e-02,8.870496600866317749e-02,1.337402015924453735e-01,1.394199430942535400e-01,-1.440995931625366211e-01
-1.021366193890571594e-01,-2.245780229568481445e-01,-8.165644854307174683e-02,6.223726272583007812e-02,-1.200414262712001801e-02,1.506705489009618759e-02,6.964544206857681274e-02,8.798518031835556030e-02,4.279233515262603760e-02,8.798518031835556030e-02,6.964544206857681274e-02,1.506705489009618759e-02,-1.200414262712001801e-02,6.223726272583007812e-02,-8.165644854307174683e-02,-2.245780229568481445e-01,-1.021366193890571594e-01
-7.385753560811281204e-03
-1.714300513267517090e-01,7.765901088714599609e-02,1.551316380500793457e-01,7.786402106285095215e-02,3.581048920750617981e-02,8.544145524501800537e-02,1.085309386253356934e-01,7.893623411655426025e-02,6.490577757358551025e-02,7.893623411655426025e-02,1.085309386253356934e-01,8.544145524501800537e-02,3.581048920750617981e-02,7.786402106285095215e-02,1.551316380500793457e-01,7.765901088714599609e-02,-1.714300513267517090e-01
-1.801249384880065918e-02,-2.521530985832214355e-01,-9.179784357547760010e-02,1.353822369128465652e-02,-1.823361031711101532e-02,-1.934926770627498627e-02,9.525169432163238525e-02,8.341571688652038574e-02,6.562874466180801392e-02,8.341571688652038574e-02,9.525169432163238525e-02,-1.934926770627498627e-02,-1.823361031711101532e-02,1.353822369128465652e-02,-9.179784357547760010e-02,-2.521530985832214355e-01,-1.801249384880065918e-02
-8.062640205025672913e-03
-1.675013452768325806e-01,-3.390988800674676895e-03,1.067150235176086426e-01,7.116934657096862793e-02,7.054489105939865112e-02,1.112191081047058105e-01,1.137384101748466492e-01,3.532714769244194031e-02,3.439561650156974792e-02,3.532714769244194031e-02,1.137384101748466492e-01,1.112191081047058105e-01,7.054489105939865112e-02,7.116934657096862793e-02,1.067150235176086426e-01,-3.390988800674676895e-03,-1.675013452768325806e-01
-1.337818428874015808e-02,-2.667379379272460938e-01,-1.462139040231704712e-01,4.180031642317771912e-02,-6.175481248646974564e-03,3.514109924435615540e-02,9.381795674562454224e-02,8.897111564874649048e-02,2.829176560044288635e-02,8.897111564874649048e-02,9.381795674562454224e-02,3.514109924435615540e-02,-6.175481248646974564e-03,4.180031642317771912e-02,-1.462139040231704712e-01,-2.667379379272460938e-01,-1.337818428874015808e-02
-8.758988231420516968e-03
-1.941470801830291748e-01,-5.279094353318214417e-02,9.947121888399124146e-02,1.414599865674972534e-01,7.252549380064010620e-02,7.095339894294738770e-02,5.018612742424011230e-02,7.827011495828628540e-02,6.646404415369033813e-02,7.827011495828628540e-02,5.018612742424011230e-02,7.095339894294738770e-02,7.252549380064010620e-02,1.414599865674972534e-01,9.947121888399124146e-02,-5.279094353318214417e-02,-1.941470801830291748e-01
2.607975713908672333e-02,-2.657692432403564453e-01,-1.300784051418304443e-01,2.104866504669189453e-02,-3.610313171520829201e-03,6.690471898764371872e-03,9.669855237007141113e-02,5.829149112105369568e-02,3.248247876763343811e-02,5.829149112105369568e-02,9.669855237007141113e-02,6.690471898764371872e-03,-3.610313171520829201e-03,2.104866504669189453e-02,-1.300784051418304443e-01,-2.657692432403564453e-01,2.607975713908672333e-02
-9.474270045757293701e-03
-1.636101454496383667e-01,-7.944361865520477295e-02,1.227394118905067444e-01,8.902081847190856934e-02,4.956704378128051758e-02,7.889124006032943726e-02,1.412623524665832520e-01,7.003200054168701172e-02,5.319030210375785828e-02,7.003200054168701172e-02,1.412623524665832520e-01,7.889124006032943726e-02,4.956704378128051758e-02,8.902081847190856934e-02,1.227394118905067444e-01,-7.944361865520477295e-02,-1.636101454496383667e-01
5.734215676784515381e-02,-2.654219865798950195e-01,-1.492714285850524902e-01,-4.054258111864328384e-03,-3.537825774401426315e-03,-2.585577219724655151e-02,6.315212696790695190e-02,4.961740225553512573e-02,5.753033235669136047e-02,4.961740225553512573e-02,6.315212696790695190e-02,-2.585577219724655151e-02,-3.537825774401426315e-03,-4.054258111864328384e-03,-1.492714285850524902e-01,-2.654219865798950195e-01,5.734215676784515381e-02
-1.020799670368432999e-02
-1.599233001470565796e-01,-1.587704122066497803e-01,6.596561521291732788e-02,1.205007657408714294e-01,8.029802888631820679e-02,9.020508825778961182e-02,1.322360932826995850e-01,6.326570361852645874e-02,3.545885160565376282e-02,6.326570361852645874e-02,1.322360932826995850e-01,9.020508825778961182e-02,8.029802888631820679e-02,1.205007657408714294e-01,6.596561521291732788e-02,-1.587704122066497803e-01,-1.599233001470565796e-01
8.181998878717422485e-02,-2.277276217937469482e-01,-1.900250911712646484e-01,8.880108594894409180e-03,2.608700189739465714e-03,1.505708880722522736e-02,4.326748847961425781e-02,8.638267219066619873e-02,5.686487630009651184e-02,8.638267219066619873e-02,4.326748847961425781e-02,1.505708880722522736e-02,2.608700189739465714e-03,8.880108594894409180e-03,-1.900250911712646484e-01,-2.277276217937469482e-01,8.181998878717422485e-02
-1.095971744507551193e-02
-1.436048597097396851e-01,-1.240439862012863159e-01,-1.563634350895881653e-02,1.112647801637649536e-01,9.806011617183685303e-02,1.174275875091552734e-01,7.998859882354736328e-02,9.613734483718872070e-02,6.899826973676681519e-02,9.613734483718872070e-02,7.998859882354736328e-02,1.174275875091552734e-01,9.806011617183685303e-02,1.112647801637649536e-01,-1.563634350895881653e-02,-1.240439862012863159e-01,-1.436048597097396851e-01
9.258777648210525513e-02,-2.071048617362976074e-01,-1.357125639915466309e-01,-1.702746748924255371e-02,-7.115618139505386353e-02,-6.430792808532714844e-02,2.522579580545425415e-02,3.590172156691551208e-02,2.546839416027069092e-02,3.590172156691551208e-02,2.522579580545425415e-02,-6.430792808532714844e-02,-7.115618139505386353e-02,-1.702746748924255371e-02,-1.357125639915466309e-01,-2.071048617362976074e-01,9.258777648210525513e-02
-1.172901038080453873e-02
-1.309811025857925415e-01,-2.338508069515228271e-01,-6.391974631696939468e-03,1.446518301963806152e-01,8.197584003210067749e-02,8.684296160936355591e-02,1.380049884319305420e-01,8.968064934015274048e-02,4.171199724078178406e-02,8.968064934015274048e-02,1.380049884319305420e-01,8.684296160936355591e-02,8.197584003210067749e-02,1.446518301963806152e-01,-6.391974631696939468e-03,-2.338508069515228271e-01,-1.309811025857925415e-01
1.934060305356979370e-01,-1.680415272712707520e-01,-2.113302350044250488e-01,-9.843835234642028809e-02,3.919625654816627502e-02,-9.269527159631252289e-03,2.732559479773044586e-02,5.700986087322235107e-02,1.179232597351074219e-01,5.700986087322235107e-02,2.732559479773044586e-02,-9.269527159631252289e-03,3.919625654816627502e-02,-9.843835234642028809e-02,-2.113302350044250488e-01,-1.680415272712707520e-01,1.934060305356979370e-01
-1.251548528671264648e-02
-8.561114221811294556e-02,-2.882948219776153564e-01,-2.304295264184474945e-02,1.415111571550369263e-01,1.171423122286796570e-01,5.506961420178413391e-02,1.349332183599472046e-01,7.364623248577117920e-02,7.026922702789306641e-02,7.364623248577117920e-02,1.349332183599472046e-01,5.506961420178413391e-02,1.171423122286796570e-01,1.415111571550369263e-01,-2.304295264184474945e-02,-2.882948219776153564e-01,-8.561114221811294556e-02
1.523785442113876343e-01,-7.781853526830673218e-02,-1.597916632890701294e-01,-1.469333022832870483e-01,-7.207776606082916260e-02,2.953505702316761017e-02,9.497877210378646851e-02,3.874946385622024536e-02,2.702470496296882629e-02,3.874946385622024536e-02,9.497877210378646851e-02,2.953505702316761017e-02,-7.207776606082916260e-02,-1.469333022832870483e-01,-1.597916632890701294e-01,-7.781853526830673218e-02,1.523785442113876343e-01
-1.331877429038286209e-02
-5.626394227147102356e-02,-2.779862582683563232e-01,-6.955927610397338867e-02,1.086229756474494934e-01,1.091047450900077820e-01,8.194343745708465576e-02,1.460032016038894653e-01,9.481321275234222412e-02,7.963674515485763550e-02,9.481321275234222412e-02,1.460032016038894653e-01,8.194343745708465576e-02,1.091047450900077820e-01,1.086229756474494934e-01,-6.955927610397338867e-02,-2.779862582683563232e-01,-5.626394227147102356e-02
1.794364154338836670e-01,-6.159367784857749939e-02,-2.339513003826141357e-01,-9.774747490882873535e-02,6.047866307199001312e-03,8.917721919715404510e-03,-2.488902211189270020e-02,9.373562037944793701e-02,1.226190552115440369e-01,9.373562037944793701e-02,-2.488902211189270020e-02,8.917721919715404510e-03,6.047866307199001312e-03,-9.774747490882873535e-02,-2.339513003826141357e-01,-6.159367784857749939e-02,1.794364154338836670e-01
-1.413853280246257782e-02
-4.251289740204811096e-02,-2.599417269229888916e-01,-8.549317717552185059e-02,1.554944962263107300e-01,1.123366728425025940e-01,1.087993830442428589e-01,1.266724169254302979e-01,1.051619723439216614e-01,5.427446588873863220e-02,1.051619723439216614e-01,1.266724169254302979e-01,1.087993830442428589e-01,1.123366728425025940e-01,1.554944962263107300e-01,-8.549317717552185059e-02,-2.599417269229888916e-01,-4.251289740204811096e-02
1.963260322809219360e-01,1.293833181262016296e-02,-2.222903966903686523e-01,-1.491296440362930298e-01,-3.691650554537773132e-02,2.795221842825412750e-02,-1.570664579048752785e-03,6.373732537031173706e-02,8.198758959770202637e-02,6.373732537031173706e-02,-1.570664579048752785e-03,2.795221842825412750e-02,-3.691650554537773132e-02,-1.491296440362930298e-01,-2.222903966903686523e-01,1.293833181262016296e-02,1.963260322809219360e-01
-1.497443672269582748e-02
-7.406046614050865173e-03,-2.358662337064743042e-01,-1.556092500686645508e-01,1.051923558115959167e-01,1.036979332566261292e-01,1.185981780290603638e-01,1.073130443692207336e-01,1.307700723409652710e-01,8.664088696241378784e-02,1.307700723409652710e-01,1.073130443692207336e-01,1.185981780290603638e-01,1.036979332566261292e-01,1.051923558115959167e-01,-1.556092500686645508e-01,-2.358662337064743042e-01,-7.406046614050865173e-03
2.321169376373291016e-01,-1.917980611324310303e-02,-2.237884998321533203e-01,-1.253033429384231567e-01,4.317127168178558350e-02,-2.862520888447761536e-02,-5.296764150261878967e-02,8.498829603195190430e-02,1.853807270526885986e-01,8.498829603195190430e-02,-5.296764150261878967e-02,-2.862520888447761536e-02,4.317127168178558350e-02,-1.253033429384231567e-01,-2.237884998321533203e-01,-1.917980611324310303e-02,2.321169376373291016e-01
-1.582618057727813721e-02
4.819995537400245667e-02,-2.474470734596252441e-01,-1.474853754043579102e-01,9.880750626325607300e-02,1.261537522077560425e-01,1.205053776502609253e-01,1.288854032754898071e-01,1.134573519229888916e-01,8.346943557262420654e-02,1.134573519229888916e-01,1.288854032754898071e-01,1.205053776502609253e-01,1.261537522077560425e-01,9.880750626325607300e-02,-1.474853754043579102e-01,-2.474470734596252441e-01,4.819995537400245667e-02
2.540595531463623047e-01,6.351686269044876099e-02,-1.732551604509353638e-01,-2.089623659849166870e-01,-2.446561306715011597e-02,-2.273318730294704437e-02,-5.818710196763277054e-03,3.085475414991378784e-02,1.301855444908142090e-01,3.085475414991378784e-02,-5.818710196763277054e-03,-2.273318730294704437e-02,-2.446561306715011597e-02,-2.089623659849166870e-01,-1.732551604509353638e-01,6.351686269044876099e-02,2.540595531463623047e-01
-1.669347472488880157e-02
1.142516136169433594e-01,-2.616788744926452637e-01,-1.749362200498580933e-01,4.786625504493713379e-02,1.499886810779571533e-01,1.043046936392784119e-01,1.318685859441757202e-01,1.059071347117424011e-01,1.229560896754264832e-01,1.059071347117424011e-01,1.318685859441757202e-01,1.043046936392784119e-01,1.499886810779571533e-01,4.786625504493713379e-02,-1.749362200498580933e-01,-2.616788744926452637e-01,1.142516136169433594e-01
2.371489256620407104e-01,8.887355774641036987e-02,-1.678344160318374634e-01,-2.032172232866287231e-01,-1.791791431605815887e-02,-2.114450931549072266e-02,-2.199134789407253265e-02,4.533949494361877441e-02,1.502085775136947632e-01,4.533949494361877441e-02,-2.199134789407253265e-02,-2.114450931549072266e-02,-1.791791431605815887e-02,-2.032172232866287231e-01,-1.678344160318374634e-01,8.887355774641036987e-02,2.371489256620407104e-01
-1.757604628801345825e-02
1.135630607604980469e-01,-2.685326635837554932e-01,-1.602382361888885498e-01,3.261132165789604187e-02,1.472525447607040405e-01,1.122439503669738770e-01,1.756494492292404175e-01,1.261118948459625244e-01,1.408316344022750854e-01,1.261118948459625244e-01,1.756494492292404175e-01,1.122439503669738770e-01,1.472525447607040405e-01,3.261132165789604187e-02,-1.602382361888885498e-01,-2.685326635837554932e-01,1.135630607604980469e-01
1.672089844942092896e-01,1.507247090339660645e-01,-1.426306366920471191e-01,-2.116678804159164429e-01,-7.329165190458297729e-02,7.621621480211615562e-04,-5.779184866696596146e-04,8.840213716030120850e-02,1.486369371414184570e-01,8.840213716030120850e-02,-5.779184866696596146e-04,7.621621480211615562e-04,-7.329165190458297729e-02,-2.116678804159164429e-01,-1.426306366920471191e-01,1.507247090339660645e-01,1.672089844942092896e-01
-1.847363449633121490e-02
1.280326247215270996e-01,-2.159815281629562378e-01,-1.625542193651199341e-01,2.287933416664600372e-02,1.361910104751586914e-01,1.319053620100021362e-01,1.724574118852615356e-01,1.100850030779838562e-01,1.116784736514091492e-01,1.100850030779838562e-01,1.724574118852615356e-01,1.319053620100021362e-01,1.361910104751586914e-01,2.287933416664600372e-02,-1.625542193651199341e-01,-2.159815281629562378e-01,1.280326247215270996e-01
1.313335448503494263e-01,2.173942923545837402e-01,-1.451117545366287231e-01,-2.372709512710571289e-01,-1.205289661884307861e-01,1.528038550168275833e-02,-1.737103611230850220e-02,8.469134569168090820e-02,1.176658794283866882e-01,8.469134569168090820e-02,-1.737103611230850220e-02,1.528038550168275833e-02,-1.205289661884307861e-01,-2.372709512710571289e-01,-1.451117545366287231e-01,2.173942923545837402e-01,1.313335448503494263e-01
-1.938599348068237305e-02
1.576284468173980713e-01,-1.835112273693084717e-01,-2.298529148101806641e-01,3.347385674715042114e-03,1.372112929821014404e-01,1.492495983839035034e-01,1.395700275897979736e-01,1.500603705644607544e-01,1.403985023498535156e-01,1.500603705644607544e-01,1.395700275897979736e-01,1.492495983839035034e-01,1.372112929821014404e-01,3.347385674715042114e-03,-2.298529148101806641e-01,-1.835112273693084717e-01,1.576284468173980713e-01
1.164814606308937073e-01,2.320648133754730225e-01,-1.258634626865386963e-01,-1.989858597517013550e-01,-1.072633266448974609e-01,1.166802272200584412e-02,-4.324756935238838196e-02,9.590543806552886963e-02,1.292675584554672241e-01,9.590543806552886963e-02,-4.324756935238838196e-02,1.166802272200584412e-02,-1.072633266448974609e-01,-1.989858597517013550e-01,-1.258634626865386963e-01,2.320648133754730225e-01,1.164814606308937073e-01
-2.031288668513298035e-02
1.448756903409957886e-01,-1.074851751327514648e-01,-2.093528807163238525e-01,-1.125424634665250778e-02,7.812894880771636963e-02,1.822687685489654541e-01,1.697494238615036011e-01,1.494807600975036621e-01,8.466853201389312744e-02,1.494807600975036621e-01,1.697494238615036011e-01,1.822687685489654541e-01,7.812894880771636963e-02,-1.125424634665250778e-02,-2.093528807163238525e-01,-1.074851751327514648e-01,1.448756903409957886e-01
1.033569872379302979e-01,2.895670533180236816e-01,-8.590154349803924561e-02,-2.533325552940368652e-01,-1.441396921873092651e-01,-4.478039685636758804e-03,-2.710924670100212097e-02,8.196898549795150757e-02,1.271478235721588135e-01,8.196898549795150757e-02,-2.710924670100212097e-02,-4.478039685636758804e-03,-1.441396921873092651e-01,-2.533325552940368652e-01,-8.590154349803924561e-02,2.895670533180236816e-01,1.033569872379302979e-01
-2.125409059226512909e-02
1.480267494916915894e-01,-5.443842709064483643e-02,-2.156047523021697998e-01,-1.643435657024383545e-02,8.524616062641143799e-02,1.882821917533874512e-01,1.582621484994888306e-01,1.830478310585021973e-01,1.211116462945938110e-01,1.830478310585021973e-01,1.582621484994888306e-01,1.882821917533874512e-01,8.524616062641143799e-02,-1.643435657024383545e-02,-2.156047523021697998e-01,-5.443842709064483643e-02,1.480267494916915894e-01
5.924113467335700989e-02,2.568612694740295410e-01,-4.547327756881713867e-02,-2.340625077486038208e-01,-1.115371286869049072e-01,-1.029044017195701599e-02,-1.536527415737509727e-03,1.003001481294631958e-01,1.680116504430770874e-01,1.003001481294631958e-01,-1.536527415737509727e-03,-1.029044017195701599e-02,-1.115371286869049072e-01,-2.340625077486038208e-01,-4.547327756881713867e-02,2.568612694740295410e-01,5.924113467335700989e-02
-2.220939099788665771e-02
1.827749460935592651e-01,-1.105089392513036728e-02,-2.248021364212036133e-01,-5.068174004554748535e-02,1.023916974663734436e-01,1.940730661153793335e-01,1.408994942903518677e-01,1.542107611894607544e-01,1.152844652533531189e-01,1.542107611894607544e-01,1.408994942903518677e-01,1.940730661153793335e-01,1.023916974663734436e-01,-5.068174004554748535e-02,-2.248021364212036133e-01,-1.105089392513036728e-02,1.827749460935592651e-01
4.693568497896194458e-02,2.583484947681427002e-01,-3.551853878889232874e-04,-2.709830403327941895e-01,-1.387160867452621460e-01,-5.099744349718093872e-02,1.004527788609266281e-02,7.243498414754867554e-02,1.631930917501449585e-01,7.243498414754867554e-02,1.004527788609266281e-02,-5.099744349718093872e-02,-1.387160867452621460e-01,-2.709830403327941895e-01,-3.551853878889232874e-04,2.583484947681427002e-01,4.693568497896194458e-02
-2.317858114838600159e-02
1.918102055788040161e-01,8.648763410747051239e-03,-2.079586535692214966e-01,-8.423265069723129272e-02,1.010981425642967224e-01,1.850036382675170898e-01,1.671000868082046509e-01,1.664804816246032715e-01,1.483955681324005127e-01,1.664804816246032715e-01,1.671000868082046509e-01,1.850036382675170898e-01,1.010981425642967224e-01,-8.423265069723129272e-02,-2.079586535692214966e-01,8.648763410747051239e-03,1.918102055788040161e-01
1.337744668126106262e-02,2.408367693424224854e-01,2.992298640310764313e-02,-2.556943595409393311e-01,-1.185159459710121155e-01,-5.346159264445304871e-02,2.269174717366695404e-02,8.355232328176498413e-02,1.885231733322143555e-01,8.355232328176498413e-02,2.269174717366695404e-02,-5.346159264445304871e-02,-1.185159459710121155e-01,-2.556943595409393311e-01,2.992298640310764313e-02,2.408367693424224854e-01,1.337744668126106262e-02
-2.416146919131278992e-02
2.077095210552215576e-01,2.797257155179977417e-02,-1.939816921949386597e-01,-1.233403384685516357e-01,1.108308359980583191e-01,1.773460358381271362e-01,1.813701540231704712e-01,1.529520601034164429e-01,1.647318750619888306e-01,1.529520601034164429e-01,1.813701540231704712e-01,1.773460358381271362e-01,1.108308359980583191e-01,-1.233403384685516357e-01,-1.939816921949386597e-01,2.797257155179977417e-02,2.077095210552215576e-01
-1.714606396853923798e-02,2.447220087051391602e-01,5.180397257208824158e-02,-2.574925422668457031e-01,-1.358284950256347656e-01,-6.770844757556915283e-02,1.526076160371303558e-02,8.126317709684371948e-02,1.861068755388259888e-01,8.126317709684371948e-02,1.526076160371303558e-02,-6.770844757556915283e-02,-1.358284950256347656e-01,-2.574925422668457031e-01,5.180397257208824158e-02,2.447220087051391602e-01,-1.714606396853923798e-02
-2.515786141157150269e-02
2.171164155006408691e-01,6.693800538778305054e-02,-1.601952910423278809e-01,-1.380209028720855713e-01,1.306809931993484497e-01,1.741734743118286133e-01,1.943439394235610962e-01,1.547586470842361450e-01,1.932667344808578491e-01,1.547586470842361450e-01,1.943439394235610962e-01,1.741734743118286133e-01,1.306809931993484497e-01,-1.380209028720855713e-01,-1.601952910423278809e-01,6.693800538778305054e-02,2.171164155006408691e-01
-8.687511086463928223e-02,2.310332655906677246e-01,7.052753120660781860e-02,-2.196552902460098267e-01,-1.337667852640151978e-01,-4.915752634406089783e-02,1.510133221745491028e-02,9.849323332309722900e-02,1.817374974489212036e-01,9.849323332309722900e-02,1.510133221745491028e-02,-4.915752634406089783e-02,-1.337667852640151978e-01,-2.196552902460098267e-01,7.052753120660781860e-02,2.310332655906677246e-01,-8.687511086463928223e-02
-2.616758272051811218e-02
2.285951077938079834e-01,1.111313328146934509e-01,-1.366557925939559937e-01,-1.599754840135574341e-01,1.266711503267288208e-01,1.795198172330856323e-01,2.113665193319320679e-01,1.443916559219360352e-01,1.875513195991516113e-01,1.443916559219360352e-01,2.113665193319320679e-01,1.795198172330856323e-01,1.266711503267288208e-01,-1.599754840135574341e-01,-1.366557925939559937e-01,1.111313328146934509e-01,2.285951077938079834e-01
-1.172731816768646240e-01,2.458387166261672974e-01,7.530448585748672485e-02,-1.942812949419021606e-01,-1.462229639291763306e-01,-5.221977084875106812e-02,-1.384123042225837708e-02,1.149814724922180176e-01,1.825680285692214966e-01,1.149814724922180176e-01,-1.384123042225837708e-02,-5.221977084875106812e-02,-1.462229639291763306e-01,-1.942812949419021606e-01,7.530448585748672485e-02,2.458387166261672974e-01,-1.172731816768646240e-01
-2.719045430421829224e-02
1.933975368738174438e-01,1.104280278086662292e-01,-1.646756529808044434e-01,-1.823076903820037842e-01,1.273002773523330688e-01,1.814032346010208130e-01,2.063460052013397217e-01,1.597177386283874512e-01,2.078570127487182617e-01,1.597177386283874512e-01,2.063460052013397217e-01,1.814032346010208130e-01,1.273002773523330688e-01,-1.823076903820037842e-01,-1.646756529808044434e-01,1.104280278086662292e-01,1.933975368738174438e-01
-1.597392112016677856e-01,2.552186846733093262e-01,9.860755503177642822e-02,-1.685193479061126709e-01,-1.852944046258926392e-01,-4.299611225724220276e-02,-2.011270727962255478e-03,1.150243282318115234e-01,1.423255652189254761e-01,1.150243282318115234e-01,-2.011270727962255478e-03,-4.299611225724220276e-02,-1.852944046258926392e-01,-1.685193479061126709e-01,9.860755503177642822e-02,2.552186846733093262e-01,-1.597392112016677856e-01
-2.822631411254405975e-02
1.579979211091995239e-01,1.624595075845718384e-01,-1.571657359600067139e-01,-1.961962282657623291e-01,8.974745869636535645e-02,1.767255365848541260e-01,1.964083462953567505e-01,1.614030450582504272e-01,1.958042979240417480e-01,1.614030450582504272e-01,1.964083462953567505e-01,1.767255365848541260e-01,8.974745869636535645e-02,-1.961962282657623291e-01,-1.571657359600067139e-01,1.624595075845718384e-01,1.579979211091995239e-01
-2.063915729522705078e-01,2.375678867101669312e-01,1.016908511519432068e-01,-1.336113661527633667e-01,-1.995482891798019409e-01,-5.710811167955398560e-02,-3.014575690031051636e-02,1.388740092515945435e-01,1.510188430547714233e-01,1.388740092515945435e-01,-3.014575690031051636e-02,-5.710811167955398560e-02,-1.995482891798019409e-01,-1.336113661527633667e-01,1.016908511519432068e-01,2.375678867101669312e-01,-2.063915729522705078e-01
-2.927499823272228241e-02
1.130642145872116089e-01,2.116870433092117310e-01,-1.555126458406448364e-01,-1.946155577898025513e-01,7.389046996831893921e-02,1.923057436943054199e-01,1.869691759347915649e-01,1.666682958602905273e-01,1.797736287117004395e-01,1.666682958602905273e-01,1.869691759347915649e-01,1.923057436943054199e-01,7.389046996831893921e-02,-1.946155577898025513e-01,-1.555126458406448364e-01,2.116870433092117310e-01,1.130642145872116089e-01
-2.329822033643722534e-01,2.150882333517074585e-01,1.129043176770210266e-01,-1.073910668492317200e-01,-2.136570066213607788e-01,-7.157434523105621338e-02,-5.131564661860466003e-02,1.451045423746109009e-01,1.486876904964447021e-01,1.451045423746109009e-01,-5.131564661860466003e-02,-7.157434523105621338e-02,-2.136570066213607788e-01,-1.073910668492317200e-01,1.129043176770210266e-01,2.150882333517074585e-01,-2.329822033643722534e-01
-3.033635206520557404e-02
4.580846056342124939e-02,2.446330785751342773e-01,-1.584540903568267822e-01,-1.911414563655853271e-01,4.718742147088050842e-02,1.945343911647796631e-01,1.723723411560058594e-01,1.880914419889450073e-01,1.811402738094329834e-01,1.880914419889450073e-01,1.723723411560058594e-01,1.945343911647796631e-01,4.718742147088050842e-02,-1.911414563655853271e-01,-1.584540903568267822e-01,2.446330785751342773e-01,4.580846056342124939e-02
-2.601539790630340576e-01,1.819182038307189941e-01,1.416931748390197754e-01,-8.746552467346191406e-02,-2.263798564672470093e-01,-6.670247018337249756e-02,-1.325665134936571121e-02,1.556229144334793091e-01,1.420748084783554077e-01,1.556229144334793091e-01,-1.325665134936571121e-02,-6.670247018337249756e-02,-2.263798564672470093e-01,-8.746552467346191406e-02,1.416931748390197754e-01,1.819182038307189941e-01,-2.601539790630340576e-01
-3.141022846102714539e-02
-1.963019929826259613e-02,2.660746276378631592e-01,-1.696609407663345337e-01,-1.985866874456405640e-01,1.942581869661808014e-02,2.050391137599945068e-01,1.676303297281265259e-01,2.023295611143112183e-01,1.713325232267379761e-01,2.023295611143112183e-01,1.676303297281265259e-01,2.050391137599945068e-01,1.942581869661808014e-02,-1.985866874456405640e-01,-1.696609407663345337e-01,2.660746276378631592e-01,-1.963019929826259613e-02
-2.789399623870849609e-01,1.337968260049819946e-01,1.693814545869827271e-01,-6.763750314712524414e-02,-2.132875919342041016e-01,-4.460479691624641418e-02,3.167839348316192627e-02,1.453672349452972412e-01,1.270845681428909302e-01,1.453672349452972412e-01,3.167839348316192627e-02,-4.460479691624641418e-02,-2.132875919342041016e-01,-6.763750314712524414e-02,1.693814545869827271e-01,1.337968260049819946e-01,-2.789399623870849609e-01
-3.249647840857505798e-02
-6.855314970016479492e-02,3.014476299285888672e-01,-1.457938700914382935e-01,-1.829403638839721680e-01,1.155755948275327682e-02,2.179785668849945068e-01,1.695767641067504883e-01,2.189641445875167847e-01,1.688034087419509888e-01,2.189641445875167847e-01,1.695767641067504883e-01,2.179785668849945068e-01,1.155755948275327682e-02,-1.829403638839721680e-01,-1.457938700914382935e-01,3.014476299285888672e-01,-6.855314970016479492e-02
-2.641509175300598145e-01,8.643742650747299194e-02,2.008770257234573364e-01,-5.242801457643508911e-02,-2.045538872480392456e-01,-6.214112415909767151e-02,3.337547555565834045e-02,1.313455849885940552e-01,1.312279105186462402e-01,1.313455849885940552e-01,3.337547555565834045e-02,-6.214112415909767151e-02,-2.045538872480392456e-01,-5.242801457643508911e-02,2.008770257234573364e-01,8.643742650747299194e-02,-2.641509175300598145e-01
-3.359496593475341797e-02
-1.079818159341812134e-01,3.176117837429046631e-01,-1.359747201204299927e-01,-1.952984482049942017e-01,-9.813157841563224792e-03,2.141000181436538696e-01,1.599388718605041504e-01,2.192907780408859253e-01,1.649766415357589722e-01,2.192907780408859253e-01,1.599388718605041504e-01,2.141000181436538696e-01,-9.813157841563224792e-03,-1.952984482049942017e-01,-1.359747201204299927e-01,3.176117837429046631e-01,-1.079818159341812134e-01
-2.152916938066482544e-01,3.532447293400764465e-02,2.222603857517242432e-01,-5.681496113538742065e-02,-2.114614993333816528e-01,-1.050952970981597900e-01,2.468277700245380402e-02,1.327029168605804443e-01,1.571497768163681030e-01,1.327029168605804443e-01,2.468277700245380402e-02,-1.050952970981597900e-01,-2.114614993333816528e-01,-5.681496113538742065e-02,2.222603857517242432e-01,3.532447293400764465e-02,-2.152916938066482544e-01
-3.470556065440177917e-02
-1.381660997867584229e-01,3.174053430557250977e-01,-1.136526390910148621e-01,-2.063924223184585571e-01,-3.143449127674102783e-02,2.088557481765747070e-01,1.702151447534561157e-01,2.222386151552200317e-01,1.604777574539184570e-01,2.222386151552200317e-01,1.702151447534561157e-01,2.088557481765747070e-01,-3.143449127674102783e-02,-2.063924223184585571e-01,-1.136526390910148621e-01,3.174053430557250977e-01,-1.381660997867584229e-01
-1.900259256362915039e-01,-1.511188875883817673e-02,2.554610967636108398e-01,-4.043642431497573853e-02,-1.800745278596878052e-01,-9.557527303695678711e-02,5.423043295741081238e-02,1.147838309407234192e-01,1.569867283105850220e-01,1.147838309407234192e-01,5.423043295741081238e-02,-9.557527303695678711e-02,-1.800745278596878052e-01,-4.043642431497573853e-02,2.554610967636108398e-01,-1.511188875883817673e-02,-1.900259256362915039e-01
-3.582812100648880005e-02
-1.634873747825622559e-01,3.124294579029083252e-01,-7.150075584650039673e-02,-2.046815305948257446e-01,-3.500984609127044678e-02,1.975427716970443726e-01,1.772611737251281738e-01,2.300287634134292603e-01,1.769602596759796143e-01,2.300287634134292603e-01,1.772611737251281738e-01,1.975427716970443726e-01,-3.500984609127044678e-02,-2.046815305948257446e-01,-7.150075584650039673e-02,3.124294579029083252e-01,-1.634873747825622559e-01
-1.505723744630813599e-01,-6.684917956590652466e-02,2.804528474807739258e-01,-4.382270202040672302e-02,-1.831464618444442749e-01,-1.180697306990623474e-01,6.148800626397132874e-02,1.021620705723762512e-01,1.635394692420959473e-01,1.021620705723762512e-01,6.148800626397132874e-02,-1.180697306990623474e-01,-1.831464618444442749e-01,-4.382270202040672302e-02,2.804528474807739258e-01,-6.684917956590652466e-02,-1.505723744630813599e-01
-3.696253150701522827e-02
-1.810921877622604370e-01,2.867495715618133545e-01,-5.102406069636344910e-02,-2.332442104816436768e-01,-4.309206828474998474e-02,1.906301826238632202e-01,1.850845068693161011e-01,2.215490043163299561e-01,1.824958771467208862e-01,2.215490043163299561e-01,1.850845068693161011e-01,1.906301826238632202e-01,-4.309206828474998474e-02,-2.332442104816436768e-01,-5.102406069636344910e-02,2.867495715618133545e-01,-1.810921877622604370e-01
-8.457571268081665039e-02,-1.126210242509841919e-01,2.855579257011413574e-01,-5.020882561802864075e-02,-1.840251684188842773e-01,-1.376823633909225464e-01,6.777429580688476562e-02,1.009748801589012146e-01,1.785263121128082275e-01,1.009748801589012146e-01,6.777429580688476562e-02,-1.376823633909225464e-01,-1.840251684188842773e-01,-5.020882561802864075e-02,2.855579257011413574e-01,-1.126210242509841919e-01,-8.457571268081665039e-02
-3.810866177082061768e-02
-1.815847605466842651e-01,2.641059458255767822e-01,-5.016828887164592743e-03,-2.411494404077529907e-01,-3.541585057973861694e-02,1.841325014829635620e-01,1.946397721767425537e-01,2.126326560974121094e-01,1.929949223995208740e-01,2.126326560974121094e-01,1.946397721767425537e-01,1.841325014829635620e-01,-3.541585057973861694e-02,-2.411494404077529907e-01,-5.016828887164592743e-03,2.641059458255767822e-01,-1.815847605466842651e-01
-2.967482432723045349e-02,-1.500514000654220581e-01,2.939642667770385742e-01,-5.127915740013122559e-02,-1.974949985742568970e-01,-1.645684540271759033e-01,6.169722601771354675e-02,9.467183798551559448e-02,1.842683702707290649e-01,9.467183798551559448e-02,6.169722601771354675e-02,-1.645684540271759033e-01,-1.974949985742568970e-01,-5.127915740013122559e-02,2.939642667770385742e-01,-1.500514000654220581e-01,-2.967482432723045349e-02
-3.926640003919601440e-02
-1.857005953788757324e-01,2.160339802503585815e-01,2.294173091650009155e-02,-2.645357251167297363e-01,-3.505115583539009094e-02,1.782454848289489746e-01,2.101971209049224854e-01,2.060689479112625122e-01,2.054346054792404175e-01,2.060689479112625122e-01,2.101971209049224854e-01,1.782454848289489746e-01,-3.505115583539009094e-02,-2.645357251167297363e-01,2.294173091650009155e-02,2.160339802503585815e-01,-1.857005953788757324e-01
2.094748429954051971e-02,-1.860830336809158325e-01,2.959009408950805664e-01,-2.910129353404045105e-02,-1.919419020414352417e-01,-1.739877462387084961e-01,5.985189974308013916e-02,9.413917362689971924e-02,1.886933594942092896e-01,9.413917362689971924e-02,5.985189974308013916e-02,-1.739877462387084961e-01,-1.919419020414352417e-01,-2.910129353404045105e-02,2.959009408950805664e-01,-1.860830336809158325e-01,2.094748429954051971e-02
-4.043562710285186768e-02
-1.681288480758666992e-01,1.750338822603225708e-01,6.712983548641204834e-02,-2.817530930042266846e-01,-5.440852046012878418e-02,1.436737924814224243e-01,2.143895924091339111e-01,1.980910003185272217e-01,2.177670747041702271e-01,1.980910003185272217e-01,2.143895924091339111e-01,1.436737924814224243e-01,-5.440852046012878418e-02,-2.817530930042266846e-01,6.712983548641204834e-02,1.750338822603225708e-01,-1.681288480758666992e-01
4.363950714468955994e-02,-2.045210301876068115e-01,3.025463223457336426e-01,-9.951774962246417999e-03,-1.977155506610870361e-01,-1.722970604896545410e-01,7.426708191633224487e-02,9.751263260841369629e-02,1.847410649061203003e-01,9.751263260841369629e-02,7.426708191633224487e-02,-1.722970604896545410e-01,-1.977155506610870361e-01,-9.951774962246417999e-03,3.025463223457336426e-01,-2.045210301876068115e-01,4.363950714468955994e-02
-4.161622747778892517e-02
-1.517750620841979980e-01,1.387398242950439453e-01,1.117361187934875488e-01,-2.843279242515563965e-01,-3.701571747660636902e-02,1.493378579616546631e-01,2.304433882236480713e-01,1.919073462486267090e-01,2.295728474855422974e-01,1.919073462486267090e-01,2.304433882236480713e-01,1.493378579616546631e-01,-3.701571747660636902e-02,-2.843279242515563965e-01,1.117361187934875488e-01,1.387398242950439453e-01,-1.517750620841979980e-01
8.563631027936935425e-02,-2.304187715053558350e-01,2.808311283588409424e-01,1.320633478462696075e-02,-2.045688629150390625e-01,-1.828204393386840820e-01,5.838921666145324707e-02,1.002080217003822327e-01,1.826827526092529297e-01,1.002080217003822327e-01,5.838921666145324707e-02,-1.828204393386840820e-01,-2.045688629150390625e-01,1.320633478462696075e-02,2.808311283588409424e-01,-2.304187715053558350e-01,8.563631027936935425e-02
-4.280810058116912842e-02
-1.172147467732429504e-01,1.006397828459739685e-01,1.507032662630081177e-01,-2.908956110477447510e-01,-4.615989327430725098e-02,1.275658607482910156e-01,2.343290597200393677e-01,1.889642775058746338e-01,2.437371611595153809e-01,1.889642775058746338e-01,2.343290597200393677e-01,1.275658607482910156e-01,-4.615989327430725098e-02,-2.908956110477447510e-01,1.507032662630081177e-01,1.006397828459739685e-01,-1.172147467732429504e-01
9.694239497184753418e-02,-2.428482472896575928e-01,2.607502639293670654e-01,3.699322789907455444e-02,-2.127625793218612671e-01,-1.821568161249160767e-01,5.104698985815048218e-02,1.072482541203498840e-01,1.779715865850448608e-01,1.072482541203498840e-01,5.104698985815048218e-02,-1.821568161249160767e-01,-2.127625793218612671e-01,3.699322789907455444e-02,2.607502639293670654e-01,-2.428482472896575928e-01,9.694239497184753418e-02
-4.401113837957382202e-02
-1.020798236131668091e-01,5.802344158291816711e-02,1.895577162504196167e-01,-2.912130653858184814e-01,-4.905317723751068115e-02,1.267324388027191162e-01,2.493830770254135132e-01,1.874157190322875977e-01,2.490578442811965942e-01,1.874157190322875977e-01,2.493830770254135132e-01,1.267324388027191162e-01,-4.905317723751068115e-02,-2.912130653858184814e-01,1.895577162504196167e-01,5.802344158291816711e-02,-1.020798236131668091e-01
1.310016810894012451e-01,-2.388900518417358398e-01,2.372810244560241699e-01,6.383691728115081787e-02,-2.262101769447326660e-01,-1.808825582265853882e-01,4.858316108584403992e-02,1.145005151629447937e-01,1.672621667385101318e-01,1.145005151629447937e-01,4.858316108584403992e-02,-1.808825582265853882e-01,-2.262101769447326660e-01,6.383691728115081787e-02,2.372810244560241699e-01,-2.388900518417358398e-01,1.310016810894012451e-01
-4.522523283958435059e-02
-8.145359158515930176e-02,2.506660670042037964e-02,2.235535532236099243e-01,-2.954844832420349121e-01,-6.641203165054321289e-02,1.160674020648002625e-01,2.530856430530548096e-01,1.797088235616683960e-01,2.464843392372131348e-01,1.797088235616683960e-01,2.530856430530548096e-01,1.160674020648002625e-01,-6.641203165054321289e-02,-2.954844832420349121e-01,2.235535532236099243e-01,2.506660670042037964e-02,-8.145359158515930176e-02
1.241625770926475525e-01,-2.458243966102600098e-01,2.110748738050460815e-01,1.054642349481582642e-01,-2.314243614673614502e-01,-1.828893274068832397e-01,3.211706131696701050e-02,1.268238723278045654e-01,1.644158363342285156e-01,1.268238723278045654e-01,3.211706131696701050e-02,-1.828893274068832397e-01,-2.314243614673614502e-01,1.054642349481582642e-01,2.110748738050460815e-01,-2.458243966102600098e-01,1.241625770926475525e-01
-4.645029082894325256e-02
-5.192530900239944458e-02,-2.604815736413002014e-02,2.376517802476882935e-01,-2.860304117202758789e-01,-7.168758660554885864e-02,1.202823221683502197e-01,2.646020650863647461e-01,1.869348734617233276e-01,2.512230575084686279e-01,1.869348734617233276e-01,2.646020650863647461e-01,1.202823221683502197e-01,-7.168758660554885864e-02,-2.860304117202758789e-01,2.376517802476882935e-01,-2.604815736413002014e-02,-5.192530900239944458e-02
1.548097729682922363e-01,-2.219869047403335571e-01,1.749241352081298828e-01,1.238628476858139038e-01,-2.484946250915527344e-01,-1.789055764675140381e-01,2.605146355926990509e-02,1.305122226476669312e-01,1.479149311780929565e-01,1.305122226476669312e-01,2.605146355926990509e-02,-1.789055764675140381e-01,-2.484946250915527344e-01,1.238628476858139038e-01,1.749241352081298828e-01,-2.219869047403335571e-01,1.548097729682922363e-01
-4.768621549010276794e-02
-1.081297639757394791e-02,-4.433871433138847351e-02,2.551343441009521484e-01,-2.729468941688537598e-01,-7.741176337003707886e-02,1.161313727498054504e-01,2.552002966403961182e-01,1.875761151313781738e-01,2.555016577243804932e-01,1.875761151313781738e-01,2.552002966403961182e-01,1.161313727498054504e-01,-7.741176337003707886e-02,-2.729468941688537598e-01,2.551343441009521484e-01,-4.433871433138847351e-02,-1.081297639757394791e-02
1.435889005661010742e-01,-2.099508643150329590e-01,1.437916606664657593e-01,1.596111059188842773e-01,-2.548165619373321533e-01,-1.799124181270599365e-01,9.120542556047439575e-03,1.440157890319824219e-01,1.461326479911804199e-01,1.440157890319824219e-01,9.120542556047439575e-03,-1.799124181270599365e-01,-2.548165619373321533e-01,1.596111059188842773e-01,1.437916606664657593e-01,-2.099508643150329590e-01,1.435889005661010742e-01
-4.893290624022483826e-02
1.450488809496164322e-03,-8.929402381181716919e-02,2.632934749126434326e-01,-2.587877213954925537e-01,-9.915038943290710449e-02,1.196666061878204346e-01,2.645975649356842041e-01,1.950163692235946655e-01,2.485648542642593384e-01,1.950163692235946655e-01,2.645975649356842041e-01,1.196666061878204346e-01,-9.915038943290710449e-02,-2.587877213954925537e-01,2.632934749126434326e-01,-8.929402381181716919e-02,1.450488809496164322e-03
1.465961486101150513e-01,-1.909687966108322144e-01,1.090760156512260437e-01,1.950619369745254517e-01,-2.546705305576324463e-01,-1.719817072153091431e-01,7.004034705460071564e-03,1.513396650552749634e-01,1.343475729227066040e-01,1.513396650552749634e-01,7.004034705460071564e-03,-1.719817072153091431e-01,-2.546705305576324463e-01,1.950619369745254517e-01,1.090760156512260437e-01,-1.909687966108322144e-01,1.465961486101150513e-01
-5.019027367234230042e-02
1.506573241204023361e-02,-9.618178755044937134e-02,2.790884375572204590e-01,-2.416786998510360718e-01,-1.194050610065460205e-01,1.185897737741470337e-01,2.591230869293212891e-01,2.006382644176483154e-01,2.455311417579650879e-01,2.006382644176483154e-01,2.591230869293212891e-01,1.185897737741470337e-01,-1.194050610065460205e-01,-2.416786998510360718e-01,2.790884375572204590e-01,-9.618178755044937134e-02,1.506573241204023361e-02
1.204505860805511475e-01,-1.790939122438430786e-01,6.879471987485885620e-02,2.147054821252822876e-01,-2.613105773925781250e-01,-1.675652116537094116e-01,1.570290536619722843e-03,1.591242402791976929e-01,1.277670860290527344e-01,1.591242402791976929e-01,1.570290536619722843e-03,-1.675652116537094116e-01,-2.613105773925781250e-01,2.147054821252822876e-01,6.879471987485885620e-02,-1.790939122438430786e-01,1.204505860805511475e-01
-5.145822837948799133e-02
4.419232159852981567e-02,-1.208495944738388062e-01,2.738839983940124512e-01,-2.109479904174804688e-01,-1.267390847206115723e-01,1.259202510118484497e-01,2.527796030044555664e-01,2.077192962169647217e-01,2.409997880458831787e-01,2.077192962169647217e-01,2.527796030044555664e-01,1.259202510118484497e-01,-1.267390847206115723e-01,-2.109479904174804688e-01,2.738839983940124512e-01,-1.208495944738388062e-01,4.419232159852981567e-02
1.218813508749008179e-01,-1.500095725059509277e-01,3.705003857612609863e-02,2.424324601888656616e-01,-2.660711705684661865e-01,-1.757588833570480347e-01,-1.236117444932460785e-02,1.664888709783554077e-01,1.248638033866882324e-01,1.664888709783554077e-01,-1.236117444932460785e-02,-1.757588833570480347e-01,-2.660711705684661865e-01,2.424324601888656616e-01,3.705003857612609863e-02,-1.500095725059509277e-01,1.218813508749008179e-01
-5.273668467998504639e-02
6.187534332275390625e-02,-1.303965151309967041e-01,2.678377032279968262e-01,-1.912600994110107422e-01,-1.503100842237472534e-01,1.287259012460708618e-01,2.469740957021713257e-01,2.172352969646453857e-01,2.362781465053558350e-01,2.172352969646453857e-01,2.469740957021713257e-01,1.287259012460708618e-01,-1.503100842237472534e-01,-1.912600994110107422e-01,2.678377032279968262e-01,-1.303965151309967041e-01,6.187534332275390625e-02
1.100267246365547180e-01,-1.219087019562721252e-01,8.284267969429492950e-03,2.676863074302673340e-01,-2.631126642227172852e-01,-1.778809428215026855e-01,-2.212864905595779419e-02,1.710211187601089478e-01,1.226834356784820557e-01,1.710211187601089478e-01,-2.212864905595779419e-02,-1.778809428215026855e-01,-2.631126642227172852e-01,2.676863074302673340e-01,8.284267969429492950e-03,-1.219087019562721252e-01,1.100267246365547180e-01
-5.402555316686630249e-02
7.171739637851715088e-02,-1.522488743066787720e-01,2.519494295120239258e-01,-1.633957475423812866e-01,-1.698886603116989136e-01,1.325053572654724121e-01,2.415666878223419189e-01,2.262338548898696899e-01,2.281283438205718994e-01,2.262338548898696899e-01,2.415666878223419189e-01,1.325053572654724121e-01,-1.698886603116989136e-01,-1.633957475423812866e-01,2.519494295120239258e-01,-1.522488743066787720e-01,7.171739637851715088e-02
1.001966595649719238e-01,-1.005765125155448914e-01,-2.521762065589427948e-02,2.865565717220306396e-01,-2.584657967090606689e-01,-1.826889365911483765e-01,-2.734074555337429047e-02,1.741300821304321289e-01,1.207412183284759521e-01,1.741300821304321289e-01,-2.734074555337429047e-02,-1.826889365911483765e-01,-2.584657967090606689e-01,2.865565717220306396e-01,-2.521762065589427948e-02,-1.005765125155448914e-01,1.001966595649719238e-01
-5.532475188374519348e-02
7.914748787879943848e-02,-1.530543416738510132e-01,2.428532242774963379e-01,-1.356399655342102051e-01,-1.912192106246948242e-01,1.387573331594467163e-01,2.376104146242141724e-01,2.367401868104934692e-01,2.210570424795150757e-01,2.367401868104934692e-01,2.376104146242141724e-01,1.387573331594467163e-01,-1.912192106246948242e-01,-1.356399655342102051e-01,2.428532242774963379e-01,-1.530543416738510132e-01,7.914748787879943848e-02
8.411471545696258545e-02,-7.696872949600219727e-02,-5.179840698838233948e-02,3.026992082595825195e-01,-2.507111728191375732e-01,-1.864432692527770996e-01,-2.958339080214500427e-02,1.749457418918609619e-01,1.195397973060607910e-01,1.749457418918609619e-01,-2.958339080214500427e-02,-1.864432692527770996e-01,-2.507111728191375732e-01,3.026992082595825195e-01,-5.179840698838233948e-02,-7.696872949600219727e-02,8.411471545696258545e-02
-5.663419887423515320e-02
7.459867000579833984e-02,-1.524789631366729736e-01,2.306504547595977783e-01,-1.086511835455894470e-01,-2.130444198846817017e-01,1.436189115047454834e-01,2.328588962554931641e-01,2.472595125436782837e-01,2.150364220142364502e-01,2.472595125436782837e-01,2.328588962554931641e-01,1.436189115047454834e-01,-2.130444198846817017e-01,-1.086511835455894470e-01,2.306504547595977783e-01,-1.524789631366729736e-01,7.459867000579833984e-02
5.211412161588668823e-02,-6.574551016092300415e-02,-7.263989001512527466e-02,3.250342309474945068e-01,-2.306622564792633057e-01,-1.852397769689559937e-01,-2.387540787458419800e-02,1.782985031604766846e-01,1.218096762895584106e-01,1.782985031604766846e-01,-2.387540787458419800e-02,-1.852397769689559937e-01,-2.306622564792633057e-01,3.250342309474945068e-01,-7.263989001512527466e-02,-6.574551016092300415e-02,5.211412161588668823e-02
-5.795381590723991394e-02
8.220214396715164185e-02,-1.425746828317642212e-01,2.168682664632797241e-01,-8.176586031913757324e-02,-2.363340556621551514e-01,1.446001231670379639e-01,2.259777188301086426e-01,2.560659050941467285e-01,2.085545212030410767e-01,2.560659050941467285e-01,2.259777188301086426e-01,1.446001231670379639e-01,-2.363340556621551514e-01,-8.176586031913757324e-02,2.168682664632797241e-01,-1.425746828317642212e-01,8.220214396715164185e-02
3.361786901950836182e-02,-4.601611569523811340e-02,-9.412812441587448120e-02,3.327659666538238525e-01,-2.196664512157440186e-01,-1.943080127239227295e-01,-2.606680057942867279e-02,1.762889176607131958e-01,1.248622909188270569e-01,1.762889176607131958e-01,-2.606680057942867279e-02,-1.943080127239227295e-01,-2.196664512157440186e-01,3.327659666538238525e-01,-9.412812441587448120e-02,-4.601611569523811340e-02,3.361786901950836182e-02
-5.928352475166320801e-02
8.096271008253097534e-02,-1.541821658611297607e-01,1.899819225072860718e-01,-4.940063878893852234e-02,-2.520701587200164795e-01,1.493200361728668213e-01,2.241524010896682739e-01,2.647363841533660889e-01,2.000902295112609863e-01,2.647363841533660889e-01,2.241524010896682739e-01,1.493200361728668213e-01,-2.520701587200164795e-01,-4.940063878893852234e-02,1.899819225072860718e-01,-1.541821658611297607e-01,8.096271008253097534e-02
3.547582775354385376e-02,-2.078420668840408325e-02,-1.150331720709800720e-01,3.338603377342224121e-01,-2.087541967630386353e-01,-2.082177251577377319e-01,-2.895499020814895630e-02,1.712129414081573486e-01,1.276016533374786377e-01,1.712129414081573486e-01,-2.895499020814895630e-02,-2.082177251577377319e-01,-2.087541967630386353e-01,3.338603377342224121e-01,-1.150331720709800720e-01,-2.078420668840408325e-02,3.547582775354385376e-02
-6.062324717640876770e-02
7.489624619483947754e-02,-1.360760778188705444e-01,1.798148304224014282e-01,-2.060569636523723602e-02,-2.717128396034240723e-01,1.488188207149505615e-01,2.186868786811828613e-01,2.719726264476776123e-01,1.948742717504501343e-01,2.719726264476776123e-01,2.186868786811828613e-01,1.488188207149505615e-01,-2.717128396034240723e-01,-2.060569636523723602e-02,1.798148304224014282e-01,-1.360760778188705444e-01,7.489624619483947754e-02
8.310349658131599426e-03,-8.368000388145446777e-03,-1.272530853748321533e-01,3.405325114727020264e-01,-1.863497346639633179e-01,-2.135333716869354248e-01,-2.332136593759059906e-02,1.698122769594192505e-01,1.345835179090499878e-01,1.698122769594192505e-01,-2.332136593759059906e-02,-2.135333716869354248e-01,-1.863497346639633179e-01,3.405325114727020264e-01,-1.272530853748321533e-01,-8.368000388145446777e-03,8.310349658131599426e-03
-6.197291612625122070e-02
7.522986084222793579e-02,-1.217631772160530090e-01,1.653116345405578613e-01,1.043096370995044708e-02,-2.867327928543090820e-01,1.506587862968444824e-01,2.182718366384506226e-01,2.795822620391845703e-01,1.895728856325149536e-01,2.795822620391845703e-01,2.182718366384506226e-01,1.506587862968444824e-01,-2.867327928543090820e-01,1.043096370995044708e-02,1.653116345405578613e-01,-1.217631772160530090e-01,7.522986084222793579e-02
2.665943233296275139e-03,9.597888216376304626e-03,-1.432516276836395264e-01,3.321044147014617920e-01,-1.725871115922927856e-01,-2.272733598947525024e-01,-2.391778677701950073e-02,1.607582569122314453e-01,1.379570960998535156e-01,1.607582569122314453e-01,-2.391778677701950073e-02,-2.272733598947525024e-01,-1.725871115922927856e-01,3.321044147014617920e-01,-1.432516276836395264e-01,9.597888216376304626e-03,2.665943233296275139e-03
-6.333244591951370239e-02
6.572619825601577759e-02,-1.146048754453659058e-01,1.421396881341934204e-01,3.458953648805618286e-02,-3.022841811180114746e-01,1.475044339895248413e-01,2.151248306035995483e-01,2.845878005027770996e-01,1.854581981897354126e-01,2.845878005027770996e-01,2.151248306035995483e-01,1.475044339895248413e-01,-3.022841811180114746e-01,3.458953648805618286e-02,1.421396881341934204e-01,-1.146048754453659058e-01,6.572619825601577759e-02
-1.580945774912834167e-02,1.666485518217086792e-02,-1.503649801015853882e-01,3.339041769504547119e-01,-1.472834795713424683e-01,-2.364359498023986816e-01,-1.761964522302150726e-02,1.575012058019638062e-01,1.458237022161483765e-01,1.575012058019638062e-01,-1.761964522302150726e-02,-2.364359498023986816e-01,-1.472834795713424683e-01,3.339041769504547119e-01,-1.503649801015853882e-01,1.666485518217086792e-02,-1.580945774912834167e-02
-6.470178067684173584e-02
5.980714410543441772e-02,-9.252517670392990112e-02,1.291574835777282715e-01,5.662642419338226318e-02,-3.204422593116760254e-01,1.380359679460525513e-01,2.105811834335327148e-01,2.882321476936340332e-01,1.831678003072738647e-01,2.882321476936340332e-01,2.105811834335327148e-01,1.380359679460525513e-01,-3.204422593116760254e-01,5.662642419338226318e-02,1.291574835777282715e-01,-9.252517670392990112e-02,5.980714410543441772e-02
-3.738328441977500916e-02,2.033144980669021606e-02,-1.547542959451675415e-01,3.298376798629760742e-01,-1.235655769705772400e-01,-2.438333928585052490e-01,-7.900446653366088867e-03,1.512526571750640869e-01,1.506764143705368042e-01,1.512526571750640869e-01,-7.900446653366088867e-03,-2.438333928585052490e-01,-1.235655769705772400e-01,3.298376798629760742e-01,-1.547542959451675415e-01,2.033144980669021606e-02,-3.738328441977500916e-02
-6.608083844184875488e-02
5.494644865393638611e-02,-7.814017683267593384e-02,1.119027808308601379e-01,8.207994699478149414e-02,-3.282234370708465576e-01,1.376295089721679688e-01,2.145621776580810547e-01,2.948012650012969971e-01,1.835510730743408203e-01,2.948012650012969971e-01,2.145621776580810547e-01,1.376295089721679688e-01,-3.282234370708465576e-01,8.207994699478149414e-02,1.119027808308601379e-01,-7.814017683267593384e-02,5.494644865393638611e-02
-4.038465023040771484e-02,3.385657444596290588e-02,-1.594505608081817627e-01,3.156070411205291748e-01,-1.071528643369674683e-01,-2.611843347549438477e-01,-9.249172173440456390e-03,1.415454000234603882e-01,1.571114063262939453e-01,1.415454000234603882e-01,-9.249172173440456390e-03,-2.611843347549438477e-01,-1.071528643369674683e-01,3.156070411205291748e-01,-1.594505608081817627e-01,3.385657444596290588e-02,-4.038465023040771484e-02
-6.746955960988998413e-02
4.154966026544570923e-02,-6.414695084095001221e-02,9.512793272733688354e-02,1.027149930596351624e-01,-3.389581441879272461e-01,1.262447983026504517e-01,2.109939604997634888e-01,2.937706410884857178e-01,1.806789934635162354e-01,2.937706410884857178e-01,2.109939604997634888e-01,1.262447983026504517e-01,-3.389581441879272461e-01,1.027149930596351624e-01,9.512793272733688354e-02,-6.414695084095001221e-02,4.154966026544570923e-02
-6.064925715327262878e-02,3.041117079555988312e-02,-1.578344851732254028e-01,3.138805627822875977e-01,-7.585950195789337158e-02,-2.664785385131835938e-01,2.912618219852447510e-03,1.366875916719436646e-01,1.632828563451766968e-01,1.366875916719436646e-01,2.912618219852447510e-03,-2.664785385131835938e-01,-7.585950195789337158e-02,3.138805627822875977e-01,-1.578344851732254028e-01,3.041117079555988312e-02,-6.064925715327262878e-02
-6.886786967515945435e-02
3.896960988640785217e-02,-5.962222442030906677e-02,6.783568859100341797e-02,1.191403046250343323e-01,-3.455117642879486084e-01,1.192112490534782410e-01,2.147277742624282837e-01,2.962993681430816650e-01,1.815568953752517700e-01,2.962993681430816650e-01,2.147277742624282837e-01,1.192112490534782410e-01,-3.455117642879486084e-01,1.191403046250343323e-01,6.783568859100341797e-02,-5.962222442030906677e-02,3.896960988640785217e-02
-5.420638993382453918e-02,4.269831627607345581e-02,-1.550726890563964844e-01,2.998462021350860596e-01,-5.831076204776763916e-02,-2.846387624740600586e-01,3.407191485166549683e-03,1.303323954343795776e-01,1.713737398386001587e-01,1.303323954343795776e-01,3.407191485166549683e-03,-2.846387624740600586e-01,-5.831076204776763916e-02,2.998462021350860596e-01,-1.550726890563964844e-01,4.269831627607345581e-02,-5.420638993382453918e-02
-7.027571648359298706e-02
2.398821711540222168e-02,-4.758115485310554504e-02,5.410386249423027039e-02,1.404995620250701904e-01,-3.453570604324340820e-01,1.156074926257133484e-01,2.216733396053314209e-01,2.975355684757232666e-01,1.824340224266052246e-01,2.975355684757232666e-01,2.216733396053314209e-01,1.156074926257133484e-01,-3.453570604324340820e-01,1.404995620250701904e-01,5.410386249423027039e-02,-4.758115485310554504e-02,2.398821711540222168e-02
-5.892099812626838684e-02,4.255055263638496399e-02,-1.585823148488998413e-01,2.838681042194366455e-01,-3.137822076678276062e-02,-2.956508696079254150e-01,3.549103625118732452e-03,1.231800466775894165e-01,1.807764470577239990e-01,1.231800466775894165e-01,3.549103625118732452e-03,-2.956508696079254150e-01,-3.137822076678276062e-02,2.838681042194366455e-01,-1.585823148488998413e-01,4.255055263638496399e-02,-5.892099812626838684e-02
-7.169301807880401611e-02
1.544898375868797302e-02,-4.186948016285896301e-02,3.598183020949363708e-02,1.600497663021087646e-01,-3.438098430633544922e-01,1.091170459985733032e-01,2.303752899169921875e-01,2.986142039299011230e-01,1.838397085666656494e-01,2.986142039299011230e-01,2.303752899169921875e-01,1.091170459985733032e-01,-3.438098430633544922e-01,1.600497663021087646e-01,3.598183020949363708e-02,-4.186948016285896301e-02,1.544898375868797302e-02
-5.362552404403686523e-02,4.691269248723983765e-02,-1.578026860952377319e-01,2.666806578636169434e-01,-7.424165960401296616e-03,-3.069469928741455078e-01,5.393418949097394943e-03,1.150201112031936646e-01,1.867827922105789185e-01,1.150201112031936646e-01,5.393418949097394943e-03,-3.069469928741455078e-01,-7.424165960401296616e-03,2.666806578636169434e-01,-1.578026860952377319e-01,4.691269248723983765e-02,-5.362552404403686523e-02
-7.311972230672836304e-02
3.689384786412119865e-03,-3.247108310461044312e-02,1.863048039376735687e-02,1.700882464647293091e-01,-3.465667963027954102e-01,9.535156935453414917e-02,2.339059859514236450e-01,2.967996597290039062e-01,1.869557499885559082e-01,2.967996597290039062e-01,2.339059859514236450e-01,9.535156935453414917e-02,-3.465667963027954102e-01,1.700882464647293091e-01,1.863048039376735687e-02,-3.247108310461044312e-02,3.689384786412119865e-03
-5.918890237808227539e-02,4.613580182194709778e-02,-1.494052261114120483e-01,2.530432939529418945e-01,1.526059396564960480e-02,-3.174713253974914551e-01,9.559511207044124603e-03,1.102484986186027527e-01,1.934984922409057617e-01,1.102484986186027527e-01,9.559511207044124603e-03,-3.174713253974914551e-01,1.526059396564960480e-02,2.530432939529418945e-01,-1.494052261114120483e-01,4.613580182194709778e-02,-5.918890237808227539e-02
-7.455576956272125244e-02
-6.920476444065570831e-04,-8.216759189963340759e-03,1.169960014522075653e-02,1.757400631904602051e-01,-3.510207831859588623e-01,7.890041172504425049e-02,2.380791008472442627e-01,2.978759109973907471e-01,1.961028724908828735e-01,2.978759109973907471e-01,2.380791008472442627e-01,7.890041172504425049e-02,-3.510207831859588623e-01,1.757400631904602051e-01,1.169960014522075653e-02,-8.216759189963340759e-03,-6.920476444065570831e-04
-6.265763193368911743e-02,4.742090404033660889e-02,-1.400495320558547974e-01,2.288515269756317139e-01,2.454048208892345428e-02,-3.328691720962524414e-01,1.101930439472198486e-02,1.013291850686073303e-01,1.956691145896911621e-01,1.013291850686073303e-01,1.101930439472198486e-02,-3.328691720962524414e-01,2.454048208892345428e-02,2.288515269756317139e-01,-1.400495320558547974e-01,4.742090404033660889e-02,-6.265763193368911743e-02
-7.600108534097671509e-02
-8.989282883703708649e-03,-1.154848933219909668e-02,-9.624634869396686554e-03,1.888540685176849365e-01,-3.435593247413635254e-01,6.768130511045455933e-02,2.451995462179183960e-01,2.916783392429351807e-01,1.948783397674560547e-01,2.916783392429351807e-01,2.451995462179183960e-01,6.768130511045455933e-02,-3.435593247413635254e-01,1.888540685176849365e-01,-9.624634869396686554e-03,-1.154848933219909668e-02,-8.989282883703708649e-03
-6.053613126277923584e-02,4.300634190440177917e-02,-1.321179121732711792e-01,2.228458821773529053e-01,5.859873071312904358e-02,-3.377790451049804688e-01,1.248478703200817108e-02,9.924653917551040649e-02,2.039078325033187866e-01,9.924653917551040649e-02,1.248478703200817108e-02,-3.377790451049804688e-01,5.859873071312904358e-02,2.228458821773529053e-01,-1.321179121732711792e-01,4.300634190440177917e-02,-6.053613126277923584e-02
-7.745563238859176636e-02
-2.248795516788959503e-02,-1.693166414042934775e-04,-1.539638265967369080e-02,1.984677314758300781e-01,-3.381384313106536865e-01,5.450734123587608337e-02,2.540202438831329346e-01,2.898106575012207031e-01,2.005847990512847900e-01,2.898106575012207031e-01,2.540202438831329346e-01,5.450734123587608337e-02,-3.381384313106536865e-01,1.984677314758300781e-01,-1.539638265967369080e-02,-1.693166414042934775e-04,-2.248795516788959503e-02
-6.247840821743011475e-02,3.685189038515090942e-02,-1.264484226703643799e-01,2.034255564212799072e-01,7.999865710735321045e-02,-3.436183929443359375e-01,1.438737381249666214e-02,9.432820975780487061e-02,2.082117646932601929e-01,9.432820975780487061e-02,1.438737381249666214e-02,-3.436183929443359375e-01,7.999865710735321045e-02,2.034255564212799072e-01,-1.264484226703643799e-01,3.685189038515090942e-02,-6.247840821743011475e-02
-7.891933619976043701e-02
-2.047950960695743561e-02,1.384317595511674881e-02,-2.547086961567401886e-02,2.014319896697998047e-01,-3.345115184783935547e-01,3.666445240378379822e-02,2.586318254470825195e-01,2.864811122417449951e-01,2.079303562641143799e-01,2.864811122417449951e-01,2.586318254470825195e-01,3.666445240378379822e-02,-3.345115184783935547e-01,2.014319896697998047e-01,-2.547086961567401886e-02,1.384317595511674881e-02,-2.047950960695743561e-02
-6.023764982819557190e-02,3.615586832165718079e-02,-1.142248064279556274e-01,1.844522655010223389e-01,9.269773215055465698e-02,-3.556596338748931885e-01,1.266319490969181061e-02,9.045296162366867065e-02,2.117464989423751831e-01,9.045296162366867065e-02,1.266319490969181061e-02,-3.556596338748931885e-01,9.269773215055465698e-02,1.844522655010223389e-01,-1.142248064279556274e-01,3.615586832165718079e-02,-6.023764982819557190e-02
-8.039214462041854858e-02
-2.367587573826313019e-02,2.165358699858188629e-02,-3.387526422739028931e-02,2.062014788389205933e-01,-3.280625343322753906e-01,1.955415122210979462e-02,2.657987475395202637e-01,2.822450101375579834e-01,2.130524963140487671e-01,2.822450101375579834e-01,2.657987475395202637e-01,1.955415122210979462e-02,-3.280625343322753906e-01,2.062014788389205933e-01,-3.387526422739028931e-02,2.165358699858188629e-02,-2.367587573826313019e-02
-5.500644072890281677e-02,3.393263742327690125e-02,-1.049222573637962341e-01,1.656446903944015503e-01,1.088931933045387268e-01,-3.629733920097351074e-01,1.092769298702478409e-02,8.644082397222518921e-02,2.142543941736221313e-01,8.644082397222518921e-02,1.092769298702478409e-02,-3.629733920097351074e-01,1.088931933045387268e-01,1.656446903944015503e-01,-1.049222573637962341e-01,3.393263742327690125e-02,-5.500644072890281677e-02
-8.187400549650192261e-02
-2.713275700807571411e-02,2.685812115669250488e-02,-4.512096196413040161e-02,2.057212293148040771e-01,-3.214585185050964355e-01,1.919324393384158611e-03,2.736937403678894043e-01,2.805847227573394775e-01,2.220255434513092041e-01,2.805847227573394775e-01,2.736937403678894043e-01,1.919324393384158611e-03,-3.214585185050964355e-01,2.057212293148040771e-01,-4.512096196413040161e-02,2.685812115669250488e-02,-2.713275700807571411e-02
-4.400311410427093506e-02,3.724981099367141724e-02,-9.462784230709075928e-02,1.398032903671264648e-01,1.146779954433441162e-01,-3.738289773464202881e-01,7.163196336477994919e-03,8.191242814064025879e-02,2.149808108806610107e-01,8.191242814064025879e-02,7.163196336477994919e-03,-3.738289773464202881e-01,1.146779954433441162e-01,1.398032903671264648e-01,-9.462784230709075928e-02,3.724981099367141724e-02,-4.400311410427093506e-02
-8.336485922336578369e-02
-4.355261102318763733e-02,3.810251504182815552e-02,-4.188003018498420715e-02,2.097984254360198975e-01,-3.103045225143432617e-01,-1.273611094802618027e-02,2.818991839885711670e-01,2.759530246257781982e-01,2.280295938253402710e-01,2.759530246257781982e-01,2.818991839885711670e-01,-1.273611094802618027e-02,-3.103045225143432617e-01,2.097984254360198975e-01,-4.188003018498420715e-02,3.810251504182815552e-02,-4.355261102318763733e-02
-5.334990471601486206e-02,1.862826943397521973e-02,-8.548367768526077271e-02,1.327260136604309082e-01,1.431805938482284546e-01,-3.694061040878295898e-01,9.058997035026550293e-03,8.211182802915573120e-02,2.177952677011489868e-01,8.211182802915573120e-02,9.058997035026550293e-03,-3.694061040878295898e-01,1.431805938482284546e-01,1.327260136604309082e-01,-8.548367768526077271e-02,1.862826943397521973e-02,-5.334990471601486206e-02
-8.486464619636535645e-02
-5.240417644381523132e-02,3.541831299662590027e-02,-4.964293912053108215e-02,2.129300087690353394e-01,-2.967350184917449951e-01,-2.537171170115470886e-02,2.936077415943145752e-01,2.705419957637786865e-01,2.303346991539001465e-01,2.705419957637786865e-01,2.936077415943145752e-01,-2.537171170115470886e-02,-2.967350184917449951e-01,2.129300087690353394e-01,-4.964293912053108215e-02,3.541831299662590027e-02,-5.240417644381523132e-02
-4.780001193284988403e-02,1.100439857691526413e-02,-7.907599955797195435e-02,1.206240206956863403e-01,1.678060591220855713e-01,-3.675250113010406494e-01,4.868907853960990906e-03,8.110483735799789429e-02,2.205758839845657349e-01,8.110483735799789429e-02,4.868907853960990906e-03,-3.675250113010406494e-01,1.678060591220855713e-01,1.206240206956863403e-01,-7.907599955797195435e-02,1.100439857691526413e-02,-4.780001193284988403e-02
-8.637332916259765625e-02
-4.686935618519783020e-02,3.521469235420227051e-02,-6.161981821060180664e-02,2.093433588743209839e-01,-2.867693603038787842e-01,-4.228057712316513062e-02,3.030917346477508545e-01,2.680263221263885498e-01,2.374725490808486938e-01,2.680263221263885498e-01,3.030917346477508545e-01,-4.228057712316513062e-02,-2.867693603038787842e-01,2.093433588743209839e-01,-6.161981821060180664e-02,3.521469235420227051e-02,-4.686935618519783020e-02
-3.086945042014122009e-02,1.354530267417430878e-02,-7.276934385299682617e-02,9.854009747505187988e-02,1.777403652667999268e-01,-3.713419735431671143e-01,-1.662323833443224430e-03,8.102476596832275391e-02,2.223390191793441772e-01,8.102476596832275391e-02,-1.662323833443224430e-03,-3.713419735431671143e-01,1.777403652667999268e-01,9.854009747505187988e-02,-7.276934385299682617e-02,1.354530267417430878e-02,-3.086945042014122009e-02
-8.789084106683731079e-02
-5.362520366907119751e-02,4.079635813832283020e-02,-6.223873421549797058e-02,2.069449573755264282e-01,-2.749773263931274414e-01,-5.966060236096382141e-02,3.089802265167236328e-01,2.635734975337982178e-01,2.444366067647933960e-01,2.635734975337982178e-01,3.089802265167236328e-01,-5.966060236096382141e-02,-2.749773263931274414e-01,2.069449573755264282e-01,-6.223873421549797058e-02,4.079635813832283020e-02,-5.362520366907119751e-02
-3.669429570436477661e-02,2.637933241203427315e-03,-5.754642188549041748e-02,9.062682837247848511e-02,1.921297162771224976e-01,-3.713467419147491455e-01,-4.335990175604820251e-03,8.169645071029663086e-02,2.214206308126449585e-01,8.169645071029663086e-02,-4.335990175604820251e-03,-3.713467419147491455e-01,1.921297162771224976e-01,9.062682837247848511e-02,-5.754642188549041748e-02,2.637933241203427315e-03,-3.669429570436477661e-02
-8.941713720560073853e-02
-5.146986246109008789e-02,4.496213421225547791e-02,-6.500423699617385864e-02,2.025526165962219238e-01,-2.640130221843719482e-01,-7.643863558769226074e-02,3.170612752437591553e-01,2.594559192657470703e-01,2.497086226940155029e-01,2.594559192657470703e-01,3.170612752437591553e-01,-7.643863558769226074e-02,-2.640130221843719482e-01,2.025526165962219238e-01,-6.500423699617385864e-02,4.496213421225547791e-02,-5.146986246109008789e-02
-2.611589059233665466e-02,1.072286046110093594e-03,-5.071068182587623596e-02,7.075852900743484497e-02,1.991804093122482300e-01,-3.736841380596160889e-01,-1.276112627238035202e-02,8.188570290803909302e-02,2.216323912143707275e-01,8.188570290803909302e-02,-1.276112627238035202e-02,-3.736841380596160889e-01,1.991804093122482300e-01,7.075852900743484497e-02,-5.071068182587623596e-02,1.072286046110093594e-03,-2.611589059233665466e-02
-9.095217287540435791e-02
-4.702187329530715942e-02,4.633356258273124695e-02,-6.898098438978195190e-02,1.989888250827789307e-01,-2.499971836805343628e-01,-9.230106323957443237e-02,3.244264721870422363e-01,2.571145594120025635e-01,2.572515606880187988e-01,2.571145594120025635e-01,3.244264721870422363e-01,-9.230106323957443237e-02,-2.499971836805343628e-01,1.989888250827789307e-01,-6.898098438978195190e-02,4.633356258273124695e-02,-4.702187329530715942e-02
-1.367550808936357498e-02,4.909069277346134186e-03,-4.047568142414093018e-02,5.153184756636619568e-02,2.027141153812408447e-01,-3.763215243816375732e-01,-2.130062319338321686e-02,8.427541702985763550e-02,2.221478670835494995e-01,8.427541702985763550e-02,-2.130062319338321686e-02,-3.763215243816375732e-01,2.027141153812408447e-01,5.153184756636619568e-02,-4.047568142414093018e-02,4.909069277346134186e-03,-1.367550808936357498e-02
-9.249588847160339355e-02
-6.317871063947677612e-02,5.473639816045761108e-02,-5.755595117807388306e-02,1.957352608442306519e-01,-2.388590276241302490e-01,-1.102676317095756531e-01,3.299065232276916504e-01,2.541130483150482178e-01,2.644652724266052246e-01,2.541130483150482178e-01,3.299065232276916504e-01,-1.102676317095756531e-01,-2.388590276241302490e-01,1.957352608442306519e-01,-5.755595117807388306e-02,5.473639816045761108e-02,-6.317871063947677612e-02
-2.171498723328113556e-02,-1.493736449629068375e-02,-3.084898367524147034e-02,4.593359306454658508e-02,2.164193093776702881e-01,-3.701262474060058594e-01,-2.411841228604316711e-02,8.496265113353729248e-02,2.175237089395523071e-01,8.496265113353729248e-02,-2.411841228604316711e-02,-3.701262474060058594e-01,2.164193093776702881e-01,4.593359306454658508e-02,-3.084898367524147034e-02,-1.493736449629068375e-02,-2.171498723328113556e-02
-9.404823929071426392e-02
-6.266258656978607178e-02,5.574370920658111572e-02,-5.769504234194755554e-02,1.903820186853408813e-01,-2.257389128208160400e-01,-1.257946938276290894e-01,3.366563022136688232e-01,2.505528032779693604e-01,2.690114974975585938e-01,2.505528032779693604e-01,3.366563022136688232e-01,-1.257946938276290894e-01,-2.257389128208160400e-01,1.903820186853408813e-01,-5.769504234194755554e-02,5.574370920658111572e-02,-6.266258656978607178e-02
-1.508528087288141251e-02,-1.972751878201961517e-02,-2.337840385735034943e-02,3.355596959590911865e-02,2.248137295246124268e-01,-3.669892549514770508e-01,-3.264981508255004883e-02,8.660139888525009155e-02,2.155385911464691162e-01,8.660139888525009155e-02,-3.264981508255004883e-02,-3.669892549514770508e-01,2.248137295246124268e-01,3.355596959590911865e-02,-2.337840385735034943e-02,-1.972751878201961517e-02,-1.508528087288141251e-02
-9.560918062925338745e-02
-5.462407693266868591e-02,5.170416831970214844e-02,-6.550833582878112793e-02,1.825256049633026123e-01,-2.111392766237258911e-01,-1.398576945066452026e-01,3.429670929908752441e-01,2.478071898221969604e-01,2.738920152187347412e-01,2.478071898221969604e-01,3.429670929908752441e-01,-1.398576945066452026e-01,-2.111392766237258911e-01,1.825256049633026123e-01,-6.550833582878112793e-02,5.170416831970214844e-02,-5.462407693266868591e-02
-2.053718082606792450e-03,-1.592090725898742676e-02,-1.540552452206611633e-02,1.748833991587162018e-02,2.270645648241043091e-01,-3.659401237964630127e-01,-4.323038831353187561e-02,9.040080010890960693e-02,2.151627838611602783e-01,9.040080010890960693e-02,-4.323038831353187561e-02,-3.659401237964630127e-01,2.270645648241043091e-01,1.748833991587162018e-02,-1.540552452206611633e-02,-1.592090725898742676e-02,-2.053718082606792450e-03
-9.717866033315658569e-02
-6.118357554078102112e-02,4.974563792347908020e-02,-6.151476874947547913e-02,1.779107749462127686e-01,-1.980423778295516968e-01,-1.544230282306671143e-01,3.500531017780303955e-01,2.443765550851821899e-01,2.761054337024688721e-01,2.443765550851821899e-01,3.500531017780303955e-01,-1.544230282306671143e-01,-1.980423778295516968e-01,1.779107749462127686e-01,-6.151476874947547913e-02,4.974563792347908020e-02,-6.118357554078102112e-02
-3.145138500258326530e-03,-2.940102294087409973e-02,-9.663295932114124298e-03,1.409274339675903320e-02,2.441745698451995850e-01,-3.536056876182556152e-01,-4.870586097240447998e-02,9.368081390857696533e-02,2.117429971694946289e-01,9.368081390857696533e-02,-4.870586097240447998e-02,-3.536056876182556152e-01,2.441745698451995850e-01,1.409274339675903320e-02,-9.663295932114124298e-03,-2.940102294087409973e-02,-3.145138500258326530e-03
-9.875663369894027710e-02
-6.473837047815322876e-02,5.027011781930923462e-02,-5.891051143407821655e-02,1.707106679677963257e-01,-1.827573031187057495e-01,-1.667425036430358887e-01,3.554357886314392090e-01,2.456661164760589600e-01,2.854123413562774658e-01,2.456661164760589600e-01,3.554357886314392090e-01,-1.667425036430358887e-01,-1.827573031187057495e-01,1.707106679677963257e-01,-5.891051143407821655e-02,5.027011781930923462e-02,-6.473837047815322876e-02
4.047662485390901566e-03,-3.061426617205142975e-02,-7.522259838879108429e-04,-1.795086311176419258e-03,2.377838492393493652e-01,-3.542400002479553223e-01,-5.840919539332389832e-02,9.794999659061431885e-02,2.088876813650131226e-01,9.794999659061431885e-02,-5.840919539332389832e-02,-3.542400002479553223e-01,2.377838492393493652e-01,-1.795086311176419258e-03,-7.522259838879108429e-04,-3.061426617205142975e-02,4.047662485390901566e-03
-1.003430560231208801e-01
-6.510265171527862549e-02,4.874395579099655151e-02,-5.550434812903404236e-02,1.641273945569992065e-01,-1.709662377834320068e-01,-1.819868236780166626e-01,3.594504296779632568e-01,2.411007434129714966e-01,2.852968275547027588e-01,2.411007434129714966e-01,3.594504296779632568e-01,-1.819868236780166626e-01,-1.709662377834320068e-01,1.641273945569992065e-01,-5.550434812903404236e-02,4.874395579099655151e-02,-6.510265171527862549e-02
3.053909866139292717e-03,-4.314361140131950378e-02,3.811791073530912399e-03,-2.845049137249588966e-03,2.538354396820068359e-01,-3.406387269496917725e-01,-6.617116928100585938e-02,1.007460951805114746e-01,2.047381848096847534e-01,1.007460951805114746e-01,-6.617116928100585938e-02,-3.406387269496917725e-01,2.538354396820068359e-01,-2.845049137249588966e-03,3.811791073530912399e-03,-4.314361140131950378e-02,3.053909866139292717e-03
-1.019378826022148132e-01
-6.360977888107299805e-02,4.596249759197235107e-02,-5.404318496584892273e-02,1.562288105487823486e-01,-1.584732085466384888e-01,-1.952024698257446289e-01,3.645638823509216309e-01,2.399615794420242310e-01,2.881462574005126953e-01,2.399615794420242310e-01,3.645638823509216309e-01,-1.952024698257446289e-01,-1.584732085466384888e-01,1.562288105487823486e-01,-5.404318496584892273e-02,4.596249759197235107e-02,-6.360977888107299805e-02
1.232975162565708160e-02,-4.427890479564666748e-02,8.442620746791362762e-03,-1.270373631268739700e-02,2.576085329055786133e-01,-3.333991467952728271e-01,-7.702231407165527344e-02,1.051441356539726257e-01,2.027864605188369751e-01,1.051441356539726257e-01,-7.702231407165527344e-02,-3.333991467952728271e-01,2.576085329055786133e-01,-1.270373631268739700e-02,8.442620746791362762e-03,-4.427890479564666748e-02,1.232975162565708160e-02
-1.035410687327384949e-01
-5.917790532112121582e-02,4.900889098644256592e-02,-4.777088761329650879e-02,1.520815491676330566e-01,-1.430377662181854248e-01,-2.082682698965072632e-01,3.664921522140502930e-01,2.417760193347930908e-01,2.955822944641113281e-01,2.417760193347930908e-01,3.664921522140502930e-01,-2.082682698965072632e-01,-1.430377662181854248e-01,1.520815491676330566e-01,-4.777088761329650879e-02,4.900889098644256592e-02,-5.917790532112121582e-02
1.264889352023601532e-02,-4.522676393389701843e-02,1.455537229776382446e-02,-2.892263978719711304e-02,2.487135082483291626e-01,-3.284416198730468750e-01,-8.494687825441360474e-02,1.100291013717651367e-01,1.978726983070373535e-01,1.100291013717651367e-01,-8.494687825441360474e-02,-3.284416198730468750e-01,2.487135082483291626e-01,-2.892263978719711304e-02,1.455537229776382446e-02,-4.522676393389701843e-02,1.264889352023601532e-02
-1.051525771617889404e-01
-5.479346588253974915e-02,3.820722177624702454e-02,-5.408269539475440979e-02,1.394647508859634399e-01,-1.329557001590728760e-01,-2.202352732419967651e-01,3.711435794830322266e-01,2.394650131464004517e-01,2.944325804710388184e-01,2.394650131464004517e-01,3.711435794830322266e-01,-2.202352732419967651e-01,-1.329557001590728760e-01,1.394647508859634399e-01,-5.408269539475440979e-02,3.820722177624702454e-02,-5.479346588253974915e-02
2.654319629073143005e-02,-4.495184868574142456e-02,1.780953817069530487e-02,-3.242404758930206299e-02,2.577581405639648438e-01,-3.189223706722259521e-01,-9.878326207399368286e-02,1.141681373119354248e-01,1.969233900308609009e-01,1.141681373119354248e-01,-9.878326207399368286e-02,-3.189223706722259521e-01,2.577581405639648438e-01,-3.242404758930206299e-02,1.780953817069530487e-02,-4.495184868574142456e-02,2.654319629073143005e-02
-1.067723557353019714e-01
-5.560600385069847107e-02,3.735036775469779968e-02,-4.822971299290657043e-02,1.335138678550720215e-01,-1.184882819652557373e-01,-2.300579100847244263e-01,3.737716674804687500e-01,2.405634075403213501e-01,2.983866333961486816e-01,2.405634075403213501e-01,3.737716674804687500e-01,-2.300579100847244263e-01,-1.184882819652557373e-01,1.335138678550720215e-01,-4.822971299290657043e-02,3.735036775469779968e-02,-5.560600385069847107e-02
2.814475633203983307e-02,-5.247991532087326050e-02,2.112508006393909454e-02,-3.907253965735435486e-02,2.573717236518859863e-01,-3.103257119655609131e-01,-1.084219962358474731e-01,1.187764331698417664e-01,1.926088184118270874e-01,1.187764331698417664e-01,-1.084219962358474731e-01,-3.103257119655609131e-01,2.573717236518859863e-01,-3.907253965735435486e-02,2.112508006393909454e-02,-5.247991532087326050e-02,2.814475633203983307e-02
-1.084003672003746033e-01
-5.355815216898918152e-02,4.045009240508079529e-02,-3.912525624036788940e-02,1.259755343198776245e-01,-1.079069748520851135e-01,-2.410186380147933960e-01,3.754991292953491211e-01,2.404274642467498779e-01,2.997065782546997070e-01,2.404274642467498779e-01,3.754991292953491211e-01,-2.410186380147933960e-01,-1.079069748520851135e-01,1.259755343198776245e-01,-3.912525624036788940e-02,4.045009240508079529e-02,-5.355815216898918152e-02
3.222889453172683716e-02,-5.654118955135345459e-02,2.666437067091464996e-02,-4.207177832722663879e-02,2.566936910152435303e-01,-3.032357692718505859e-01,-1.201901659369468689e-01,1.213674321770668030e-01,1.869917958974838257e-01,1.213674321770668030e-01,-1.201901659369468689e-01,-3.032357692718505859e-01,2.566936910152435303e-01,-4.207177832722663879e-02,2.666437067091464996e-02,-5.654118955135345459e-02,3.222889453172683716e-02
-1.100365743041038513e-01
-5.188022926449775696e-02,3.589237481355667114e-02,-3.739113733172416687e-02,1.182725206017494202e-01,-9.486429393291473389e-02,-2.503992617130279541e-01,3.767885565757751465e-01,2.412930577993392944e-01,3.013069927692413330e-01,2.412930577993392944e-01,3.767885565757751465e-01,-2.503992617130279541e-01,-9.486429393291473389e-02,1.182725206017494202e-01,-3.739113733172416687e-02,3.589237481355667114e-02,-5.188022926449775696e-02
3.561244904994964600e-02,-6.072433292865753174e-02,2.671165950596332550e-02,-5.040846392512321472e-02,2.561941742897033691e-01,-2.919418811798095703e-01,-1.296934485435485840e-01,1.269420236349105835e-01,1.840995550155639648e-01,1.269420236349105835e-01,-1.296934485435485840e-01,-2.919418811798095703e-01,2.561941742897033691e-01,-5.040846392512321472e-02,2.671165950596332550e-02,-6.072433292865753174e-02,3.561244904994964600e-02
-1.116809248924255371e-01
-4.874838516116142273e-02,3.349004685878753662e-02,-3.170306608080863953e-02,1.122922748327255249e-01,-8.317843824625015259e-02,-2.599236071109771729e-01,3.776155114173889160e-01,2.432790100574493408e-01,3.032464683055877686e-01,2.432790100574493408e-01,3.776155114173889160e-01,-2.599236071109771729e-01,-8.317843824625015259e-02,1.122922748327255249e-01,-3.170306608080863953e-02,3.349004685878753662e-02,-4.874838516116142273e-02
3.967251256108283997e-02,-5.900970473885536194e-02,3.611874580383300781e-02,-5.094284191727638245e-02,2.531468272209167480e-01,-2.849656045436859131e-01,-1.409999579191207886e-01,1.320284157991409302e-01,1.800537109375000000e-01,1.320284157991409302e-01,-1.409999579191207886e-01,-2.849656045436859131e-01,2.531468272209167480e-01,-5.094284191727638245e-02,3.611874580383300781e-02,-5.900970473885536194e-02,3.967251256108283997e-02
-1.133333891630172729e-01
-4.041172191500663757e-02,2.797599136829376221e-02,-3.413829207420349121e-02,1.033627539873123169e-01,-6.990236788988113403e-02,-2.672528028488159180e-01,3.779289722442626953e-01,2.454571276903152466e-01,3.047540187835693359e-01,2.454571276903152466e-01,3.779289722442626953e-01,-2.672528028488159180e-01,-6.990236788988113403e-02,1.033627539873123169e-01,-3.413829207420349121e-02,2.797599136829376221e-02,-4.041172191500663757e-02
4.762821272015571594e-02,-5.554376170039176941e-02,3.621180728077888489e-02,-6.195937097072601318e-02,2.471551597118377686e-01,-2.762398719787597656e-01,-1.532337218523025513e-01,1.364564001560211182e-01,1.774219870567321777e-01,1.364564001560211182e-01,-1.532337218523025513e-01,-2.762398719787597656e-01,2.471551597118377686e-01,-6.195937097072601318e-02,3.621180728077888489e-02,-5.554376170039176941e-02,4.762821272015571594e-02
-1.149939149618148804e-01
-4.201078414916992188e-02,2.476253546774387360e-02,-2.792246825993061066e-02,9.520129859447479248e-02,-6.235630065202713013e-02,-2.779839932918548584e-01,3.767249286174774170e-01,2.461101263761520386e-01,3.034771084785461426e-01,2.461101263761520386e-01,3.767249286174774170e-01,-2.779839932918548584e-01,-6.235630065202713013e-02,9.520129859447479248e-02,-2.792246825993061066e-02,2.476253546774387360e-02,-4.201078414916992188e-02
4.566858336329460144e-02,-6.442097574472427368e-02,3.886456415057182312e-02,-5.817928910255432129e-02,2.523315846920013428e-01,-2.617817819118499756e-01,-1.614919304847717285e-01,1.419526487588882446e-01,1.734544038772583008e-01,1.419526487588882446e-01,-1.614919304847717285e-01,-2.617817819118499756e-01,2.523315846920013428e-01,-5.817928910255432129e-02,3.886456415057182312e-02,-6.442097574472427368e-02,4.566858336329460144e-02
-1.166624799370765686e-01
-4.371531307697296143e-02,2.130556292831897736e-02,-2.250932343304157257e-02,9.093327820301055908e-02,-4.746542125940322876e-02,-2.823469042778015137e-01,3.756065666675567627e-01,2.489355951547622681e-01,3.051612675189971924e-01,2.489355951547622681e-01,3.756065666675567627e-01,-2.823469042778015137e-01,-4.746542125940322876e-02,9.093327820301055908e-02,-2.250932343304157257e-02,2.130556292831897736e-02,-4.371531307697296143e-02
4.883056879043579102e-02,-6.472715735435485840e-02,4.224713519215583801e-02,-6.413356959819793701e-02,2.431852668523788452e-01,-2.548097372055053711e-01,-1.721237897872924805e-01,1.470127850770950317e-01,1.697808504104614258e-01,1.470127850770950317e-01,-1.721237897872924805e-01,-2.548097372055053711e-01,2.431852668523788452e-01,-6.413356959819793701e-02,4.224713519215583801e-02,-6.472715735435485840e-02,4.883056879043579102e-02
-1.183390393853187561e-01
-3.607198968529701233e-02,1.943023689091205597e-02,-1.922159828245639801e-02,8.120930939912796021e-02,-4.141914099454879761e-02,-2.918319404125213623e-01,3.739859759807586670e-01,2.500531971454620361e-01,3.022109270095825195e-01,2.500531971454620361e-01,3.739859759807586670e-01,-2.918319404125213623e-01,-4.141914099454879761e-02,8.120930939912796021e-02,-1.922159828245639801e-02,1.943023689091205597e-02,-3.607198968529701233e-02
5.433936789631843567e-02,-6.680804491043090820e-02,3.876084834337234497e-02,-6.789409369230270386e-02,2.444800585508346558e-01,-2.407274693250656128e-01,-1.830798089504241943e-01,1.496233791112899780e-01,1.658909320831298828e-01,1.496233791112899780e-01,-1.830798089504241943e-01,-2.407274693250656128e-01,2.444800585508346558e-01,-6.789409369230270386e-02,3.876084834337234497e-02,-6.680804491043090820e-02,5.433936789631843567e-02
-1.200235486030578613e-01
-2.783099375665187836e-02,1.394262164831161499e-02,-2.109562419354915619e-02,7.312687486410140991e-02,-3.013863414525985718e-02,-2.968234121799468994e-01,3.720734119415283203e-01,2.540402114391326904e-01,3.030284941196441650e-01,2.540402114391326904e-01,3.720734119415283203e-01,-2.968234121799468994e-01,-3.013863414525985718e-02,7.312687486410140991e-02,-2.109562419354915619e-02,1.394262164831161499e-02,-2.783099375665187836e-02
5.930572375655174255e-02,-5.709308758378028870e-02,4.525376111268997192e-02,-7.240088284015655518e-02,2.358282208442687988e-01,-2.327650785446166992e-01,-1.941662430763244629e-01,1.545500606298446655e-01,1.634453833103179932e-01,1.545500606298446655e-01,-1.941662430763244629e-01,-2.327650785446166992e-01,2.358282208442687988e-01,-7.240088284015655518e-02,4.525376111268997192e-02,-5.709308758378028870e-02,5.930572375655174255e-02
-1.217159777879714966e-01
-3.629591315984725952e-02,1.410297676920890808e-02,-5.608205683529376984e-03,7.103598117828369141e-02,-2.267781645059585571e-02,-3.055586516857147217e-01,3.684065043926239014e-01,2.569840550422668457e-01,3.020542562007904053e-01,2.569840550422668457e-01,3.684065043926239014e-01,-3.055586516857147217e-01,-2.267781645059585571e-02,7.103598117828369141e-02,-5.608205683529376984e-03,1.410297676920890808e-02,-3.629591315984725952e-02
5.407846719026565552e-02,-7.508785277605056763e-02,4.028652608394622803e-02,-6.957247108221054077e-02,2.383184283971786499e-01,-2.168877571821212769e-01,-2.005775570869445801e-01,1.580379754304885864e-01,1.573451459407806396e-01,1.580379754304885864e-01,-2.005775570869445801e-01,-2.168877571821212769e-01,2.383184283971786499e-01,-6.957247108221054077e-02,4.028652608394622803e-02,-7.508785277605056763e-02,5.407846719026565552e-02
-1.234162896871566772e-01
-1.369657088071107864e-02,9.150784462690353394e-03,-1.463616453111171722e-02,5.967684462666511536e-02,-1.169375050812959671e-02,-3.063921332359313965e-01,3.686180114746093750e-01,2.613503038883209229e-01,3.005123138427734375e-01,2.613503038883209229e-01,3.686180114746093750e-01,-3.063921332359313965e-01,-1.169375050812959671e-02,5.967684462666511536e-02,-1.463616453111171722e-02,9.150784462690353394e-03,-1.369657088071107864e-02
6.531213968992233276e-02,-5.493523180484771729e-02,4.684344679117202759e-02,-7.657542079687118530e-02,2.272882908582687378e-01,-2.114031165838241577e-01,-2.157088816165924072e-01,1.618562638759613037e-01,1.574558913707733154e-01,1.618562638759613037e-01,-2.157088816165924072e-01,-2.114031165838241577e-01,2.272882908582687378e-01,-7.657542079687118530e-02,4.684344679117202759e-02,-5.493523180484771729e-02,6.531213968992233276e-02
-1.251244395971298218e-01
-1.721096225082874298e-02,5.543326493352651596e-03,-7.602645549923181534e-03,5.354854092001914978e-02,-5.582534708082675934e-03,-3.127689659595489502e-01,3.648836910724639893e-01,2.648068368434906006e-01,2.987362742424011230e-01,2.648068368434906006e-01,3.648836910724639893e-01,-3.127689659595489502e-01,-5.582534708082675934e-03,5.354854092001914978e-02,-7.602645549923181534e-03,5.543326493352651596e-03,-1.721096225082874298e-02
6.246120110154151917e-02,-6.531930714845657349e-02,4.418343305587768555e-02,-7.392027974128723145e-02,2.266054302453994751e-01,-1.983048170804977417e-01,-2.235824167728424072e-01,1.660504043102264404e-01,1.535441577434539795e-01,1.660504043102264404e-01,-2.235824167728424072e-01,-1.983048170804977417e-01,2.266054302453994751e-01,-7.392027974128723145e-02,4.418343305587768555e-02,-6.531930714845657349e-02,6.246120110154151917e-02
-1.268403977155685425e-01
-2.650457061827182770e-02,2.399279735982418060e-03,2.052100608125329018e-03,5.020176619291305542e-02,3.770515089854598045e-03,-3.154515027999877930e-01,3.610867261886596680e-01,2.689402997493743896e-01,2.979546785354614258e-01,2.689402997493743896e-01,3.610867261886596680e-01,-3.154515027999877930e-01,3.770515089854598045e-03,5.020176619291305542e-02,2.052100608125329018e-03,2.399279735982418060e-03,-2.650457061827182770e-02
6.004725024104118347e-02,-7.381798326969146729e-02,4.535258561372756958e-02,-6.970188021659851074e-02,2.224152535200119019e-01,-1.879412680864334106e-01,-2.312675267457962036e-01,1.699708551168441772e-01,1.492132544517517090e-01,1.699708551168441772e-01,-2.312675267457962036e-01,-1.879412680864334106e-01,2.224152535200119019e-01,-6.970188021659851074e-02,4.535258561372756958e-02,-7.381798326969146729e-02,6.004725024104118347e-02
-1.285641342401504517e-01
-2.520942362025380135e-03,-1.162217580713331699e-03,-6.378185003995895386e-03,4.194274172186851501e-02,1.548046339303255081e-02,-3.147419691085815430e-01,3.589475452899932861e-01,2.737665474414825439e-01,2.959376573562622070e-01,2.737665474414825439e-01,3.589475452899932861e-01,-3.147419691085815430e-01,1.548046339303255081e-02,4.194274172186851501e-02,-6.378185003995895386e-03,-1.162217580713331699e-03,-2.520942362025380135e-03
6.593720614910125732e-02,-5.203225836157798767e-02,5.141157284379005432e-02,-7.834912836551666260e-02,2.099052369594573975e-01,-1.796556264162063599e-01,-2.429006099700927734e-01,1.749860644340515137e-01,1.502079814672470093e-01,1.749860644340515137e-01,-2.429006099700927734e-01,-1.796556264162063599e-01,2.099052369594573975e-01,-7.834912836551666260e-02,5.141157284379005432e-02,-5.203225836157798767e-02,6.593720614910125732e-02
-1.302956044673919678e-01
-7.444567047059535980e-03,-4.023143090307712555e-03,3.247378859668970108e-03,3.585854545235633850e-02,1.600395329296588898e-02,-3.226515352725982666e-01,3.541766107082366943e-01,2.777037918567657471e-01,2.924421429634094238e-01,2.777037918567657471e-01,3.541766107082366943e-01,-3.226515352725982666e-01,1.600395329296588898e-02,3.585854545235633850e-02,3.247378859668970108e-03,-4.023143090307712555e-03,-7.444567047059535980e-03
6.681025773286819458e-02,-6.117576733231544495e-02,4.950319975614547729e-02,-7.165680080652236938e-02,2.094089388847351074e-01,-1.689241677522659302e-01,-2.529808282852172852e-01,1.741923093795776367e-01,1.440538167953491211e-01,1.741923093795776367e-01,-2.529808282852172852e-01,-1.689241677522659302e-01,2.094089388847351074e-01,-7.165680080652236938e-02,4.950319975614547729e-02,-6.117576733231544495e-02,6.681025773286819458e-02
-1.320347785949707031e-01
-1.961052650585770607e-03,-7.826404646039009094e-03,4.254518542438745499e-03,3.229542821645736694e-02,2.726368606090545654e-02,-3.216060996055603027e-01,3.504638373851776123e-01,2.837093770503997803e-01,2.918636202812194824e-01,2.837093770503997803e-01,3.504638373851776123e-01,-3.216060996055603027e-01,2.726368606090545654e-02,3.229542821645736694e-02,4.254518542438745499e-03,-7.826404646039009094e-03,-1.961052650585770607e-03
6.608062982559204102e-02,-5.703789740800857544e-02,5.047033354640007019e-02,-7.430993765592575073e-02,2.013261467218399048e-01,-1.577987074851989746e-01,-2.599616050720214844e-01,1.794967502355575562e-01,1.432061195373535156e-01,1.794967502355575562e-01,-2.599616050720214844e-01,-1.577987074851989746e-01,2.013261467218399048e-01,-7.430993765592575073e-02,5.047033354640007019e-02,-5.703789740800857544e-02,6.608062982559204102e-02
-1.337816268205642700e-01
-4.517020657658576965e-03,-9.240421466529369354e-03,1.310013979673385620e-02,2.576110139489173889e-02,2.655719965696334839e-02,-3.292386531829833984e-01,3.438621759414672852e-01,2.859444916248321533e-01,2.859691679477691650e-01,2.859444916248321533e-01,3.438621759414672852e-01,-3.292386531829833984e-01,2.655719965696334839e-02,2.576110139489173889e-02,1.310013979673385620e-02,-9.240421466529369354e-03,-4.517020657658576965e-03
6.354855000972747803e-02,-6.747196614742279053e-02,4.673274606466293335e-02,-6.646676361560821533e-02,2.048130780458450317e-01,-1.436594873666763306e-01,-2.680149674415588379e-01,1.797855347394943237e-01,1.388030648231506348e-01,1.797855347394943237e-01,-2.680149674415588379e-01,-1.436594873666763306e-01,2.048130780458450317e-01,-6.646676361560821533e-02,4.673274606466293335e-02,-6.747196614742279053e-02,6.354855000972747803e-02
-1.355361044406890869e-01
5.240544676780700684e-03,-1.376928109675645828e-02,9.375295601785182953e-03,2.092992141842842102e-02,3.809724003076553345e-02,-3.265106379985809326e-01,3.398060202598571777e-01,2.935511469841003418e-01,2.868644297122955322e-01,2.935511469841003418e-01,3.398060202598571777e-01,-3.265106379985809326e-01,3.809724003076553345e-02,2.092992141842842102e-02,9.375295601785182953e-03,-1.376928109675645828e-02,5.240544676780700684e-03
6.614418327808380127e-02,-5.734167248010635376e-02,4.840023815631866455e-02,-7.178121805191040039e-02,1.923901885747909546e-01,-1.365679651498794556e-01,-2.778557240962982178e-01,1.831082105636596680e-01,1.390129178762435913e-01,1.831082105636596680e-01,-2.778557240962982178e-01,-1.365679651498794556e-01,1.923901885747909546e-01,-7.178121805191040039e-02,4.840023815631866455e-02,-5.734167248010635376e-02,6.614418327808380127e-02
-1.372981965541839600e-01
7.520619779825210571e-03,-1.856083795428276062e-02,1.037678308784961700e-02,1.407701708376407623e-02,4.203004017472267151e-02,-3.277403712272644043e-01,3.351660668849945068e-01,2.986137270927429199e-01,2.837127447128295898e-01,2.986137270927429199e-01,3.351660668849945068e-01,-3.277403712272644043e-01,4.203004017472267151e-02,1.407701708376407623e-02,1.037678308784961700e-02,-1.856083795428276062e-02,7.520619779825210571e-03
6.766884028911590576e-02,-5.564600229263305664e-02,4.904866218566894531e-02,-6.905128806829452515e-02,1.871231645345687866e-01,-1.273224949836730957e-01,-2.866118848323822021e-01,1.856300681829452515e-01,1.382357776165008545e-01,1.856300681829452515e-01,-2.866118848323822021e-01,-1.273224949836730957e-01,1.871231645345687866e-01,-6.905128806829452515e-02,4.904866218566894531e-02,-5.564600229263305664e-02,6.766884028911590576e-02
-1.390678435564041138e-01
1.835726760327816010e-02,-1.784878037869930267e-02,1.138400193303823471e-02,8.822870440781116486e-03,4.918190464377403259e-02,-3.263826370239257812e-01,3.296078741550445557e-01,3.026750683784484863e-01,2.794577777385711670e-01,3.026750683784484863e-01,3.296078741550445557e-01,-3.263826370239257812e-01,4.918190464377403259e-02,8.822870440781116486e-03,1.138400193303823471e-02,-1.784878037869930267e-02,1.835726760327816010e-02
7.011365145444869995e-02,-4.792651906609535217e-02,4.632366448640823364e-02,-7.374679297208786011e-02,1.796510517597198486e-01,-1.161634549498558044e-01,-2.948272526264190674e-01,1.872280538082122803e-01,1.383855938911437988e-01,1.872280538082122803e-01,-2.948272526264190674e-01,-1.161634549498558044e-01,1.796510517597198486e-01,-7.374679297208786011e-02,4.632366448640823364e-02,-4.792651906609535217e-02,7.011365145444869995e-02
-1.408450454473495483e-01
1.765914075076580048e-02,-2.188333496451377869e-02,1.674327999353408813e-02,6.138192024081945419e-03,5.279263481497764587e-02,-3.285470604896545410e-01,3.233734369277954102e-01,3.075857162475585938e-01,2.755355536937713623e-01,3.075857162475585938e-01,3.233734369277954102e-01,-3.285470604896545410e-01,5.279263481497764587e-02,6.138192024081945419e-03,1.674327999353408813e-02,-2.188333496451377869e-02,1.765914075076580048e-02
6.952147930860519409e-02,-5.124193057417869568e-02,4.253838583827018738e-02,-7.111951708793640137e-02,1.767652183771133423e-01,-1.042573153972625732e-01,-3.017570674419403076e-01,1.873875260353088379e-01,1.354628503322601318e-01,1.873875260353088379e-01,-3.017570674419403076e-01,-1.042573153972625732e-01,1.767652183771133423e-01,-7.111951708793640137e-02,4.253838583827018738e-02,-5.124193057417869568e-02,6.952147930860519409e-02
-1.426297426223754883e-01
1.883127912878990173e-02,-2.544504590332508087e-02,1.850893162190914154e-02,2.404709346592426300e-03,5.919595807790756226e-02,-3.264158368110656738e-01,3.189328908920288086e-01,3.162335157394409180e-01,2.758679091930389404e-01,3.162335157394409180e-01,3.189328908920288086e-01,-3.264158368110656738e-01,5.919595807790756226e-02,2.404709346592426300e-03,1.850893162190914154e-02,-2.544504590332508087e-02,1.883127912878990173e-02
6.661123037338256836e-02,-4.951570928096771240e-02,4.321098700165748596e-02,-7.027935981750488281e-02,1.676369905471801758e-01,-9.602256864309310913e-02,-3.076404035091400146e-01,1.904415339231491089e-01,1.345023363828659058e-01,1.904415339231491089e-01,-3.076404035091400146e-01,-9.602256864309310913e-02,1.676369905471801758e-01,-7.027935981750488281e-02,4.321098700165748596e-02,-4.951570928096771240e-02,6.661123037338256836e-02
-1.444219201803207397e-01
2.420466579496860504e-02,-2.879027277231216431e-02,1.959322206676006317e-02,3.538938181009143591e-04,6.572474539279937744e-02,-3.248273432254791260e-01,3.128799796104431152e-01,3.221177756786346436e-01,2.730579078197479248e-01,3.221177756786346436e-01,3.128799796104431152e-01,-3.248273432254791260e-01,6.572474539279937744e-02,3.538938181009143591e-04,1.959322206676006317e-02,-2.879027277231216431e-02,2.420466579496860504e-02
6.231071427464485168e-02,-4.572037234902381897e-02,4.665087908506393433e-02,-6.620393693447113037e-02,1.611494272947311401e-01,-8.708654344081878662e-02,-3.141010105609893799e-01,1.936647593975067139e-01,1.349325925111770630e-01,1.936647593975067139e-01,-3.141010105609893799e-01,-8.708654344081878662e-02,1.611494272947311401e-01,-6.620393693447113037e-02,4.665087908506393433e-02,-4.572037234902381897e-02,6.231071427464485168e-02
-1.462215334177017212e-01
2.846706099808216095e-02,-2.927092835307121277e-02,2.205761335790157318e-02,-4.548538476228713989e-03,6.801904737949371338e-02,-3.263457715511322021e-01,3.041552007198333740e-01,3.266828358173370361e-01,2.692536413669586182e-01,3.266828358173370361e-01,3.041552007198333740e-01,-3.263457715511322021e-01,6.801904737949371338e-02,-4.548538476228713989e-03,2.205761335790157318e-02,-2.927092835307121277e-02,2.846706099808216095e-02
6.128799542784690857e-02,-4.549449309706687927e-02,4.053158313035964966e-02,-6.797989457845687866e-02,1.572548300027847290e-01,-7.360292226076126099e-02,-3.192699253559112549e-01,1.944354176521301270e-01,1.340570896863937378e-01,1.944354176521301270e-01,-3.192699253559112549e-01,-7.360292226076126099e-02,1.572548300027847290e-01,-6.797989457845687866e-02,4.053158313035964966e-02,-4.549449309706687927e-02,6.128799542784690857e-02
-1.480285674333572388e-01
2.375630475580692291e-02,-3.010763786733150482e-02,3.210830688476562500e-02,-6.004394497722387314e-03,6.750176101922988892e-02,-3.280290067195892334e-01,2.976275086402893066e-01,3.316850066184997559e-01,2.646953761577606201e-01,3.316850066184997559e-01,2.976275086402893066e-01,-3.280290067195892334e-01,6.750176101922988892e-02,-6.004394497722387314e-03,3.210830688476562500e-02,-3.010763786733150482e-02,2.375630475580692291e-02
6.345722824335098267e-02,-5.233051255345344543e-02,3.592908382415771484e-02,-6.057775393128395081e-02,1.565939038991928101e-01,-6.510893255472183228e-02,-3.275557160377502441e-01,1.932974159717559814e-01,1.334326416254043579e-01,1.932974159717559814e-01,-3.275557160377502441e-01,-6.510893255472183228e-02,1.565939038991928101e-01,-6.057775393128395081e-02,3.592908382415771484e-02,-5.233051255345344543e-02,6.345722824335098267e-02
-1.498429775238037109e-01
3.028528578579425812e-02,-3.266679123044013977e-02,3.158947080373764038e-02,-1.077810768038034439e-02,6.984373927116394043e-02,-3.258685767650604248e-01,2.935728430747985840e-01,3.393062651157379150e-01,2.621595561504364014e-01,3.393062651157379150e-01,2.935728430747985840e-01,-3.258685767650604248e-01,6.984373927116394043e-02,-1.077810768038034439e-02,3.158947080373764038e-02,-3.266679123044013977e-02,3.028528578579425812e-02
6.133041530847549438e-02,-4.646525159478187561e-02,3.966819122433662415e-02,-5.774326249957084656e-02,1.472734808921813965e-01,-5.927554517984390259e-02,-3.344167768955230713e-01,1.927520781755447388e-01,1.322329342365264893e-01,1.927520781755447388e-01,-3.344167768955230713e-01,-5.927554517984390259e-02,1.472734808921813965e-01,-5.774326249957084656e-02,3.966819122433662415e-02,-4.646525159478187561e-02,6.133041530847549438e-02
-1.516647487878799438e-01
3.831794857978820801e-02,-3.311741352081298828e-02,3.035267628729343414e-02,-1.388332527130842209e-02,7.626077532768249512e-02,-3.222263157367706299e-01,2.861109077930450439e-01,3.457016050815582275e-01,2.601559460163116455e-01,3.457016050815582275e-01,2.861109077930450439e-01,-3.222263157367706299e-01,7.626077532768249512e-02,-1.388332527130842209e-02,3.035267628729343414e-02,-3.311741352081298828e-02,3.831794857978820801e-02
6.034705042839050293e-02,-3.956637904047966003e-02,3.838513419032096863e-02,-5.961336940526962280e-02,1.397022753953933716e-01,-5.061150342226028442e-02,-3.404397666454315186e-01,1.935572475194931030e-01,1.341119855642318726e-01,1.935572475194931030e-01,-3.404397666454315186e-01,-5.061150342226028442e-02,1.397022753953933716e-01,-5.961336940526962280e-02,3.838513419032096863e-02,-3.956637904047966003e-02,6.034705042839050293e-02
-1.534938365221023560e-01
3.350992500782012939e-02,-3.649495914578437805e-02,3.727754577994346619e-02,-1.380930654704570770e-02,7.692538946866989136e-02,-3.235826194286346436e-01,2.770741879940032959e-01,3.494289219379425049e-01,2.549370825290679932e-01,3.494289219379425049e-01,2.770741879940032959e-01,-3.235826194286346436e-01,7.692538946866989136e-02,-1.380930654704570770e-02,3.727754577994346619e-02,-3.649495914578437805e-02,3.350992500782012939e-02
5.543014779686927795e-02,-4.826195910573005676e-02,3.346054628491401672e-02,-5.218473449349403381e-02,1.395188122987747192e-01,-4.013142734766006470e-02,-3.450109362602233887e-01,1.941731274127960205e-01,1.341701447963714600e-01,1.941731274127960205e-01,-3.450109362602233887e-01,-4.013142734766006470e-02,1.395188122987747192e-01,-5.218473449349403381e-02,3.346054628491401672e-02,-4.826195910573005676e-02,5.543014779686927795e-02
-1.553302258253097534e-01
3.303768113255500793e-02,-3.991397842764854431e-02,3.871661424636840820e-02,-1.647181436419487000e-02,7.974077016115188599e-02,-3.211235404014587402e-01,2.698397934436798096e-01,3.551298081874847412e-01,2.517479658126831055e-01,3.551298081874847412e-01,2.698397934436798096e-01,-3.211235404014587402e-01,7.974077016115188599e-02,-1.647181436419487000e-02,3.871661424636840820e-02,-3.991397842764854431e-02,3.303768113255500793e-02
5.580392107367515564e-02,-4.608513414859771729e-02,3.139188885688781738e-02,-5.039753019809722900e-02,1.337576806545257568e-01,-3.280067443847656250e-02,-3.510458767414093018e-01,1.934577077627182007e-01,1.348001807928085327e-01,1.934577077627182007e-01,-3.510458767414093018e-01,-3.280067443847656250e-02,1.337576806545257568e-01,-5.039753019809722900e-02,3.139188885688781738e-02,-4.608513414859771729e-02,5.580392107367515564e-02
-1.571738719940185547e-01
4.358781874179840088e-02,-4.236423224210739136e-02,3.303010389208793640e-02,-2.213463559746742249e-02,8.399946987628936768e-02,-3.156579434871673584e-01,2.647596895694732666e-01,3.623894751071929932e-01,2.497667670249938965e-01,3.623894751071929932e-01,2.647596895694732666e-01,-3.156579434871673584e-01,8.399946987628936768e-02,-2.213463559746742249e-02,3.303010389208793640e-02,-4.236423224210739136e-02,4.358781874179840088e-02
5.337997153401374817e-02,-3.355355933308601379e-02,3.633178398013114929e-02,-5.113597214221954346e-02,1.227440908551216125e-01,-2.624223940074443817e-02,-3.553229868412017822e-01,1.948186159133911133e-01,1.372384428977966309e-01,1.948186159133911133e-01,-3.553229868412017822e-01,-2.624223940074443817e-02,1.227440908551216125e-01,-5.113597214221954346e-02,3.633178398013114929e-02,-3.355355933308601379e-02,5.337997153401374817e-02
-1.590247601270675659e-01
4.759529232978820801e-02,-4.520558938384056091e-02,3.085322491824626923e-02,-2.407739870250225067e-02,8.981166779994964600e-02,-3.102318346500396729e-01,2.578622996807098389e-01,3.689476251602172852e-01,2.474394589662551880e-01,3.689476251602172852e-01,2.578622996807098389e-01,-3.102318346500396729e-01,8.981166779994964600e-02,-2.407739870250225067e-02,3.085322491824626923e-02,-4.520558938384056091e-02,4.759529232978820801e-02
4.955202713608741760e-02,-2.628437802195549011e-02,3.736754506826400757e-02,-5.220608785748481750e-02,1.147954910993576050e-01,-1.646863296627998352e-02,-3.572788536548614502e-01,1.953748464584350586e-01,1.378052085638046265e-01,1.953748464584350586e-01,-3.572788536548614502e-01,-1.646863296627998352e-02,1.147954910993576050e-01,-5.220608785748481750e-02,3.736754506826400757e-02,-2.628437802195549011e-02,4.955202713608741760e-02
-1.608828604221343994e-01
2.234188839793205261e-02,-5.119262635707855225e-02,4.942602291703224182e-02,-1.725850254297256470e-02,8.688610047101974487e-02,-3.146574199199676514e-01,2.472381591796875000e-01,3.730683624744415283e-01,2.430772185325622559e-01,3.730683624744415283e-01,2.472381591796875000e-01,-3.146574199199676514e-01,8.688610047101974487e-02,-1.725850254297256470e-02,4.942602291703224182e-02,-5.119262635707855225e-02,2.234188839793205261e-02
5.180805921554565430e-02,-4.780201613903045654e-02,2.511345967650413513e-02,-4.149109497666358948e-02,1.194117218255996704e-01,-5.988420452922582626e-03,-3.608229458332061768e-01,1.922038793563842773e-01,1.351558566093444824e-01,1.922038793563842773e-01,-3.608229458332061768e-01,-5.988420452922582626e-03,1.194117218255996704e-01,-4.149109497666358948e-02,2.511345967650413513e-02,-4.780201613903045654e-02,5.180805921554565430e-02
-1.627481281757354736e-01
5.330981686711311340e-02,-4.726388305425643921e-02,3.444452583789825439e-02,-2.545118145644664764e-02,9.504287689924240112e-02,-3.039283752441406250e-01,2.430621385574340820e-01,3.809672296047210693e-01,2.418184429407119751e-01,3.809672296047210693e-01,2.430621385574340820e-01,-3.039283752441406250e-01,9.504287689924240112e-02,-2.545118145644664764e-02,3.444452583789825439e-02,-4.726388305425643921e-02,5.330981686711311340e-02
4.517367482185363770e-02,-2.163681387901306152e-02,3.674133867025375366e-02,-4.665949195623397827e-02,1.026033908128738403e-01,-1.848099287599325180e-03,-3.635542690753936768e-01,1.955829113721847534e-01,1.400666981935501099e-01,1.955829113721847534e-01,-3.635542690753936768e-01,-1.848099287599325180e-03,1.026033908128738403e-01,-4.665949195623397827e-02,3.674133867025375366e-02,-2.163681387901306152e-02,4.517367482185363770e-02
-1.646205633878707886e-01
3.390925005078315735e-02,-5.211805552244186401e-02,4.818460717797279358e-02,-2.377902530133724213e-02,8.796250820159912109e-02,-3.088545799255371094e-01,2.327661961317062378e-01,3.838682472705841064e-01,2.360669821500778198e-01,3.838682472705841064e-01,2.327661961317062378e-01,-3.088545799255371094e-01,8.796250820159912109e-02,-2.377902530133724213e-02,4.818460717797279358e-02,-5.211805552244186401e-02,3.390925005078315735e-02
4.910392314195632935e-02,-4.199488461017608643e-02,2.167149633169174194e-02,-3.780402615666389465e-02,1.075010374188423157e-01,7.251751609146595001e-03,-3.683765530586242676e-01,1.894699335098266602e-01,1.372214704751968384e-01,1.894699335098266602e-01,-3.683765530586242676e-01,7.251751609146595001e-03,1.075010374188423157e-01,-3.780402615666389465e-02,2.167149633169174194e-02,-4.199488461017608643e-02,4.910392314195632935e-02
-1.665001064538955688e-01
6.034661456942558289e-02,-4.689587652683258057e-02,3.572300076484680176e-02,-3.362470120191574097e-02,9.200589358806610107e-02,-2.998628020286560059e-01,2.278223335742950439e-01,3.898198008537292480e-01,2.329295873641967773e-01,3.898198008537292480e-01,2.278223335742950439e-01,-2.998628020286560059e-01,9.200589358806610107e-02,-3.362470120191574097e-02,3.572300076484680176e-02,-4.689587652683258057e-02,6.034661456942558289e-02
4.690417647361755371e-02,-1.849118061363697052e-02,2.799913287162780762e-02,-4.553736746311187744e-02,9.234549850225448608e-02,1.154365763068199158e-02,-3.734022676944732666e-01,1.888070404529571533e-01,1.423335671424865723e-01,1.888070404529571533e-01,-3.734022676944732666e-01,1.154365763068199158e-02,9.234549850225448608e-02,-4.553736746311187744e-02,2.799913287162780762e-02,-1.849118061363697052e-02,4.690417647361755371e-02
-1.683867722749710083e-01
2.115297876298427582e-02,-5.656140670180320740e-02,6.175978854298591614e-02,-2.071664668619632721e-02,8.753962814807891846e-02,-3.046560883522033691e-01,2.171201109886169434e-01,3.920702338218688965e-01,2.265704721212387085e-01,3.920702338218688965e-01,2.171201109886169434e-01,-3.046560883522033691e-01,8.753962814807891846e-02,-2.071664668619632721e-02,6.175978854298591614e-02,-5.656140670180320740e-02,2.115297876298427582e-02
4.720325022935867310e-02,-5.537329241633415222e-02,1.198011543601751328e-02,-2.513446472585201263e-02,1.056151017546653748e-01,2.506968751549720764e-02,-3.720441758632659912e-01,1.847347468137741089e-01,1.353501230478286743e-01,1.847347468137741089e-01,-3.720441758632659912e-01,2.506968751549720764e-02,1.056151017546653748e-01,-2.513446472585201263e-02,1.198011543601751328e-02,-5.537329241633415222e-02,4.720325022935867310e-02
-1.702805012464523315e-01
2.342844568192958832e-02,-5.845483392477035522e-02,6.068095192313194275e-02,-2.328350208699703217e-02,8.799579739570617676e-02,-3.004310429096221924e-01,2.108182907104492188e-01,3.982735276222229004e-01,2.239890396595001221e-01,3.982735276222229004e-01,2.108182907104492188e-01,-3.004310429096221924e-01,8.799579739570617676e-02,-2.328350208699703217e-02,6.068095192313194275e-02,-5.845483392477035522e-02,2.342844568192958832e-02
4.608133062720298767e-02,-5.196473747491836548e-02,1.041420828551054001e-02,-2.387616783380508423e-02,9.913808107376098633e-02,3.075670450925827026e-02,-3.754911124706268311e-01,1.822525858879089355e-01,1.367362588644027710e-01,1.822525858879089355e-01,-3.754911124706268311e-01,3.075670450925827026e-02,9.913808107376098633e-02,-2.387616783380508423e-02,1.041420828551054001e-02,-5.196473747491836548e-02,4.608133062720298767e-02
-1.721812635660171509e-01
2.519286796450614929e-02,-6.022521853446960449e-02,5.909351631999015808e-02,-2.555794082581996918e-02,8.933418244123458862e-02,-2.955569922924041748e-01,2.039873898029327393e-01,4.037427902221679688e-01,2.210555523633956909e-01,4.037427902221679688e-01,2.039873898029327393e-01,-2.955569922924041748e-01,8.933418244123458862e-02,-2.555794082581996918e-02,5.909351631999015808e-02,-6.022521853446960449e-02,2.519286796450614929e-02
4.583858698606491089e-02,-4.887040331959724426e-02,9.326143190264701843e-03,-2.190469950437545776e-02,9.297252446413040161e-02,3.526996448636054993e-02,-3.788761794567108154e-01,1.796930879354476929e-01,1.381095051765441895e-01,1.796930879354476929e-01,-3.788761794567108154e-01,3.526996448636054993e-02,9.297252446413040161e-02,-2.190469950437545776e-02,9.326143190264701843e-03,-4.887040331959724426e-02,4.583858698606491089e-02
-1.740890592336654663e-01
2.540932595729827881e-02,-6.097285449504852295e-02,5.879187211394309998e-02,-2.758935093879699707e-02,9.023038297891616821e-02,-2.910591661930084229e-01,1.957750171422958374e-01,4.071695804595947266e-01,2.167323827743530273e-01,4.071695804595947266e-01,1.957750171422958374e-01,-2.910591661930084229e-01,9.023038297891616821e-02,-2.758935093879699707e-02,5.879187211394309998e-02,-6.097285449504852295e-02,2.540932595729827881e-02
4.367293789982795715e-02,-4.496608301997184753e-02,6.152397487312555313e-03,-2.292939834296703339e-02,8.827969431877136230e-02,4.261942580342292786e-02,-3.813966512680053711e-01,1.774773150682449341e-01,1.416745185852050781e-01,1.774773150682449341e-01,-3.813966512680053711e-01,4.261942580342292786e-02,8.827969431877136230e-02,-2.292939834296703339e-02,6.152397487312555313e-03,-4.496608301997184753e-02,4.367293789982795715e-02
-1.760038435459136963e-01
4.442442208528518677e-02,-5.670764297246932983e-02,5.172502249479293823e-02,-3.352631255984306335e-02,9.040731191635131836e-02,-2.851679027080535889e-01,1.908380389213562012e-01,4.126023054122924805e-01,2.127936631441116333e-01,4.126023054122924805e-01,1.908380389213562012e-01,-2.851679027080535889e-01,9.040731191635131836e-02,-3.352631255984306335e-02,5.172502249479293823e-02,-5.670764297246932983e-02,4.442442208528518677e-02
4.300073534250259399e-02,-2.885805815458297729e-02,6.562835071235895157e-03,-3.021770529448986053e-02,7.615460455417633057e-02,4.603952541947364807e-02,-3.865954279899597168e-01,1.732356250286102295e-01,1.458200514316558838e-01,1.732356250286102295e-01,-3.865954279899597168e-01,4.603952541947364807e-02,7.615460455417633057e-02,-3.021770529448986053e-02,6.562835071235895157e-03,-2.885805815458297729e-02,4.300073534250259399e-02
-1.779256016016006470e-01
1.777153275907039642e-02,-6.513017416000366211e-02,6.716232746839523315e-02,-2.408743835985660553e-02,8.828438073396682739e-02,-2.853054702281951904e-01,1.841751635074615479e-01,4.198094606399536133e-01,2.117546051740646362e-01,4.198094606399536133e-01,1.841751635074615479e-01,-2.853054702281951904e-01,8.828438073396682739e-02,-2.408743835985660553e-02,6.716232746839523315e-02,-6.513017416000366211e-02,1.777153275907039642e-02
4.418663308024406433e-02,-4.692246764898300171e-02,-1.771058887243270874e-03,-1.736421138048171997e-02,8.024071156978607178e-02,5.447253584861755371e-02,-3.855377733707427979e-01,1.692101955413818359e-01,1.411619633436203003e-01,1.692101955413818359e-01,-3.855377733707427979e-01,5.447253584861755371e-02,8.024071156978607178e-02,-1.736421138048171997e-02,-1.771058887243270874e-03,-4.692246764898300171e-02,4.418663308024406433e-02
-1.798543035984039307e-01
1.226908788084983826e-01,-2.421853505074977875e-02,6.253282539546489716e-03,-7.036353647708892822e-02,1.073863133788108826e-01,-2.360435426235198975e-01,1.979064494371414185e-01,4.237491786479949951e-01,2.034883648157119751e-01,4.237491786479949951e-01,1.979064494371414185e-01,-2.360435426235198975e-01,1.073863133788108826e-01,-7.036353647708892822e-02,6.253282539546489716e-03,-2.421853505074977875e-02,1.226908788084983826e-01
-2.029798226431012154e-03,5.047424882650375366e-02,7.182835787534713745e-02,-5.321976542472839355e-02,1.615018956363201141e-02,5.751764401793479919e-02,-3.632585108280181885e-01,1.810739934444427490e-01,1.408175975084304810e-01,1.810739934444427490e-01,-3.632585108280181885e-01,5.751764401793479919e-02,1.615018956363201141e-02,-5.321976542472839355e-02,7.182835787534713745e-02,5.047424882650375366e-02,-2.029798226431012154e-03
-1.817899197340011597e-01
5.228397250175476074e-02,-5.862415581941604614e-02,4.768742620944976807e-02,-3.661030903458595276e-02,9.263888746500015259e-02,-2.713413238525390625e-01,1.722962707281112671e-01,4.353853166103363037e-01,2.132979482412338257e-01,4.353853166103363037e-01,1.722962707281112671e-01,-2.713413238525390625e-01,9.263888746500015259e-02,-3.661030903458595276e-02,4.768742620944976807e-02,-5.862415581941604614e-02,5.228397250175476074e-02
3.270462527871131897e-02,-1.117885671555995941e-02,8.554187603294849396e-03,-3.027299605309963226e-02,5.238276720046997070e-02,5.848813056945800781e-02,-3.898414373397827148e-01,1.695329993963241577e-01,1.563384532928466797e-01,1.695329993963241577e-01,-3.898414373397827148e-01,5.848813056945800781e-02,5.238276720046997070e-02,-3.027299605309963226e-02,8.554187603294849396e-03,-1.117885671555995941e-02,3.270462527871131897e-02
-1.837324351072311401e-01
3.709779307246208191e-02,-6.513016670942306519e-02,5.409714207053184509e-02,-3.167533874511718750e-02,9.324923157691955566e-02,-2.685801982879638672e-01,1.627722084522247314e-01,4.371019601821899414e-01,2.085925042629241943e-01,4.371019601821899414e-01,1.627722084522247314e-01,-2.685801982879638672e-01,9.324923157691955566e-02,-3.167533874511718750e-02,5.409714207053184509e-02,-6.513016670942306519e-02,3.709779307246208191e-02
3.453846275806427002e-02,-2.186763100326061249e-02,1.447167596779763699e-03,-2.266822382807731628e-02,5.373453348875045776e-02,6.382218748331069946e-02,-3.918054997920989990e-01,1.652430444955825806e-01,1.567964553833007812e-01,1.652430444955825806e-01,-3.918054997920989990e-01,6.382218748331069946e-02,5.373453348875045776e-02,-2.266822382807731628e-02,1.447167596779763699e-03,-2.186763100326061249e-02,3.453846275806427002e-02
-1.856818199157714844e-01
1.580821350216865540e-02,-7.088974118232727051e-02,6.679806858301162720e-02,-2.481143362820148468e-02,8.933047950267791748e-02,-2.694700956344604492e-01,1.527978777885437012e-01,4.381117522716522217e-01,2.029262781143188477e-01,4.381117522716522217e-01,1.527978777885437012e-01,-2.694700956344604492e-01,8.933047950267791748e-02,-2.481143362820148468e-02,6.679806858301162720e-02,-7.088974118232727051e-02,1.580821350216865540e-02
3.474783152341842651e-02,-4.218490794301033020e-02,-1.069403160363435745e-02,-1.078683603554964066e-02,6.142529100179672241e-02,7.276930660009384155e-02,-3.912106454372406006e-01,1.609208732843399048e-01,1.552681475877761841e-01,1.609208732843399048e-01,-3.912106454372406006e-01,7.276930660009384155e-02,6.142529100179672241e-02,-1.078683603554964066e-02,-1.069403160363435745e-02,-4.218490794301033020e-02,3.474783152341842651e-02
-1.876380443572998047e-01
6.051600724458694458e-02,-5.813759937882423401e-02,4.181934893131256104e-02,-4.325614124536514282e-02,9.140904992818832397e-02,-2.560957074165344238e-01,1.510523408651351929e-01,4.441506862640380859e-01,2.009130716323852539e-01,4.441506862640380859e-01,1.510523408651351929e-01,-2.560957074165344238e-01,9.140904992818832397e-02,-4.325614124536514282e-02,4.181934893131256104e-02,-5.813759937882423401e-02,6.051600724458694458e-02
2.521032653748989105e-02,-1.563565456308424473e-04,6.616837345063686371e-03,-2.684580348432064056e-02,3.632489591836929321e-02,6.981598585844039917e-02,-3.962428569793701172e-01,1.577261239290237427e-01,1.648004353046417236e-01,1.577261239290237427e-01,-3.962428569793701172e-01,6.981598585844039917e-02,3.632489591836929321e-02,-2.684580348432064056e-02,6.616837345063686371e-03,-1.563565456308424473e-04,2.521032653748989105e-02
-1.896010935306549072e-01
6.902661174535751343e-02,-6.000949442386627197e-02,3.054000064730644226e-02,-4.814225435256958008e-02,9.614437073469161987e-02,-2.458580583333969116e-01,1.458986401557922363e-01,4.492044150829315186e-01,1.995444893836975098e-01,4.492044150829315186e-01,1.458986401557922363e-01,-2.458580583333969116e-01,9.614437073469161987e-02,-4.814225435256958008e-02,3.054000064730644226e-02,-6.000949442386627197e-02,6.902661174535751343e-02
9.909689426422119141e-03,1.257091388106346130e-02,1.662533730268478394e-02,-2.839983068406581879e-02,2.537222951650619507e-02,7.560943067073822021e-02,-3.913188576698303223e-01,1.591335386037826538e-01,1.678816676139831543e-01,1.591335386037826538e-01,-3.913188576698303223e-01,7.560943067073822021e-02,2.537222951650619507e-02,-2.839983068406581879e-02,1.662533730268478394e-02,1.257091388106346130e-02,9.909689426422119141e-03
-1.915709525346755981e-01
4.096819460391998291e-02,-6.565335392951965332e-02,5.385496094822883606e-02,-3.409348428249359131e-02,8.825328201055526733e-02,-2.536213099956512451e-01,1.339291781187057495e-01,4.511751830577850342e-01,1.956830024719238281e-01,4.511751830577850342e-01,1.339291781187057495e-01,-2.536213099956512451e-01,8.825328201055526733e-02,-3.409348428249359131e-02,5.385496094822883606e-02,-6.565335392951965332e-02,4.096819460391998291e-02
2.176775597035884857e-02,-1.419438328593969345e-02,-6.627547554671764374e-03,-1.788973435759544373e-02,3.771639615297317505e-02,8.199688047170639038e-02,-3.962567746639251709e-01,1.511108428239822388e-01,1.696033328771591187e-01,1.511108428239822388e-01,-3.962567746639251709e-01,8.199688047170639038e-02,3.771639615297317505e-02,-1.788973435759544373e-02,-6.627547554671764374e-03,-1.419438328593969345e-02,2.176775597035884857e-02
-1.935475617647171021e-01
1.641858555376529694e-02,-7.369413971900939941e-02,6.924030929803848267e-02,-1.950483024120330811e-02,9.124938398599624634e-02,-2.508867383003234863e-01,1.248389855027198792e-01,4.521587491035461426e-01,1.907675415277481079e-01,4.521587491035461426e-01,1.248389855027198792e-01,-2.508867383003234863e-01,9.124938398599624634e-02,-1.950483024120330811e-02,6.924030929803848267e-02,-7.369413971900939941e-02,1.641858555376529694e-02
2.134601026773452759e-02,-3.381129726767539978e-02,-1.455442793667316437e-02,-4.336282145231962204e-03,4.475201666355133057e-02,8.991655707359313965e-02,-3.931926190853118896e-01,1.487501412630081177e-01,1.679964959621429443e-01,1.487501412630081177e-01,-3.931926190853118896e-01,8.991655707359313965e-02,4.475201666355133057e-02,-4.336282145231962204e-03,-1.455442793667316437e-02,-3.381129726767539978e-02,2.134601026773452759e-02
-1.955309510231018066e-01
7.009983062744140625e-02,-5.914310738444328308e-02,3.054939024150371552e-02,-4.832879081368446350e-02,9.496835619211196899e-02,-2.325869053602218628e-01,1.243731006979942322e-01,4.588946998119354248e-01,1.912631392478942871e-01,4.588946998119354248e-01,1.243731006979942322e-01,-2.325869053602218628e-01,9.496835619211196899e-02,-4.832879081368446350e-02,3.054939024150371552e-02,-5.914310738444328308e-02,7.009983062744140625e-02
1.745306886732578278e-03,1.937132328748703003e-02,1.284478046000003815e-02,-2.460222132503986359e-02,1.212098915129899979e-02,8.494411408901214600e-02,-3.944421112537384033e-01,1.484380215406417847e-01,1.788316667079925537e-01,1.484380215406417847e-01,-3.944421112537384033e-01,8.494411408901214600e-02,1.212098915129899979e-02,-2.460222132503986359e-02,1.284478046000003815e-02,1.937132328748703003e-02,1.745306886732578278e-03
-1.975210458040237427e-01
2.940708398818969727e-02,-7.205949723720550537e-02,5.768796429038047791e-02,-2.747562341392040253e-02,8.892361819744110107e-02,-2.416849881410598755e-01,1.104100048542022705e-01,4.582223594188690186e-01,1.856419742107391357e-01,4.582223594188690186e-01,1.104100048542022705e-01,-2.416849881410598755e-01,8.892361819744110107e-02,-2.747562341392040253e-02,5.768796429038047791e-02,-7.205949723720550537e-02,2.940708398818969727e-02
1.772204972803592682e-02,-1.466037705540657043e-02,-1.532226614654064178e-02,-1.173657085746526718e-02,2.892930805683135986e-02,9.196373820304870605e-02,-3.994076550006866455e-01,1.388648748397827148e-01,1.789889931678771973e-01,1.388648748397827148e-01,-3.994076550006866455e-01,9.196373820304870605e-02,2.892930805683135986e-02,-1.173657085746526718e-02,-1.532226614654064178e-02,-1.466037705540657043e-02,1.772204972803592682e-02
-1.995178610086441040e-01
4.732415452599525452e-02,-6.442819535732269287e-02,4.918748512864112854e-02,-3.467853739857673645e-02,8.846857398748397827e-02,-2.336629629135131836e-01,1.068963035941123962e-01,4.636952280998229980e-01,1.847963333129882812e-01,4.636952280998229980e-01,1.068963035941123962e-01,-2.336629629135131836e-01,8.846857398748397827e-02,-3.467853739857673645e-02,4.918748512864112854e-02,-6.442819535732269287e-02,4.732415452599525452e-02
1.201575994491577148e-02,3.067863173782825470e-03,-8.160190656781196594e-03,-1.707043685019016266e-02,1.589675247669219971e-02,9.143399447202682495e-02,-4.008139371871948242e-01,1.343475729227066040e-01,1.835542619228363037e-01,1.343475729227066040e-01,-4.008139371871948242e-01,9.143399447202682495e-02,1.589675247669219971e-02,-1.707043685019016266e-02,-8.160190656781196594e-03,3.067863173782825470e-03,1.201575994491577148e-02
-2.015213519334793091e-01
5.136143788695335388e-02,-6.610043346881866455e-02,3.956563770771026611e-02,-4.048960283398628235e-02,8.897341787815093994e-02,-2.269404828548431396e-01,1.004706174135208130e-01,4.673857986927032471e-01,1.838594973087310791e-01,4.673857986927032471e-01,1.004706174135208130e-01,-2.269404828548431396e-01,8.897341787815093994e-02,-4.048960283398628235e-02,3.956563770771026611e-02,-6.610043346881866455e-02,5.136143788695335388e-02
5.184413748793303967e-05,1.118456479161977768e-02,-1.335114357061684132e-03,-1.740159839391708374e-02,7.610232569277286530e-03,9.652251750230789185e-02,-3.948580026626586914e-01,1.371851861476898193e-01,1.890698820352554321e-01,1.371851861476898193e-01,-3.948580026626586914e-01,9.652251750230789185e-02,7.610232569277286530e-03,-1.740159839391708374e-02,-1.335114357061684132e-03,1.118456479161977768e-02,5.184413748793303967e-05
-2.035315036773681641e-01
1.317165195941925049e-01,-2.019916102290153503e-02,-7.623098790645599365e-04,-8.157747238874435425e-02,1.020856127142906189e-01,-1.746746301651000977e-01,1.200813651084899902e-01,4.632891714572906494e-01,1.680967062711715698e-01,4.632891714572906494e-01,1.200813651084899902e-01,-1.746746301651000977e-01,1.020856127142906189e-01,-8.157747238874435425e-02,-7.623098790645599365e-04,-2.019916102290153503e-02,1.317165195941925049e-01
-4.448814690113067627e-02,7.508069276809692383e-02,5.773656442761421204e-02,-4.417362064123153687e-02,-4.509739950299263000e-02,1.086045876145362854e-01,-3.585252463817596436e-01,1.488949507474899292e-01,1.796926707029342651e-01,1.488949507474899292e-01,-3.585252463817596436e-01,1.086045876145362854e-01,-4.509739950299263000e-02,-4.417362064123153687e-02,5.773656442761421204e-02,7.508069276809692383e-02,-4.448814690113067627e-02
-2.055483013391494751e-01
3.769432380795478821e-02,-7.008440047502517700e-02,4.864043369889259338e-02,-3.024669736623764038e-02,8.734366297721862793e-02,-2.219131886959075928e-01,8.530762046575546265e-02,4.735142290592193604e-01,1.808679997920989990e-01,4.735142290592193604e-01,8.530762046575546265e-02,-2.219131886959075928e-01,8.734366297721862793e-02,-3.024669736623764038e-02,4.864043369889259338e-02,-7.008440047502517700e-02,3.769432380795478821e-02
3.771800082176923752e-03,8.130808360874652863e-03,-7.203210145235061646e-03,-8.789512328803539276e-03,5.342550110071897507e-03,9.900002926588058472e-02,-3.981514573097229004e-01,1.254510432481765747e-01,1.946070790290832520e-01,1.254510432481765747e-01,-3.981514573097229004e-01,9.900002926588058472e-02,5.342550110071897507e-03,-8.789512328803539276e-03,-7.203210145235061646e-03,8.130808360874652863e-03,3.771800082176923752e-03
-2.075717151165008545e-01
4.034003987908363342e-02,-6.892085075378417969e-02,4.526060447096824646e-02,-3.298284113407135010e-02,8.593601733446121216e-02,-2.158707082271575928e-01,7.977066189050674438e-02,4.750378131866455078e-01,1.775981038808822632e-01,4.750378131866455078e-01,7.977066189050674438e-02,-2.158707082271575928e-01,8.593601733446121216e-02,-3.298284113407135010e-02,4.526060447096824646e-02,-6.892085075378417969e-02,4.034003987908363342e-02
4.368408699519932270e-04,1.284094620496034622e-02,-5.720135755836963654e-03,-8.038071915507316589e-03,4.044332017656415701e-04,1.006891056895256042e-01,-3.977060317993164062e-01,1.212240234017372131e-01,1.982644796371459961e-01,1.212240234017372131e-01,-3.977060317993164062e-01,1.006891056895256042e-01,4.044332017656415701e-04,-8.038071915507316589e-03,-5.720135755836963654e-03,1.284094620496034622e-02,4.368408699519932270e-04
-2.096017152070999146e-01
-3.495760262012481689e-03,-8.634886890649795532e-02,6.539354473352432251e-02,-1.518913265317678452e-02,8.112695813179016113e-02,-2.228587269783020020e-01,6.452189385890960693e-02,4.706074297428131104e-01,1.699148118495941162e-01,4.706074297428131104e-01,6.452189385890960693e-02,-2.228587269783020020e-01,8.112695813179016113e-02,-1.518913265317678452e-02,6.539354473352432251e-02,-8.634886890649795532e-02,-3.495760262012481689e-03
8.285997435450553894e-03,-2.139103785157203674e-02,-2.861982956528663635e-02,7.350014988332986832e-03,2.067561820149421692e-02,1.139460653066635132e-01,-3.946241736412048340e-01,1.133851036429405212e-01,1.938999146223068237e-01,1.133851036429405212e-01,-3.946241736412048340e-01,1.139460653066635132e-01,2.067561820149421692e-02,7.350014988332986832e-03,-2.861982956528663635e-02,-2.139103785157203674e-02,8.285997435450553894e-03
-2.116383016109466553e-01
4.849598184227943420e-02,-6.440080702304840088e-02,3.788956627249717712e-02,-4.047925025224685669e-02,8.076454699039459229e-02,-2.044231146574020386e-01,7.021872699260711670e-02,4.791095554828643799e-01,1.717044413089752197e-01,4.791095554828643799e-01,7.021872699260711670e-02,-2.044231146574020386e-01,8.076454699039459229e-02,-4.047925025224685669e-02,3.788956627249717712e-02,-6.440080702304840088e-02,4.849598184227943420e-02
-8.430631831288337708e-03,2.200040780007839203e-02,-3.891586093232035637e-03,-8.098980411887168884e-03,-7.633447647094726562e-03,1.083093956112861633e-01,-3.930269479751586914e-01,1.135473549365997314e-01,2.040099650621414185e-01,1.135473549365997314e-01,-3.930269479751586914e-01,1.083093956112861633e-01,-7.633447647094726562e-03,-8.098980411887168884e-03,-3.891586093232035637e-03,2.200040780007839203e-02,-8.430631831288337708e-03
-2.136814445257186890e-01
5.245453864336013794e-02,-6.043913960456848145e-02,3.809040039777755737e-02,-3.771413490176200867e-02,8.490534126758575439e-02,-1.948571205139160156e-01,6.567159295082092285e-02,4.813026487827301025e-01,1.696816533803939819e-01,4.813026487827301025e-01,6.567159295082092285e-02,-1.948571205139160156e-01,8.490534126758575439e-02,-3.771413490176200867e-02,3.809040039777755737e-02,-6.043913960456848145e-02,5.245453864336013794e-02
-1.431964989751577377e-02,2.808343246579170227e-02,3.078135341638699174e-05,-7.569345179945230484e-03,-1.245512347668409348e-02,1.110835522413253784e-01,-3.912479579448699951e-01,1.089450344443321228e-01,2.067154347896575928e-01,1.089450344443321228e-01,-3.912479579448699951e-01,1.110835522413253784e-01,-1.245512347668409348e-02,-7.569345179945230484e-03,3.078135341638699174e-05,2.808343246579170227e-02,-1.431964989751577377e-02
-2.157311141490936279e-01
6.353895366191864014e-02,-5.309059843420982361e-02,3.518465533852577209e-02,-4.334503039717674255e-02,7.985762506723403931e-02,-1.886584907770156860e-01,6.489064544439315796e-02,4.864397644996643066e-01,1.685938388109207153e-01,4.864397644996643066e-01,6.489064544439315796e-02,-1.886584907770156860e-01,7.985762506723403931e-02,-4.334503039717674255e-02,3.518465533852577209e-02,-5.309059843420982361e-02,6.353895366191864014e-02
-1.409843470901250839e-02,3.505231067538261414e-02,1.615920686163008213e-03,-9.017048403620719910e-03,-1.950148679316043854e-02,1.109898984432220459e-01,-3.907689154148101807e-01,1.020906344056129456e-01,2.080990523099899292e-01,1.020906344056129456e-01,-3.907689154148101807e-01,1.109898984432220459e-01,-1.950148679316043854e-02,-9.017048403620719910e-03,1.615920686163008213e-03,3.505231067538261414e-02,-1.409843470901250839e-02
-2.177872955799102783e-01
-4.947753623127937317e-03,-8.027217537164688110e-02,7.012828439474105835e-02,-1.241191569715738297e-02,7.209838926792144775e-02,-2.054230421781539917e-01,4.601653665304183960e-02,4.854300022125244141e-01,1.661924421787261963e-01,4.854300022125244141e-01,4.601653665304183960e-02,-2.054230421781539917e-01,7.209838926792144775e-02,-1.241191569715738297e-02,7.012828439474105835e-02,-8.027217537164688110e-02,-4.947753623127937317e-03
4.887728020548820496e-03,-1.743705198168754578e-02,-2.933922037482261658e-02,1.838390156626701355e-02,1.113502774387598038e-02,1.209045425057411194e-01,-3.916233181953430176e-01,9.225383400917053223e-02,2.018285542726516724e-01,9.225383400917053223e-02,-3.916233181953430176e-01,1.209045425057411194e-01,1.113502774387598038e-02,1.838390156626701355e-02,-2.933922037482261658e-02,-1.743705198168754578e-02,4.887728020548820496e-03
-2.198499590158462524e-01
2.579697035253047943e-02,-6.529812514781951904e-02,5.559669807553291321e-02,-2.328354492783546448e-02,7.695636153221130371e-02,-1.900781840085983276e-01,4.572529718279838562e-02,4.918554723262786865e-01,1.690670251846313477e-01,4.918554723262786865e-01,4.572529718279838562e-02,-1.900781840085983276e-01,7.695636153221130371e-02,-2.328354492783546448e-02,5.559669807553291321e-02,-6.529812514781951904e-02,2.579697035253047943e-02
-3.811734262853860855e-03,7.310230750590562820e-03,-1.916066743433475494e-02,6.111642345786094666e-03,-4.790595266968011856e-03,1.229398176074028015e-01,-3.869925141334533691e-01,9.344748407602310181e-02,2.118347436189651489e-01,9.344748407602310181e-02,-3.869925141334533691e-01,1.229398176074028015e-01,-4.790595266968011856e-03,6.111642345786094666e-03,-1.916066743433475494e-02,7.310230750590562820e-03,-3.811734262853860855e-03
-2.219191044569015503e-01
3.204514039680361748e-03,-7.350630313158035278e-02,6.720022112131118774e-02,-1.324864383786916733e-02,7.061336189508438110e-02,-1.944192349910736084e-01,3.607129305601119995e-02,4.915475547313690186e-01,1.655202060937881470e-01,4.915475547313690186e-01,3.607129305601119995e-02,-1.944192349910736084e-01,7.061336189508438110e-02,-1.324864383786916733e-02,6.720022112131118774e-02,-7.350630313158035278e-02,3.204514039680361748e-03
4.545058123767375946e-03,-6.823195144534111023e-03,-2.663969621062278748e-02,1.893268898129463196e-02,3.043133066967129707e-03,1.228914782404899597e-01,-3.898686766624450684e-01,8.325146138668060303e-02,2.099213004112243652e-01,8.325146138668060303e-02,-3.898686766624450684e-01,1.228914782404899597e-01,3.043133066967129707e-03,1.893268898129463196e-02,-2.663969621062278748e-02,-6.823195144534111023e-03,4.545058123767375946e-03
-2.239947021007537842e-01
4.579751193523406982e-02,-5.420755967497825623e-02,4.350089654326438904e-02,-3.476535528898239136e-02,7.036733627319335938e-02,-1.774544119834899902e-01,3.966402262449264526e-02,4.977075755596160889e-01,1.665602624416351318e-01,4.977075755596160889e-01,3.966402262449264526e-02,-1.774544119834899902e-01,7.036733627319335938e-02,-3.476535528898239136e-02,4.350089654326438904e-02,-5.420755967497825623e-02,4.579751193523406982e-02
-3.701646579429507256e-03,3.130865097045898438e-02,-8.490593172609806061e-03,2.086292253807187080e-03,-2.194386534392833710e-02,1.167956441640853882e-01,-3.900720775127410889e-01,7.820235192775726318e-02,2.179887294769287109e-01,7.820235192775726318e-02,-3.900720775127410889e-01,1.167956441640853882e-01,-2.194386534392833710e-02,2.086292253807187080e-03,-8.490593172609806061e-03,3.130865097045898438e-02,-3.701646579429507256e-03
-2.260767221450805664e-01
1.094932109117507935e-02,-6.848908960819244385e-02,5.951153114438056946e-02,-2.026027999818325043e-02,6.414067000150680542e-02,-1.853949725627899170e-01,2.677627280354499817e-02,4.967563450336456299e-01,1.640985757112503052e-01,4.967563450336456299e-01,2.677627280354499817e-02,-1.853949725627899170e-01,6.414067000150680542e-02,-2.026027999818325043e-02,5.951153114438056946e-02,-6.848908960819244385e-02,1.094932109117507935e-02
5.620987620204687119e-03,2.882886910811066628e-03,-2.806914597749710083e-02,1.531170401722192764e-02,-4.226892720907926559e-03,1.267212778329849243e-01,-3.872346878051757812e-01,7.181824743747711182e-02,2.158547043800354004e-01,7.181824743747711182e-02,-3.872346878051757812e-01,1.267212778329849243e-01,-4.226892720907926559e-03,1.531170401722192764e-02,-2.806914597749710083e-02,2.882886910811066628e-03,5.620987620204687119e-03
-2.281651645898818970e-01
7.418064400553703308e-03,-6.551580876111984253e-02,6.492979079484939575e-02,-1.541980914771556854e-02,6.349735707044601440e-02,-1.808663904666900635e-01,2.224689908325672150e-02,4.982121586799621582e-01,1.625237911939620972e-01,4.982121586799621582e-01,2.224689908325672150e-02,-1.808663904666900635e-01,6.349735707044601440e-02,-1.541980914771556854e-02,6.492979079484939575e-02,-6.551580876111984253e-02,7.418064400553703308e-03
8.008901961147785187e-03,-3.423217858653515577e-04,-3.125597909092903137e-02,1.968735642731189728e-02,-2.946469001471996307e-03,1.294457018375396729e-01,-3.844345211982727051e-01,6.647355854511260986e-02,2.168079167604446411e-01,6.647355854511260986e-02,-3.844345211982727051e-01,1.294457018375396729e-01,-2.946469001471996307e-03,1.968735642731189728e-02,-3.125597909092903137e-02,-3.423217858653515577e-04,8.008901961147785187e-03
-2.302599847316741943e-01
3.193455981090664864e-03,-6.524381041526794434e-02,6.657984852790832520e-02,-1.344771869480609894e-02,6.163725256919860840e-02,-1.769896596670150757e-01,1.682490296661853790e-02,4.982433617115020752e-01,1.599379926919937134e-01,4.982433617115020752e-01,1.682490296661853790e-02,-1.769896596670150757e-01,6.163725256919860840e-02,-1.344771869480609894e-02,6.657984852790832520e-02,-6.524381041526794434e-02,3.193455981090664864e-03
9.905009530484676361e-03,-1.497658202424645424e-03,-3.464802727103233337e-02,2.192194759845733643e-02,-2.183165866881608963e-03,1.324568539857864380e-01,-3.826499581336975098e-01,6.014593318104743958e-02,2.182098776102066040e-01,6.014593318104743958e-02,-3.826499581336975098e-01,1.324568539857864380e-01,-2.183165866881608963e-03,2.192194759845733643e-02,-3.464802727103233337e-02,-1.497658202424645424e-03,9.905009530484676361e-03
-2.323611825704574585e-01
-4.093153867870569229e-03,-6.617457419633865356e-02,6.897795945405960083e-02,-1.105879526585340500e-02,5.896224826574325562e-02,-1.739957034587860107e-01,1.163415051996707916e-02,4.985246956348419189e-01,1.575555056333541870e-01,4.985246956348419189e-01,1.163415051996707916e-02,-1.739957034587860107e-01,5.896224826574325562e-02,-1.105879526585340500e-02,6.897795945405960083e-02,-6.617457419633865356e-02,-4.093153867870569229e-03
1.151566579937934875e-02,-4.861195571720600128e-03,-4.009050875902175903e-02,2.431454323232173920e-02,4.114687035325914621e-04,1.371121853590011597e-01,-3.800925016403198242e-01,5.407150462269783020e-02,2.192482501268386841e-01,5.407150462269783020e-02,-3.800925016403198242e-01,1.371121853590011597e-01,4.114687035325914621e-04,2.431454323232173920e-02,-4.009050875902175903e-02,-4.861195571720600128e-03,1.151566579937934875e-02
-2.344687432050704956e-01
4.579732939600944519e-02,-4.230323433876037598e-02,4.272051528096199036e-02,-3.420434892177581787e-02,6.128884479403495789e-02,-1.537578254938125610e-01,1.854735054075717926e-02,5.072925090789794922e-01,1.618864238262176514e-01,5.072925090789794922e-01,1.854735054075717926e-02,-1.537578254938125610e-01,6.128884479403495789e-02,-3.420434892177581787e-02,4.272051528096199036e-02,-4.230323433876037598e-02,4.579732939600944519e-02
-2.683772472664713860e-03,3.907193988561630249e-02,-1.887172646820545197e-02,3.189802868291735649e-03,-2.756904624402523041e-02,1.310927718877792358e-01,-3.790121972560882568e-01,5.185196176171302795e-02,2.323306500911712646e-01,5.185196176171302795e-02,-3.790121972560882568e-01,1.310927718877792358e-01,-2.756904624402523041e-02,3.189802868291735649e-03,-1.887172646820545197e-02,3.907193988561630249e-02,-2.683772472664713860e-03
-2.365826219320297241e-01
4.683138802647590637e-02,-3.888294100761413574e-02,4.086697101593017578e-02,-3.563491255044937134e-02,6.053871288895606995e-02,-1.470853984355926514e-01,1.666692271828651428e-02,5.111283063888549805e-01,1.633986383676528931e-01,5.111283063888549805e-01,1.666692271828651428e-02,-1.470853984355926514e-01,6.053871288895606995e-02,-3.563491255044937134e-02,4.086697101593017578e-02,-3.888294100761413574e-02,4.683138802647590637e-02
-5.359719507396221161e-03,4.115207120776176453e-02,-1.908902637660503387e-02,3.558366559445858002e-03,-2.964038029313087463e-02,1.335579156875610352e-01,-3.751898109912872314e-01,4.976931214332580566e-02,2.378792464733123779e-01,4.976931214332580566e-02,-3.751898109912872314e-01,1.335579156875610352e-01,-2.964038029313087463e-02,3.558366559445858002e-03,-1.908902637660503387e-02,4.115207120776176453e-02,-5.359719507396221161e-03
-2.387028187513351440e-01
-4.574472084641456604e-03,-6.233179196715354919e-02,6.279823184013366699e-02,-1.193393487483263016e-02,5.461250245571136475e-02,-1.619282662868499756e-01,-1.980764092877507210e-03,5.063731074333190918e-01,1.605379134416580200e-01,5.063731074333190918e-01,-1.980764092877507210e-03,-1.619282662868499756e-01,5.461250245571136475e-02,-1.193393487483263016e-02,6.279823184013366699e-02,-6.233179196715354919e-02,-4.574472084641456604e-03
7.573320996016263962e-03,2.698415657505393028e-03,-4.531772434711456299e-02,2.256586216390132904e-02,-4.043284803628921509e-03,1.432768553495407104e-01,-3.750016689300537109e-01,4.249102249741554260e-02,2.376923710107803345e-01,4.249102249741554260e-02,-3.750016689300537109e-01,1.432768553495407104e-01,-4.043284803628921509e-03,2.256586216390132904e-02,-4.531772434711456299e-02,2.698415657505393028e-03,7.573320996016263962e-03
-2.408293187618255615e-01
3.490765392780303955e-02,-4.479610919952392578e-02,3.943298384547233582e-02,-2.931907586753368378e-02,6.178643181920051575e-02,-1.408978402614593506e-01,2.926997374743223190e-03,5.132584571838378906e-01,1.652287244796752930e-01,5.132584571838378906e-01,2.926997374743223190e-03,-1.408978402614593506e-01,6.178643181920051575e-02,-2.931907586753368378e-02,3.943298384547233582e-02,-4.479610919952392578e-02,3.490765392780303955e-02
-1.243627723306417465e-02,3.912966698408126831e-02,-2.017624862492084503e-02,8.944646455347537994e-03,-2.931389398872852325e-02,1.372931599617004395e-01,-3.702454864978790283e-01,4.681404680013656616e-02,2.516164779663085938e-01,4.681404680013656616e-02,-3.702454864978790283e-01,1.372931599617004395e-01,-2.931389398872852325e-02,8.944646455347537994e-03,-2.017624862492084503e-02,3.912966698408126831e-02,-1.243627723306417465e-02
-2.429620921611785889e-01
4.469603300094604492e-02,-3.765042498707771301e-02,3.404008224606513977e-02,-3.432514891028404236e-02,6.202143803238868713e-02,-1.326367706060409546e-01,-2.768432568700518459e-05,5.149601101875305176e-01,1.660121530294418335e-01,5.149601101875305176e-01,-2.768432568700518459e-05,-1.326367706060409546e-01,6.202143803238868713e-02,-3.432514891028404236e-02,3.404008224606513977e-02,-3.765042498707771301e-02,4.469603300094604492e-02
-2.257220447063446045e-02,4.052562266588211060e-02,-2.089722640812397003e-02,5.291417241096496582e-03,-3.164007514715194702e-02,1.456530541181564331e-01,-3.607343435287475586e-01,4.835125058889389038e-02,2.568676471710205078e-01,4.835125058889389038e-02,-3.607343435287475586e-01,1.456530541181564331e-01,-3.164007514715194702e-02,5.291417241096496582e-03,-2.089722640812397003e-02,4.052562266588211060e-02,-2.257220447063446045e-02
-2.451011240482330322e-01
1.018573716282844543e-02,-5.325906351208686829e-02,5.287748202681541443e-02,-1.482391543686389923e-02,5.319964140653610229e-02,-1.478493660688400269e-01,-1.449019555002450943e-02,5.139425992965698242e-01,1.656020879745483398e-01,5.139425992965698242e-01,-1.449019555002450943e-02,-1.478493660688400269e-01,5.319964140653610229e-02,-1.482391543686389923e-02,5.287748202681541443e-02,-5.325906351208686829e-02,1.018573716282844543e-02
-2.038446720689535141e-03,1.703842543065547943e-02,-4.015466570854187012e-02,2.080517262220382690e-02,-1.524150650948286057e-02,1.411111056804656982e-01,-3.721452653408050537e-01,3.300162404775619507e-02,2.602862715721130371e-01,3.300162404775619507e-02,-3.721452653408050537e-01,1.411111056804656982e-01,-1.524150650948286057e-02,2.080517262220382690e-02,-4.015466570854187012e-02,1.703842543065547943e-02,-2.038446720689535141e-03
-2.472463995218276978e-01
9.215172380208969116e-03,-5.414774641394615173e-02,5.106362700462341309e-02,-1.336265262216329575e-02,5.224247276782989502e-02,-1.453311741352081299e-01,-2.011145278811454773e-02,5.152201652526855469e-01,1.667050570249557495e-01,5.152201652526855469e-01,-2.011145278811454773e-02,-1.453311741352081299e-01,5.224247276782989502e-02,-1.336265262216329575e-02,5.106362700462341309e-02,-5.414774641394615173e-02,9.215172380208969116e-03
-6.833534222096204758e-03,1.534447260200977325e-02,-4.081436619162559509e-02,2.315865457057952881e-02,-1.560714561492204666e-02,1.427006721496582031e-01,-3.685319125652313232e-01,3.196872025728225708e-02,2.671749889850616455e-01,3.196872025728225708e-02,-3.685319125652313232e-01,1.427006721496582031e-01,-1.560714561492204666e-02,2.315865457057952881e-02,-4.081436619162559509e-02,1.534447260200977325e-02,-6.833534222096204758e-03
-2.493978887796401978e-01
7.092669606208801270e-02,-2.132475934922695160e-02,2.086132019758224487e-02,-4.114276915788650513e-02,6.513816118240356445e-02,-1.084450483322143555e-01,-7.208117749541997910e-03,5.179745554924011230e-01,1.657214164733886719e-01,5.179745554924011230e-01,-7.208117749541997910e-03,-1.084450483322143555e-01,6.513816118240356445e-02,-4.114276915788650513e-02,2.086132019758224487e-02,-2.132475934922695160e-02,7.092669606208801270e-02
-4.562808200716972351e-02,6.090908497571945190e-02,-2.130084205418825150e-03,2.838530810549855232e-03,-5.038899928331375122e-02,1.465962529182434082e-01,-3.449809849262237549e-01,4.756352677941322327e-02,2.729605436325073242e-01,4.756352677941322327e-02,-3.449809849262237549e-01,1.465962529182434082e-01,-5.038899928331375122e-02,2.838530810549855232e-03,-2.130084205418825150e-03,6.090908497571945190e-02,-4.562808200716972351e-02
-2.515555918216705322e-01
1.856317743659019470e-02,-5.122689157724380493e-02,3.796343132853507996e-02,-2.137082256376743317e-02,4.910912364721298218e-02,-1.339156776666641235e-01,-2.556189894676208496e-02,5.200799107551574707e-01,1.701913028955459595e-01,5.200799107551574707e-01,-2.556189894676208496e-02,-1.339156776666641235e-01,4.910912364721298218e-02,-2.137082256376743317e-02,3.796343132853507996e-02,-5.122689157724380493e-02,1.856317743659019470e-02
-1.067583635449409485e-02,3.014359809458255768e-02,-3.086785413324832916e-02,2.107652276754379272e-02,-2.815305255353450775e-02,1.376885175704956055e-01,-3.649474084377288818e-01,2.434710599482059479e-02,2.765476703643798828e-01,2.434710599482059479e-02,-3.649474084377288818e-01,1.376885175704956055e-01,-2.815305255353450775e-02,2.107652276754379272e-02,-3.086785413324832916e-02,3.014359809458255768e-02,-1.067583635449409485e-02
-2.537194788455963135e-01
1.450679823756217957e-02,-5.048362538218498230e-02,4.350422695279121399e-02,-1.438511814922094345e-02,4.971911013126373291e-02,-1.302965432405471802e-01,-2.939291670918464661e-02,5.215122103691101074e-01,1.708316951990127563e-01,5.215122103691101074e-01,-2.939291670918464661e-02,-1.302965432405471802e-01,4.971911013126373291e-02,-1.438511814922094345e-02,4.350422695279121399e-02,-5.048362538218498230e-02,1.450679823756217957e-02
-6.569461431354284286e-03,2.861225418746471405e-02,-3.149469196796417236e-02,2.407374419271945953e-02,-2.982352860271930695e-02,1.340643316507339478e-01,-3.660969734191894531e-01,1.685873605310916901e-02,2.785678505897521973e-01,1.685873605310916901e-02,-3.660969734191894531e-01,1.340643316507339478e-01,-2.982352860271930695e-02,2.407374419271945953e-02,-3.149469196796417236e-02,2.861225418746471405e-02,-6.569461431354284286e-03
-2.558895349502563477e-01
2.834782190620899200e-02,-4.412120208144187927e-02,3.061849251389503479e-02,-2.510792762041091919e-02,4.862838983535766602e-02,-1.210180893540382385e-01,-3.030216880142688751e-02,5.250922441482543945e-01,1.739557385444641113e-01,5.250922441482543945e-01,-3.030216880142688751e-02,-1.210180893540382385e-01,4.862838983535766602e-02,-2.510792762041091919e-02,3.061849251389503479e-02,-4.412120208144187927e-02,2.834782190620899200e-02
-1.795069128274917603e-02,3.484340384602546692e-02,-2.760255150496959686e-02,1.834298297762870789e-02,-3.601673990488052368e-02,1.395992189645767212e-01,-3.562204241752624512e-01,1.831612177193164825e-02,2.829231619834899902e-01,1.831612177193164825e-02,-3.562204241752624512e-01,1.395992189645767212e-01,-3.601673990488052368e-02,1.834298297762870789e-02,-2.760255150496959686e-02,3.484340384602546692e-02,-1.795069128274917603e-02
-2.580657303333282471e-01
1.719281263649463654e-02,-4.793133959174156189e-02,3.919659927487373352e-02,-1.573271118104457855e-02,4.457930475473403931e-02,-1.235336139798164368e-01,-3.618720546364784241e-02,5.252633690834045410e-01,1.737480461597442627e-01,5.252633690834045410e-01,-3.618720546364784241e-02,-1.235336139798164368e-01,4.457930475473403931e-02,-1.573271118104457855e-02,3.919659927487373352e-02,-4.793133959174156189e-02,1.719281263649463654e-02
-2.051031449809670448e-03,3.029237315058708191e-02,-3.172111883759498596e-02,2.630016207695007324e-02,-3.338573500514030457e-02,1.314470618963241577e-01,-3.634394407272338867e-01,5.504237953573465347e-03,2.839071452617645264e-01,5.504237953573465347e-03,-3.634394407272338867e-01,1.314470618963241577e-01,-3.338573500514030457e-02,2.630016207695007324e-02,-3.172111883759498596e-02,3.029237315058708191e-02,-2.051031449809670448e-03
-2.602480649948120117e-01
1.865212433040142059e-02,-4.570821672677993774e-02,3.902536630630493164e-02,-1.511007826775312424e-02,4.184392467141151428e-02,-1.203629821538925171e-01,-3.891395404934883118e-02,5.265958309173583984e-01,1.743721067905426025e-01,5.265958309173583984e-01,-3.891395404934883118e-02,-1.203629821538925171e-01,4.184392467141151428e-02,-1.511007826775312424e-02,3.902536630630493164e-02,-4.570821672677993774e-02,1.865212433040142059e-02
-3.387987148016691208e-03,2.799083665013313293e-02,-3.483160212635993958e-02,2.661507017910480499e-02,-3.282601013779640198e-02,1.343851238489151001e-01,-3.587525188922882080e-01,4.099868703633546829e-03,2.865394949913024902e-01,4.099868703633546829e-03,-3.587525188922882080e-01,1.343851238489151001e-01,-3.282601013779640198e-02,2.661507017910480499e-02,-3.483160212635993958e-02,2.799083665013313293e-02,-3.387987148016691208e-03
-2.624365389347076416e-01
-1.199608109891414642e-02,-5.884313583374023438e-02,5.104241520166397095e-02,-3.652486717328429222e-03,3.240108862519264221e-02,-1.316339373588562012e-01,-5.295485258102416992e-02,5.216126441955566406e-01,1.716400682926177979e-01,5.216126441955566406e-01,-5.295485258102416992e-02,-1.316339373588562012e-01,3.240108862519264221e-02,-3.652486717328429222e-03,5.104241520166397095e-02,-5.884313583374023438e-02,-1.199608109891414642e-02
8.406096138060092926e-03,4.675757605582475662e-03,-5.160045623779296875e-02,3.788889572024345398e-02,-1.690864004194736481e-02,1.407873928546905518e-01,-3.569519221782684326e-01,-4.499597940593957901e-03,2.839020490646362305e-01,-4.499597940593957901e-03,-3.569519221782684326e-01,1.407873928546905518e-01,-1.690864004194736481e-02,3.788889572024345398e-02,-5.160045623779296875e-02,4.675757605582475662e-03,8.406096138060092926e-03
-2.646310925483703613e-01
-3.712877631187438965e-02,-6.351391226053237915e-02,7.055496424436569214e-02,1.533579174429178238e-02,3.281082957983016968e-02,-1.349068731069564819e-01,-6.285528093576431274e-02,5.175111889839172363e-01,1.689433753490447998e-01,5.175111889839172363e-01,-6.285528093576431274e-02,-1.349068731069564819e-01,3.281082957983016968e-02,1.533579174429178238e-02,7.055496424436569214e-02,-6.351391226053237915e-02,-3.712877631187438965e-02
5.893177352845668793e-03,-2.551387436687946320e-02,-6.734382361173629761e-02,5.171705037355422974e-02,1.145090325735509396e-03,1.535520851612091064e-01,-3.475233316421508789e-01,-9.206944145262241364e-03,2.771576344966888428e-01,-9.206944145262241364e-03,-3.475233316421508789e-01,1.535520851612091064e-01,1.145090325735509396e-03,5.171705037355422974e-02,-6.734382361173629761e-02,-2.551387436687946320e-02,5.893177352845668793e-03
-2.668317258358001709e-01
5.268278717994689941e-02,-2.531385421752929688e-02,7.676467299461364746e-03,-4.258145391941070557e-02,3.799983859062194824e-02,-9.182035177946090698e-02,-3.896958008408546448e-02,5.319079756736755371e-01,1.778554171323776245e-01,5.319079756736755371e-01,-3.896958008408546448e-02,-9.182035177946090698e-02,3.799983859062194824e-02,-4.258145391941070557e-02,7.676467299461364746e-03,-2.531385421752929688e-02,5.268278717994689941e-02
-3.198705613613128662e-02,5.448192358016967773e-02,-1.407107058912515640e-02,1.249478105455636978e-02,-5.668609216809272766e-02,1.393128782510757446e-01,-3.368458747863769531e-01,1.191677874885499477e-03,2.962444722652435303e-01,1.191677874885499477e-03,-3.368458747863769531e-01,1.393128782510757446e-01,-5.668609216809272766e-02,1.249478105455636978e-02,-1.407107058912515640e-02,5.448192358016967773e-02,-3.198705613613128662e-02
-2.690384387969970703e-01
3.646305203437805176e-02,-2.876082062721252441e-02,3.389954194426536560e-02,-1.569874398410320282e-02,4.443823173642158508e-02,-9.306084364652633667e-02,-4.505774751305580139e-02,5.319226384162902832e-01,1.790691018104553223e-01,5.319226384162902832e-01,-4.505774751305580139e-02,-9.306084364652633667e-02,4.443823173642158508e-02,-1.569874398410320282e-02,3.389954194426536560e-02,-2.876082062721252441e-02,3.646305203437805176e-02
-1.862394437193870544e-02,3.645182400941848755e-02,-2.809776924550533295e-02,2.439333312213420868e-02,-4.293194040656089783e-02,1.397639662027359009e-01,-3.385098278522491455e-01,-2.713215071707963943e-03,3.029849827289581299e-01,-2.713215071707963943e-03,-3.385098278522491455e-01,1.397639662027359009e-01,-4.293194040656089783e-02,2.439333312213420868e-02,-2.809776924550533295e-02,3.645182400941848755e-02,-1.862394437193870544e-02
-2.712512016296386719e-01
2.740807458758354187e-02,-3.575523570179939270e-02,2.841158770024776459e-02,-1.878065429627895355e-02,3.442386537790298462e-02,-9.800320118665695190e-02,-5.043969303369522095e-02,5.341932773590087891e-01,1.824447959661483765e-01,5.341932773590087891e-01,-5.043969303369522095e-02,-9.800320118665695190e-02,3.442386537790298462e-02,-1.878065429627895355e-02,2.841158770024776459e-02,-3.575523570179939270e-02,2.740807458758354187e-02
-2.775464672595262527e-03,3.293999284505844116e-02,-3.622563555836677551e-02,2.635773643851280212e-02,-4.029235988855361938e-02,1.344487965106964111e-01,-3.452714979648590088e-01,-1.958354562520980835e-02,3.024674355983734131e-01,-1.958354562520980835e-02,-3.452714979648590088e-01,1.344487965106964111e-01,-4.029235988855361938e-02,2.635773643851280212e-02,-3.622563555836677551e-02,3.293999284505844116e-02,-2.775464672595262527e-03
-2.734699845314025879e-01
2.018172107636928558e-02,-4.002650082111358643e-02,2.948564291000366211e-02,-1.501823123544454575e-02,3.146826103329658508e-02,-9.925886988639831543e-02,-5.755586922168731689e-02,5.315797328948974609e-01,1.817281991243362427e-01,5.315797328948974609e-01,-5.755586922168731689e-02,-9.925886988639831543e-02,3.146826103329658508e-02,-1.501823123544454575e-02,2.948564291000366211e-02,-4.002650082111358643e-02,2.018172107636928558e-02
-3.082997165620326996e-03,2.901138924062252045e-02,-3.764812275767326355e-02,3.003986179828643799e-02,-3.788631036877632141e-02,1.354547441005706787e-01,-3.426399230957031250e-01,-2.510596811771392822e-02,3.040453195571899414e-01,-2.510596811771392822e-02,-3.426399230957031250e-01,1.354547441005706787e-01,-3.788631036877632141e-02,3.003986179828643799e-02,-3.764812275767326355e-02,2.901138924062252045e-02,-3.082997165620326996e-03
-2.756947875022888184e-01
3.103951737284660339e-02,-3.123731911182403564e-02,2.788453549146652222e-02,-1.449927873909473419e-02,3.702333569526672363e-02,-8.752301335334777832e-02,-5.668924748897552490e-02,5.321359634399414062e-01,1.825500279664993286e-01,5.321359634399414062e-01,-5.668924748897552490e-02,-8.752301335334777832e-02,3.702333569526672363e-02,-1.449927873909473419e-02,2.788453549146652222e-02,-3.123731911182403564e-02,3.103951737284660339e-02
-1.388374250382184982e-02,3.924643620848655701e-02,-2.611274830996990204e-02,2.806326933205127716e-02,-4.674761742353439331e-02,1.333573460578918457e-01,-3.364379703998565674e-01,-2.429687790572643280e-02,3.087495565414428711e-01,-2.429687790572643280e-02,-3.364379703998565674e-01,1.333573460578918457e-01,-4.674761742353439331e-02,2.806326933205127716e-02,-2.611274830996990204e-02,3.924643620848655701e-02,-1.388374250382184982e-02
-2.779256105422973633e-01
-1.820492185652256012e-02,-5.363427847623825073e-02,5.435576289892196655e-02,1.136489026248455048e-02,2.553101070225238800e-02,-1.102582514286041260e-01,-7.781963050365447998e-02,5.229058265686035156e-01,1.782788634300231934e-01,5.229058265686035156e-01,-7.781963050365447998e-02,-1.102582514286041260e-01,2.553101070225238800e-02,1.136489026248455048e-02,5.435576289892196655e-02,-5.363427847623825073e-02,-1.820492185652256012e-02
3.842378733679652214e-03,-9.716239757835865021e-03,-5.939301103353500366e-02,5.139587819576263428e-02,-1.106508821249008179e-02,1.468816101551055908e-01,-3.354937136173248291e-01,-3.785998001694679260e-02,2.999700307846069336e-01,-3.785998001694679260e-02,-3.354937136173248291e-01,1.468816101551055908e-01,-1.106508821249008179e-02,5.139587819576263428e-02,-5.939301103353500366e-02,-9.716239757835865021e-03,3.842378733679652214e-03
-2.801623940467834473e-01
3.508103638887405396e-02,-2.857388183474540710e-02,2.663619071245193481e-02,-1.504751108586788177e-02,2.924083359539508820e-02,-8.373486995697021484e-02,-6.152641773223876953e-02,5.312941074371337891e-01,1.826782077550888062e-01,5.312941074371337891e-01,-6.152641773223876953e-02,-8.373486995697021484e-02,2.924083359539508820e-02,-1.504751108586788177e-02,2.663619071245193481e-02,-2.857388183474540710e-02,3.508103638887405396e-02
-7.566740270704030991e-03,3.401493281126022339e-02,-3.166944906115531921e-02,3.218550980091094971e-02,-4.311110451817512512e-02,1.316597759723663330e-01,-3.352134823799133301e-01,-4.097916930913925171e-02,3.096960484981536865e-01,-4.097916930913925171e-02,-3.352134823799133301e-01,1.316597759723663330e-01,-4.311110451817512512e-02,3.218550980091094971e-02,-3.166944906115531921e-02,3.401493281126022339e-02,-7.566740270704030991e-03
-2.824051678180694580e-01
3.848872333765029907e-02,-2.664068154990673065e-02,2.247582934796810150e-02,-1.861773058772087097e-02,2.639262191951274872e-02,-7.881394028663635254e-02,-6.271170079708099365e-02,5.303637385368347168e-01,1.824180483818054199e-01,5.303637385368347168e-01,-6.271170079708099365e-02,-7.881394028663635254e-02,2.639262191951274872e-02,-1.861773058772087097e-02,2.247582934796810150e-02,-2.664068154990673065e-02,3.848872333765029907e-02
-3.914585337042808533e-03,4.128696396946907043e-02,-2.671790122985839844e-02,3.041964024305343628e-02,-5.030602589249610901e-02,1.253867298364639282e-01,-3.352471888065338135e-01,-4.832455143332481384e-02,3.106498122215270996e-01,-4.832455143332481384e-02,-3.352471888065338135e-01,1.253867298364639282e-01,-5.030602589249610901e-02,3.041964024305343628e-02,-2.671790122985839844e-02,4.128696396946907043e-02,-3.914585337042808533e-03
-2.846538722515106201e-01
1.044051628559827805e-02,-4.219949990510940552e-02,3.858328238129615784e-02,2.210043137893080711e-03,2.508616819977760315e-02,-8.871738612651824951e-02,-7.594613730907440186e-02,5.269905328750610352e-01,1.834182292222976685e-01,5.269905328750610352e-01,-7.594613730907440186e-02,-8.871738612651824951e-02,2.508616819977760315e-02,2.210043137893080711e-03,3.858328238129615784e-02,-4.219949990510940552e-02,1.044051628559827805e-02
-2.777867252007126808e-03,1.747891120612621307e-02,-3.979611396789550781e-02,4.118647798895835876e-02,-3.586004674434661865e-02,1.335238963365554810e-01,-3.275057971477508545e-01,-4.951425641775131226e-02,3.083745539188385010e-01,-4.951425641775131226e-02,-3.275057971477508545e-01,1.335238963365554810e-01,-3.586004674434661865e-02,4.118647798895835876e-02,-3.979611396789550781e-02,1.747891120612621307e-02,-2.777867252007126808e-03
-2.869085371494293213e-01
4.016205295920372009e-02,-2.941942773759365082e-02,1.980642415583133698e-02,-1.694175042212009430e-02,2.094093523919582367e-02,-7.381635904312133789e-02,-6.631239503622055054e-02,5.304285883903503418e-01,1.840626448392868042e-01,5.304285883903503418e-01,-6.631239503622055054e-02,-7.381635904312133789e-02,2.094093523919582367e-02,-1.694175042212009430e-02,1.980642415583133698e-02,-2.941942773759365082e-02,4.016205295920372009e-02
-9.295325144194066525e-04,3.931230679154396057e-02,-2.846022136509418488e-02,3.089835867285728455e-02,-5.218683555722236633e-02,1.228424906730651855e-01,-3.306277990341186523e-01,-6.368073821067810059e-02,3.063497543334960938e-01,-6.368073821067810059e-02,-3.306277990341186523e-01,1.228424906730651855e-01,-5.218683555722236633e-02,3.089835867285728455e-02,-2.846022136509418488e-02,3.931230679154396057e-02,-9.295325144194066525e-04
-2.891691029071807861e-01
-4.558002110570669174e-03,-4.993518814444541931e-02,4.642125591635704041e-02,8.610693737864494324e-03,1.221538428217172623e-02,-9.383232146501541138e-02,-8.392494171857833862e-02,5.267606377601623535e-01,1.857106536626815796e-01,5.267606377601623535e-01,-8.392494171857833862e-02,-9.383232146501541138e-02,1.221538428217172623e-02,8.610693737864494324e-03,4.642125591635704041e-02,-4.993518814444541931e-02,-4.558002110570669174e-03
5.622456315904855728e-03,-8.677814155817031860e-03,-5.499065667390823364e-02,5.322312563657760620e-02,-2.202823199331760406e-02,1.378008127212524414e-01,-3.211968839168548584e-01,-6.654462218284606934e-02,2.967474460601806641e-01,-6.654462218284606934e-02,-3.211968839168548584e-01,1.378008127212524414e-01,-2.202823199331760406e-02,5.322312563657760620e-02,-5.499065667390823364e-02,-8.677814155817031860e-03,5.622456315904855728e-03
-2.914355695247650146e-01
4.792853258550167084e-03,-4.707743972539901733e-02,3.947350755333900452e-02,4.283107351511716843e-03,1.118709705770015717e-02,-8.786994963884353638e-02,-8.414190262556076050e-02,5.266215801239013672e-01,1.866286695003509521e-01,5.266215801239013672e-01,-8.414190262556076050e-02,-8.786994963884353638e-02,1.118709705770015717e-02,4.283107351511716843e-03,3.947350755333900452e-02,-4.707743972539901733e-02,4.792853258550167084e-03
7.639744319021701813e-03,6.154655944555997849e-03,-4.590249434113502502e-02,4.848827421665191650e-02,-3.244962915778160095e-02,1.297214925289154053e-01,-3.222042620182037354e-01,-7.318023592233657837e-02,3.002375662326812744e-01,-7.318023592233657837e-02,-3.222042620182037354e-01,1.297214925289154053e-01,-3.244962915778160095e-02,4.848827421665191650e-02,-4.590249434113502502e-02,6.154655944555997849e-03,7.639744319021701813e-03
-2.937079370021820068e-01
1.007559127174317837e-03,-4.775287210941314697e-02,4.105504974722862244e-02,6.431268528103828430e-03,8.671671152114868164e-03,-8.713463693857192993e-02,-8.798761665821075439e-02,5.247388482093811035e-01,1.866310834884643555e-01,5.247388482093811035e-01,-8.798761665821075439e-02,-8.713463693857192993e-02,8.671671152114868164e-03,6.431268528103828430e-03,4.105504974722862244e-02,-4.775287210941314697e-02,1.007559127174317837e-03
5.710427183657884598e-03,1.350776059553027153e-03,-4.958838969469070435e-02,4.986891895532608032e-02,-2.850498631596565247e-02,1.338475942611694336e-01,-3.175907731056213379e-01,-7.834535092115402222e-02,2.998744547367095947e-01,-7.834535092115402222e-02,-3.175907731056213379e-01,1.338475942611694336e-01,-2.850498631596565247e-02,4.986891895532608032e-02,-4.958838969469070435e-02,1.350776059553027153e-03,5.710427183657884598e-03
-2.959862053394317627e-01
5.711947567760944366e-03,-4.590671136975288391e-02,3.634664788842201233e-02,3.236114047467708588e-03,6.487308070063591003e-03,-8.263624459505081177e-02,-8.664804697036743164e-02,5.283241271972656250e-01,1.911892145872116089e-01,5.283241271972656250e-01,-8.664804697036743164e-02,-8.263624459505081177e-02,6.487308070063591003e-03,3.236114047467708588e-03,3.634664788842201233e-02,-4.590671136975288391e-02,5.711947567760944366e-03
1.066361553966999054e-02,1.251415163278579712e-02,-4.378223419189453125e-02,4.629126191139221191e-02,-3.780834004282951355e-02,1.249790564179420471e-01,-3.193979263305664062e-01,-8.229783177375793457e-02,3.091493546962738037e-01,-8.229783177375793457e-02,-3.193979263305664062e-01,1.249790564179420471e-01,-3.780834004282951355e-02,4.629126191139221191e-02,-4.378223419189453125e-02,1.251415163278579712e-02,1.066361553966999054e-02
-2.982703149318695068e-01
7.507184892892837524e-02,-3.607556922361254692e-03,2.439671661704778671e-03,-3.348115086555480957e-02,1.849553547799587250e-02,-3.705617785453796387e-02,-5.909079313278198242e-02,5.359635353088378906e-01,1.925215274095535278e-01,5.359635353088378906e-01,-5.909079313278198242e-02,-3.705617785453796387e-02,1.849553547799587250e-02,-3.348115086555480957e-02,2.439671661704778671e-03,-3.607556922361254692e-03,7.507184892892837524e-02
-1.346094347536563873e-02,7.056198269128799438e-02,-4.670628812164068222e-03,1.683776266872882843e-02,-8.350210636854171753e-02,1.123002991080284119e-01,-3.107479214668273926e-01,-8.084478974342346191e-02,3.207993507385253906e-01,-8.084478974342346191e-02,-3.107479214668273926e-01,1.123002991080284119e-01,-8.350210636854171753e-02,1.683776266872882843e-02,-4.670628812164068222e-03,7.056198269128799438e-02,-1.346094347536563873e-02
-3.005602359771728516e-01
-3.145252540707588196e-02,-5.981181561946868896e-02,5.987874045968055725e-02,3.045288473367691040e-02,3.749321680516004562e-03,-9.589475393295288086e-02,-1.082713380455970764e-01,5.195452570915222168e-01,1.913453191518783569e-01,5.195452570915222168e-01,-1.082713380455970764e-01,-9.589475393295288086e-02,3.749321680516004562e-03,3.045288473367691040e-02,5.987874045968055725e-02,-5.981181561946868896e-02,-3.145252540707588196e-02
5.532470531761646271e-04,-3.321681171655654907e-02,-7.064770162105560303e-02,6.366171687841415405e-02,-5.363340489566326141e-03,1.506270915269851685e-01,-3.004120290279388428e-01,-8.409964293241500854e-02,3.089476227760314941e-01,-8.409964293241500854e-02,-3.004120290279388428e-01,1.506270915269851685e-01,-5.363340489566326141e-03,6.366171687841415405e-02,-7.064770162105560303e-02,-3.321681171655654907e-02,5.532470531761646271e-04
-3.028560280799865723e-01
5.863115191459655762e-02,-2.221517823636531830e-02,-4.132371861487627029e-03,-3.080690652132034302e-02,1.260150410234928131e-02,-4.250928014516830444e-02,-7.148047536611557007e-02,5.345710515975952148e-01,1.987861990928649902e-01,5.345710515975952148e-01,-7.148047536611557007e-02,-4.250928014516830444e-02,1.260150410234928131e-02,-3.080690652132034302e-02,-4.132371861487627029e-03,-2.221517823636531830e-02,5.863115191459655762e-02
-1.309029012918472290e-02,6.597104668617248535e-02,-8.479669690132141113e-03,1.822067238390445709e-02,-8.048480004072189331e-02,1.144024804234504700e-01,-3.031128346920013428e-01,-8.258188515901565552e-02,3.323006331920623779e-01,-8.258188515901565552e-02,-3.031128346920013428e-01,1.144024804234504700e-01,-8.048480004072189331e-02,1.822067238390445709e-02,-8.479669690132141113e-03,6.597104668617248535e-02,-1.309029012918472290e-02
-3.051576316356658936e-01
-3.148079663515090942e-02,-6.508135795593261719e-02,5.422771722078323364e-02,3.278038650751113892e-02,3.389948280528187752e-03,-9.289743751287460327e-02,-1.163733825087547302e-01,5.177100300788879395e-01,1.957341432571411133e-01,5.177100300788879395e-01,-1.163733825087547302e-01,-9.289743751287460327e-02,3.389948280528187752e-03,3.278038650751113892e-02,5.422771722078323364e-02,-6.508135795593261719e-02,-3.148079663515090942e-02
-5.607197992503643036e-03,-2.927932515740394592e-02,-6.720592826604843140e-02,6.148896738886833191e-02,-6.889341399073600769e-03,1.522930413484573364e-01,-2.924588620662689209e-01,-8.980108052492141724e-02,3.162628412246704102e-01,-8.980108052492141724e-02,-2.924588620662689209e-01,1.522930413484573364e-01,-6.889341399073600769e-03,6.148896738886833191e-02,-6.720592826604843140e-02,-2.927932515740394592e-02,-5.607197992503643036e-03
-3.074650168418884277e-01
4.552118480205535889e-02,-3.072354011237621307e-02,1.366643141955137253e-02,-3.142011351883411407e-03,2.211806736886501312e-02,-4.481219500303268433e-02,-8.528919517993927002e-02,5.301042199134826660e-01,2.026825994253158569e-01,5.301042199134826660e-01,-8.528919517993927002e-02,-4.481219500303268433e-02,2.211806736886501312e-02,-3.142011351883411407e-03,1.366643141955137253e-02,-3.072354011237621307e-02,4.552118480205535889e-02
-1.308983750641345978e-02,5.714974179863929749e-02,-1.254934817552566528e-02,2.358580380678176880e-02,-7.400853931903839111e-02,1.152718365192413330e-01,-2.976411581039428711e-01,-8.884485065937042236e-02,3.376891016960144043e-01,-8.884485065937042236e-02,-2.976411581039428711e-01,1.152718365192413330e-01,-7.400853931903839111e-02,2.358580380678176880e-02,-1.254934817552566528e-02,5.714974179863929749e-02,-1.308983750641345978e-02
-3.097782135009765625e-01
4.808265715837478638e-02,-3.007860295474529266e-02,1.346371602267026901e-02,-3.716908162459731102e-03,1.590609364211559296e-02,-4.563462734222412109e-02,-8.715710043907165527e-02,5.289809107780456543e-01,2.029885500669479370e-01,5.289809107780456543e-01,-8.715710043907165527e-02,-4.563462734222412109e-02,1.590609364211559296e-02,-3.716908162459731102e-03,1.346371602267026901e-02,-3.007860295474529266e-02,4.808265715837478638e-02
-7.056446280330419540e-03,4.706910625100135803e-02,-2.292330004274845123e-02,2.685899287462234497e-02,-6.384021788835525513e-02,1.183423250913619995e-01,-2.985912263393402100e-01,-1.000955775380134583e-01,3.370799124240875244e-01,-1.000955775380134583e-01,-2.985912263393402100e-01,1.183423250913619995e-01,-6.384021788835525513e-02,2.685899287462234497e-02,-2.292330004274845123e-02,4.706910625100135803e-02,-7.056446280330419540e-03
-3.120971620082855225e-01
-1.225130725651979446e-02,-6.147532165050506592e-02,4.432180523872375488e-02,2.842300198972225189e-02,-9.025512263178825378e-04,-8.181950449943542480e-02,-1.179858744144439697e-01,5.184201598167419434e-01,2.023580372333526611e-01,5.184201598167419434e-01,-1.179858744144439697e-01,-8.181950449943542480e-02,-9.025512263178825378e-04,2.842300198972225189e-02,4.432180523872375488e-02,-6.147532165050506592e-02,-1.225130725651979446e-02
-1.166708953678607941e-02,-2.070549130439758301e-02,-6.074356660246849060e-02,5.603468045592308044e-02,-1.250222604721784592e-02,1.502430886030197144e-01,-2.848178148269653320e-01,-1.063904911279678345e-01,3.170172572135925293e-01,-1.063904911279678345e-01,-2.848178148269653320e-01,1.502430886030197144e-01,-1.250222604721784592e-02,5.603468045592308044e-02,-6.074356660246849060e-02,-2.070549130439758301e-02,-1.166708953678607941e-02
-3.144218921661376953e-01
5.209484323859214783e-02,-2.951531298458576202e-02,1.715966127812862396e-02,2.339257858693599701e-03,1.243886724114418030e-02,-4.324267059564590454e-02,-9.149510413408279419e-02,5.268545746803283691e-01,2.055008560419082642e-01,5.268545746803283691e-01,-9.149510413408279419e-02,-4.324267059564590454e-02,1.243886724114418030e-02,2.339257858693599701e-03,1.715966127812862396e-02,-2.951531298458576202e-02,5.209484323859214783e-02
1.076098764315247536e-03,4.232415929436683655e-02,-2.935406379401683807e-02,2.748510241508483887e-02,-6.016840785741806030e-02,1.155514866113662720e-01,-2.996484637260437012e-01,-1.159856542944908142e-01,3.383199274539947510e-01,-1.159856542944908142e-01,-2.996484637260437012e-01,1.155514866113662720e-01,-6.016840785741806030e-02,2.748510241508483887e-02,-2.935406379401683807e-02,4.232415929436683655e-02,1.076098764315247536e-03
-3.167523443698883057e-01
2.040217258036136627e-02,-5.237177386879920959e-02,2.762159332633018494e-02,1.828526519238948822e-02,1.980315195396542549e-03,-6.368482857942581177e-02,-1.095810160040855408e-01,5.241732597351074219e-01,2.101360559463500977e-01,5.241732597351074219e-01,-1.095810160040855408e-01,-6.368482857942581177e-02,1.980315195396542549e-03,1.828526519238948822e-02,2.762159332633018494e-02,-5.237177386879920959e-02,2.040217258036136627e-02
-4.231569357216358185e-03,1.338693313300609589e-02,-4.668154567480087280e-02,3.894165903329849243e-02,-3.512274473905563354e-02,1.374416202306747437e-01,-2.839899063110351562e-01,-1.095567494630813599e-01,3.362939953804016113e-01,-1.095567494630813599e-01,-2.839899063110351562e-01,1.374416202306747437e-01,-3.512274473905563354e-02,3.894165903329849243e-02,-4.668154567480087280e-02,1.338693313300609589e-02,-4.231569357216358185e-03
-3.190885186195373535e-01
4.529846087098121643e-02,-4.419953003525733948e-02,1.267018169164657593e-02,8.591368794441223145e-03,8.436722680926322937e-03,-4.654641076922416687e-02,-1.019275635480880737e-01,5.228624939918518066e-01,2.087958604097366333e-01,5.228624939918518066e-01,-1.019275635480880737e-01,-4.654641076922416687e-02,8.436722680926322937e-03,8.591368794441223145e-03,1.267018169164657593e-02,-4.419953003525733948e-02,4.529846087098121643e-02
2.480315975844860077e-03,3.895831853151321411e-02,-3.944890946149826050e-02,2.332330122590065002e-02,-4.989458993077278137e-02,1.336109787225723267e-01,-2.829827070236206055e-01,-1.143840923905372620e-01,3.448638916015625000e-01,-1.143840923905372620e-01,-2.829827070236206055e-01,1.336109787225723267e-01,-4.989458993077278137e-02,2.332330122590065002e-02,-3.944890946149826050e-02,3.895831853151321411e-02,2.480315975844860077e-03
-3.214304149150848389e-01
3.772209957242012024e-02,-5.182507261633872986e-02,1.916954666376113892e-02,2.106230147182941437e-02,9.880485944449901581e-03,-5.059680342674255371e-02,-1.115216165781021118e-01,5.158900022506713867e-01,2.069697529077529907e-01,5.158900022506713867e-01,-1.115216165781021118e-01,-5.059680342674255371e-02,9.880485944449901581e-03,2.106230147182941437e-02,1.916954666376113892e-02,-5.182507261633872986e-02,3.772209957242012024e-02
1.528656110167503357e-02,3.381470590829849243e-02,-5.108429491519927979e-02,2.427247911691665649e-02,-3.803783282637596130e-02,1.397081017494201660e-01,-2.838666141033172607e-01,-1.199434176087379456e-01,3.505854010581970215e-01,-1.199434176087379456e-01,-2.838666141033172607e-01,1.397081017494201660e-01,-3.803783282637596130e-02,2.427247911691665649e-02,-5.108429491519927979e-02,3.381470590829849243e-02,1.528656110167503357e-02
-3.237780332565307617e-01
2.682838030159473419e-02,-6.878211349248886108e-02,9.420473128557205200e-03,2.400411106646060944e-02,1.338623836636543274e-02,-5.089931190013885498e-02,-1.196413338184356689e-01,5.122108459472656250e-01,2.092379927635192871e-01,5.122108459472656250e-01,-1.196413338184356689e-01,-5.089931190013885498e-02,1.338623836636543274e-02,2.400411106646060944e-02,9.420473128557205200e-03,-6.878211349248886108e-02,2.682838030159473419e-02
2.744491398334503174e-02,5.416387319564819336e-02,-4.878932237625122070e-02,1.194018777459859848e-02,-4.581985250115394592e-02,1.385434567928314209e-01,-2.835010588169097900e-01,-1.147719174623489380e-01,3.726390898227691650e-01,-1.147719174623489380e-01,-2.835010588169097900e-01,1.385434567928314209e-01,-4.581985250115394592e-02,1.194018777459859848e-02,-4.878932237625122070e-02,5.416387319564819336e-02,2.744491398334503174e-02
-3.261313140392303467e-01
-1.668070442974567413e-02,-9.573177993297576904e-02,1.994588039815425873e-02,3.787290677428245544e-02,-6.271289661526679993e-03,-8.532547205686569214e-02,-1.537595093250274658e-01,4.986699521541595459e-01,2.070777863264083862e-01,4.986699521541595459e-01,-1.537595093250274658e-01,-8.532547205686569214e-02,-6.271289661526679993e-03,3.787290677428245544e-02,1.994588039815425873e-02,-9.573177993297576904e-02,-1.668070442974567413e-02
4.898473992943763733e-02,1.935987547039985657e-02,-8.449817448854446411e-02,2.878642827272415161e-02,1.202560495585203171e-03,1.550270617008209229e-01,-3.001562952995300293e-01,-1.279182583093643188e-01,3.989750444889068604e-01,-1.279182583093643188e-01,-3.001562952995300293e-01,1.550270617008209229e-01,1.202560495585203171e-03,2.878642827272415161e-02,-8.449817448854446411e-02,1.935987547039985657e-02,4.898473992943763733e-02
-3.284902870655059814e-01
9.855106472969055176e-04,1.288442462682723999e-01,7.944357581436634064e-03,-3.612859547138214111e-02,-3.355405479669570923e-02,1.131417751312255859e-01,-6.179901212453842163e-02,2.360348701477050781e-01,6.619313359260559082e-01,2.360348701477050781e-01,-6.179901212453842163e-02,1.131417751312255859e-01,-3.355405479669570923e-02,-3.612859547138214111e-02,7.944357581436634064e-03,1.288442462682723999e-01,9.855106472969055176e-04
-1.462882757186889648e-01,3.263104334473609924e-02,6.046750023961067200e-02,3.091567195951938629e-03,-1.665537990629673004e-02,1.270899828523397446e-02,-1.432513166218996048e-02,-2.208971679210662842e-01,6.020262241363525391e-01,-2.208971679210662842e-01,-1.432513166218996048e-02,1.270899828523397446e-02,-1.665537990629673004e-02,3.091567195951938629e-03,6.046750023961067200e-02,3.263104334473609924e-02,-1.462882757186889648e-01
-0.000000000000000000e+00
