1.808294951915740967e-01,8.576099574565887451e-02,-2.431518733501434326e-01,-3.805780410766601562e-02,1.872632950544357300e-01,2.121830582618713379e-01,1.389317065477371216e-01,1.240679174661636353e-01,1.389317065477371216e-01,2.121830582618713379e-01,1.872632950544357300e-01,-3.805780410766601562e-02,-2.431518733501434326e-01,8.576099574565887451e-02,1.808294951915740967e-01
-2.577672600746154785e-01,2.905463278293609619e-01,-2.825917908921837807e-03,-1.951278597116470337e-01,-1.732724756002426147e-01,8.383003622293472290e-02,7.810961455106735229e-02,1.576382219791412354e-01,7.810961455106735229e-02,8.383003622293472290e-02,-1.732724756002426147e-01,-1.951278597116470337e-01,-2.825917908921837807e-03,2.905463278293609619e-01,-2.577672600746154785e-01
-3.271071612834930420e-01
-1.240833774209022522e-01,-1.558562964200973511e-01,7.582776248455047607e-02,1.147045046091079712e-01,1.509443372488021851e-01,1.526584178209304810e-01,1.667759269475936890e-01,1.060704439878463745e-01,1.667759269475936890e-01,1.526584178209304810e-01,1.509443372488021851e-01,1.147045046091079712e-01,7.582776248455047607e-02,-1.558562964200973511e-01,-1.240833774209022522e-01
2.816912718117237091e-02,-1.902508735656738281e-01,-2.019067257642745972e-01,-2.044660039246082306e-02,2.809810917824506760e-03,3.855318948626518250e-02,9.131053090095520020e-02,1.661669909954071045e-01,9.131053090095520020e-02,3.855318948626518250e-02,2.809810917824506760e-03,-2.044660039246082306e-02,-2.019067257642745972e-01,-1.902508735656738281e-01,2.816912718117237091e-02
-4.067060351371765137e-01
-1.054131686687469482e-01,-2.321551740169525146e-01,-2.139481157064437866e-02,1.757366061210632324e-01,1.609144210815429688e-01,1.410969048738479614e-01,1.351577639579772949e-01,1.449863314628601074e-01,1.351577639579772949e-01,1.410969048738479614e-01,1.609144210815429688e-01,1.757366061210632324e-01,-2.139481157064437866e-02,-2.321551740169525146e-01,-1.054131686687469482e-01
1.514248996973037720e-01,-1.307916194200515747e-01,-1.771866083145141602e-01,-8.644658327102661133e-02,3.125360980629920959e-02,7.042770273983478546e-03,1.257014423608779907e-01,1.460641622543334961e-01,1.257014423608779907e-01,7.042770273983478546e-03,3.125360980629920959e-02,-8.644658327102661133e-02,-1.771866083145141602e-01,-1.307916194200515747e-01,1.514248996973037720e-01
-4.918165504932403564e-01
2.751783654093742371e-02,-2.576379776000976562e-01,-6.457601487636566162e-02,1.503211557865142822e-01,1.919409632682800293e-01,1.220432147383689880e-01,1.532957851886749268e-01,1.384181380271911621e-01,1.532957851886749268e-01,1.220432147383689880e-01,1.919409632682800293e-01,1.503211557865142822e-01,-6.457601487636566162e-02,-2.576379776000976562e-01,2.751783654093742371e-02
1.508693099021911621e-01,4.313835501670837402e-02,-2.098476588726043701e-01,-1.077325791120529175e-01,-2.015769295394420624e-02,5.700108036398887634e-02,8.526451885700225830e-02,1.645873337984085083e-01,8.526451885700225830e-02,5.700108036398887634e-02,-2.015769295394420624e-02,-1.077325791120529175e-01,-2.098476588726043701e-01,4.313835501670837402e-02,1.508693099021911621e-01
-5.821056365966796875e-01
9.517027437686920166e-02,-1.554935276508331299e-01,-1.526420563459396362e-01,1.379669755697250366e-01,1.540878117084503174e-01,1.767918318510055542e-01,1.207084730267524719e-01,1.720700562000274658e-01,1.207084730267524719e-01,1.767918318510055542e-01,1.540878117084503174e-01,1.379669755697250366e-01,-1.526420563459396362e-01,-1.554935276508331299e-01,9.517027437686920166e-02
1.730141043663024902e-01,1.258142292499542236e-01,-1.595977395772933960e-01,-1.849259287118911743e-01,-2.661280520260334015e-02,4.770161211490631104e-02,1.145722121000289917e-01,1.374288052320480347e-01,1.145722121000289917e-01,4.770161211490631104e-02,-2.661280520260334015e-02,-1.849259287118911743e-01,-1.595977395772933960e-01,1.258142292499542236e-01,1.730141043663024902e-01
-6.772937774658203125e-01
2.539190948009490967e-01,-1.351968199014663696e-01,-1.784796565771102905e-01,3.972094878554344177e-02,2.205981016159057617e-01,1.752291619777679443e-01,1.436946094036102295e-01,1.048835292458534241e-01,1.436946094036102295e-01,1.752291619777679443e-01,2.205981016159057617e-01,3.972094878554344177e-02,-1.784796565771102905e-01,-1.351968199014663696e-01,2.539190948009490967e-01
1.125883609056472778e-01,1.748459488153457642e-01,-9.069836884737014771e-02,-2.456669062376022339e-01,-3.720463439822196960e-02,6.138960272073745728e-02,1.646542549133300781e-01,1.331642866134643555e-01,1.646542549133300781e-01,6.138960272073745728e-02,-3.720463439822196960e-02,-2.456669062376022339e-01,-9.069836884737014771e-02,1.748459488153457642e-01,1.125883609056472778e-01
-7.771421670913696289e-01
2.838507294654846191e-01,-6.826431304216384888e-02,-1.920144557952880859e-01,-3.012382984161376953e-02,2.166974097490310669e-01,1.616611629724502563e-01,1.696567535400390625e-01,1.032825186848640442e-01,1.696567535400390625e-01,1.616611629724502563e-01,2.166974097490310669e-01,-3.012382984161376953e-02,-1.920144557952880859e-01,-6.826431304216384888e-02,2.838507294654846191e-01
-7.401625812053680420e-02,2.775194644927978516e-01,-6.095156073570251465e-02,-2.268241941928863525e-01,-1.234838366508483887e-01,8.929786831140518188e-02,1.303109824657440186e-01,1.694311201572418213e-01,1.303109824657440186e-01,8.929786831140518188e-02,-1.234838366508483887e-01,-2.268241941928863525e-01,-6.095156073570251465e-02,2.775194644927978516e-01,-7.401625812053680420e-02
-8.814436793327331543e-01
1.738294661045074463e-01,8.918666839599609375e-02,-2.598108649253845215e-01,-5.012727156281471252e-02,1.908621490001678467e-01,2.293484807014465332e-01,1.475182771682739258e-01,1.318581700325012207e-01,1.475182771682739258e-01,2.293484807014465332e-01,1.908621490001678467e-01,-5.012727156281471252e-02,-2.598108649253845215e-01,8.918666839599609375e-02,1.738294661045074463e-01
-2.388571798801422119e-01,2.874941825866699219e-01,-1.369501836597919464e-02,-2.001983225345611572e-01,-1.762778162956237793e-01,7.658647000789642334e-02,9.238754957914352417e-02,1.766113936901092529e-01,9.238754957914352417e-02,7.658647000789642334e-02,-1.762778162956237793e-01,-2.001983225345611572e-01,-1.369501836597919464e-02,2.874941825866699219e-01,-2.388571798801422119e-01
-9.900165200233459473e-01
-3.032244974747300148e-03,2.121747136116027832e-01,-2.964296340942382812e-01,-5.216636136174201965e-02,1.719632744789123535e-01,2.870739698410034180e-01,1.437004208564758301e-01,1.766608208417892456e-01,1.437004208564758301e-01,2.870739698410034180e-01,1.719632744789123535e-01,-5.216636136174201965e-02,-2.964296340942382812e-01,2.121747136116027832e-01,-3.032244974747300148e-03
-2.761982083320617676e-01,1.973896622657775879e-01,1.015935763716697693e-01,-2.007955014705657959e-01,-1.684481650590896606e-01,3.513530269265174866e-02,1.052237451076507568e-01,1.501598060131072998e-01,1.052237451076507568e-01,3.513530269265174866e-02,-1.684481650590896606e-01,-2.007955014705657959e-01,1.015935763716697693e-01,1.973896622657775879e-01,-2.761982083320617676e-01
-1.102699279785156250e+00
-1.244219020009040833e-01,2.868453860282897949e-01,-2.377887964248657227e-01,-1.106625869870185852e-01,1.465585082769393921e-01,2.921100258827209473e-01,1.734339296817779541e-01,1.943958103656768799e-01,1.734339296817779541e-01,2.921100258827209473e-01,1.465585082769393921e-01,-1.106625869870185852e-01,-2.377887964248657227e-01,2.868453860282897949e-01,-1.244219020009040833e-01
-2.043468952178955078e-01,5.322193726897239685e-02,2.094333767890930176e-01,-2.374612987041473389e-01,-1.665443032979965210e-01,-7.422537077218294144e-03,1.522797644138336182e-01,1.295212805271148682e-01,1.522797644138336182e-01,-7.422537077218294144e-03,-1.665443032979965210e-01,-2.374612987041473389e-01,2.094333767890930176e-01,5.322193726897239685e-02,-2.043468952178955078e-01
-1.219347834587097168e+00
-1.700637191534042358e-01,2.750727236270904541e-01,-1.331707090139389038e-01,-1.989370733499526978e-01,1.457951068878173828e-01,2.711108922958374023e-01,2.139869481325149536e-01,1.771317422389984131e-01,2.139869481325149536e-01,2.711108922958374023e-01,1.457951068878173828e-01,-1.989370733499526978e-01,-1.331707090139389038e-01,2.750727236270904541e-01,-1.700637191534042358e-01
-9.949453175067901611e-02,-7.969559729099273682e-02,2.921456992626190186e-01,-2.281164377927780151e-01,-1.736337691545486450e-01,-3.293673321604728699e-02,1.778422296047210693e-01,1.248254850506782532e-01,1.778422296047210693e-01,-3.293673321604728699e-02,-1.736337691545486450e-01,-2.281164377927780151e-01,2.921456992626190186e-01,-7.969559729099273682e-02,-9.949453175067901611e-02
-1.339831829071044922e+00
-1.628295183181762695e-01,1.878502964973449707e-01,-1.670026965439319611e-02,-2.749622464179992676e-01,1.563130319118499756e-01,2.515825331211090088e-01,2.557095289230346680e-01,1.552238464355468750e-01,2.557095289230346680e-01,2.515825331211090088e-01,1.563130319118499756e-01,-2.749622464179992676e-01,-1.670026965439319611e-02,1.878502964973449707e-01,-1.628295183181762695e-01
1.212665159255266190e-02,-1.666066646575927734e-01,3.100143373012542725e-01,-1.794768124818801880e-01,-2.017642110586166382e-01,-3.105271980166435242e-02,1.813521534204483032e-01,1.460951268672943115e-01,1.813521534204483032e-01,-3.105271980166435242e-02,-2.017642110586166382e-01,-1.794768124818801880e-01,3.100143373012542725e-01,-1.666066646575927734e-01,1.212665159255266190e-02
-1.464033246040344238e+00
-1.243958920240402222e-01,9.464565664529800415e-02,8.952722698450088501e-02,-3.299510180950164795e-01,1.434833705425262451e-01,2.430704087018966675e-01,2.803992629051208496e-01,1.422293186187744141e-01,2.803992629051208496e-01,2.430704087018966675e-01,1.434833705425262451e-01,-3.299510180950164795e-01,8.952722698450088501e-02,9.464565664529800415e-02,-1.243958920240402222e-01
8.319348096847534180e-02,-2.034218907356262207e-01,2.765372991561889648e-01,-1.099622771143913269e-01,-2.538132071495056152e-01,-2.245061844587326050e-02,1.618355661630630493e-01,1.784485578536987305e-01,1.618355661630630493e-01,-2.245061844587326050e-02,-2.538132071495056152e-01,-1.099622771143913269e-01,2.765372991561889648e-01,-2.034218907356262207e-01,8.319348096847534180e-02
-1.591844081878662109e+00
-7.471999526023864746e-02,3.607850894331932068e-02,1.841909438371658325e-01,-3.493508398532867432e-01,1.036976501345634460e-01,2.435038089752197266e-01,2.800941169261932373e-01,1.398724168539047241e-01,2.800941169261932373e-01,2.435038089752197266e-01,1.036976501345634460e-01,-3.493508398532867432e-01,1.841909438371658325e-01,3.607850894331932068e-02,-7.471999526023864746e-02
7.981922477483749390e-02,-2.112545073032379150e-01,2.343915998935699463e-01,-3.940271562896668911e-04,-3.033112883567810059e-01,-2.473740093410015106e-02,1.272751837968826294e-01,2.110150158405303955e-01,1.272751837968826294e-01,-2.473740093410015106e-02,-3.033112883567810059e-01,-3.940271562896668911e-04,2.343915998935699463e-01,-2.112545073032379150e-01,7.981922477483749390e-02
-1.723165392875671387e+00
-3.896512463688850403e-02,-7.107343524694442749e-02,2.164337337017059326e-01,-3.267325460910797119e-01,5.916002765297889709e-02,2.648589611053466797e-01,2.768527567386627197e-01,1.625395864248275757e-01,2.768527567386627197e-01,2.648589611053466797e-01,5.916002765297889709e-02,-3.267325460910797119e-01,2.164337337017059326e-01,-7.107343524694442749e-02,-3.896512463688850403e-02
1.428318768739700317e-01,-1.780050396919250488e-01,1.304112374782562256e-01,6.463786214590072632e-02,-3.342698514461517334e-01,-3.204669337719678879e-04,1.205171495676040649e-01,2.445040047168731689e-01,1.205171495676040649e-01,-3.204669337719678879e-04,-3.342698514461517334e-01,6.463786214590072632e-02,1.304112374782562256e-01,-1.780050396919250488e-01,1.428318768739700317e-01
-1.857905864715576172e+00
-6.502008065581321716e-03,-1.061764955520629883e-01,2.388693094253540039e-01,-2.893892526626586914e-01,-4.112655296921730042e-03,2.892672717571258545e-01,2.595971524715423584e-01,1.865201592445373535e-01,2.595971524715423584e-01,2.892672717571258545e-01,-4.112655296921730042e-03,-2.893892526626586914e-01,2.388693094253540039e-01,-1.061764955520629883e-01,-6.502008065581321716e-03
1.222257465124130249e-01,-1.415306478738784790e-01,6.346885114908218384e-02,1.434135735034942627e-01,-3.577133715152740479e-01,-1.115715596824884415e-02,1.067422106862068176e-01,2.618363499641418457e-01,1.067422106862068176e-01,-1.115715596824884415e-02,-3.577133715152740479e-01,1.434135735034942627e-01,6.346885114908218384e-02,-1.415306478738784790e-01,1.222257465124130249e-01
-1.995981097221374512e+00
1.555491611361503601e-02,-1.097315922379493713e-01,2.449986636638641357e-01,-2.420653849840164185e-01,-7.544428110122680664e-02,3.126742243766784668e-01,2.415960878133773804e-01,2.136203348636627197e-01,2.415960878133773804e-01,3.126742243766784668e-01,-7.544428110122680664e-02,-2.420653849840164185e-01,2.449986636638641357e-01,-1.097315922379493713e-01,1.555491611361503601e-02
8.752691745758056641e-02,-1.070970669388771057e-01,4.558286629617214203e-03,2.075097709894180298e-01,-3.601753115653991699e-01,-3.224346041679382324e-02,1.041893213987350464e-01,2.685029804706573486e-01,1.041893213987350464e-01,-3.224346041679382324e-02,-3.601753115653991699e-01,2.075097709894180298e-01,4.558286629617214203e-03,-1.070970669388771057e-01,8.752691745758056641e-02
-2.137312412261962891e+00
2.303601428866386414e-02,-1.267073452472686768e-01,2.229207307100296021e-01,-1.801683157682418823e-01,-1.339300721883773804e-01,3.363313376903533936e-01,2.265782356262207031e-01,2.372045516967773438e-01,2.265782356262207031e-01,3.363313376903533936e-01,-1.339300721883773804e-01,-1.801683157682418823e-01,2.229207307100296021e-01,-1.267073452472686768e-01,2.303601428866386414e-02
7.889410108327865601e-02,-6.752408295869827271e-02,-5.138799548149108887e-02,2.429656833410263062e-01,-3.471371233463287354e-01,-6.194446980953216553e-02,1.115497276186943054e-01,2.659961581230163574e-01,1.115497276186943054e-01,-6.194446980953216553e-02,-3.471371233463287354e-01,2.429656833410263062e-01,-5.138799548149108887e-02,-6.752408295869827271e-02,7.889410108327865601e-02
-2.281826257705688477e+00
2.354859933257102966e-02,-1.149625852704048157e-01,2.028777599334716797e-01,-1.206049919128417969e-01,-1.937426775693893433e-01,3.481454551219940186e-01,2.160874456167221069e-01,2.550543248653411865e-01,2.160874456167221069e-01,3.481454551219940186e-01,-1.937426775693893433e-01,-1.206049919128417969e-01,2.028777599334716797e-01,-1.149625852704048157e-01,2.354859933257102966e-02
5.316231027245521545e-02,-3.937964513897895813e-02,-8.741204440593719482e-02,2.671101987361907959e-01,-3.225975930690765381e-01,-1.021486222743988037e-01,1.236173436045646667e-01,2.571931779384613037e-01,1.236173436045646667e-01,-1.021486222743988037e-01,-3.225975930690765381e-01,2.671101987361907959e-01,-8.741204440593719482e-02,-3.937964513897895813e-02,5.316231027245521545e-02
-2.429454565048217773e+00
1.893802173435688019e-02,-9.776228666305541992e-02,1.737732440233230591e-01,-6.722906231880187988e-02,-2.401708960533142090e-01,3.561299145221710205e-01,2.129943668842315674e-01,2.664839327335357666e-01,2.129943668842315674e-01,3.561299145221710205e-01,-2.401708960533142090e-01,-6.722906231880187988e-02,1.737732440233230591e-01,-9.776228666305541992e-02,1.893802173435688019e-02
2.960267290472984314e-02,-1.956680044531822205e-02,-1.096468567848205566e-01,2.778366804122924805e-01,-2.873727083206176758e-01,-1.447377055883407593e-01,1.391489952802658081e-01,2.438035905361175537e-01,1.391489952802658081e-01,-1.447377055883407593e-01,-2.873727083206176758e-01,2.778366804122924805e-01,-1.096468567848205566e-01,-1.956680044531822205e-02,2.960267290472984314e-02
-2.580132961273193359e+00
1.384439021348953247e-01,-1.578323841094970703e-01,-1.791692376136779785e-01,9.999486058950424194e-02,1.945890486240386963e-01,2.183760404586791992e-01,1.307021975517272949e-01,1.421575844287872314e-01,1.307021975517272949e-01,2.183760404586791992e-01,1.945890486240386963e-01,9.999486058950424194e-02,-1.791692376136779785e-01,-1.578323841094970703e-01,1.384439021348953247e-01
1.746330410242080688e-01,1.291034966707229614e-01,-1.497853994369506836e-01,-2.256033718585968018e-01,-1.135302614420652390e-02,5.519625544548034668e-02,1.517643332481384277e-01,1.380358040332794189e-01,1.517643332481384277e-01,5.519625544548034668e-02,-1.135302614420652390e-02,-2.256033718585968018e-01,-1.497853994369506836e-01,1.291034966707229614e-01,1.746330410242080688e-01
-3.271071612834930420e-01
-1.394165009260177612e-01,-1.581838130950927734e-01,8.441504091024398804e-02,1.167320683598518372e-01,1.614184677600860596e-01,1.712360382080078125e-01,1.579844653606414795e-01,8.697962015867233276e-02,1.579844653606414795e-01,1.712360382080078125e-01,1.614184677600860596e-01,1.167320683598518372e-01,8.441504091024398804e-02,-1.581838130950927734e-01,-1.394165009260177612e-01
-4.093697760254144669e-03,-1.797397136688232422e-01,-1.766211986541748047e-01,-5.797229334712028503e-02,-1.041650027036666870e-02,7.538750767707824707e-02,1.110577136278152466e-01,1.463567763566970825e-01,1.110577136278152466e-01,7.538750767707824707e-02,-1.041650027036666870e-02,-5.797229334712028503e-02,-1.766211986541748047e-01,-1.797397136688232422e-01,-4.093697760254144669e-03
-4.067060351371765137e-01
-1.157722994685173035e-01,-2.345467358827590942e-01,-1.628825254738330841e-02,1.711329817771911621e-01,1.635779440402984619e-01,1.611472219228744507e-01,1.439414024353027344e-01,1.421334743499755859e-01,1.439414024353027344e-01,1.611472219228744507e-01,1.635779440402984619e-01,1.711329817771911621e-01,-1.628825254738330841e-02,-2.345467358827590942e-01,-1.157722994685173035e-01
1.391441971063613892e-01,-1.397586613893508911e-01,-1.836817115545272827e-01,-1.092169731855392456e-01,2.981201373040676117e-02,2.509587258100509644e-02,1.266853511333465576e-01,1.301119774580001831e-01,1.266853511333465576e-01,2.509587258100509644e-02,2.981201373040676117e-02,-1.092169731855392456e-01,-1.836817115545272827e-01,-1.397586613893508911e-01,1.391441971063613892e-01
-4.918165504932403564e-01
-3.622881835326552391e-03,-2.448317855596542358e-01,-5.548898130655288696e-02,1.126152947545051575e-01,1.968393325805664062e-01,1.721835732460021973e-01,1.575624197721481323e-01,1.081784367561340332e-01,1.575624197721481323e-01,1.721835732460021973e-01,1.968393325805664062e-01,1.126152947545051575e-01,-5.548898130655288696e-02,-2.448317855596542358e-01,-3.622881835326552391e-03
1.634620577096939087e-01,4.992855712771415710e-02,-2.257407158613204956e-01,-1.308941990137100220e-01,-1.294167898595333099e-02,8.697573095560073853e-02,1.065059900283813477e-01,1.738808006048202515e-01,1.065059900283813477e-01,8.697573095560073853e-02,-1.294167898595333099e-02,-1.308941990137100220e-01,-2.257407158613204956e-01,4.992855712771415710e-02,1.634620577096939087e-01
-5.821056365966796875e-01
7.918857783079147339e-02,-1.583095788955688477e-01,-1.616083979606628418e-01,1.106991618871688843e-01,1.712400466203689575e-01,2.276551127433776855e-01,1.446648091077804565e-01,1.707248240709304810e-01,1.446648091077804565e-01,2.276551127433776855e-01,1.712400466203689575e-01,1.106991618871688843e-01,-1.616083979606628418e-01,-1.583095788955688477e-01,7.918857783079147339e-02
1.835134476423263550e-01,1.266301572322845459e-01,-1.787545531988143921e-01,-2.026153355836868286e-01,-3.587312251329421997e-02,4.317125678062438965e-02,1.256472617387771606e-01,1.521013230085372925e-01,1.256472617387771606e-01,4.317125678062438965e-02,-3.587312251329421997e-02,-2.026153355836868286e-01,-1.787545531988143921e-01,1.266301572322845459e-01,1.835134476423263550e-01
-6.772937774658203125e-01
2.324966937303543091e-01,-1.513966023921966553e-01,-1.665981262922286987e-01,4.588346928358078003e-02,2.092000544071197510e-01,1.775582283735275269e-01,1.689419448375701904e-01,1.352174580097198486e-01,1.689419448375701904e-01,1.775582283735275269e-01,2.092000544071197510e-01,4.588346928358078003e-02,-1.665981262922286987e-01,-1.513966023921966553e-01,2.324966937303543091e-01
1.123824864625930786e-01,1.860230863094329834e-01,-8.731916546821594238e-02,-2.435201853513717651e-01,-3.236701712012290955e-02,5.751772597432136536e-02,1.514462381601333618e-01,1.208033561706542969e-01,1.514462381601333618e-01,5.751772597432136536e-02,-3.236701712012290955e-02,-2.435201853513717651e-01,-8.731916546821594238e-02,1.860230863094329834e-01,1.123824864625930786e-01
-7.771421670913696289e-01
2.850487828254699707e-01,-7.026891410350799561e-02,-1.938901245594024658e-01,-2.590093016624450684e-02,2.350400984287261963e-01,1.790358573198318481e-01,1.707983613014221191e-01,9.591775387525558472e-02,1.707983613014221191e-01,1.790358573198318481e-01,2.350400984287261963e-01,-2.590093016624450684e-02,-1.938901245594024658e-01,-7.026891410350799561e-02,2.850487828254699707e-01
-8.029855042695999146e-02,2.709859907627105713e-01,-6.958515197038650513e-02,-2.222560942173004150e-01,-1.136422604322433472e-01,8.933374285697937012e-02,1.192966625094413757e-01,1.605769842863082886e-01,1.192966625094413757e-01,8.933374285697937012e-02,-1.136422604322433472e-01,-2.222560942173004150e-01,-6.958515197038650513e-02,2.709859907627105713e-01,-8.029855042695999146e-02
-8.814436793327331543e-01
1.751171648502349854e-01,9.192192554473876953e-02,-2.525345981121063232e-01,-4.582820460200309753e-02,1.877379417419433594e-01,2.301181405782699585e-01,1.578159630298614502e-01,1.447056084871292114e-01,1.578159630298614502e-01,2.301181405782699585e-01,1.877379417419433594e-01,-4.582820460200309753e-02,-2.525345981121063232e-01,9.192192554473876953e-02,1.751171648502349854e-01
-2.387906908988952637e-01,2.950009405612945557e-01,-1.778832636773586273e-02,-2.045749723911285400e-01,-1.737675815820693970e-01,8.031468838453292847e-02,9.159521013498306274e-02,1.755428910255432129e-01,9.159521013498306274e-02,8.031468838453292847e-02,-1.737675815820693970e-01,-2.045749723911285400e-01,-1.778832636773586273e-02,2.950009405612945557e-01,-2.387906908988952637e-01
-9.900165200233459473e-01
-1.005017082206904888e-03,2.210974693298339844e-01,-2.881838381290435791e-01,-5.873328819870948792e-02,1.611302793025970459e-01,2.852644324302673340e-01,1.465534269809722900e-01,1.791098117828369141e-01,1.465534269809722900e-01,2.852644324302673340e-01,1.611302793025970459e-01,-5.873328819870948792e-02,-2.881838381290435791e-01,2.210974693298339844e-01,-1.005017082206904888e-03
-2.738683521747589111e-01,2.003950774669647217e-01,9.457715600728988647e-02,-2.085177451372146606e-01,-1.722164750099182129e-01,3.344355896115303040e-02,1.015891954302787781e-01,1.477499753236770630e-01,1.015891954302787781e-01,3.344355896115303040e-02,-1.722164750099182129e-01,-2.085177451372146606e-01,9.457715600728988647e-02,2.003950774669647217e-01,-2.738683521747589111e-01
-1.102699279785156250e+00
-1.209696009755134583e-01,2.835968136787414551e-01,-2.486819326877593994e-01,-1.126592382788658142e-01,1.527777910232543945e-01,2.936130464076995850e-01,1.655065715312957764e-01,1.850624084472656250e-01,1.655065715312957764e-01,2.936130464076995850e-01,1.527777910232543945e-01,-1.126592382788658142e-01,-2.486819326877593994e-01,2.835968136787414551e-01,-1.209696009755134583e-01
-2.097097635269165039e-01,5.388822406530380249e-02,2.181224524974822998e-01,-2.211387306451797485e-01,-1.570836901664733887e-01,-1.035352982580661774e-02,1.462997496128082275e-01,1.269714236259460449e-01,1.462997496128082275e-01,-1.035352982580661774e-02,-1.570836901664733887e-01,-2.211387306451797485e-01,2.181224524974822998e-01,5.388822406530380249e-02,-2.097097635269165039e-01
-1.219347834587097168e+00
-1.669046729803085327e-01,2.723462581634521484e-01,-1.348229497671127319e-01,-1.949272453784942627e-01,1.530521363019943237e-01,2.718982696533203125e-01,2.111671864986419678e-01,1.739860475063323975e-01,2.111671864986419678e-01,2.718982696533203125e-01,1.530521363019943237e-01,-1.949272453784942627e-01,-1.348229497671127319e-01,2.723462581634521484e-01,-1.669046729803085327e-01
-1.050104945898056030e-01,-8.136602491140365601e-02,2.948767840862274170e-01,-2.207688987255096436e-01,-1.695478260517120361e-01,-3.462090343236923218e-02,1.754661500453948975e-01,1.246602833271026611e-01,1.754661500453948975e-01,-3.462090343236923218e-02,-1.695478260517120361e-01,-2.207688987255096436e-01,2.948767840862274170e-01,-8.136602491140365601e-02,-1.050104945898056030e-01
-1.339831829071044922e+00
-1.538714915513992310e-01,2.097552120685577393e-01,-1.190655678510665894e-02,-2.840257585048675537e-01,1.444227397441864014e-01,2.451110333204269409e-01,2.493434697389602661e-01,1.499534696340560913e-01,2.493434697389602661e-01,2.451110333204269409e-01,1.444227397441864014e-01,-2.840257585048675537e-01,-1.190655678510665894e-02,2.097552120685577393e-01,-1.538714915513992310e-01
-8.480392396450042725e-03,-1.659420132637023926e-01,3.183116912841796875e-01,-1.786711961030960083e-01,-2.097565084695816040e-01,-4.323197528719902039e-02,1.740123033523559570e-01,1.436388492584228516e-01,1.740123033523559570e-01,-4.323197528719902039e-02,-2.097565084695816040e-01,-1.786711961030960083e-01,3.183116912841796875e-01,-1.659420132637023926e-01,-8.480392396450042725e-03
-1.464033246040344238e+00
-1.154819428920745850e-01,1.069056391716003418e-01,9.472737461328506470e-02,-3.288767039775848389e-01,1.390075832605361938e-01,2.324978262186050415e-01,2.679564952850341797e-01,1.322992593050003052e-01,2.679564952850341797e-01,2.324978262186050415e-01,1.390075832605361938e-01,-3.288767039775848389e-01,9.472737461328506470e-02,1.069056391716003418e-01,-1.154819428920745850e-01
6.605248898267745972e-02,-2.051415294408798218e-01,2.878832221031188965e-01,-1.005214005708694458e-01,-2.585012316703796387e-01,-3.423557803034782410e-02,1.597270965576171875e-01,1.818384081125259399e-01,1.597270965576171875e-01,-3.423557803034782410e-02,-2.585012316703796387e-01,-1.005214005708694458e-01,2.878832221031188965e-01,-2.051415294408798218e-01,6.605248898267745972e-02
-1.591844081878662109e+00
-7.067146152257919312e-02,1.816006749868392944e-02,1.731643527746200562e-01,-3.465749323368072510e-01,1.067660301923751831e-01,2.411876618862152100e-01,2.773721516132354736e-01,1.389125883579254150e-01,2.773721516132354736e-01,2.411876618862152100e-01,1.067660301923751831e-01,-3.465749323368072510e-01,1.731643527746200562e-01,1.816006749868392944e-02,-7.067146152257919312e-02
1.021622642874717712e-01,-2.043237537145614624e-01,2.254973948001861572e-01,-1.118224486708641052e-02,-3.050888478755950928e-01,-1.986341550946235657e-02,1.330630630254745483e-01,2.143632620573043823e-01,1.330630630254745483e-01,-1.986341550946235657e-02,-3.050888478755950928e-01,-1.118224486708641052e-02,2.254973948001861572e-01,-2.043237537145614624e-01,1.021622642874717712e-01
-1.723165392875671387e+00
-3.158151358366012573e-02,-5.202490463852882385e-02,2.213596552610397339e-01,-3.299711942672729492e-01,5.705031380057334900e-02,2.612587511539459229e-01,2.705616652965545654e-01,1.573171913623809814e-01,2.705616652965545654e-01,2.612587511539459229e-01,5.705031380057334900e-02,-3.299711942672729492e-01,2.213596552610397339e-01,-5.202490463852882385e-02,-3.158151358366012573e-02
1.134399622678756714e-01,-1.801008731126785278e-01,1.485191136598587036e-01,7.587926834821701050e-02,-3.411858975887298584e-01,-1.297055650502443314e-02,1.134230270981788635e-01,2.434135973453521729e-01,1.134230270981788635e-01,-1.297055650502443314e-02,-3.411858975887298584e-01,7.587926834821701050e-02,1.485191136598587036e-01,-1.801008731126785278e-01,1.134399622678756714e-01
-1.857905864715576172e+00
6.059468141756951809e-04,-9.900090098381042480e-02,2.410361468791961670e-01,-2.907043397426605225e-01,-8.586628362536430359e-03,2.837927341461181641e-01,2.553885877132415771e-01,1.842359155416488647e-01,2.553885877132415771e-01,2.837927341461181641e-01,-8.586628362536430359e-03,-2.907043397426605225e-01,2.410361468791961670e-01,-9.900090098381042480e-02,6.059468141756951809e-04
1.193675026297569275e-01,-1.456875950098037720e-01,6.133130565285682678e-02,1.456402093172073364e-01,-3.560565710067749023e-01,-1.144922524690628052e-02,1.073436066508293152e-01,2.634823024272918701e-01,1.073436066508293152e-01,-1.144922524690628052e-02,-3.560565710067749023e-01,1.456402093172073364e-01,6.133130565285682678e-02,-1.456875950098037720e-01,1.193675026297569275e-01
-1.995981097221374512e+00
2.032088488340377808e-02,-1.115586012601852417e-01,2.443544715642929077e-01,-2.396233677864074707e-01,-7.657030224800109863e-02,3.078790307044982910e-01,2.375067323446273804e-01,2.115222513675689697e-01,2.375067323446273804e-01,3.078790307044982910e-01,-7.657030224800109863e-02,-2.396233677864074707e-01,2.443544715642929077e-01,-1.115586012601852417e-01,2.032088488340377808e-02
9.241231530904769897e-02,-1.082316935062408447e-01,7.874611765146255493e-04,2.066815942525863647e-01,-3.594086766242980957e-01,-3.221737220883369446e-02,1.048124283552169800e-01,2.697964012622833252e-01,1.048124283552169800e-01,-3.221737220883369446e-02,-3.594086766242980957e-01,2.066815942525863647e-01,7.874611765146255493e-04,-1.082316935062408447e-01,9.241231530904769897e-02
-2.137312412261962891e+00
2.564295753836631775e-02,-1.247436180710792542e-01,2.244263291358947754e-01,-1.769277304410934448e-01,-1.350531131029129028e-01,3.305966854095458984e-01,2.221142798662185669e-01,2.354953587055206299e-01,2.221142798662185669e-01,3.305966854095458984e-01,-1.350531131029129028e-01,-1.769277304410934448e-01,2.244263291358947754e-01,-1.247436180710792542e-01,2.564295753836631775e-02
6.906035542488098145e-02,-6.902176886796951294e-02,-4.625871777534484863e-02,2.448578178882598877e-01,-3.515485823154449463e-01,-6.681640446186065674e-02,1.101987287402153015e-01,2.671456038951873779e-01,1.101987287402153015e-01,-6.681640446186065674e-02,-3.515485823154449463e-01,2.448578178882598877e-01,-4.625871777534484863e-02,-6.902176886796951294e-02,6.906035542488098145e-02
-2.281826257705688477e+00
2.705828659236431122e-02,-1.167751252651214600e-01,2.016059905290603638e-01,-1.175811067223548889e-01,-1.915293782949447632e-01,3.457164764404296875e-01,2.123000025749206543e-01,2.525431811809539795e-01,2.123000025749206543e-01,3.457164764404296875e-01,-1.915293782949447632e-01,-1.175811067223548889e-01,2.016059905290603638e-01,-1.167751252651214600e-01,2.705828659236431122e-02
5.177796632051467896e-02,-3.948304429650306702e-02,-8.539894223213195801e-02,2.685990333557128906e-01,-3.230763077735900879e-01,-1.027784496545791626e-01,1.239529699087142944e-01,2.580582499504089355e-01,1.239529699087142944e-01,-1.027784496545791626e-01,-3.230763077735900879e-01,2.685990333557128906e-01,-8.539894223213195801e-02,-3.948304429650306702e-02,5.177796632051467896e-02
-2.429454565048217773e+00
2.729378640651702881e-02,-1.320495903491973877e-01,1.561559736728668213e-01,-5.429223924875259399e-02,-2.290119677782058716e-01,3.529981970787048340e-01,2.087097913026809692e-01,2.651567459106445312e-01,2.087097913026809692e-01,3.529981970787048340e-01,-2.290119677782058716e-01,-5.429223924875259399e-02,1.561559736728668213e-01,-1.320495903491973877e-01,2.729378640651702881e-02
6.460958719253540039e-02,-3.105618059635162354e-03,-1.207653060555458069e-01,2.644342184066772461e-01,-2.889333963394165039e-01,-1.418221890926361084e-01,1.406542956829071045e-01,2.441166788339614868e-01,1.406542956829071045e-01,-1.418221890926361084e-01,-2.889333963394165039e-01,2.644342184066772461e-01,-1.207653060555458069e-01,-3.105618059635162354e-03,6.460958719253540039e-02
-2.580132961273193359e+00
1.481865346431732178e-01,-1.413129121065139771e-01,-1.699707508087158203e-01,9.001272916793823242e-02,1.832973062992095947e-01,2.181250900030136108e-01,1.351923495531082153e-01,1.465024948120117188e-01,1.351923495531082153e-01,2.181250900030136108e-01,1.832973062992095947e-01,9.001272916793823242e-02,-1.699707508087158203e-01,-1.413129121065139771e-01,1.481865346431732178e-01
1.688880324363708496e-01,1.357803791761398315e-01,-1.367657780647277832e-01,-2.238675057888031006e-01,-1.933066919445991516e-02,5.555658042430877686e-02,1.624031066894531250e-01,1.485507190227508545e-01,1.624031066894531250e-01,5.555658042430877686e-02,-1.933066919445991516e-02,-2.238675057888031006e-01,-1.367657780647277832e-01,1.357803791761398315e-01,1.688880324363708496e-01
-3.271071612834930420e-01
-7.864999026060104370e-02,-1.683242470026016235e-01,2.614832669496536255e-02,1.213738918304443359e-01,1.801343113183975220e-01,1.572073698043823242e-01,1.534333974123001099e-01,9.821355342864990234e-02,1.534333974123001099e-01,1.572073698043823242e-01,1.801343113183975220e-01,1.213738918304443359e-01,2.614832669496536255e-02,-1.683242470026016235e-01,-7.864999026060104370e-02
3.080069646239280701e-02,-2.020362466573715210e-01,-2.062272429466247559e-01,-3.173858672380447388e-02,-5.239887163043022156e-03,3.759513795375823975e-02,9.384918212890625000e-02,1.693159043788909912e-01,9.384918212890625000e-02,3.759513795375823975e-02,-5.239887163043022156e-03,-3.173858672380447388e-02,-2.062272429466247559e-01,-2.020362466573715210e-01,3.080069646239280701e-02
-4.067060351371765137e-01
-1.326811462640762329e-01,-2.252117991447448730e-01,3.571294946596026421e-03,1.669472306966781616e-01,1.588633656501770020e-01,1.703771650791168213e-01,1.429374217987060547e-01,1.320752799510955811e-01,1.429374217987060547e-01,1.703771650791168213e-01,1.588633656501770020e-01,1.669472306966781616e-01,3.571294946596026421e-03,-2.252117991447448730e-01,-1.326811462640762329e-01
1.452136039733886719e-01,-1.133707985281944275e-01,-1.647509932518005371e-01,-1.175883933901786804e-01,2.636381797492504120e-02,4.602054879069328308e-02,1.504599452018737793e-01,1.399131417274475098e-01,1.504599452018737793e-01,4.602054879069328308e-02,2.636381797492504120e-02,-1.175883933901786804e-01,-1.647509932518005371e-01,-1.133707985281944275e-01,1.452136039733886719e-01
-4.918165504932403564e-01
1.745278760790824890e-02,-2.701966464519500732e-01,-6.211449578404426575e-02,1.489901840686798096e-01,1.954748332500457764e-01,1.430357396602630615e-01,1.677507609128952026e-01,1.445633023977279663e-01,1.677507609128952026e-01,1.430357396602630615e-01,1.954748332500457764e-01,1.489901840686798096e-01,-6.211449578404426575e-02,-2.701966464519500732e-01,1.745278760790824890e-02
1.381956785917282104e-01,3.099868632853031158e-02,-2.116852849721908569e-01,-1.204553991556167603e-01,-3.728764131665229797e-02,6.304020434617996216e-02,1.028562113642692566e-01,1.808602958917617798e-01,1.028562113642692566e-01,6.304020434617996216e-02,-3.728764131665229797e-02,-1.204553991556167603e-01,-2.116852849721908569e-01,3.099868632853031158e-02,1.381956785917282104e-01
-5.821056365966796875e-01
8.354469388723373413e-02,-1.566889584064483643e-01,-1.611807495355606079e-01,1.084798201918601990e-01,1.716283857822418213e-01,2.261179834604263306e-01,1.302342563867568970e-01,1.539239585399627686e-01,1.302342563867568970e-01,2.261179834604263306e-01,1.716283857822418213e-01,1.084798201918601990e-01,-1.611807495355606079e-01,-1.566889584064483643e-01,8.354469388723373413e-02
1.763998717069625854e-01,1.246683299541473389e-01,-1.756206452846527100e-01,-1.961449235677719116e-01,-2.270613424479961395e-02,5.953580513596534729e-02,1.303266137838363647e-01,1.518208980560302734e-01,1.303266137838363647e-01,5.953580513596534729e-02,-2.270613424479961395e-02,-1.961449235677719116e-01,-1.756206452846527100e-01,1.246683299541473389e-01,1.763998717069625854e-01
-6.772937774658203125e-01
2.551878690719604492e-01,-1.295251101255416870e-01,-1.753578186035156250e-01,2.854088693857192993e-02,2.247812002897262573e-01,1.938193589448928833e-01,1.506330519914627075e-01,1.024983301758766174e-01,1.506330519914627075e-01,1.938193589448928833e-01,2.247812002897262573e-01,2.854088693857192993e-02,-1.753578186035156250e-01,-1.295251101255416870e-01,2.551878690719604492e-01
1.041635051369667053e-01,1.690166443586349487e-01,-9.983792901039123535e-02,-2.464102506637573242e-01,-3.662304952740669250e-02,5.298352241516113281e-02,1.679867655038833618e-01,1.411449164152145386e-01,1.679867655038833618e-01,5.298352241516113281e-02,-3.662304952740669250e-02,-2.464102506637573242e-01,-9.983792901039123535e-02,1.690166443586349487e-01,1.041635051369667053e-01
-7.771421670913696289e-01
2.931477129459381104e-01,-6.018090620636940002e-02,-1.828137487173080444e-01,-2.722754329442977905e-02,2.159089595079421997e-01,1.623871028423309326e-01,1.695153266191482544e-01,1.019834652543067932e-01,1.695153266191482544e-01,1.623871028423309326e-01,2.159089595079421997e-01,-2.722754329442977905e-02,-1.828137487173080444e-01,-6.018090620636940002e-02,2.931477129459381104e-01
-7.804611325263977051e-02,2.854984104633331299e-01,-5.832479149103164673e-02,-2.250550240278244019e-01,-1.228249743580818176e-01,8.652465790510177612e-02,1.308019012212753296e-01,1.717416942119598389e-01,1.308019012212753296e-01,8.652465790510177612e-02,-1.228249743580818176e-01,-2.250550240278244019e-01,-5.832479149103164673e-02,2.854984104633331299e-01,-7.804611325263977051e-02
-8.814436793327331543e-01
1.718501597642898560e-01,9.060626477003097534e-02,-2.570725977420806885e-01,-4.500548541545867920e-02,1.993938237428665161e-01,2.350504696369171143e-01,1.432289183139801025e-01,1.243492588400840759e-01,1.432289183139801025e-01,2.350504696369171143e-01,1.993938237428665161e-01,-4.500548541545867920e-02,-2.570725977420806885e-01,9.060626477003097534e-02,1.718501597642898560e-01
-2.616419196128845215e-01,2.723063826560974121e-01,-1.570689491927623749e-02,-1.874349117279052734e-01,-1.650820970535278320e-01,7.772779464721679688e-02,8.871521800756454468e-02,1.749344766139984131e-01,8.871521800756454468e-02,7.772779464721679688e-02,-1.650820970535278320e-01,-1.874349117279052734e-01,-1.570689491927623749e-02,2.723063826560974121e-01,-2.616419196128845215e-01
-9.900165200233459473e-01
9.271337650716304779e-03,2.301390022039413452e-01,-2.836315929889678955e-01,-5.955117195844650269e-02,1.509971916675567627e-01,2.757916450500488281e-01,1.437456756830215454e-01,1.811691522598266602e-01,1.437456756830215454e-01,2.757916450500488281e-01,1.509971916675567627e-01,-5.955117195844650269e-02,-2.836315929889678955e-01,2.301390022039413452e-01,9.271337650716304779e-03
-2.802217304706573486e-01,2.023003846406936646e-01,9.202402830123901367e-02,-2.190933227539062500e-01,-1.814323514699935913e-01,3.266605362296104431e-02,1.112570166587829590e-01,1.561976820230484009e-01,1.112570166587829590e-01,3.266605362296104431e-02,-1.814323514699935913e-01,-2.190933227539062500e-01,9.202402830123901367e-02,2.023003846406936646e-01,-2.802217304706573486e-01
-1.102699279785156250e+00
-1.201901659369468689e-01,2.961778044700622559e-01,-2.337118983268737793e-01,-1.158296614885330200e-01,1.359754055738449097e-01,2.848483026027679443e-01,1.681304872035980225e-01,1.908478438854217529e-01,1.681304872035980225e-01,2.848483026027679443e-01,1.359754055738449097e-01,-1.158296614885330200e-01,-2.337118983268737793e-01,2.961778044700622559e-01,-1.201901659369468689e-01
-2.087904512882232666e-01,5.686821043491363525e-02,2.120697349309921265e-01,-2.341552376747131348e-01,-1.640134751796722412e-01,-6.784338504076004028e-03,1.501586586236953735e-01,1.284219622611999512e-01,1.501586586236953735e-01,-6.784338504076004028e-03,-1.640134751796722412e-01,-2.341552376747131348e-01,2.120697349309921265e-01,5.686821043491363525e-02,-2.087904512882232666e-01
-1.219347834587097168e+00
-1.648846417665481567e-01,2.795312702655792236e-01,-1.295251101255416870e-01,-1.958654224872589111e-01,1.456532031297683716e-01,2.635815143585205078e-01,2.022766321897506714e-01,1.662783473730087280e-01,2.022766321897506714e-01,2.635815143585205078e-01,1.456532031297683716e-01,-1.958654224872589111e-01,-1.295251101255416870e-01,2.795312702655792236e-01,-1.648846417665481567e-01
-1.115539968013763428e-01,-8.289120346307754517e-02,2.954165637493133545e-01,-2.235287427902221680e-01,-1.749627143144607544e-01,-3.868013620376586914e-02,1.789183914661407471e-01,1.289410442113876343e-01,1.789183914661407471e-01,-3.868013620376586914e-02,-1.749627143144607544e-01,-2.235287427902221680e-01,2.954165637493133545e-01,-8.289120346307754517e-02,-1.115539968013763428e-01
-1.339831829071044922e+00
-1.555844098329544067e-01,2.031651437282562256e-01,-1.411763206124305725e-02,-2.799772918224334717e-01,1.516025066375732422e-01,2.472517341375350952e-01,2.493838518857955933e-01,1.498057991266250610e-01,2.493838518857955933e-01,2.472517341375350952e-01,1.516025066375732422e-01,-2.799772918224334717e-01,-1.411763206124305725e-02,2.031651437282562256e-01,-1.555844098329544067e-01
-8.471681736409664154e-03,-1.681623011827468872e-01,3.160490393638610840e-01,-1.766301244497299194e-01,-2.051371932029724121e-01,-3.762518987059593201e-02,1.759969443082809448e-01,1.439246684312820435e-01,1.759969443082809448e-01,-3.762518987059593201e-02,-2.051371932029724121e-01,-1.766301244497299194e-01,3.160490393638610840e-01,-1.681623011827468872e-01,-8.471681736409664154e-03
-1.464033246040344238e+00
-1.179660782217979431e-01,1.040744036436080933e-01,9.151387214660644531e-02,-3.309280276298522949e-01,1.402500122785568237e-01,2.362270057201385498e-01,2.726618945598602295e-01,1.367321908473968506e-01,2.726618945598602295e-01,2.362270057201385498e-01,1.402500122785568237e-01,-3.309280276298522949e-01,9.151387214660644531e-02,1.040744036436080933e-01,-1.179660782217979431e-01
6.354312598705291748e-02,-2.056756764650344849e-01,2.852424681186676025e-01,-1.012270078063011169e-01,-2.550654113292694092e-01,-3.068110719323158264e-02,1.546356678009033203e-01,1.760378479957580566e-01,1.546356678009033203e-01,-3.068110719323158264e-02,-2.550654113292694092e-01,-1.012270078063011169e-01,2.852424681186676025e-01,-2.056756764650344849e-01,6.354312598705291748e-02
-1.591844081878662109e+00
-7.863029092550277710e-02,-3.398733213543891907e-03,1.661446541547775269e-01,-3.407701849937438965e-01,1.128841862082481384e-01,2.435789257287979126e-01,2.789892256259918213e-01,1.402218937873840332e-01,2.789892256259918213e-01,2.435789257287979126e-01,1.128841862082481384e-01,-3.407701849937438965e-01,1.661446541547775269e-01,-3.398733213543891907e-03,-7.863029092550277710e-02
1.217024400830268860e-01,-2.051216214895248413e-01,2.125017493963241577e-01,-1.523012481629848480e-02,-2.983981966972351074e-01,-1.279268786311149597e-02,1.332961469888687134e-01,2.127603143453598022e-01,1.332961469888687134e-01,-1.279268786311149597e-02,-2.983981966972351074e-01,-1.523012481629848480e-02,2.125017493963241577e-01,-2.051216214895248413e-01,1.217024400830268860e-01
-1.723165392875671387e+00
-3.323241695761680603e-02,-5.707697197794914246e-02,2.212565243244171143e-01,-3.274721801280975342e-01,5.753002315759658813e-02,2.604584395885467529e-01,2.710303068161010742e-01,1.584884971380233765e-01,2.710303068161010742e-01,2.604584395885467529e-01,5.753002315759658813e-02,-3.274721801280975342e-01,2.212565243244171143e-01,-5.707697197794914246e-02,-3.323241695761680603e-02
1.206673383712768555e-01,-1.807010173797607422e-01,1.410124450922012329e-01,7.322502136230468750e-02,-3.358626961708068848e-01,-5.272626411169767380e-03,1.161049902439117432e-01,2.429638057947158813e-01,1.161049902439117432e-01,-5.272626411169767380e-03,-3.358626961708068848e-01,7.322502136230468750e-02,1.410124450922012329e-01,-1.807010173797607422e-01,1.206673383712768555e-01
-1.857905864715576172e+00
-2.389875939115881920e-03,-9.719934314489364624e-02,2.429960817098617554e-01,-2.881641983985900879e-01,-4.733244888484477997e-03,2.850328683853149414e-01,2.539756298065185547e-01,1.825209707021713257e-01,2.539756298065185547e-01,2.850328683853149414e-01,-4.733244888484477997e-03,-2.881641983985900879e-01,2.429960817098617554e-01,-9.719934314489364624e-02,-2.389875939115881920e-03
1.078526750206947327e-01,-1.451020389795303345e-01,6.928239762783050537e-02,1.507842093706130981e-01,-3.566220998764038086e-01,-1.284666918218135834e-02,1.052753254771232605e-01,2.618576884269714355e-01,1.052753254771232605e-01,-1.284666918218135834e-02,-3.566220998764038086e-01,1.507842093706130981e-01,6.928239762783050537e-02,-1.451020389795303345e-01,1.078526750206947327e-01
-1.995981097221374512e+00
1.761212386190891266e-02,-1.131432354450225830e-01,2.443730980157852173e-01,-2.374520301818847656e-01,-7.317044585943222046e-02,3.085302114486694336e-01,2.355381995439529419e-01,2.092912048101425171e-01,2.355381995439529419e-01,3.085302114486694336e-01,-7.317044585943222046e-02,-2.374520301818847656e-01,2.443730980157852173e-01,-1.131432354450225830e-01,1.761212386190891266e-02
8.653103560209274292e-02,-1.080114915966987610e-01,4.531528800725936890e-03,2.089571952819824219e-01,-3.600732982158660889e-01,-3.341584280133247375e-02,1.031181812286376953e-01,2.684929966926574707e-01,1.031181812286376953e-01,-3.341584280133247375e-02,-3.600732982158660889e-01,2.089571952819824219e-01,4.531528800725936890e-03,-1.080114915966987610e-01,8.653103560209274292e-02
-2.137312412261962891e+00
2.471377886831760406e-02,-1.167779862880706787e-01,2.292166054248809814e-01,-1.777979880571365356e-01,-1.352955996990203857e-01,3.309230208396911621e-01,2.202465385198593140e-01,2.328914999961853027e-01,2.202465385198593140e-01,3.309230208396911621e-01,-1.352955996990203857e-01,-1.777979880571365356e-01,2.292166054248809814e-01,-1.167779862880706787e-01,2.471377886831760406e-02
6.248778104782104492e-02,-7.106824964284896851e-02,-4.378073289990425110e-02,2.503509521484375000e-01,-3.469535112380981445e-01,-6.400024890899658203e-02,1.084806025028228760e-01,2.644282877445220947e-01,1.084806025028228760e-01,-6.400024890899658203e-02,-3.469535112380981445e-01,2.503509521484375000e-01,-4.378073289990425110e-02,-7.106824964284896851e-02,6.248778104782104492e-02
-2.281826257705688477e+00
2.368538454174995422e-02,-1.049838811159133911e-01,2.076842039823532104e-01,-1.199002414941787720e-01,-1.936261057853698730e-01,3.452308773994445801e-01,2.104004919528961182e-01,2.502014338970184326e-01,2.104004919528961182e-01,3.452308773994445801e-01,-1.936261057853698730e-01,-1.199002414941787720e-01,2.076842039823532104e-01,-1.049838811159133911e-01,2.368538454174995422e-02
3.687167912721633911e-02,-4.500598460435867310e-02,-8.186361193656921387e-02,2.714737951755523682e-01,-3.238178789615631104e-01,-1.045230254530906677e-01,1.200025454163551331e-01,2.548696696758270264e-01,1.200025454163551331e-01,-1.045230254530906677e-01,-3.238178789615631104e-01,2.714737951755523682e-01,-8.186361193656921387e-02,-4.500598460435867310e-02,3.687167912721633911e-02
-2.429454565048217773e+00
1.651398278772830963e-02,-8.071073144674301147e-02,1.847685724496841431e-01,-6.763431429862976074e-02,-2.434944361448287964e-01,3.528605103492736816e-01,2.078113406896591187e-01,2.618299722671508789e-01,2.078113406896591187e-01,3.528605103492736816e-01,-2.434944361448287964e-01,-6.763431429862976074e-02,1.847685724496841431e-01,-8.071073144674301147e-02,1.651398278772830963e-02
1.197512447834014893e-02,-2.628984674811363220e-02,-1.028443872928619385e-01,2.846440076828002930e-01,-2.873744368553161621e-01,-1.458801776170730591e-01,1.377612948417663574e-01,2.427872270345687866e-01,1.377612948417663574e-01,-1.458801776170730591e-01,-2.873744368553161621e-01,2.846440076828002930e-01,-1.028443872928619385e-01,-2.628984674811363220e-02,1.197512447834014893e-02
-2.580132961273193359e+00
1.459982544183731079e-01,-1.729110181331634521e-01,-1.763534992933273315e-01,1.186357885599136353e-01,1.880815923213958740e-01,2.044084221124649048e-01,1.414510309696197510e-01,1.660818308591842651e-01,1.414510309696197510e-01,2.044084221124649048e-01,1.880815923213958740e-01,1.186357885599136353e-01,-1.763534992933273315e-01,-1.729110181331634521e-01,1.459982544183731079e-01
1.520866453647613525e-01,1.405269950628280640e-01,-1.292367875576019287e-01,-2.274257391691207886e-01,-1.849494688212871552e-02,6.418608874082565308e-02,1.619611829519271851e-01,1.420768350362777710e-01,1.619611829519271851e-01,6.418608874082565308e-02,-1.849494688212871552e-02,-2.274257391691207886e-01,-1.292367875576019287e-01,1.405269950628280640e-01,1.520866453647613525e-01
-3.271071612834930420e-01
-1.603339165449142456e-01,-1.585185825824737549e-01,9.781244397163391113e-02,1.213975027203559875e-01,1.512889415025711060e-01,1.637493222951889038e-01,1.639189124107360840e-01,9.267497062683105469e-02,1.639189124107360840e-01,1.637493222951889038e-01,1.512889415025711060e-01,1.213975027203559875e-01,9.781244397163391113e-02,-1.585185825824737549e-01,-1.603339165449142456e-01
-7.900140248239040375e-03,-1.525608003139495850e-01,-1.848417818546295166e-01,-1.046920418739318848e-01,-1.516753621399402618e-02,1.041702255606651306e-01,1.029662415385246277e-01,1.115299835801124573e-01,1.029662415385246277e-01,1.041702255606651306e-01,-1.516753621399402618e-02,-1.046920418739318848e-01,-1.848417818546295166e-01,-1.525608003139495850e-01,-7.900140248239040375e-03
-4.067060351371765137e-01
-1.484029442071914673e-01,-2.144577056169509888e-01,1.445428840816020966e-02,1.502957046031951904e-01,1.613563895225524902e-01,1.954225599765777588e-01,1.470885872840881348e-01,1.164328008890151978e-01,1.470885872840881348e-01,1.954225599765777588e-01,1.613563895225524902e-01,1.502957046031951904e-01,1.445428840816020966e-02,-2.144577056169509888e-01,-1.484029442071914673e-01
1.437002569437026978e-01,-9.339509159326553345e-02,-1.760410517454147339e-01,-1.501415967941284180e-01,3.050538152456283569e-02,7.132907211780548096e-02,1.477873027324676514e-01,1.188771948218345642e-01,1.477873027324676514e-01,7.132907211780548096e-02,3.050538152456283569e-02,-1.501415967941284180e-01,-1.760410517454147339e-01,-9.339509159326553345e-02,1.437002569437026978e-01
-4.918165504932403564e-01
5.459843203425407410e-03,-2.657161951065063477e-01,-5.713659897446632385e-02,1.291434913873672485e-01,1.949228495359420776e-01,1.570543795824050903e-01,1.538818776607513428e-01,1.142650544643402100e-01,1.538818776607513428e-01,1.570543795824050903e-01,1.949228495359420776e-01,1.291434913873672485e-01,-5.713659897446632385e-02,-2.657161951065063477e-01,5.459843203425407410e-03
1.343850791454315186e-01,3.330139443278312683e-02,-2.175449877977371216e-01,-1.191992461681365967e-01,-1.244525704532861710e-02,8.636187762022018433e-02,9.877459704875946045e-02,1.662363559007644653e-01,9.877459704875946045e-02,8.636187762022018433e-02,-1.244525704532861710e-02,-1.191992461681365967e-01,-2.175449877977371216e-01,3.330139443278312683e-02,1.343850791454315186e-01
-5.821056365966796875e-01
8.806640654802322388e-02,-1.749993413686752319e-01,-1.618919074535369873e-01,1.238559260964393616e-01,1.648395359516143799e-01,2.092574089765548706e-01,1.330273300409317017e-01,1.692480295896530151e-01,1.330273300409317017e-01,2.092574089765548706e-01,1.648395359516143799e-01,1.238559260964393616e-01,-1.618919074535369873e-01,-1.749993413686752319e-01,8.806640654802322388e-02
1.531516164541244507e-01,1.239962577819824219e-01,-1.629368960857391357e-01,-1.975713670253753662e-01,-3.264790028333663940e-02,5.681975558400154114e-02,1.247408539056777954e-01,1.441448032855987549e-01,1.247408539056777954e-01,5.681975558400154114e-02,-3.264790028333663940e-02,-1.975713670253753662e-01,-1.629368960857391357e-01,1.239962577819824219e-01,1.531516164541244507e-01
-6.772937774658203125e-01
2.462837845087051392e-01,-1.369708031415939331e-01,-1.681791692972183228e-01,3.577249124646186829e-02,2.155601531267166138e-01,1.861143112182617188e-01,1.568472236394882202e-01,1.145963072776794434e-01,1.568472236394882202e-01,1.861143112182617188e-01,2.155601531267166138e-01,3.577249124646186829e-02,-1.681791692972183228e-01,-1.369708031415939331e-01,2.462837845087051392e-01
1.017837822437286377e-01,1.814497262239456177e-01,-8.582165837287902832e-02,-2.452744543552398682e-01,-3.584049642086029053e-02,6.320293992757797241e-02,1.689868122339248657e-01,1.370643228292465210e-01,1.689868122339248657e-01,6.320293992757797241e-02,-3.584049642086029053e-02,-2.452744543552398682e-01,-8.582165837287902832e-02,1.814497262239456177e-01,1.017837822437286377e-01
-7.771421670913696289e-01
2.852072417736053467e-01,-6.541144102811813354e-02,-1.843879222869873047e-01,-2.785552293062210083e-02,2.158781886100769043e-01,1.624961644411087036e-01,1.641710400581359863e-01,9.569767862558364868e-02,1.641710400581359863e-01,1.624961644411087036e-01,2.158781886100769043e-01,-2.785552293062210083e-02,-1.843879222869873047e-01,-6.541144102811813354e-02,2.852072417736053467e-01
-9.070812910795211792e-02,2.828688323497772217e-01,-5.560620129108428955e-02,-2.235659807920455933e-01,-1.178151518106460571e-01,9.557547420263290405e-02,1.288078278303146362e-01,1.665487587451934814e-01,1.288078278303146362e-01,9.557547420263290405e-02,-1.178151518106460571e-01,-2.235659807920455933e-01,-5.560620129108428955e-02,2.828688323497772217e-01,-9.070812910795211792e-02
-8.814436793327331543e-01
1.742409467697143555e-01,9.185797721147537231e-02,-2.482985556125640869e-01,-4.290696233510971069e-02,1.827244311571121216e-01,2.222768813371658325e-01,1.520279347896575928e-01,1.418394744396209717e-01,1.520279347896575928e-01,2.222768813371658325e-01,1.827244311571121216e-01,-4.290696233510971069e-02,-2.482985556125640869e-01,9.185797721147537231e-02,1.742409467697143555e-01
-2.484722882509231567e-01,2.996823489665985107e-01,-1.255821343511343002e-02,-2.063701152801513672e-01,-1.737931668758392334e-01,8.682185411453247070e-02,9.555561840534210205e-02,1.762803047895431519e-01,9.555561840534210205e-02,8.682185411453247070e-02,-1.737931668758392334e-01,-2.063701152801513672e-01,-1.255821343511343002e-02,2.996823489665985107e-01,-2.484722882509231567e-01
-9.900165200233459473e-01
1.131187193095684052e-02,2.289624363183975220e-01,-2.873903512954711914e-01,-6.188347563147544861e-02,1.520673781633377075e-01,2.758610546588897705e-01,1.398714929819107056e-01,1.758665740489959717e-01,1.398714929819107056e-01,2.758610546588897705e-01,1.520673781633377075e-01,-6.188347563147544861e-02,-2.873903512954711914e-01,2.289624363183975220e-01,1.131187193095684052e-02
-2.862060070037841797e-01,2.082287818193435669e-01,9.939223527908325195e-02,-2.169705927371978760e-01,-1.830310225486755371e-01,2.744820341467857361e-02,1.061654388904571533e-01,1.520729064941406250e-01,1.061654388904571533e-01,2.744820341467857361e-02,-1.830310225486755371e-01,-2.169705927371978760e-01,9.939223527908325195e-02,2.082287818193435669e-01,-2.862060070037841797e-01
-1.102699279785156250e+00
-1.315863430500030518e-01,3.007805943489074707e-01,-2.281431406736373901e-01,-1.167057231068611145e-01,1.358295977115631104e-01,2.873917818069458008e-01,1.673424839973449707e-01,1.873995959758758545e-01,1.673424839973449707e-01,2.873917818069458008e-01,1.358295977115631104e-01,-1.167057231068611145e-01,-2.281431406736373901e-01,3.007805943489074707e-01,-1.315863430500030518e-01
-2.183287143707275391e-01,5.445878207683563232e-02,2.134893536567687988e-01,-2.344873696565628052e-01,-1.660025566816329956e-01,-8.489330299198627472e-03,1.498542428016662598e-01,1.283460408449172974e-01,1.498542428016662598e-01,-8.489330299198627472e-03,-1.660025566816329956e-01,-2.344873696565628052e-01,2.134893536567687988e-01,5.445878207683563232e-02,-2.183287143707275391e-01
-1.219347834587097168e+00
-1.718667894601821899e-01,2.745490670204162598e-01,-1.361892819404602051e-01,-2.007482349872589111e-01,1.500919461250305176e-01,2.730942666530609131e-01,2.102959603071212769e-01,1.716138571500778198e-01,2.102959603071212769e-01,2.730942666530609131e-01,1.500919461250305176e-01,-2.007482349872589111e-01,-1.361892819404602051e-01,2.745490670204162598e-01,-1.718667894601821899e-01
-1.112881228327751160e-01,-8.006948232650756836e-02,2.967193424701690674e-01,-2.185483127832412720e-01,-1.702012568712234497e-01,-3.828572109341621399e-02,1.729423701763153076e-01,1.237402334809303284e-01,1.729423701763153076e-01,-3.828572109341621399e-02,-1.702012568712234497e-01,-2.185483127832412720e-01,2.967193424701690674e-01,-8.006948232650756836e-02,-1.112881228327751160e-01
-1.339831829071044922e+00
-1.624942421913146973e-01,1.928542107343673706e-01,-1.838736608624458313e-02,-2.788927853107452393e-01,1.567406058311462402e-01,2.519899010658264160e-01,2.543579339981079102e-01,1.537977159023284912e-01,2.543579339981079102e-01,2.519899010658264160e-01,1.567406058311462402e-01,-2.788927853107452393e-01,-1.838736608624458313e-02,1.928542107343673706e-01,-1.624942421913146973e-01
3.094724146649241447e-03,-1.649552583694458008e-01,3.120118975639343262e-01,-1.786250174045562744e-01,-2.049868106842041016e-01,-3.858787566423416138e-02,1.754902601242065430e-01,1.442132443189620972e-01,1.754902601242065430e-01,-3.858787566423416138e-02,-2.049868106842041016e-01,-1.786250174045562744e-01,3.120118975639343262e-01,-1.649552583694458008e-01,3.094724146649241447e-03
-1.464033246040344238e+00
-1.220194697380065918e-01,9.995134919881820679e-02,9.037268161773681641e-02,-3.306202292442321777e-01,1.416217535734176636e-01,2.383120059967041016e-01,2.768999636173248291e-01,1.410710364580154419e-01,2.768999636173248291e-01,2.383120059967041016e-01,1.416217535734176636e-01,-3.306202292442321777e-01,9.037268161773681641e-02,9.995134919881820679e-02,-1.220194697380065918e-01
7.061927020549774170e-02,-2.035154700279235840e-01,2.821380198001861572e-01,-1.042232513427734375e-01,-2.566196024417877197e-01,-3.105506487190723419e-02,1.586074233055114746e-01,1.797626167535781860e-01,1.586074233055114746e-01,-3.105506487190723419e-02,-2.566196024417877197e-01,-1.042232513427734375e-01,2.821380198001861572e-01,-2.035154700279235840e-01,7.061927020549774170e-02
-1.591844081878662109e+00
-7.772313803434371948e-02,7.973236031830310822e-03,1.709029078483581543e-01,-3.451497256755828857e-01,1.078819632530212402e-01,2.434293478727340698e-01,2.826269268989562988e-01,1.442688554525375366e-01,2.826269268989562988e-01,2.434293478727340698e-01,1.078819632530212402e-01,-3.451497256755828857e-01,1.709029078483581543e-01,7.973236031830310822e-03,-7.772313803434371948e-02
1.181501001119613647e-01,-2.038731873035430908e-01,2.150805592536926270e-01,-1.481419242918491364e-02,-2.996639907360076904e-01,-1.165174506604671478e-02,1.401716768741607666e-01,2.180067449808120728e-01,1.401716768741607666e-01,-1.165174506604671478e-02,-2.996639907360076904e-01,-1.481419242918491364e-02,2.150805592536926270e-01,-2.038731873035430908e-01,1.181501001119613647e-01
-1.723165392875671387e+00
-2.925228886306285858e-02,-3.747025504708290100e-02,2.278481870889663696e-01,-3.334879577159881592e-01,5.277415737509727478e-02,2.598397135734558105e-01,2.719447910785675049e-01,1.595054417848587036e-01,2.719447910785675049e-01,2.598397135734558105e-01,5.277415737509727478e-02,-3.334879577159881592e-01,2.278481870889663696e-01,-3.747025504708290100e-02,-2.925228886306285858e-02
9.859632700681686401e-02,-1.811910867691040039e-01,1.551341116428375244e-01,8.127977699041366577e-02,-3.410707414150238037e-01,-1.478570606559514999e-02,1.113127619028091431e-01,2.421235442161560059e-01,1.113127619028091431e-01,-1.478570606559514999e-02,-3.410707414150238037e-01,8.127977699041366577e-02,1.551341116428375244e-01,-1.811910867691040039e-01,9.859632700681686401e-02
-1.857905864715576172e+00
-1.009564660489559174e-02,-1.208589747548103333e-01,2.311622947454452515e-01,-2.856742739677429199e-01,-5.129569908604025841e-04,2.875520288944244385e-01,2.573779821395874023e-01,1.858936697244644165e-01,2.573779821395874023e-01,2.875520288944244385e-01,-5.129569908604025841e-04,-2.856742739677429199e-01,2.311622947454452515e-01,-1.208589747548103333e-01,-1.009564660489559174e-02
1.393160670995712280e-01,-1.388059407472610474e-01,5.379338189959526062e-02,1.372844874858856201e-01,-3.577816188335418701e-01,-1.085325330495834351e-02,1.062877774238586426e-01,2.619333267211914062e-01,1.062877774238586426e-01,-1.085325330495834351e-02,-3.577816188335418701e-01,1.372844874858856201e-01,5.379338189959526062e-02,-1.388059407472610474e-01,1.393160670995712280e-01
-1.995981097221374512e+00
1.717503182590007782e-02,-1.131422743201255798e-01,2.430042922496795654e-01,-2.386021316051483154e-01,-7.158394157886505127e-02,3.109560906887054443e-01,2.382441461086273193e-01,2.115317434072494507e-01,2.382441461086273193e-01,3.109560906887054443e-01,-7.158394157886505127e-02,-2.386021316051483154e-01,2.430042922496795654e-01,-1.131422743201255798e-01,1.717503182590007782e-02
8.879650384187698364e-02,-1.066723465919494629e-01,5.822660867124795914e-03,2.093242406845092773e-01,-3.617289066314697266e-01,-3.526810929179191589e-02,1.042080074548721313e-01,2.705186009407043457e-01,1.042080074548721313e-01,-3.526810929179191589e-02,-3.617289066314697266e-01,2.093242406845092773e-01,5.822660867124795914e-03,-1.066723465919494629e-01,8.879650384187698364e-02
-2.137312412261962891e+00
2.897726744413375854e-02,-1.085775271058082581e-01,2.317298650741577148e-01,-1.828399300575256348e-01,-1.419305354356765747e-01,3.284574151039123535e-01,2.218853831291198730e-01,2.353755384683609009e-01,2.218853831291198730e-01,3.284574151039123535e-01,-1.419305354356765747e-01,-1.828399300575256348e-01,2.317298650741577148e-01,-1.085775271058082581e-01,2.897726744413375854e-02
6.482862681150436401e-02,-7.478393614292144775e-02,-4.804958030581474304e-02,2.489546388387680054e-01,-3.469694256782531738e-01,-6.360759586095809937e-02,1.119524016976356506e-01,2.676984965801239014e-01,1.119524016976356506e-01,-6.360759586095809937e-02,-3.469694256782531738e-01,2.489546388387680054e-01,-4.804958030581474304e-02,-7.478393614292144775e-02,6.482862681150436401e-02
-2.281826257705688477e+00
2.759034931659698486e-02,-1.031000018119812012e-01,2.075097113847732544e-01,-1.215123459696769714e-01,-1.957614421844482422e-01,3.443180024623870850e-01,2.120317667722702026e-01,2.525537908077239990e-01,2.120317667722702026e-01,3.443180024623870850e-01,-1.957614421844482422e-01,-1.215123459696769714e-01,2.075097113847732544e-01,-1.031000018119812012e-01,2.759034931659698486e-02
4.123521223664283752e-02,-4.464072734117507935e-02,-8.206038922071456909e-02,2.730120718479156494e-01,-3.227304220199584961e-01,-1.034372374415397644e-01,1.236566901206970215e-01,2.580164074897766113e-01,1.236566901206970215e-01,-1.034372374415397644e-01,-3.227304220199584961e-01,2.730120718479156494e-01,-8.206038922071456909e-02,-4.464072734117507935e-02,4.123521223664283752e-02
-2.429454565048217773e+00
2.198804169893264771e-02,-1.002769097685813904e-01,1.740928888320922852e-01,-6.177514418959617615e-02,-2.370669543743133545e-01,3.533042371273040771e-01,2.096890062093734741e-01,2.651217877864837646e-01,2.096890062093734741e-01,3.533042371273040771e-01,-2.370669543743133545e-01,-6.177514418959617615e-02,1.740928888320922852e-01,-1.002769097685813904e-01,2.198804169893264771e-02
3.139328584074974060e-02,-1.798857748508453369e-02,-1.073360964655876160e-01,2.797203361988067627e-01,-2.890703082084655762e-01,-1.475283056497573853e-01,1.385248303413391113e-01,2.452230155467987061e-01,1.385248303413391113e-01,-1.475283056497573853e-01,-2.890703082084655762e-01,2.797203361988067627e-01,-1.073360964655876160e-01,-1.798857748508453369e-02,3.139328584074974060e-02
-2.580132961273193359e+00
1.364382058382034302e-01,-1.626648604869842529e-01,-1.698796451091766357e-01,1.044191122055053711e-01,1.836508959531784058e-01,2.109823077917098999e-01,1.359707117080688477e-01,1.519367843866348267e-01,1.359707117080688477e-01,2.109823077917098999e-01,1.836508959531784058e-01,1.044191122055053711e-01,-1.698796451091766357e-01,-1.626648604869842529e-01,1.364382058382034302e-01
1.680185645818710327e-01,1.437244117259979248e-01,-1.353889107704162598e-01,-2.280470281839370728e-01,-1.659621112048625946e-02,6.236454471945762634e-02,1.588913053274154663e-01,1.409363597631454468e-01,1.588913053274154663e-01,6.236454471945762634e-02,-1.659621112048625946e-02,-2.280470281839370728e-01,-1.353889107704162598e-01,1.437244117259979248e-01,1.680185645818710327e-01
-3.271071612834930420e-01
-9.031451493501663208e-02,-1.419721394777297974e-01,6.717408448457717896e-02,1.097509786486625671e-01,1.578442305326461792e-01,1.634501367807388306e-01,1.655172407627105713e-01,9.827218204736709595e-02,1.655172407627105713e-01,1.634501367807388306e-01,1.578442305326461792e-01,1.097509786486625671e-01,6.717408448457717896e-02,-1.419721394777297974e-01,-9.031451493501663208e-02
-1.051171030849218369e-02,-2.349453270435333252e-01,-2.028048932552337646e-01,-4.078055173158645630e-02,-1.449940726161003113e-02,4.785220324993133545e-02,9.029416739940643311e-02,1.455032676458358765e-01,9.029416739940643311e-02,4.785220324993133545e-02,-1.449940726161003113e-02,-4.078055173158645630e-02,-2.028048932552337646e-01,-2.349453270435333252e-01,-1.051171030849218369e-02
-4.067060351371765137e-01
-1.468958109617233276e-01,-2.238359898328781128e-01,1.117798313498497009e-02,1.598688364028930664e-01,1.584596186876296997e-01,1.818448007106781006e-01,1.427493244409561157e-01,1.216606497764587402e-01,1.427493244409561157e-01,1.818448007106781006e-01,1.584596186876296997e-01,1.598688364028930664e-01,1.117798313498497009e-02,-2.238359898328781128e-01,-1.468958109617233276e-01
1.378371417522430420e-01,-1.046439781785011292e-01,-1.615604907274246216e-01,-1.345134079456329346e-01,1.855558902025222778e-02,5.589568614959716797e-02,1.510064452886581421e-01,1.312458664178848267e-01,1.510064452886581421e-01,5.589568614959716797e-02,1.855558902025222778e-02,-1.345134079456329346e-01,-1.615604907274246216e-01,-1.046439781785011292e-01,1.378371417522430420e-01
-4.918165504932403564e-01
8.857787586748600006e-03,-2.489957958459854126e-01,-4.880128055810928345e-02,1.247388720512390137e-01,1.931819617748260498e-01,1.582518815994262695e-01,1.442065387964248657e-01,1.008427441120147705e-01,1.442065387964248657e-01,1.582518815994262695e-01,1.931819617748260498e-01,1.247388720512390137e-01,-4.880128055810928345e-02,-2.489957958459854126e-01,8.857787586748600006e-03
1.464966386556625366e-01,4.668904468417167664e-02,-2.267891466617584229e-01,-1.372648477554321289e-01,-1.437537465244531631e-02,9.688539803028106689e-02,9.871380031108856201e-02,1.581792235374450684e-01,9.871380031108856201e-02,9.688539803028106689e-02,-1.437537465244531631e-02,-1.372648477554321289e-01,-2.267891466617584229e-01,4.668904468417167664e-02,1.464966386556625366e-01
-5.821056365966796875e-01
9.330831468105316162e-02,-1.827393770217895508e-01,-1.680620759725570679e-01,1.354044973850250244e-01,1.738660782575607300e-01,2.103209644556045532e-01,1.348896026611328125e-01,1.727466136217117310e-01,1.348896026611328125e-01,2.103209644556045532e-01,1.738660782575607300e-01,1.354044973850250244e-01,-1.680620759725570679e-01,-1.827393770217895508e-01,9.330831468105316162e-02
1.516495198011398315e-01,1.250078678131103516e-01,-1.622791141271591187e-01,-1.973226070404052734e-01,-2.704257704317569733e-02,6.713025271892547607e-02,1.345220655202865601e-01,1.507295519113540649e-01,1.345220655202865601e-01,6.713025271892547607e-02,-2.704257704317569733e-02,-1.973226070404052734e-01,-1.622791141271591187e-01,1.250078678131103516e-01,1.516495198011398315e-01
-6.772937774658203125e-01
2.313472926616668701e-01,-1.547206938266754150e-01,-1.655497103929519653e-01,4.421566799283027649e-02,2.079975754022598267e-01,1.790650784969329834e-01,1.669088006019592285e-01,1.308831423521041870e-01,1.669088006019592285e-01,1.790650784969329834e-01,2.079975754022598267e-01,4.421566799283027649e-02,-1.655497103929519653e-01,-1.547206938266754150e-01,2.313472926616668701e-01
1.022623106837272644e-01,1.890096366405487061e-01,-7.905267179012298584e-02,-2.367287725210189819e-01,-2.489310130476951599e-02,6.410971283912658691e-02,1.513690948486328125e-01,1.187184825539588928e-01,1.513690948486328125e-01,6.410971283912658691e-02,-2.489310130476951599e-02,-2.367287725210189819e-01,-7.905267179012298584e-02,1.890096366405487061e-01,1.022623106837272644e-01
-7.771421670913696289e-01
2.978055477142333984e-01,-6.267008185386657715e-02,-1.972135752439498901e-01,-3.402413800358772278e-02,2.358910292387008667e-01,1.808190196752548218e-01,1.656433790922164917e-01,8.757372945547103882e-02,1.656433790922164917e-01,1.808190196752548218e-01,2.358910292387008667e-01,-3.402413800358772278e-02,-1.972135752439498901e-01,-6.267008185386657715e-02,2.978055477142333984e-01
-8.287179470062255859e-02,2.711668312549591064e-01,-6.577919423580169678e-02,-2.169703245162963867e-01,-1.144475415349006653e-01,7.892289757728576660e-02,1.253612786531448364e-01,1.710690110921859741e-01,1.253612786531448364e-01,7.892289757728576660e-02,-1.144475415349006653e-01,-2.169703245162963867e-01,-6.577919423580169678e-02,2.711668312549591064e-01,-8.287179470062255859e-02
-8.814436793327331543e-01
1.866397410631179810e-01,9.164191037416458130e-02,-2.561534941196441650e-01,-5.015546083450317383e-02,1.802982687950134277e-01,2.170488387346267700e-01,1.401989609003067017e-01,1.291398257017135620e-01,1.401989609003067017e-01,2.170488387346267700e-01,1.802982687950134277e-01,-5.015546083450317383e-02,-2.561534941196441650e-01,9.164191037416458130e-02,1.866397410631179810e-01
-2.505502402782440186e-01,2.972964048385620117e-01,-1.373349595814943314e-02,-2.052975594997406006e-01,-1.789143681526184082e-01,7.370954006910324097e-02,9.703866392374038696e-02,1.821295469999313354e-01,9.703866392374038696e-02,7.370954006910324097e-02,-1.789143681526184082e-01,-2.052975594997406006e-01,-1.373349595814943314e-02,2.972964048385620117e-01,-2.505502402782440186e-01
-9.900165200233459473e-01
-1.308976393193006516e-02,2.358926683664321899e-01,-2.681641876697540283e-01,-5.858216434717178345e-02,1.419397443532943726e-01,2.725548446178436279e-01,1.488252729177474976e-01,1.883639842271804810e-01,1.488252729177474976e-01,2.725548446178436279e-01,1.419397443532943726e-01,-5.858216434717178345e-02,-2.681641876697540283e-01,2.358926683664321899e-01,-1.308976393193006516e-02
-2.652585804462432861e-01,1.996551305055618286e-01,8.177975565195083618e-02,-2.253915220499038696e-01,-1.778715103864669800e-01,5.087316781282424927e-02,1.286286711692810059e-01,1.673301160335540771e-01,1.286286711692810059e-01,5.087316781282424927e-02,-1.778715103864669800e-01,-2.253915220499038696e-01,8.177975565195083618e-02,1.996551305055618286e-01,-2.652585804462432861e-01
-1.102699279785156250e+00
-1.197378709912300110e-01,2.856006026268005371e-01,-2.478703260421752930e-01,-1.138143390417098999e-01,1.531986445188522339e-01,2.928480207920074463e-01,1.623642593622207642e-01,1.810122579336166382e-01,1.623642593622207642e-01,2.928480207920074463e-01,1.531986445188522339e-01,-1.138143390417098999e-01,-2.478703260421752930e-01,2.856006026268005371e-01,-1.197378709912300110e-01
-2.193523496389389038e-01,5.368686094880104065e-02,2.232317775487899780e-01,-2.163219749927520752e-01,-1.581981927156448364e-01,-1.976577565073966980e-02,1.398350894451141357e-01,1.249069944024085999e-01,1.398350894451141357e-01,-1.976577565073966980e-02,-1.581981927156448364e-01,-2.163219749927520752e-01,2.232317775487899780e-01,5.368686094880104065e-02,-2.193523496389389038e-01
-1.219347834587097168e+00
-1.599548012018203735e-01,2.794114947319030762e-01,-1.395649015903472900e-01,-2.020637691020965576e-01,1.474982351064682007e-01,2.678882777690887451e-01,2.070975601673126221e-01,1.710100620985031128e-01,2.070975601673126221e-01,2.678882777690887451e-01,1.474982351064682007e-01,-2.020637691020965576e-01,-1.395649015903472900e-01,2.794114947319030762e-01,-1.599548012018203735e-01
-1.085955724120140076e-01,-7.625820487737655640e-02,2.970721721649169922e-01,-2.196924239397048950e-01,-1.696983128786087036e-01,-3.914330899715423584e-02,1.711232513189315796e-01,1.229734122753143311e-01,1.711232513189315796e-01,-3.914330899715423584e-02,-1.696983128786087036e-01,-2.196924239397048950e-01,2.970721721649169922e-01,-7.625820487737655640e-02,-1.085955724120140076e-01
-1.339831829071044922e+00
-1.503531485795974731e-01,2.050528079271316528e-01,-1.829481869935989380e-02,-2.825644612312316895e-01,1.501885354518890381e-01,2.449263781309127808e-01,2.496768683195114136e-01,1.520366519689559937e-01,2.496768683195114136e-01,2.449263781309127808e-01,1.501885354518890381e-01,-2.825644612312316895e-01,-1.829481869935989380e-02,2.050528079271316528e-01,-1.503531485795974731e-01
-3.025434212759137154e-03,-1.651694178581237793e-01,3.106010258197784424e-01,-1.811785846948623657e-01,-2.056363373994827271e-01,-3.949633240699768066e-02,1.737464815378189087e-01,1.430951505899429321e-01,1.737464815378189087e-01,-3.949633240699768066e-02,-2.056363373994827271e-01,-1.811785846948623657e-01,3.106010258197784424e-01,-1.651694178581237793e-01,-3.025434212759137154e-03
-1.464033246040344238e+00
-1.189794987440109253e-01,1.031250953674316406e-01,9.104693681001663208e-02,-3.313308060169219971e-01,1.401343941688537598e-01,2.362240552902221680e-01,2.752530276775360107e-01,1.403022408485412598e-01,2.752530276775360107e-01,2.362240552902221680e-01,1.401343941688537598e-01,-3.313308060169219971e-01,9.104693681001663208e-02,1.031250953674316406e-01,-1.189794987440109253e-01
7.240075618028640747e-02,-2.040865421295166016e-01,2.803129851818084717e-01,-1.055220738053321838e-01,-2.551858127117156982e-01,-2.777237817645072937e-02,1.609136313199996948e-01,1.806700825691223145e-01,1.609136313199996948e-01,-2.777237817645072937e-02,-2.551858127117156982e-01,-1.055220738053321838e-01,2.803129851818084717e-01,-2.040865421295166016e-01,7.240075618028640747e-02
-1.591844081878662109e+00
-7.458305358886718750e-02,1.036701258271932602e-02,1.706629544496536255e-01,-3.448452353477478027e-01,1.077830642461776733e-01,2.406238019466400146e-01,2.792312800884246826e-01,1.420767903327941895e-01,2.792312800884246826e-01,2.406238019466400146e-01,1.077830642461776733e-01,-3.448452353477478027e-01,1.706629544496536255e-01,1.036701258271932602e-02,-7.458305358886718750e-02
1.128394603729248047e-01,-2.064966112375259399e-01,2.150494754314422607e-01,-1.581684313714504242e-02,-3.018648624420166016e-01,-1.463671494275331497e-02,1.372688859701156616e-01,2.166902422904968262e-01,1.372688859701156616e-01,-1.463671494275331497e-02,-3.018648624420166016e-01,-1.581684313714504242e-02,2.150494754314422607e-01,-2.064966112375259399e-01,1.128394603729248047e-01
-1.723165392875671387e+00
-3.193620219826698303e-02,-5.427616462111473083e-02,2.210495769977569580e-01,-3.284460008144378662e-01,5.649639293551445007e-02,2.582534551620483398e-01,2.699920833110809326e-01,1.585602760314941406e-01,2.699920833110809326e-01,2.582534551620483398e-01,5.649639293551445007e-02,-3.284460008144378662e-01,2.210495769977569580e-01,-5.427616462111473083e-02,-3.193620219826698303e-02
1.180209368467330933e-01,-1.832129806280136108e-01,1.413944959640502930e-01,7.311940193176269531e-02,-3.388620316982269287e-01,-9.082477539777755737e-03,1.172512024641036987e-01,2.456492036581039429e-01,1.172512024641036987e-01,-9.082477539777755737e-03,-3.388620316982269287e-01,7.311940193176269531e-02,1.413944959640502930e-01,-1.832129806280136108e-01,1.180209368467330933e-01
-1.857905864715576172e+00
-4.910113289952278137e-03,-1.151786521077156067e-01,2.348413169384002686e-01,-2.845669984817504883e-01,-1.266870414838194847e-03,2.840652763843536377e-01,2.546885907649993896e-01,1.846818923950195312e-01,2.546885907649993896e-01,2.840652763843536377e-01,-1.266870414838194847e-03,-2.845669984817504883e-01,2.348413169384002686e-01,-1.151786521077156067e-01,-4.910113289952278137e-03
1.336752474308013916e-01,-1.427808254957199097e-01,5.422908440232276917e-02,1.392936557531356812e-01,-3.560365438461303711e-01,-9.238217957317829132e-03,1.070897430181503296e-01,2.620813548564910889e-01,1.070897430181503296e-01,-9.238217957317829132e-03,-3.560365438461303711e-01,1.392936557531356812e-01,5.422908440232276917e-02,-1.427808254957199097e-01,1.336752474308013916e-01
-1.995981097221374512e+00
1.864990405738353729e-02,-9.819106757640838623e-02,2.471385300159454346e-01,-2.416442483663558960e-01,-7.252301275730133057e-02,3.115067780017852783e-01,2.376410067081451416e-01,2.109686434268951416e-01,2.376410067081451416e-01,3.115067780017852783e-01,-7.252301275730133057e-02,-2.416442483663558960e-01,2.471385300159454346e-01,-9.819106757640838623e-02,1.864990405738353729e-02
6.790806353092193604e-02,-1.103167980909347534e-01,1.729704439640045166e-02,2.173600494861602783e-01,-3.621452450752258301e-01,-3.867483884096145630e-02,9.693398326635360718e-02,2.649444937705993652e-01,9.693398326635360718e-02,-3.867483884096145630e-02,-3.621452450752258301e-01,2.173600494861602783e-01,1.729704439640045166e-02,-1.103167980909347534e-01,6.790806353092193604e-02
-2.137312412261962891e+00
2.860349044203758240e-02,-1.042547747492790222e-01,2.337547838687896729e-01,-1.819079369306564331e-01,-1.405045837163925171e-01,3.289104700088500977e-01,2.218549996614456177e-01,2.356034815311431885e-01,2.218549996614456177e-01,3.289104700088500977e-01,-1.405045837163925171e-01,-1.819079369306564331e-01,2.337547838687896729e-01,-1.042547747492790222e-01,2.860349044203758240e-02
5.676588043570518494e-02,-7.600157707929611206e-02,-4.240803420543670654e-02,2.535657584667205811e-01,-3.461066484451293945e-01,-6.319227069616317749e-02,1.100933104753494263e-01,2.654783129692077637e-01,1.100933104753494263e-01,-6.319227069616317749e-02,-3.461066484451293945e-01,2.535657584667205811e-01,-4.240803420543670654e-02,-7.600157707929611206e-02,5.676588043570518494e-02
-2.281826257705688477e+00
2.776422165334224701e-02,-1.105487197637557983e-01,2.013476043939590454e-01,-1.190612390637397766e-01,-1.892519742250442505e-01,3.476716578006744385e-01,2.135297805070877075e-01,2.538614273071289062e-01,2.135297805070877075e-01,3.476716578006744385e-01,-1.892519742250442505e-01,-1.190612390637397766e-01,2.013476043939590454e-01,-1.105487197637557983e-01,2.776422165334224701e-02
4.482554644346237183e-02,-4.333096370100975037e-02,-8.213434368371963501e-02,2.720761597156524658e-01,-3.219559788703918457e-01,-1.017051041126251221e-01,1.219621673226356506e-01,2.552418410778045654e-01,1.219621673226356506e-01,-1.017051041126251221e-01,-3.219559788703918457e-01,2.720761597156524658e-01,-8.213434368371963501e-02,-4.333096370100975037e-02,4.482554644346237183e-02
-2.429454565048217773e+00
2.800990827381610870e-02,-1.235387474298477173e-01,1.598310321569442749e-01,-5.479716882109642029e-02,-2.286035269498825073e-01,3.528004884719848633e-01,2.078999131917953491e-01,2.644547820091247559e-01,2.078999131917953491e-01,3.528004884719848633e-01,-2.286035269498825073e-01,-5.479716882109642029e-02,1.598310321569442749e-01,-1.235387474298477173e-01,2.800990827381610870e-02
5.755680799484252930e-02,-8.841083385050296783e-03,-1.169280186295509338e-01,2.698849439620971680e-01,-2.880440652370452881e-01,-1.415940076112747192e-01,1.412415355443954468e-01,2.444250434637069702e-01,1.412415355443954468e-01,-1.415940076112747192e-01,-2.880440652370452881e-01,2.698849439620971680e-01,-1.169280186295509338e-01,-8.841083385050296783e-03,5.755680799484252930e-02
-2.580132961273193359e+00
1.432598829269409180e-01,-1.623031198978424072e-01,-1.573636382818222046e-01,1.215838119387626648e-01,1.653849929571151733e-01,1.816132068634033203e-01,1.353641003370285034e-01,1.687709838151931763e-01,1.353641003370285034e-01,1.816132068634033203e-01,1.653849929571151733e-01,1.215838119387626648e-01,-1.573636382818222046e-01,-1.623031198978424072e-01,1.432598829269409180e-01
1.534222215414047241e-01,1.496622115373611450e-01,-1.209945678710937500e-01,-2.308716177940368652e-01,-2.547907643020153046e-02,6.867059320211410522e-02,1.775308251380920410e-01,1.563515812158584595e-01,1.775308251380920410e-01,6.867059320211410522e-02,-2.547907643020153046e-02,-2.308716177940368652e-01,-1.209945678710937500e-01,1.496622115373611450e-01,1.534222215414047241e-01
-3.271071612834930420e-01
-8.227229863405227661e-02,-1.473489552736282349e-01,2.657506242394447327e-02,8.940334618091583252e-02,1.787927299737930298e-01,1.810879111289978027e-01,1.570829749107360840e-01,8.007928729057312012e-02,1.570829749107360840e-01,1.810879111289978027e-01,1.787927299737930298e-01,8.940334618091583252e-02,2.657506242394447327e-02,-1.473489552736282349e-01,-8.227229863405227661e-02
4.063981771469116211e-02,-2.016759067773818970e-01,-2.210386246442794800e-01,-5.702890083193778992e-02,1.433653058484196663e-03,5.615065991878509521e-02,8.658172190189361572e-02,1.507745534181594849e-01,8.658172190189361572e-02,5.615065991878509521e-02,1.433653058484196663e-03,-5.702890083193778992e-02,-2.210386246442794800e-01,-2.016759067773818970e-01,4.063981771469116211e-02
-4.067060351371765137e-01
-1.562977284193038940e-01,-2.203909903764724731e-01,2.218415215611457825e-02,1.612443774938583374e-01,1.535456329584121704e-01,1.783252954483032227e-01,1.420747041702270508e-01,1.212662830948829651e-01,1.420747041702270508e-01,1.783252954483032227e-01,1.535456329584121704e-01,1.612443774938583374e-01,2.218415215611457825e-02,-2.203909903764724731e-01,-1.562977284193038940e-01
1.328668594360351562e-01,-9.611062705516815186e-02,-1.667634993791580200e-01,-1.505918353796005249e-01,1.863432861864566803e-02,6.695078313350677490e-02,1.499872505664825439e-01,1.199279129505157471e-01,1.499872505664825439e-01,6.695078313350677490e-02,1.863432861864566803e-02,-1.505918353796005249e-01,-1.667634993791580200e-01,-9.611062705516815186e-02,1.328668594360351562e-01
-4.918165504932403564e-01
4.430152475833892822e-03,-2.479183822870254517e-01,-4.361928626894950867e-02,1.194892227649688721e-01,1.865625679492950439e-01,1.563161164522171021e-01,1.434788256883621216e-01,9.849125146865844727e-02,1.434788256883621216e-01,1.563161164522171021e-01,1.865625679492950439e-01,1.194892227649688721e-01,-4.361928626894950867e-02,-2.479183822870254517e-01,4.430152475833892822e-03
1.321614235639572144e-01,3.424555063247680664e-02,-2.278372645378112793e-01,-1.292146146297454834e-01,2.245236973976716399e-04,1.044075414538383484e-01,8.926536887884140015e-02,1.444677114486694336e-01,8.926536887884140015e-02,1.044075414538383484e-01,2.245236973976716399e-04,-1.292146146297454834e-01,-2.278372645378112793e-01,3.424555063247680664e-02,1.321614235639572144e-01
-5.821056365966796875e-01
8.665709197521209717e-02,-1.805297285318374634e-01,-1.689158380031585693e-01,1.289020031690597534e-01,1.778406351804733276e-01,2.198123186826705933e-01,1.386066079139709473e-01,1.701354831457138062e-01,1.386066079139709473e-01,2.198123186826705933e-01,1.778406351804733276e-01,1.289020031690597534e-01,-1.689158380031585693e-01,-1.805297285318374634e-01,8.665709197521209717e-02
1.561186760663986206e-01,1.255533695220947266e-01,-1.695411950349807739e-01,-2.021601647138595581e-01,-2.478740178048610687e-02,6.664403527975082397e-02,1.252800077199935913e-01,1.405678838491439819e-01,1.252800077199935913e-01,6.664403527975082397e-02,-2.478740178048610687e-02,-2.021601647138595581e-01,-1.695411950349807739e-01,1.255533695220947266e-01,1.561186760663986206e-01
-6.772937774658203125e-01
2.283736467361450195e-01,-1.470997929573059082e-01,-1.696154028177261353e-01,3.263941779732704163e-02,2.161423265933990479e-01,1.953094899654388428e-01,1.736096292734146118e-01,1.284639835357666016e-01,1.736096292734146118e-01,1.953094899654388428e-01,2.161423265933990479e-01,3.263941779732704163e-02,-1.696154028177261353e-01,-1.470997929573059082e-01,2.283736467361450195e-01
1.020342707633972168e-01,1.840151250362396240e-01,-8.599498122930526733e-02,-2.363115549087524414e-01,-2.438492141664028168e-02,5.684691295027732849e-02,1.458606570959091187e-01,1.167661175131797791e-01,1.458606570959091187e-01,5.684691295027732849e-02,-2.438492141664028168e-02,-2.363115549087524414e-01,-8.599498122930526733e-02,1.840151250362396240e-01,1.020342707633972168e-01
-7.771421670913696289e-01
2.893909215927124023e-01,-5.724643170833587646e-02,-1.879512369632720947e-01,-3.752533718943595886e-02,2.269330024719238281e-01,1.776333898305892944e-01,1.627549380064010620e-01,8.489771187305450439e-02,1.627549380064010620e-01,1.776333898305892944e-01,2.269330024719238281e-01,-3.752533718943595886e-02,-1.879512369632720947e-01,-5.724643170833587646e-02,2.893909215927124023e-01
-8.563233911991119385e-02,2.723280191421508789e-01,-6.126540526747703552e-02,-2.160815447568893433e-01,-1.123677119612693787e-01,9.160671383142471313e-02,1.347868591547012329e-01,1.752637177705764771e-01,1.347868591547012329e-01,9.160671383142471313e-02,-1.123677119612693787e-01,-2.160815447568893433e-01,-6.126540526747703552e-02,2.723280191421508789e-01,-8.563233911991119385e-02
-8.814436793327331543e-01
1.689238995313644409e-01,9.673666208982467651e-02,-2.434436082839965820e-01,-4.833110794425010681e-02,1.753267049789428711e-01,2.239724397659301758e-01,1.605284363031387329e-01,1.505662947893142700e-01,1.605284363031387329e-01,2.239724397659301758e-01,1.753267049789428711e-01,-4.833110794425010681e-02,-2.434436082839965820e-01,9.673666208982467651e-02,1.689238995313644409e-01
-2.442411780357360840e-01,2.981154918670654297e-01,-1.771650835871696472e-02,-2.060256153345108032e-01,-1.712761670351028442e-01,8.854053169488906860e-02,9.561155736446380615e-02,1.769568771123886108e-01,9.561155736446380615e-02,8.854053169488906860e-02,-1.712761670351028442e-01,-2.060256153345108032e-01,-1.771650835871696472e-02,2.981154918670654297e-01,-2.442411780357360840e-01
-9.900165200233459473e-01
2.067678375169634819e-03,2.267019748687744141e-01,-2.875889539718627930e-01,-6.226042285561561584e-02,1.579207628965377808e-01,2.833310961723327637e-01,1.455504596233367920e-01,1.788354963064193726e-01,1.455504596233367920e-01,2.833310961723327637e-01,1.579207628965377808e-01,-6.226042285561561584e-02,-2.875889539718627930e-01,2.267019748687744141e-01,2.067678375169634819e-03
-2.871459126472473145e-01,1.982092857360839844e-01,9.153395891189575195e-02,-2.148502916097640991e-01,-1.775251477956771851e-01,3.232133388519287109e-02,1.060539186000823975e-01,1.519102305173873901e-01,1.060539186000823975e-01,3.232133388519287109e-02,-1.775251477956771851e-01,-2.148502916097640991e-01,9.153395891189575195e-02,1.982092857360839844e-01,-2.871459126472473145e-01
-1.102699279785156250e+00
-1.210066080093383789e-01,3.019954860210418701e-01,-2.302336096763610840e-01,-1.174692660570144653e-01,1.343586593866348267e-01,2.849040925502777100e-01,1.705098301172256470e-01,1.933849602937698364e-01,1.705098301172256470e-01,2.849040925502777100e-01,1.343586593866348267e-01,-1.174692660570144653e-01,-2.302336096763610840e-01,3.019954860210418701e-01,-1.210066080093383789e-01
-2.094364315271377563e-01,5.651554092764854431e-02,2.077005505561828613e-01,-2.385632842779159546e-01,-1.649794727563858032e-01,-3.354415297508239746e-03,1.577550172805786133e-01,1.344244927167892456e-01,1.577550172805786133e-01,-3.354415297508239746e-03,-1.649794727563858032e-01,-2.385632842779159546e-01,2.077005505561828613e-01,5.651554092764854431e-02,-2.094364315271377563e-01
-1.219347834587097168e+00
-1.624475717544555664e-01,2.746948599815368652e-01,-1.381254494190216064e-01,-2.016750723123550415e-01,1.490666717290878296e-01,2.706883549690246582e-01,2.124730646610260010e-01,1.757090836763381958e-01,2.124730646610260010e-01,2.706883549690246582e-01,1.490666717290878296e-01,-2.016750723123550415e-01,-1.381254494190216064e-01,2.746948599815368652e-01,-1.624475717544555664e-01
-9.819226711988449097e-02,-7.609233260154724121e-02,2.915225923061370850e-01,-2.239543050527572632e-01,-1.687524616718292236e-01,-3.345806151628494263e-02,1.746024340391159058e-01,1.238286048173904419e-01,1.746024340391159058e-01,-3.345806151628494263e-02,-1.687524616718292236e-01,-2.239543050527572632e-01,2.915225923061370850e-01,-7.609233260154724121e-02,-9.819226711988449097e-02
-1.339831829071044922e+00
-1.532471477985382080e-01,2.052586823701858521e-01,-1.516906823962926865e-02,-2.813017666339874268e-01,1.509437263011932373e-01,2.453529834747314453e-01,2.483549118041992188e-01,1.495691984891891479e-01,2.483549118041992188e-01,2.453529834747314453e-01,1.509437263011932373e-01,-2.813017666339874268e-01,-1.516906823962926865e-02,2.052586823701858521e-01,-1.532471477985382080e-01
-1.777247409336268902e-03,-1.668179333209991455e-01,3.154517412185668945e-01,-1.752952039241790771e-01,-2.047654837369918823e-01,-3.938741609454154968e-02,1.787057369947433472e-01,1.476736813783645630e-01,1.787057369947433472e-01,-3.938741609454154968e-02,-2.047654837369918823e-01,-1.752952039241790771e-01,3.154517412185668945e-01,-1.668179333209991455e-01,-1.777247409336268902e-03
-1.464033246040344238e+00
-1.140845343470573425e-01,1.123402938246726990e-01,9.309209883213043213e-02,-3.329815268516540527e-01,1.390562504529953003e-01,2.343512326478958130e-01,2.707423865795135498e-01,1.352059245109558105e-01,2.707423865795135498e-01,2.343512326478958130e-01,1.390562504529953003e-01,-3.329815268516540527e-01,9.309209883213043213e-02,1.123402938246726990e-01,-1.140845343470573425e-01
6.347916275262832642e-02,-2.053591609001159668e-01,2.877623438835144043e-01,-9.886091202497482300e-02,-2.560669481754302979e-01,-3.371201083064079285e-02,1.560290902853012085e-01,1.786372959613800049e-01,1.560290902853012085e-01,-3.371201083064079285e-02,-2.560669481754302979e-01,-9.886091202497482300e-02,2.877623438835144043e-01,-2.053591609001159668e-01,6.347916275262832642e-02
-1.591844081878662109e+00
-6.936129927635192871e-02,2.495601586997509003e-02,1.734109222888946533e-01,-3.503972887992858887e-01,1.049774587154388428e-01,2.419206798076629639e-01,2.803630828857421875e-01,1.425557583570480347e-01,2.803630828857421875e-01,2.419206798076629639e-01,1.049774587154388428e-01,-3.503972887992858887e-01,1.734109222888946533e-01,2.495601586997509003e-02,-6.936129927635192871e-02
9.813994169235229492e-02,-2.065015584230422974e-01,2.239225804805755615e-01,-1.058776956051588058e-02,-3.026326596736907959e-01,-1.770413108170032501e-02,1.318057030439376831e-01,2.127408832311630249e-01,1.318057030439376831e-01,-1.770413108170032501e-02,-3.026326596736907959e-01,-1.058776956051588058e-02,2.239225804805755615e-01,-2.065015584230422974e-01,9.813994169235229492e-02
-1.723165392875671387e+00
-2.948189713060855865e-02,-4.403253644704818726e-02,2.238519489765167236e-01,-3.323664069175720215e-01,5.321929603815078735e-02,2.580515146255493164e-01,2.706151902675628662e-01,1.590326130390167236e-01,2.706151902675628662e-01,2.580515146255493164e-01,5.321929603815078735e-02,-3.323664069175720215e-01,2.238519489765167236e-01,-4.403253644704818726e-02,-2.948189713060855865e-02
1.109217852354049683e-01,-1.837045252323150635e-01,1.457263678312301636e-01,7.675386965274810791e-02,-3.374442756175994873e-01,-8.160683326423168182e-03,1.163291633129119873e-01,2.444348633289337158e-01,1.163291633129119873e-01,-8.160683326423168182e-03,-3.374442756175994873e-01,7.675386965274810791e-02,1.457263678312301636e-01,-1.837045252323150635e-01,1.109217852354049683e-01
-1.857905864715576172e+00
-1.919038040796294808e-04,-9.855660796165466309e-02,2.408826500177383423e-01,-2.904533147811889648e-01,-8.114407770335674286e-03,2.821930348873138428e-01,2.554360032081604004e-01,1.858158260583877563e-01,2.554360032081604004e-01,2.821930348873138428e-01,-8.114407770335674286e-03,-2.904533147811889648e-01,2.408826500177383423e-01,-9.855660796165466309e-02,-1.919038040796294808e-04
1.188761368393898010e-01,-1.460376828908920288e-01,6.245326995849609375e-02,1.468264311552047729e-01,-3.559719622135162354e-01,-1.093326322734355927e-02,1.080293878912925720e-01,2.637930810451507568e-01,1.080293878912925720e-01,-1.093326322734355927e-02,-3.559719622135162354e-01,1.468264311552047729e-01,6.245326995849609375e-02,-1.460376828908920288e-01,1.188761368393898010e-01
-1.995981097221374512e+00
1.897140964865684509e-02,-1.103260740637779236e-01,2.429513186216354370e-01,-2.388206720352172852e-01,-7.198929786682128906e-02,3.097518086433410645e-01,2.375377416610717773e-01,2.115668952465057373e-01,2.375377416610717773e-01,3.097518086433410645e-01,-7.198929786682128906e-02,-2.388206720352172852e-01,2.429513186216354370e-01,-1.103260740637779236e-01,1.897140964865684509e-02
8.756890892982482910e-02,-1.091232821345329285e-01,6.373366340994834900e-03,2.117178440093994141e-01,-3.590250313282012939e-01,-3.318456932902336121e-02,1.036313697695732117e-01,2.690784037113189697e-01,1.036313697695732117e-01,-3.318456932902336121e-02,-3.590250313282012939e-01,2.117178440093994141e-01,6.373366340994834900e-03,-1.091232821345329285e-01,8.756890892982482910e-02
-2.137312412261962891e+00
2.869513817131519318e-02,-9.915790706872940063e-02,2.346029430627822876e-01,-1.846504956483840942e-01,-1.423720568418502808e-01,3.286847174167633057e-01,2.212361842393875122e-01,2.346717715263366699e-01,2.212361842393875122e-01,3.286847174167633057e-01,-1.423720568418502808e-01,-1.846504956483840942e-01,2.346029430627822876e-01,-9.915790706872940063e-02,2.869513817131519318e-02
5.330410599708557129e-02,-7.728812098503112793e-02,-4.041464626789093018e-02,2.547388672828674316e-01,-3.464292287826538086e-01,-6.372538954019546509e-02,1.100056841969490051e-01,2.655602693557739258e-01,1.100056841969490051e-01,-6.372538954019546509e-02,-3.464292287826538086e-01,2.547388672828674316e-01,-4.041464626789093018e-02,-7.728812098503112793e-02,5.330410599708557129e-02
-2.281826257705688477e+00
2.717628143727779388e-02,-1.019837781786918640e-01,2.065035998821258545e-01,-1.214843988418579102e-01,-1.944192498922348022e-01,3.447373509407043457e-01,2.119099646806716919e-01,2.525699436664581299e-01,2.119099646806716919e-01,3.447373509407043457e-01,-1.944192498922348022e-01,-1.214843988418579102e-01,2.065035998821258545e-01,-1.019837781786918640e-01,2.717628143727779388e-02
3.912224993109703064e-02,-4.622219875454902649e-02,-8.006035536527633667e-02,2.746591269969940186e-01,-3.219347894191741943e-01,-1.025853455066680908e-01,1.221721991896629333e-01,2.559137940406799316e-01,1.221721991896629333e-01,-1.025853455066680908e-01,-3.219347894191741943e-01,2.746591269969940186e-01,-8.006035536527633667e-02,-4.622219875454902649e-02,3.912224993109703064e-02
-2.429454565048217773e+00
2.177899517118930817e-02,-9.552676230669021606e-02,1.739072352647781372e-01,-6.369235366582870483e-02,-2.369320839643478394e-01,3.540686368942260742e-01,2.101617008447647095e-01,2.654733359813690186e-01,2.101617008447647095e-01,3.540686368942260742e-01,-2.369320839643478394e-01,-6.369235366582870483e-02,1.739072352647781372e-01,-9.552676230669021606e-02,2.177899517118930817e-02
2.783171273767948151e-02,-2.028821781277656555e-02,-1.049759015440940857e-01,2.825239896774291992e-01,-2.858453094959259033e-01,-1.435443460941314697e-01,1.376321315765380859e-01,2.417241185903549194e-01,1.376321315765380859e-01,-1.435443460941314697e-01,-2.858453094959259033e-01,2.825239896774291992e-01,-1.049759015440940857e-01,-2.028821781277656555e-02,2.783171273767948151e-02
-2.580132961273193359e+00
1.293095648288726807e-01,-1.540105342864990234e-01,-1.690622419118881226e-01,8.769740164279937744e-02,1.842514723539352417e-01,2.258862406015396118e-01,1.404709815979003906e-01,1.455446481704711914e-01,1.404709815979003906e-01,2.258862406015396118e-01,1.842514723539352417e-01,8.769740164279937744e-02,-1.690622419118881226e-01,-1.540105342864990234e-01,1.293095648288726807e-01
1.618485599756240845e-01,1.331400871276855469e-01,-1.381416469812393188e-01,-2.206168323755264282e-01,-1.240091305226087570e-02,4.924675449728965759e-02,1.371241211891174316e-01,1.229678913950920105e-01,1.371241211891174316e-01,4.924675449728965759e-02,-1.240091305226087570e-02,-2.206168323755264282e-01,-1.381416469812393188e-01,1.331400871276855469e-01,1.618485599756240845e-01
-3.271071612834930420e-01
-1.312906593084335327e-01,-1.699647158384323120e-01,8.275748044252395630e-02,1.297507137060165405e-01,1.608632206916809082e-01,1.603260636329650879e-01,1.634114086627960205e-01,1.005340516567230225e-01,1.634114086627960205e-01,1.603260636329650879e-01,1.608632206916809082e-01,1.297507137060165405e-01,8.275748044252395630e-02,-1.699647158384323120e-01,-1.312906593084335327e-01
-1.439924910664558411e-02,-1.809237152338027954e-01,-1.950006932020187378e-01,-9.176859259605407715e-02,-2.015979588031768799e-02,8.301245421171188354e-02,9.549198299646377563e-02,1.219488531351089478e-01,9.549198299646377563e-02,8.301245421171188354e-02,-2.015979588031768799e-02,-9.176859259605407715e-02,-1.950006932020187378e-01,-1.809237152338027954e-01,-1.439924910664558411e-02
-4.067060351371765137e-01
-1.181775256991386414e-01,-2.322936803102493286e-01,-2.500278176739811897e-03,1.648888438940048218e-01,1.571541428565979004e-01,1.674133688211441040e-01,1.401392221450805664e-01,1.313500553369522095e-01,1.401392221450805664e-01,1.674133688211441040e-01,1.571541428565979004e-01,1.648888438940048218e-01,-2.500278176739811897e-03,-2.322936803102493286e-01,-1.181775256991386414e-01
1.254137456417083740e-01,-1.340553015470504761e-01,-1.621597260236740112e-01,-1.065065786242485046e-01,3.159888088703155518e-02,4.577589407563209534e-02,1.422800123691558838e-01,1.299259513616561890e-01,1.422800123691558838e-01,4.577589407563209534e-02,3.159888088703155518e-02,-1.065065786242485046e-01,-1.621597260236740112e-01,-1.340553015470504761e-01,1.254137456417083740e-01
-4.918165504932403564e-01
1.448455732315778732e-02,-2.795438170433044434e-01,-5.817317962646484375e-02,1.550731211900711060e-01,1.958504617214202881e-01,1.401313245296478271e-01,1.625683307647705078e-01,1.393014937639236450e-01,1.625683307647705078e-01,1.401313245296478271e-01,1.958504617214202881e-01,1.550731211900711060e-01,-5.817317962646484375e-02,-2.795438170433044434e-01,1.448455732315778732e-02
1.294881254434585571e-01,3.260093182325363159e-02,-2.028920352458953857e-01,-1.196851357817649841e-01,-4.742375016212463379e-02,5.724312737584114075e-02,1.037310361862182617e-01,1.815970540046691895e-01,1.037310361862182617e-01,5.724312737584114075e-02,-4.742375016212463379e-02,-1.196851357817649841e-01,-2.028920352458953857e-01,3.260093182325363159e-02,1.294881254434585571e-01
-5.821056365966796875e-01
9.721440076828002930e-02,-1.784382909536361694e-01,-1.706318110227584839e-01,1.338036656379699707e-01,1.797691583633422852e-01,2.123272567987442017e-01,1.255563795566558838e-01,1.599924415349960327e-01,1.255563795566558838e-01,2.123272567987442017e-01,1.797691583633422852e-01,1.338036656379699707e-01,-1.706318110227584839e-01,-1.784382909536361694e-01,9.721440076828002930e-02
1.503792405128479004e-01,1.190790534019470215e-01,-1.715044230222702026e-01,-2.028131484985351562e-01,-2.285841479897499084e-02,7.129519432783126831e-02,1.357991397380828857e-01,1.492818892002105713e-01,1.357991397380828857e-01,7.129519432783126831e-02,-2.285841479897499084e-02,-2.028131484985351562e-01,-1.715044230222702026e-01,1.190790534019470215e-01,1.503792405128479004e-01
-6.772937774658203125e-01
2.487881928682327271e-01,-1.408157348632812500e-01,-1.741122007369995117e-01,3.320291265845298767e-02,2.244568765163421631e-01,1.951215416193008423e-01,1.545026302337646484e-01,1.055384427309036255e-01,1.545026302337646484e-01,1.951215416193008423e-01,2.244568765163421631e-01,3.320291265845298767e-02,-1.741122007369995117e-01,-1.408157348632812500e-01,2.487881928682327271e-01
1.042799949645996094e-01,1.749263256788253784e-01,-9.735698252916336060e-02,-2.483254373073577881e-01,-3.092448227107524872e-02,6.591244786977767944e-02,1.705396026372909546e-01,1.384303569793701172e-01,1.705396026372909546e-01,6.591244786977767944e-02,-3.092448227107524872e-02,-2.483254373073577881e-01,-9.735698252916336060e-02,1.749263256788253784e-01,1.042799949645996094e-01
-7.771421670913696289e-01
2.908598780632019043e-01,-5.976964160799980164e-02,-1.934381425380706787e-01,-3.978653624653816223e-02,2.328264117240905762e-01,1.852931082248687744e-01,1.671082228422164917e-01,8.564081043004989624e-02,1.671082228422164917e-01,1.852931082248687744e-01,2.328264117240905762e-01,-3.978653624653816223e-02,-1.934381425380706787e-01,-5.976964160799980164e-02,2.908598780632019043e-01
-8.186491578817367554e-02,2.709501385688781738e-01,-6.682298332452774048e-02,-2.159965634346008301e-01,-1.113362014293670654e-01,8.441492915153503418e-02,1.235892996191978455e-01,1.673934608697891235e-01,1.235892996191978455e-01,8.441492915153503418e-02,-1.113362014293670654e-01,-2.159965634346008301e-01,-6.682298332452774048e-02,2.709501385688781738e-01,-8.186491578817367554e-02
-8.814436793327331543e-01
1.767880618572235107e-01,8.929621428251266479e-02,-2.559708654880523682e-01,-4.726169630885124207e-02,1.914624571800231934e-01,2.286395132541656494e-01,1.474845111370086670e-01,1.325072199106216431e-01,1.474845111370086670e-01,2.286395132541656494e-01,1.914624571800231934e-01,-4.726169630885124207e-02,-2.559708654880523682e-01,8.929621428251266479e-02,1.767880618572235107e-01
-2.505937218666076660e-01,2.923915088176727295e-01,-1.288275234401226044e-02,-1.965987980365753174e-01,-1.682081222534179688e-01,8.118081837892532349e-02,9.063829481601715088e-02,1.746960580348968506e-01,9.063829481601715088e-02,8.118081837892532349e-02,-1.682081222534179688e-01,-1.965987980365753174e-01,-1.288275234401226044e-02,2.923915088176727295e-01,-2.505937218666076660e-01
-9.900165200233459473e-01
6.403303239494562149e-03,2.278159707784652710e-01,-2.854351401329040527e-01,-6.230963021516799927e-02,1.516133397817611694e-01,2.768445312976837158e-01,1.462773978710174561e-01,1.831680238246917725e-01,1.462773978710174561e-01,2.768445312976837158e-01,1.516133397817611694e-01,-6.230963021516799927e-02,-2.854351401329040527e-01,2.278159707784652710e-01,6.403303239494562149e-03
-2.714242041110992432e-01,2.094608843326568604e-01,9.625018388032913208e-02,-2.097746580839157104e-01,-1.690289527177810669e-01,4.082951694726943970e-02,1.077016443014144897e-01,1.513711959123611450e-01,1.077016443014144897e-01,4.082951694726943970e-02,-1.690289527177810669e-01,-2.097746580839157104e-01,9.625018388032913208e-02,2.094608843326568604e-01,-2.714242041110992432e-01
-1.102699279785156250e+00
-1.161880493164062500e-01,2.925727665424346924e-01,-2.418528199195861816e-01,-1.187875941395759583e-01,1.396388858556747437e-01,2.856810092926025391e-01,1.664013415575027466e-01,1.884459704160690308e-01,1.664013415575027466e-01,2.856810092926025391e-01,1.396388858556747437e-01,-1.187875941395759583e-01,-2.418528199195861816e-01,2.925727665424346924e-01,-1.161880493164062500e-01
-2.096467614173889160e-01,5.893537402153015137e-02,2.173151820898056030e-01,-2.258869558572769165e-01,-1.605687737464904785e-01,-1.272353809326887131e-02,1.453540623188018799e-01,1.268708258867263794e-01,1.453540623188018799e-01,-1.272353809326887131e-02,-1.605687737464904785e-01,-2.258869558572769165e-01,2.173151820898056030e-01,5.893537402153015137e-02,-2.096467614173889160e-01
-1.219347834587097168e+00
-1.581451296806335449e-01,2.796150743961334229e-01,-1.415051966905593872e-01,-2.051845490932464600e-01,1.450556218624114990e-01,2.673054635524749756e-01,2.095924615859985352e-01,1.742594391107559204e-01,2.095924615859985352e-01,2.673054635524749756e-01,1.450556218624114990e-01,-2.051845490932464600e-01,-1.415051966905593872e-01,2.796150743961334229e-01,-1.581451296806335449e-01
-1.026343479752540588e-01,-7.425549626350402832e-02,2.954282760620117188e-01,-2.216247171163558960e-01,-1.694523692131042480e-01,-3.761212155222892761e-02,1.715517640113830566e-01,1.226760968565940857e-01,1.715517640113830566e-01,-3.761212155222892761e-02,-1.694523692131042480e-01,-2.216247171163558960e-01,2.954282760620117188e-01,-7.425549626350402832e-02,-1.026343479752540588e-01
-1.339831829071044922e+00
-1.803212314844131470e-01,1.815975308418273926e-01,-3.639148082584142685e-03,-2.602117061614990234e-01,1.530107259750366211e-01,2.353772372007369995e-01,2.360645830631256104e-01,1.385207027196884155e-01,2.360645830631256104e-01,2.353772372007369995e-01,1.530107259750366211e-01,-2.602117061614990234e-01,-3.639148082584142685e-03,1.815975308418273926e-01,-1.803212314844131470e-01
1.530553959310054779e-02,-1.836208403110504150e-01,3.067437112331390381e-01,-1.670857369899749756e-01,-2.032822221517562866e-01,-4.640357196331024170e-02,1.858237534761428833e-01,1.588830202817916870e-01,1.858237534761428833e-01,-4.640357196331024170e-02,-2.032822221517562866e-01,-1.670857369899749756e-01,3.067437112331390381e-01,-1.836208403110504150e-01,1.530553959310054779e-02
-1.464033246040344238e+00
-1.192727386951446533e-01,9.267678856849670410e-02,8.495240658521652222e-02,-3.283536136150360107e-01,1.457046270370483398e-01,2.380518764257431030e-01,2.768264710903167725e-01,1.420505940914154053e-01,2.768264710903167725e-01,2.380518764257431030e-01,1.457046270370483398e-01,-3.283536136150360107e-01,8.495240658521652222e-02,9.267678856849670410e-02,-1.192727386951446533e-01
8.238803595304489136e-02,-2.029428929090499878e-01,2.794603109359741211e-01,-1.028825044631958008e-01,-2.521496713161468506e-01,-2.802437171339988708e-02,1.587599664926528931e-01,1.794358640909194946e-01,1.587599664926528931e-01,-2.802437171339988708e-02,-2.521496713161468506e-01,-1.028825044631958008e-01,2.794603109359741211e-01,-2.029428929090499878e-01,8.238803595304489136e-02
-1.591844081878662109e+00
-7.381005585193634033e-02,7.480687927454710007e-03,1.681539267301559448e-01,-3.446630835533142090e-01,1.094981133937835693e-01,2.425908297300338745e-01,2.822717130184173584e-01,1.451754122972488403e-01,2.822717130184173584e-01,2.425908297300338745e-01,1.094981133937835693e-01,-3.446630835533142090e-01,1.681539267301559448e-01,7.480687927454710007e-03,-7.381005585193634033e-02
1.206998378038406372e-01,-2.042894214391708374e-01,2.149132192134857178e-01,-1.476825959980487823e-02,-2.990195751190185547e-01,-1.153428107500076294e-02,1.395372003316879272e-01,2.176413089036941528e-01,1.395372003316879272e-01,-1.153428107500076294e-02,-2.990195751190185547e-01,-1.476825959980487823e-02,2.149132192134857178e-01,-2.042894214391708374e-01,1.206998378038406372e-01
-1.723165392875671387e+00
-2.851688303053379059e-02,-5.127010866999626160e-02,2.204302102327346802e-01,-3.305780887603759766e-01,5.551313981413841248e-02,2.592352032661437988e-01,2.734737992286682129e-01,1.625449359416961670e-01,2.734737992286682129e-01,2.592352032661437988e-01,5.551313981413841248e-02,-3.305780887603759766e-01,2.204302102327346802e-01,-5.127010866999626160e-02,-2.851688303053379059e-02
1.205900385975837708e-01,-1.818749159574508667e-01,1.419712901115417480e-01,7.412236183881759644e-02,-3.371378183364868164e-01,-7.515819743275642395e-03,1.180141344666481018e-01,2.458302229642868042e-01,1.180141344666481018e-01,-7.515819743275642395e-03,-3.371378183364868164e-01,7.412236183881759644e-02,1.419712901115417480e-01,-1.818749159574508667e-01,1.205900385975837708e-01
-1.857905864715576172e+00
1.588454120792448521e-03,-9.354251623153686523e-02,2.421303987503051758e-01,-2.914100289344787598e-01,-7.218443322926759720e-03,2.837176918983459473e-01,2.569092214107513428e-01,1.871412694454193115e-01,2.569092214107513428e-01,2.837176918983459473e-01,-7.218443322926759720e-03,-2.914100289344787598e-01,2.421303987503051758e-01,-9.354251623153686523e-02,1.588454120792448521e-03
1.110692247748374939e-01,-1.459618806838989258e-01,6.935893744230270386e-02,1.514520645141601562e-01,-3.567720651626586914e-01,-1.354441326111555099e-02,1.076158955693244934e-01,2.645999193191528320e-01,1.076158955693244934e-01,-1.354441326111555099e-02,-3.567720651626586914e-01,1.514520645141601562e-01,6.935893744230270386e-02,-1.459618806838989258e-01,1.110692247748374939e-01
-1.995981097221374512e+00
2.188868075609207153e-02,-9.731634706258773804e-02,2.465599030256271362e-01,-2.435459494590759277e-01,-7.654648274183273315e-02,3.089312314987182617e-01,2.389603406190872192e-01,2.136325538158416748e-01,2.389603406190872192e-01,3.089312314987182617e-01,-7.654648274183273315e-02,-2.435459494590759277e-01,2.465599030256271362e-01,-9.731634706258773804e-02,2.188868075609207153e-02
7.384460419416427612e-02,-1.109013706445693970e-01,1.408414077013731003e-02,2.155953049659729004e-01,-3.614958524703979492e-01,-3.685720637440681458e-02,1.016028970479965210e-01,2.686359286308288574e-01,1.016028970479965210e-01,-3.685720637440681458e-02,-3.614958524703979492e-01,2.155953049659729004e-01,1.408414077013731003e-02,-1.109013706445693970e-01,7.384460419416427612e-02
-2.137312412261962891e+00
2.941637299954891205e-02,-1.265198886394500732e-01,2.227169424295425415e-01,-1.755934506654739380e-01,-1.344393491744995117e-01,3.292563259601593018e-01,2.239059209823608398e-01,2.390233278274536133e-01,2.239059209823608398e-01,3.292563259601593018e-01,-1.344393491744995117e-01,-1.755934506654739380e-01,2.227169424295425415e-01,-1.265198886394500732e-01,2.941637299954891205e-02
8.072081208229064941e-02,-6.787238270044326782e-02,-4.925659298896789551e-02,2.448205202817916870e-01,-3.481771051883697510e-01,-6.223057582974433899e-02,1.149395257234573364e-01,2.695761620998382568e-01,1.149395257234573364e-01,-6.223057582974433899e-02,-3.481771051883697510e-01,2.448205202817916870e-01,-4.925659298896789551e-02,-6.787238270044326782e-02,8.072081208229064941e-02
-2.281826257705688477e+00
2.871917001903057098e-02,-9.699980914592742920e-02,2.053180038928985596e-01,-1.252847462892532349e-01,-1.932011991739273071e-01,3.498693108558654785e-01,2.167493104934692383e-01,2.563729584217071533e-01,2.167493104934692383e-01,3.498693108558654785e-01,-1.932011991739273071e-01,-1.252847462892532349e-01,2.053180038928985596e-01,-9.699980914592742920e-02,2.871917001903057098e-02
3.356605768203735352e-02,-4.470378160476684570e-02,-7.288289815187454224e-02,2.772440910339355469e-01,-3.239102959632873535e-01,-1.043618768453598022e-01,1.215489432215690613e-01,2.559611499309539795e-01,1.215489432215690613e-01,-1.043618768453598022e-01,-3.239102959632873535e-01,2.772440910339355469e-01,-7.288289815187454224e-02,-4.470378160476684570e-02,3.356605768203735352e-02
-2.429454565048217773e+00
2.566295303404331207e-02,-9.598095715045928955e-02,1.728206872940063477e-01,-6.378360837697982788e-02,-2.370020896196365356e-01,3.545723259449005127e-01,2.127857208251953125e-01,2.685876488685607910e-01,2.127857208251953125e-01,3.545723259449005127e-01,-2.370020896196365356e-01,-6.378360837697982788e-02,1.728206872940063477e-01,-9.598095715045928955e-02,2.566295303404331207e-02
3.100047260522842407e-02,-1.904350519180297852e-02,-1.048439592123031616e-01,2.806762754917144775e-01,-2.884469330310821533e-01,-1.454308629035949707e-01,1.398067325353622437e-01,2.447028458118438721e-01,1.398067325353622437e-01,-1.454308629035949707e-01,-2.884469330310821533e-01,2.806762754917144775e-01,-1.048439592123031616e-01,-1.904350519180297852e-02,3.100047260522842407e-02
-2.580132961273193359e+00
1.461236178874969482e-01,-1.654965132474899292e-01,-1.708556562662124634e-01,1.117623373866081238e-01,1.810229867696762085e-01,2.068466693162918091e-01,1.470674425363540649e-01,1.686524301767349243e-01,1.470674425363540649e-01,2.068466693162918091e-01,1.810229867696762085e-01,1.117623373866081238e-01,-1.708556562662124634e-01,-1.654965132474899292e-01,1.461236178874969482e-01
1.646710038185119629e-01,1.470683366060256958e-01,-1.272911131381988525e-01,-2.277228832244873047e-01,-1.780920103192329407e-02,6.793765723705291748e-02,1.672874689102172852e-01,1.461594104766845703e-01,1.672874689102172852e-01,6.793765723705291748e-02,-1.780920103192329407e-02,-2.277228832244873047e-01,-1.272911131381988525e-01,1.470683366060256958e-01,1.646710038185119629e-01
-3.271071612834930420e-01
-1.214074715971946716e-01,-1.709591746330261230e-01,6.146467104554176331e-02,1.217091456055641174e-01,1.766751110553741455e-01,1.754609942436218262e-01,1.531147509813308716e-01,8.217464387416839600e-02,1.531147509813308716e-01,1.754609942436218262e-01,1.766751110553741455e-01,1.217091456055641174e-01,6.146467104554176331e-02,-1.709591746330261230e-01,-1.214074715971946716e-01
-1.237632893025875092e-02,-1.787779778242111206e-01,-1.674196273088455200e-01,-6.653460115194320679e-02,-2.857333049178123474e-02,7.336762547492980957e-02,1.132414042949676514e-01,1.425651758909225464e-01,1.132414042949676514e-01,7.336762547492980957e-02,-2.857333049178123474e-02,-6.653460115194320679e-02,-1.674196273088455200e-01,-1.787779778242111206e-01,-1.237632893025875092e-02
-4.067060351371765137e-01
-1.150362119078636169e-01,-2.334987521171569824e-01,-8.395925164222717285e-03,1.708173155784606934e-01,1.698996126651763916e-01,1.772163212299346924e-01,1.460333019495010376e-01,1.326932758092880249e-01,1.460333019495010376e-01,1.772163212299346924e-01,1.698996126651763916e-01,1.708173155784606934e-01,-8.395925164222717285e-03,-2.334987521171569824e-01,-1.150362119078636169e-01
1.363229900598526001e-01,-1.277782022953033447e-01,-1.678960770368576050e-01,-1.204297393560409546e-01,1.390449516475200653e-02,3.521688655018806458e-02,1.412979066371917725e-01,1.342800855636596680e-01,1.412979066371917725e-01,3.521688655018806458e-02,1.390449516475200653e-02,-1.204297393560409546e-01,-1.678960770368576050e-01,-1.277782022953033447e-01,1.363229900598526001e-01
-4.918165504932403564e-01
3.842218592762947083e-02,-2.568662166595458984e-01,-6.691031157970428467e-02,1.081832647323608398e-01,1.663002520799636841e-01,1.230540424585342407e-01,1.382691413164138794e-01,1.124513372778892517e-01,1.382691413164138794e-01,1.230540424585342407e-01,1.663002520799636841e-01,1.081832647323608398e-01,-6.691031157970428467e-02,-2.568662166595458984e-01,3.842218592762947083e-02
1.000677719712257385e-01,-2.516949549317359924e-02,-1.959249377250671387e-01,-6.630481034517288208e-02,3.689801553264260292e-03,6.479600816965103149e-02,7.823739945888519287e-02,1.515358388423919678e-01,7.823739945888519287e-02,6.479600816965103149e-02,3.689801553264260292e-03,-6.630481034517288208e-02,-1.959249377250671387e-01,-2.516949549317359924e-02,1.000677719712257385e-01
-5.821056365966796875e-01
9.826485067605972290e-02,-1.831630468368530273e-01,-1.711043566465377808e-01,1.381879001855850220e-01,1.825124770402908325e-01,2.150004655122756958e-01,1.316019743680953979e-01,1.664973646402359009e-01,1.316019743680953979e-01,2.150004655122756958e-01,1.825124770402908325e-01,1.381879001855850220e-01,-1.711043566465377808e-01,-1.831630468368530273e-01,9.826485067605972290e-02
1.569329798221588135e-01,1.186661645770072937e-01,-1.755159944295883179e-01,-2.070866823196411133e-01,-2.468166686594486237e-02,7.329729944467544556e-02,1.319303959608078003e-01,1.434942483901977539e-01,1.319303959608078003e-01,7.329729944467544556e-02,-2.468166686594486237e-02,-2.070866823196411133e-01,-1.755159944295883179e-01,1.186661645770072937e-01,1.569329798221588135e-01
-6.772937774658203125e-01
2.501259148120880127e-01,-1.309366971254348755e-01,-1.790250092744827271e-01,1.590956747531890869e-02,2.290527522563934326e-01,2.103934586048126221e-01,1.571978032588958740e-01,9.804923832416534424e-02,1.571978032588958740e-01,2.103934586048126221e-01,2.290527522563934326e-01,1.590956747531890869e-02,-1.790250092744827271e-01,-1.309366971254348755e-01,2.501259148120880127e-01
1.071982607245445251e-01,1.667710393667221069e-01,-1.052088737487792969e-01,-2.463188171386718750e-01,-3.215912356972694397e-02,5.249258875846862793e-02,1.593895107507705688e-01,1.329243928194046021e-01,1.593895107507705688e-01,5.249258875846862793e-02,-3.215912356972694397e-02,-2.463188171386718750e-01,-1.052088737487792969e-01,1.667710393667221069e-01,1.071982607245445251e-01
-7.771421670913696289e-01
2.968749701976776123e-01,-6.072422116994857788e-02,-1.928438991308212280e-01,-3.673406690359115601e-02,2.263682037591934204e-01,1.752822697162628174e-01,1.664790064096450806e-01,9.050258249044418335e-02,1.664790064096450806e-01,1.752822697162628174e-01,2.263682037591934204e-01,-3.673406690359115601e-02,-1.928438991308212280e-01,-6.072422116994857788e-02,2.968749701976776123e-01
-7.544312626123428345e-02,2.769927680492401123e-01,-6.588956713676452637e-02,-2.218842357397079468e-01,-1.174016445875167847e-01,8.441527932882308960e-02,1.332210004329681396e-01,1.765147000551223755e-01,1.332210004329681396e-01,8.441527932882308960e-02,-1.174016445875167847e-01,-2.218842357397079468e-01,-6.588956713676452637e-02,2.769927680492401123e-01,-7.544312626123428345e-02
-8.814436793327331543e-01
1.913116425275802612e-01,9.747076779603958130e-02,-2.571910917758941650e-01,-5.067333579063415527e-02,1.878536343574523926e-01,2.238499820232391357e-01,1.415449231863021851e-01,1.271808296442031860e-01,1.415449231863021851e-01,2.238499820232391357e-01,1.878536343574523926e-01,-5.067333579063415527e-02,-2.571910917758941650e-01,9.747076779603958130e-02,1.913116425275802612e-01
-2.492066174745559692e-01,2.909270226955413818e-01,-1.620880514383316040e-02,-2.021079957485198975e-01,-1.777455806732177734e-01,6.960842013359069824e-02,9.742689877748489380e-02,1.844946593046188354e-01,9.742689877748489380e-02,6.960842013359069824e-02,-1.777455806732177734e-01,-2.021079957485198975e-01,-1.620880514383316040e-02,2.909270226955413818e-01,-2.492066174745559692e-01
-9.900165200233459473e-01
6.140283774584531784e-03,2.370391637086868286e-01,-2.821837663650512695e-01,-6.646773964166641235e-02,1.502858847379684448e-01,2.814118862152099609e-01,1.484761834144592285e-01,1.822118163108825684e-01,1.484761834144592285e-01,2.814118862152099609e-01,1.502858847379684448e-01,-6.646773964166641235e-02,-2.821837663650512695e-01,2.370391637086868286e-01,6.140283774584531784e-03
-2.812153995037078857e-01,1.981635838747024536e-01,9.058297425508499146e-02,-2.180317789316177368e-01,-1.811192184686660767e-01,3.258762136101722717e-02,1.132120192050933838e-01,1.589178442955017090e-01,1.132120192050933838e-01,3.258762136101722717e-02,-1.811192184686660767e-01,-2.180317789316177368e-01,9.058297425508499146e-02,1.981635838747024536e-01,-2.812153995037078857e-01
-1.102699279785156250e+00
-1.104225963354110718e-01,2.884678840637207031e-01,-2.527295947074890137e-01,-1.191784068942070007e-01,1.502346098423004150e-01,2.936913073062896729e-01,1.672363728284835815e-01,1.864973604679107666e-01,1.672363728284835815e-01,2.936913073062896729e-01,1.502346098423004150e-01,-1.191784068942070007e-01,-2.527295947074890137e-01,2.884678840637207031e-01,-1.104225963354110718e-01
-2.115550935268402100e-01,5.627024173736572266e-02,2.200915515422821045e-01,-2.188186794519424438e-01,-1.559217721223831177e-01,-1.358605083078145981e-02,1.442243009805679321e-01,1.272609531879425049e-01,1.442243009805679321e-01,-1.358605083078145981e-02,-1.559217721223831177e-01,-2.188186794519424438e-01,2.200915515422821045e-01,5.627024173736572266e-02,-2.115550935268402100e-01
-1.219347834587097168e+00
-1.586544811725616455e-01,2.781066000461578369e-01,-1.397975087165832520e-01,-2.036754935979843140e-01,1.473264545202255249e-01,2.705809772014617920e-01,2.117659151554107666e-01,1.751058697700500488e-01,2.117659151554107666e-01,2.705809772014617920e-01,1.473264545202255249e-01,-2.036754935979843140e-01,-1.397975087165832520e-01,2.781066000461578369e-01,-1.586544811725616455e-01
-1.032934784889221191e-01,-7.634620368480682373e-02,2.957206368446350098e-01,-2.238557338714599609e-01,-1.746183633804321289e-01,-4.354258254170417786e-02,1.701133102178573608e-01,1.232376694679260254e-01,1.701133102178573608e-01,-4.354258254170417786e-02,-1.746183633804321289e-01,-2.238557338714599609e-01,2.957206368446350098e-01,-7.634620368480682373e-02,-1.032934784889221191e-01
-1.339831829071044922e+00
-1.505764722824096680e-01,2.116985470056533813e-01,-1.389025524258613586e-02,-2.851741313934326172e-01,1.466256231069564819e-01,2.461777031421661377e-01,2.500366270542144775e-01,1.507855653762817383e-01,2.500366270542144775e-01,2.461777031421661377e-01,1.466256231069564819e-01,-2.851741313934326172e-01,-1.389025524258613586e-02,2.116985470056533813e-01,-1.505764722824096680e-01
-7.795748300850391388e-03,-1.639925539493560791e-01,3.196653127670288086e-01,-1.768574416637420654e-01,-2.093351185321807861e-01,-4.550623148679733276e-02,1.739539504051208496e-01,1.452433764934539795e-01,1.739539504051208496e-01,-4.550623148679733276e-02,-2.093351185321807861e-01,-1.768574416637420654e-01,3.196653127670288086e-01,-1.639925539493560791e-01,-7.795748300850391388e-03
-1.464033246040344238e+00
-1.153026074171066284e-01,1.090091690421104431e-01,9.081473201513290405e-02,-3.338035047054290771e-01,1.396529227495193481e-01,2.378931641578674316e-01,2.765637040138244629e-01,1.411029100418090820e-01,2.765637040138244629e-01,2.378931641578674316e-01,1.396529227495193481e-01,-3.338035047054290771e-01,9.081473201513290405e-02,1.090091690421104431e-01,-1.153026074171066284e-01
7.252272218465805054e-02,-2.015004605054855347e-01,2.850278913974761963e-01,-1.016972288489341736e-01,-2.534499466419219971e-01,-2.792260609567165375e-02,1.601958423852920532e-01,1.803961694240570068e-01,1.601958423852920532e-01,-2.792260609567165375e-02,-2.534499466419219971e-01,-1.016972288489341736e-01,2.850278913974761963e-01,-2.015004605054855347e-01,7.252272218465805054e-02
-1.591844081878662109e+00
-7.605864852666854858e-02,4.141891375184059143e-03,1.668199002742767334e-01,-3.429873585700988770e-01,1.125589013099670410e-01,2.443616539239883423e-01,2.810011804103851318e-01,1.429052501916885376e-01,2.810011804103851318e-01,2.443616539239883423e-01,1.125589013099670410e-01,-3.429873585700988770e-01,1.668199002742767334e-01,4.141891375184059143e-03,-7.605864852666854858e-02
1.200465187430381775e-01,-2.048361003398895264e-01,2.163644880056381226e-01,-1.342288870364427567e-02,-3.002932369709014893e-01,-1.466122269630432129e-02,1.382699906826019287e-01,2.182221114635467529e-01,1.382699906826019287e-01,-1.466122269630432129e-02,-3.002932369709014893e-01,-1.342288870364427567e-02,2.163644880056381226e-01,-2.048361003398895264e-01,1.200465187430381775e-01
-1.723165392875671387e+00
-2.821356989443302155e-02,-4.441650584340095520e-02,2.236947715282440186e-01,-3.313446342945098877e-01,5.476069450378417969e-02,2.598678767681121826e-01,2.731528580188751221e-01,1.617341786623001099e-01,2.731528580188751221e-01,2.598678767681121826e-01,5.476069450378417969e-02,-3.313446342945098877e-01,2.236947715282440186e-01,-4.441650584340095520e-02,-2.821356989443302155e-02
1.148510724306106567e-01,-1.833032667636871338e-01,1.457457095384597778e-01,7.926636934280395508e-02,-3.348713815212249756e-01,-8.296906948089599609e-03,1.163222491741180420e-01,2.452725470066070557e-01,1.163222491741180420e-01,-8.296906948089599609e-03,-3.348713815212249756e-01,7.926636934280395508e-02,1.457457095384597778e-01,-1.833032667636871338e-01,1.148510724306106567e-01
-1.857905864715576172e+00
-6.954385899007320404e-04,-1.001741066575050354e-01,2.417922019958496094e-01,-2.870909571647644043e-01,-3.942588344216346741e-03,2.848031222820281982e-01,2.570101320743560791e-01,1.870635896921157837e-01,2.570101320743560791e-01,2.848031222820281982e-01,-3.942588344216346741e-03,-2.870909571647644043e-01,2.417922019958496094e-01,-1.001741066575050354e-01,-6.954385899007320404e-04
1.204117611050605774e-01,-1.442086696624755859e-01,6.444894522428512573e-02,1.486223191022872925e-01,-3.557612597942352295e-01,-1.271925121545791626e-02,1.065478697419166565e-01,2.636853158473968506e-01,1.065478697419166565e-01,-1.271925121545791626e-02,-3.557612597942352295e-01,1.486223191022872925e-01,6.444894522428512573e-02,-1.442086696624755859e-01,1.204117611050605774e-01
-1.995981097221374512e+00
1.608616672456264496e-02,-1.298222243785858154e-01,2.358493953943252563e-01,-2.320050597190856934e-01,-6.686314940452575684e-02,3.094599843025207520e-01,2.378841638565063477e-01,2.130578905344009399e-01,2.378841638565063477e-01,3.094599843025207520e-01,-6.686314940452575684e-02,-2.320050597190856934e-01,2.358493953943252563e-01,-1.298222243785858154e-01,1.608616672456264496e-02
1.080766692757606506e-01,-1.027792766690254211e-01,-1.187216723337769508e-03,2.031145393848419189e-01,-3.608285188674926758e-01,-3.200955688953399658e-02,1.065212190151214600e-01,2.712270021438598633e-01,1.065212190151214600e-01,-3.200955688953399658e-02,-3.608285188674926758e-01,2.031145393848419189e-01,-1.187216723337769508e-03,-1.027792766690254211e-01,1.080766692757606506e-01
-2.137312412261962891e+00
2.807547897100448608e-02,-1.038162186741828918e-01,2.327883243560791016e-01,-1.827539205551147461e-01,-1.404518485069274902e-01,3.297313451766967773e-01,2.234348505735397339e-01,2.373581230640411377e-01,2.234348505735397339e-01,3.297313451766967773e-01,-1.404518485069274902e-01,-1.827539205551147461e-01,2.327883243560791016e-01,-1.038162186741828918e-01,2.807547897100448608e-02
5.832203105092048645e-02,-7.467755675315856934e-02,-4.070970416069030762e-02,2.530652284622192383e-01,-3.475591540336608887e-01,-6.455123424530029297e-02,1.110090985894203186e-01,2.669103145599365234e-01,1.110090985894203186e-01,-6.455123424530029297e-02,-3.475591540336608887e-01,2.530652284622192383e-01,-4.070970416069030762e-02,-7.467755675315856934e-02,5.832203105092048645e-02
-2.281826257705688477e+00
2.697592042386531830e-02,-9.985737502574920654e-02,2.075363993644714355e-01,-1.224664673209190369e-01,-1.954938173294067383e-01,3.452523052692413330e-01,2.139005213975906372e-01,2.548304498195648193e-01,2.139005213975906372e-01,3.452523052692413330e-01,-1.954938173294067383e-01,-1.224664673209190369e-01,2.075363993644714355e-01,-9.985737502574920654e-02,2.697592042386531830e-02
3.972673043608665466e-02,-4.458966106176376343e-02,-7.889228314161300659e-02,2.738988697528839111e-01,-3.230007290840148926e-01,-1.027426645159721375e-01,1.235682293772697449e-01,2.570101618766784668e-01,1.235682293772697449e-01,-1.027426645159721375e-01,-3.230007290840148926e-01,2.738988697528839111e-01,-7.889228314161300659e-02,-4.458966106176376343e-02,3.972673043608665466e-02
-2.429454565048217773e+00
2.015091292560100555e-02,-8.376321196556091309e-02,1.801316589117050171e-01,-6.800322234630584717e-02,-2.421360313892364502e-01,3.533537685871124268e-01,2.114319503307342529e-01,2.668919861316680908e-01,2.114319503307342529e-01,3.533537685871124268e-01,-2.421360313892364502e-01,-6.800322234630584717e-02,1.801316589117050171e-01,-8.376321196556091309e-02,2.015091292560100555e-02
1.775800809264183044e-02,-2.283655107021331787e-02,-1.001493111252784729e-01,2.836717069149017334e-01,-2.890352606773376465e-01,-1.454124152660369873e-01,1.396869570016860962e-01,2.436487674713134766e-01,1.396869570016860962e-01,-1.454124152660369873e-01,-2.890352606773376465e-01,2.836717069149017334e-01,-1.001493111252784729e-01,-2.283655107021331787e-02,1.775800809264183044e-02
-2.580132961273193359e+00
1.445871442556381226e-01,-1.509463340044021606e-01,-1.733931899070739746e-01,8.933681249618530273e-02,1.888632327318191528e-01,2.251125872135162354e-01,1.333532929420471191e-01,1.387082785367965698e-01,1.333532929420471191e-01,2.251125872135162354e-01,1.888632327318191528e-01,8.933681249618530273e-02,-1.733931899070739746e-01,-1.509463340044021606e-01,1.445871442556381226e-01
1.540181487798690796e-01,1.301232576370239258e-01,-1.387514770030975342e-01,-2.256480455398559570e-01,-1.523203682154417038e-02,6.233609467744827271e-02,1.580383479595184326e-01,1.403971016407012939e-01,1.580383479595184326e-01,6.233609467744827271e-02,-1.523203682154417038e-02,-2.256480455398559570e-01,-1.387514770030975342e-01,1.301232576370239258e-01,1.540181487798690796e-01
-3.271071612834930420e-01
-1.160621643066406250e-01,-1.558081805706024170e-01,8.412533253431320190e-02,1.255594938993453979e-01,1.553279012441635132e-01,1.570945978164672852e-01,1.693703979253768921e-01,1.076671853661537170e-01,1.693703979253768921e-01,1.570945978164672852e-01,1.553279012441635132e-01,1.255594938993453979e-01,8.412533253431320190e-02,-1.558081805706024170e-01,-1.160621643066406250e-01
-6.209759507328271866e-03,-2.074338644742965698e-01,-2.003708779811859131e-01,-6.849129498004913330e-02,-5.250415299087762833e-03,8.191981911659240723e-02,1.024202406406402588e-01,1.321551501750946045e-01,1.024202406406402588e-01,8.191981911659240723e-02,-5.250415299087762833e-03,-6.849129498004913330e-02,-2.003708779811859131e-01,-2.074338644742965698e-01,-6.209759507328271866e-03
-4.067060351371765137e-01
-1.277328729629516602e-01,-2.263967841863632202e-01,5.562079139053821564e-03,1.612166166305541992e-01,1.552451997995376587e-01,1.698110848665237427e-01,1.326882839202880859e-01,1.195205301046371460e-01,1.326882839202880859e-01,1.698110848665237427e-01,1.552451997995376587e-01,1.612166166305541992e-01,5.562079139053821564e-03,-2.263967841863632202e-01,-1.277328729629516602e-01
1.239034682512283325e-01,-1.325318068265914917e-01,-1.605047881603240967e-01,-1.120698302984237671e-01,3.037690185010433197e-02,4.969228059053421021e-02,1.388283222913742065e-01,1.227394640445709229e-01,1.388283222913742065e-01,4.969228059053421021e-02,3.037690185010433197e-02,-1.120698302984237671e-01,-1.605047881603240967e-01,-1.325318068265914917e-01,1.239034682512283325e-01
-4.918165504932403564e-01
8.041490800678730011e-03,-2.586023211479187012e-01,-5.216156691312789917e-02,1.261057555675506592e-01,1.908423900604248047e-01,1.595505625009536743e-01,1.592835038900375366e-01,1.181875988841056824e-01,1.592835038900375366e-01,1.595505625009536743e-01,1.908423900604248047e-01,1.261057555675506592e-01,-5.216156691312789917e-02,-2.586023211479187012e-01,8.041490800678730011e-03
1.349463909864425659e-01,3.991790488362312317e-02,-2.140282243490219116e-01,-1.308421939611434937e-01,-3.268879279494285583e-02,7.300534099340438843e-02,8.693253248929977417e-02,1.538809537887573242e-01,8.693253248929977417e-02,7.300534099340438843e-02,-3.268879279494285583e-02,-1.308421939611434937e-01,-2.140282243490219116e-01,3.991790488362312317e-02,1.349463909864425659e-01
-5.821056365966796875e-01
7.946830242872238159e-02,-1.804992705583572388e-01,-1.636318564414978027e-01,1.235075816512107849e-01,1.738217324018478394e-01,2.236118763685226440e-01,1.394384801387786865e-01,1.668919026851654053e-01,1.394384801387786865e-01,2.236118763685226440e-01,1.738217324018478394e-01,1.235075816512107849e-01,-1.636318564414978027e-01,-1.804992705583572388e-01,7.946830242872238159e-02
1.609814912080764771e-01,1.238856762647628784e-01,-1.706703305244445801e-01,-2.034072130918502808e-01,-3.202845901250839233e-02,5.977122113108634949e-02,1.224219128489494324e-01,1.395940929651260376e-01,1.224219128489494324e-01,5.977122113108634949e-02,-3.202845901250839233e-02,-2.034072130918502808e-01,-1.706703305244445801e-01,1.238856762647628784e-01,1.609814912080764771e-01
-6.772937774658203125e-01
2.365067601203918457e-01,-1.444654017686843872e-01,-1.562249511480331421e-01,3.750231862068176270e-02,1.864058971405029297e-01,1.685146391391754150e-01,1.795967668294906616e-01,1.496271342039108276e-01,1.795967668294906616e-01,1.685146391391754150e-01,1.864058971405029297e-01,3.750231862068176270e-02,-1.562249511480331421e-01,-1.444654017686843872e-01,2.365067601203918457e-01
1.041032150387763977e-01,1.906945109367370605e-01,-8.242928236722946167e-02,-2.444277554750442505e-01,-3.621869906783103943e-02,4.640046134591102600e-02,1.433586627244949341e-01,1.142079010605812073e-01,1.433586627244949341e-01,4.640046134591102600e-02,-3.621869906783103943e-02,-2.444277554750442505e-01,-8.242928236722946167e-02,1.906945109367370605e-01,1.041032150387763977e-01
-7.771421670913696289e-01
2.867735028266906738e-01,-6.836431473493576050e-02,-1.822653561830520630e-01,-2.549027279019355774e-02,2.133659273386001587e-01,1.594310551881790161e-01,1.678666174411773682e-01,1.009631752967834473e-01,1.678666174411773682e-01,1.594310551881790161e-01,2.133659273386001587e-01,-2.549027279019355774e-02,-1.822653561830520630e-01,-6.836431473493576050e-02,2.867735028266906738e-01
-8.491504192352294922e-02,2.865650951862335205e-01,-5.696306377649307251e-02,-2.225404977798461914e-01,-1.181460991501808167e-01,8.834326267242431641e-02,1.238906085491180420e-01,1.642731726169586182e-01,1.238906085491180420e-01,8.834326267242431641e-02,-1.181460991501808167e-01,-2.225404977798461914e-01,-5.696306377649307251e-02,2.865650951862335205e-01,-8.491504192352294922e-02
-8.814436793327331543e-01
1.795289814472198486e-01,8.520141243934631348e-02,-2.565427720546722412e-01,-4.940873011946678162e-02,1.819108277559280396e-01,2.247693836688995361e-01,1.557469666004180908e-01,1.445593535900115967e-01,1.557469666004180908e-01,2.247693836688995361e-01,1.819108277559280396e-01,-4.940873011946678162e-02,-2.565427720546722412e-01,8.520141243934631348e-02,1.795289814472198486e-01
-2.492137253284454346e-01,2.967871129512786865e-01,-1.696556806564331055e-02,-2.058106809854507446e-01,-1.756975203752517700e-01,7.479873299598693848e-02,9.070213139057159424e-02,1.759440451860427856e-01,9.070213139057159424e-02,7.479873299598693848e-02,-1.756975203752517700e-01,-2.058106809854507446e-01,-1.696556806564331055e-02,2.967871129512786865e-01,-2.492137253284454346e-01
-9.900165200233459473e-01
5.029333289712667465e-03,2.335504889488220215e-01,-2.840628325939178467e-01,-6.498969346284866333e-02,1.530245095491409302e-01,2.802589535713195801e-01,1.449975073337554932e-01,1.788763701915740967e-01,1.449975073337554932e-01,2.802589535713195801e-01,1.530245095491409302e-01,-6.498969346284866333e-02,-2.840628325939178467e-01,2.335504889488220215e-01,5.029333289712667465e-03
-2.829147279262542725e-01,1.969671100378036499e-01,9.030353277921676636e-02,-2.192639112472534180e-01,-1.829936355352401733e-01,3.252143785357475281e-02,1.176607236266136169e-01,1.625354886054992676e-01,1.176607236266136169e-01,3.252143785357475281e-02,-1.829936355352401733e-01,-2.192639112472534180e-01,9.030353277921676636e-02,1.969671100378036499e-01,-2.829147279262542725e-01
-1.102699279785156250e+00
-1.221245378255844116e-01,2.795971632003784180e-01,-2.514398992061614990e-01,-1.131731569766998291e-01,1.568693667650222778e-01,2.959190011024475098e-01,1.668896079063415527e-01,1.850774884223937988e-01,1.668896079063415527e-01,2.959190011024475098e-01,1.568693667650222778e-01,-1.131731569766998291e-01,-2.514398992061614990e-01,2.795971632003784180e-01,-1.221245378255844116e-01
-2.212800532579421997e-01,4.975552484393119812e-02,2.198802828788757324e-01,-2.179996967315673828e-01,-1.569578945636749268e-01,-1.745422184467315674e-02,1.376378685235977173e-01,1.217450946569442749e-01,1.376378685235977173e-01,-1.745422184467315674e-02,-1.569578945636749268e-01,-2.179996967315673828e-01,2.198802828788757324e-01,4.975552484393119812e-02,-2.212800532579421997e-01
-1.219347834587097168e+00
-1.595108211040496826e-01,2.775872945785522461e-01,-1.414355039596557617e-01,-2.047801166772842407e-01,1.442533135414123535e-01,2.661361992359161377e-01,2.085688561201095581e-01,1.735198646783828735e-01,2.085688561201095581e-01,2.661361992359161377e-01,1.442533135414123535e-01,-2.047801166772842407e-01,-1.414355039596557617e-01,2.775872945785522461e-01,-1.595108211040496826e-01
-1.003255844116210938e-01,-7.438939064741134644e-02,2.912652194499969482e-01,-2.268437296152114868e-01,-1.718120574951171875e-01,-3.800351917743682861e-02,1.715841889381408691e-01,1.226694509387016296e-01,1.715841889381408691e-01,-3.800351917743682861e-02,-1.718120574951171875e-01,-2.268437296152114868e-01,2.912652194499969482e-01,-7.438939064741134644e-02,-1.003255844116210938e-01
-1.339831829071044922e+00
-1.581643819808959961e-01,1.922014951705932617e-01,-2.173597738146781921e-02,-2.799418568611145020e-01,1.547228693962097168e-01,2.476822882890701294e-01,2.525948882102966309e-01,1.546520292758941650e-01,2.525948882102966309e-01,2.476822882890701294e-01,1.547228693962097168e-01,-2.799418568611145020e-01,-2.173597738146781921e-02,1.922014951705932617e-01,-1.581643819808959961e-01
5.669387988746166229e-03,-1.634697467088699341e-01,3.128198087215423584e-01,-1.789903640747070312e-01,-2.050590664148330688e-01,-3.972414508461952209e-02,1.745920032262802124e-01,1.439843028783798218e-01,1.745920032262802124e-01,-3.972414508461952209e-02,-2.050590664148330688e-01,-1.789903640747070312e-01,3.128198087215423584e-01,-1.634697467088699341e-01,5.669387988746166229e-03
-1.464033246040344238e+00
-1.157859414815902710e-01,1.099659055471420288e-01,9.499620646238327026e-02,-3.312586843967437744e-01,1.363596618175506592e-01,2.307084351778030396e-01,2.703607380390167236e-01,1.368262022733688354e-01,2.703607380390167236e-01,2.307084351778030396e-01,1.363596618175506592e-01,-3.312586843967437744e-01,9.499620646238327026e-02,1.099659055471420288e-01,-1.157859414815902710e-01
6.716273725032806396e-02,-2.026079744100570679e-01,2.882333397865295410e-01,-9.933407604694366455e-02,-2.557564675807952881e-01,-3.268925845623016357e-02,1.585693657398223877e-01,1.804762035608291626e-01,1.585693657398223877e-01,-3.268925845623016357e-02,-2.557564675807952881e-01,-9.933407604694366455e-02,2.882333397865295410e-01,-2.026079744100570679e-01,6.716273725032806396e-02
-1.591844081878662109e+00
-7.640236616134643555e-02,1.021218951791524887e-02,1.698079407215118408e-01,-3.456371724605560303e-01,1.083560511469841003e-01,2.410192489624023438e-01,2.794232070446014404e-01,1.424672603607177734e-01,2.794232070446014404e-01,2.410192489624023438e-01,1.083560511469841003e-01,-3.456371724605560303e-01,1.698079407215118408e-01,1.021218951791524887e-02,-7.640236616134643555e-02
1.121032759547233582e-01,-2.034794390201568604e-01,2.191982269287109375e-01,-1.488362811505794525e-02,-3.029371798038482666e-01,-1.630166172981262207e-02,1.350059658288955688e-01,2.149416953325271606e-01,1.350059658288955688e-01,-1.630166172981262207e-02,-3.029371798038482666e-01,-1.488362811505794525e-02,2.191982269287109375e-01,-2.034794390201568604e-01,1.121032759547233582e-01
-1.723165392875671387e+00
-2.826236188411712646e-02,-3.847742453217506409e-02,2.253665328025817871e-01,-3.324616253376007080e-01,5.518127605319023132e-02,2.588127851486206055e-01,2.696869075298309326e-01,1.580241769552230835e-01,2.696869075298309326e-01,2.588127851486206055e-01,5.518127605319023132e-02,-3.324616253376007080e-01,2.253665328025817871e-01,-3.847742453217506409e-02,-2.826236188411712646e-02
9.883368015289306641e-02,-1.804946064949035645e-01,1.586209535598754883e-01,8.525846153497695923e-02,-3.398053050041198730e-01,-1.664411462843418121e-02,1.081381887197494507e-01,2.403704971075057983e-01,1.081381887197494507e-01,-1.664411462843418121e-02,-3.398053050041198730e-01,8.525846153497695923e-02,1.586209535598754883e-01,-1.804946064949035645e-01,9.883368015289306641e-02
-1.857905864715576172e+00
-5.731879355153068900e-05,-8.667186647653579712e-02,2.458219379186630249e-01,-2.950046360492706299e-01,-1.256390567868947983e-02,2.819198369979858398e-01,2.564035654067993164e-01,1.868670135736465454e-01,2.564035654067993164e-01,2.819198369979858398e-01,-1.256390567868947983e-02,-2.950046360492706299e-01,2.458219379186630249e-01,-8.667186647653579712e-02,-5.731879355153068900e-05
1.109992116689682007e-01,-1.469705104827880859e-01,6.481394916772842407e-02,1.494886875152587891e-01,-3.527518212795257568e-01,-8.565844036638736725e-03,1.053669527173042297e-01,2.601380646228790283e-01,1.053669527173042297e-01,-8.565844036638736725e-03,-3.527518212795257568e-01,1.494886875152587891e-01,6.481394916772842407e-02,-1.469705104827880859e-01,1.109992116689682007e-01
-1.995981097221374512e+00
1.797732524573802948e-02,-1.110645160079002380e-01,2.449011504650115967e-01,-2.391140311956405640e-01,-7.625960558652877808e-02,3.060665428638458252e-01,2.375937104225158691e-01,2.132962793111801147e-01,2.375937104225158691e-01,3.060665428638458252e-01,-7.625960558652877808e-02,-2.391140311956405640e-01,2.449011504650115967e-01,-1.110645160079002380e-01,1.797732524573802948e-02
9.547669440507888794e-02,-1.064933910965919495e-01,1.111587625928223133e-03,2.078482359647750854e-01,-3.569521605968475342e-01,-2.953731454908847809e-02,1.033236533403396606e-01,2.670119106769561768e-01,1.033236533403396606e-01,-2.953731454908847809e-02,-3.569521605968475342e-01,2.078482359647750854e-01,1.111587625928223133e-03,-1.064933910965919495e-01,9.547669440507888794e-02
-2.137312412261962891e+00
2.435783110558986664e-02,-1.101089864969253540e-01,2.288370877504348755e-01,-1.829863190650939941e-01,-1.375133395195007324e-01,3.320364356040954590e-01,2.234633415937423706e-01,2.366164475679397583e-01,2.234633415937423706e-01,3.320364356040954590e-01,-1.375133395195007324e-01,-1.829863190650939941e-01,2.288370877504348755e-01,-1.101089864969253540e-01,2.435783110558986664e-02
6.200079992413520813e-02,-7.317136228084564209e-02,-4.329299554228782654e-02,2.499512732028961182e-01,-3.469351828098297119e-01,-6.309691816568374634e-02,1.070036590099334717e-01,2.619148790836334229e-01,1.070036590099334717e-01,-6.309691816568374634e-02,-3.469351828098297119e-01,2.499512732028961182e-01,-4.329299554228782654e-02,-7.317136228084564209e-02,6.200079992413520813e-02
-2.281826257705688477e+00
2.440655045211315155e-02,-1.033205166459083557e-01,2.053995579481124878e-01,-1.228177323937416077e-01,-1.941965222358703613e-01,3.455747663974761963e-01,2.124301344156265259e-01,2.529315054416656494e-01,2.124301344156265259e-01,3.455747663974761963e-01,-1.941965222358703613e-01,-1.228177323937416077e-01,2.053995579481124878e-01,-1.033205166459083557e-01,2.440655045211315155e-02
4.250307008624076843e-02,-4.400061815977096558e-02,-8.150300383567810059e-02,2.718390524387359619e-01,-3.219063580036163330e-01,-1.015636250376701355e-01,1.195141226053237915e-01,2.523747980594635010e-01,1.195141226053237915e-01,-1.015636250376701355e-01,-3.219063580036163330e-01,2.718390524387359619e-01,-8.150300383567810059e-02,-4.400061815977096558e-02,4.250307008624076843e-02
-2.429454565048217773e+00
1.842494122684001923e-02,-8.985250443220138550e-02,1.772295832633972168e-01,-6.658748537302017212e-02,-2.393258512020111084e-01,3.540344238281250000e-01,2.099716514348983765e-01,2.649312913417816162e-01,2.099716514348983765e-01,3.540344238281250000e-01,-2.393258512020111084e-01,-6.658748537302017212e-02,1.772295832633972168e-01,-8.985250443220138550e-02,1.842494122684001923e-02
2.470761537551879883e-02,-2.133290283381938934e-02,-1.050534620881080627e-01,2.809482514858245850e-01,-2.871073484420776367e-01,-1.436506807804107666e-01,1.361352801322937012e-01,2.394440323114395142e-01,1.361352801322937012e-01,-1.436506807804107666e-01,-2.871073484420776367e-01,2.809482514858245850e-01,-1.050534620881080627e-01,-2.133290283381938934e-02,2.470761537551879883e-02
-2.580132961273193359e+00
1.412383764982223511e-01,-1.648635268211364746e-01,-1.666182279586791992e-01,1.117092594504356384e-01,1.838601380586624146e-01,2.114292234182357788e-01,1.450658589601516724e-01,1.626506596803665161e-01,1.450658589601516724e-01,2.114292234182357788e-01,1.838601380586624146e-01,1.117092594504356384e-01,-1.666182279586791992e-01,-1.648635268211364746e-01,1.412383764982223511e-01
1.558736115694046021e-01,1.401883810758590698e-01,-1.239000186324119568e-01,-2.220124900341033936e-01,-2.066795714199542999e-02,6.116522476077079773e-02,1.636125743389129639e-01,1.453491449356079102e-01,1.636125743389129639e-01,6.116522476077079773e-02,-2.066795714199542999e-02,-2.220124900341033936e-01,-1.239000186324119568e-01,1.401883810758590698e-01,1.558736115694046021e-01
-3.271071612834930420e-01
-1.243069842457771301e-01,-1.551017612218856812e-01,9.468445181846618652e-02,1.288852244615554810e-01,1.487316638231277466e-01,1.497451961040496826e-01,1.709442436695098877e-01,1.136863604187965393e-01,1.709442436695098877e-01,1.497451961040496826e-01,1.487316638231277466e-01,1.288852244615554810e-01,9.468445181846618652e-02,-1.551017612218856812e-01,-1.243069842457771301e-01
-1.054405607283115387e-02,-1.982146501541137695e-01,-2.011641561985015869e-01,-7.756656408309936523e-02,-1.890717307105660439e-03,9.222541004419326782e-02,1.003314405679702759e-01,1.211440563201904297e-01,1.003314405679702759e-01,9.222541004419326782e-02,-1.890717307105660439e-03,-7.756656408309936523e-02,-2.011641561985015869e-01,-1.982146501541137695e-01,-1.054405607283115387e-02
-4.067060351371765137e-01
-1.325301826000213623e-01,-2.259566187858581543e-01,7.048427592962980270e-03,1.640871167182922363e-01,1.652274727821350098e-01,1.831762641668319702e-01,1.408345401287078857e-01,1.203224360942840576e-01,1.408345401287078857e-01,1.831762641668319702e-01,1.652274727821350098e-01,1.640871167182922363e-01,7.048427592962980270e-03,-2.259566187858581543e-01,-1.325301826000213623e-01
1.320243477821350098e-01,-1.129771173000335693e-01,-1.695502251386642456e-01,-1.393715739250183105e-01,1.740839891135692596e-02,5.700284242630004883e-02,1.480351835489273071e-01,1.255712062120437622e-01,1.480351835489273071e-01,5.700284242630004883e-02,1.740839891135692596e-02,-1.393715739250183105e-01,-1.695502251386642456e-01,-1.129771173000335693e-01,1.320243477821350098e-01
-4.918165504932403564e-01
1.996057294309139252e-02,-2.696133553981781006e-01,-6.615655124187469482e-02,1.372870951890945435e-01,2.004391849040985107e-01,1.535351276397705078e-01,1.538245975971221924e-01,1.187349110841751099e-01,1.538245975971221924e-01,1.535351276397705078e-01,2.004391849040985107e-01,1.372870951890945435e-01,-6.615655124187469482e-02,-2.696133553981781006e-01,1.996057294309139252e-02
1.379100680351257324e-01,3.099237196147441864e-02,-2.198487371206283569e-01,-1.288132965564727783e-01,-2.810041978955268860e-02,8.024613559246063232e-02,1.058449000120162964e-01,1.746153235435485840e-01,1.058449000120162964e-01,8.024613559246063232e-02,-2.810041978955268860e-02,-1.288132965564727783e-01,-2.198487371206283569e-01,3.099237196147441864e-02,1.379100680351257324e-01
-5.821056365966796875e-01
8.039989322423934937e-02,-1.749753654003143311e-01,-1.533466577529907227e-01,1.280443519353866577e-01,1.630479395389556885e-01,2.091743648052215576e-01,1.322201192378997803e-01,1.658543944358825684e-01,1.322201192378997803e-01,2.091743648052215576e-01,1.630479395389556885e-01,1.280443519353866577e-01,-1.533466577529907227e-01,-1.749753654003143311e-01,8.039989322423934937e-02
1.682224720716476440e-01,1.291765123605728149e-01,-1.645332127809524536e-01,-1.971981376409530640e-01,-3.023794665932655334e-02,6.132779270410537720e-02,1.309176534414291382e-01,1.487810909748077393e-01,1.309176534414291382e-01,6.132779270410537720e-02,-3.023794665932655334e-02,-1.971981376409530640e-01,-1.645332127809524536e-01,1.291765123605728149e-01,1.682224720716476440e-01
-6.772937774658203125e-01
2.483692914247512817e-01,-1.366972178220748901e-01,-1.714344024658203125e-01,2.613460086286067963e-02,2.161385715007781982e-01,1.928761750459671021e-01,1.557554155588150024e-01,1.067213937640190125e-01,1.557554155588150024e-01,1.928761750459671021e-01,2.161385715007781982e-01,2.613460086286067963e-02,-1.714344024658203125e-01,-1.366972178220748901e-01,2.483692914247512817e-01
9.909300506114959717e-02,1.717870384454727173e-01,-9.292642027139663696e-02,-2.431722730398178101e-01,-3.616588562726974487e-02,5.014915019273757935e-02,1.576610505580902100e-01,1.306471675634384155e-01,1.576610505580902100e-01,5.014915019273757935e-02,-3.616588562726974487e-02,-2.431722730398178101e-01,-9.292642027139663696e-02,1.717870384454727173e-01,9.909300506114959717e-02
-7.771421670913696289e-01
2.767479419708251953e-01,-7.987121492624282837e-02,-1.867306977510452271e-01,-2.253396064043045044e-02,2.196592390537261963e-01,1.678034216165542603e-01,1.763112246990203857e-01,1.082581728696823120e-01,1.763112246990203857e-01,1.678034216165542603e-01,2.196592390537261963e-01,-2.253396064043045044e-02,-1.867306977510452271e-01,-7.987121492624282837e-02,2.767479419708251953e-01
-9.108061343431472778e-02,2.791483402252197266e-01,-5.847821012139320374e-02,-2.161027938127517700e-01,-1.105531826615333557e-01,8.830851316452026367e-02,1.127113550901412964e-01,1.538805514574050903e-01,1.127113550901412964e-01,8.830851316452026367e-02,-1.105531826615333557e-01,-2.161027938127517700e-01,-5.847821012139320374e-02,2.791483402252197266e-01,-9.108061343431472778e-02
-8.814436793327331543e-01
1.776021420955657959e-01,8.576265722513198853e-02,-2.508051693439483643e-01,-4.570471867918968201e-02,1.755114644765853882e-01,2.185955792665481567e-01,1.571087837219238281e-01,1.500334739685058594e-01,1.571087837219238281e-01,2.185955792665481567e-01,1.755114644765853882e-01,-4.570471867918968201e-02,-2.508051693439483643e-01,8.576265722513198853e-02,1.776021420955657959e-01
-2.519954144954681396e-01,2.988820970058441162e-01,-1.387863699346780777e-02,-2.060479074716567993e-01,-1.767425090074539185e-01,7.818695157766342163e-02,9.448736160993576050e-02,1.782770901918411255e-01,9.448736160993576050e-02,7.818695157766342163e-02,-1.767425090074539185e-01,-2.060479074716567993e-01,-1.387863699346780777e-02,2.988820970058441162e-01,-2.519954144954681396e-01
-9.900165200233459473e-01
-5.003828089684247971e-03,2.352285236120223999e-01,-2.701642513275146484e-01,-6.007130816578865051e-02,1.378833204507827759e-01,2.673440873622894287e-01,1.437952518463134766e-01,1.839095205068588257e-01,1.437952518463134766e-01,2.673440873622894287e-01,1.378833204507827759e-01,-6.007130816578865051e-02,-2.701642513275146484e-01,2.352285236120223999e-01,-5.003828089684247971e-03
-2.721484005451202393e-01,2.060929834842681885e-01,9.060385078191757202e-02,-2.192340344190597534e-01,-1.745450496673583984e-01,4.610811918973922729e-02,1.136898621916770935e-01,1.547962129116058350e-01,1.136898621916770935e-01,4.610811918973922729e-02,-1.745450496673583984e-01,-2.192340344190597534e-01,9.060385078191757202e-02,2.060929834842681885e-01,-2.721484005451202393e-01
-1.102699279785156250e+00
-1.260660737752914429e-01,2.923521697521209717e-01,-2.343565523624420166e-01,-1.152765899896621704e-01,1.366924792528152466e-01,2.829815149307250977e-01,1.663493961095809937e-01,1.895917505025863647e-01,1.663493961095809937e-01,2.829815149307250977e-01,1.366924792528152466e-01,-1.152765899896621704e-01,-2.343565523624420166e-01,2.923521697521209717e-01,-1.260660737752914429e-01
-2.073926031589508057e-01,5.981917679309844971e-02,2.146003991365432739e-01,-2.296143919229507446e-01,-1.599631756544113159e-01,-7.198916748166084290e-03,1.473673135042190552e-01,1.265604645013809204e-01,1.473673135042190552e-01,-7.198916748166084290e-03,-1.599631756544113159e-01,-2.296143919229507446e-01,2.146003991365432739e-01,5.981917679309844971e-02,-2.073926031589508057e-01
-1.219347834587097168e+00
-1.673213690519332886e-01,2.688769996166229248e-01,-1.384361982345581055e-01,-1.976179927587509155e-01,1.505067795515060425e-01,2.677327692508697510e-01,2.088696658611297607e-01,1.733721345663070679e-01,2.088696658611297607e-01,2.677327692508697510e-01,1.505067795515060425e-01,-1.976179927587509155e-01,-1.384361982345581055e-01,2.688769996166229248e-01,-1.673213690519332886e-01
-9.948369860649108887e-02,-7.322608679533004761e-02,2.946515679359436035e-01,-2.208957374095916748e-01,-1.658849716186523438e-01,-3.299227356910705566e-02,1.701895892620086670e-01,1.197899430990219116e-01,1.701895892620086670e-01,-3.299227356910705566e-02,-1.658849716186523438e-01,-2.208957374095916748e-01,2.946515679359436035e-01,-7.322608679533004761e-02,-9.948369860649108887e-02
-1.339831829071044922e+00
-1.591285616159439087e-01,2.077049762010574341e-01,-7.903952151536941528e-03,-2.806633114814758301e-01,1.442867517471313477e-01,2.404187172651290894e-01,2.466715574264526367e-01,1.494421660900115967e-01,2.466715574264526367e-01,2.404187172651290894e-01,1.442867517471313477e-01,-2.806633114814758301e-01,-7.903952151536941528e-03,2.077049762010574341e-01,-1.591285616159439087e-01
-1.924259588122367859e-03,-1.632053852081298828e-01,3.135874867439270020e-01,-1.821874976158142090e-01,-2.081989198923110962e-01,-3.950683400034904480e-02,1.770247668027877808e-01,1.453357040882110596e-01,1.770247668027877808e-01,-3.950683400034904480e-02,-2.081989198923110962e-01,-1.821874976158142090e-01,3.135874867439270020e-01,-1.632053852081298828e-01,-1.924259588122367859e-03
-1.464033246040344238e+00
-1.242167502641677856e-01,9.653002023696899414e-02,9.045747667551040649e-02,-3.276045918464660645e-01,1.433856487274169922e-01,2.365798503160476685e-01,2.750739157199859619e-01,1.405309289693832397e-01,2.750739157199859619e-01,2.365798503160476685e-01,1.433856487274169922e-01,-3.276045918464660645e-01,9.045747667551040649e-02,9.653002023696899414e-02,-1.242167502641677856e-01
7.911063730716705322e-02,-2.015513032674789429e-01,2.794831395149230957e-01,-1.018202528357505798e-01,-2.478519678115844727e-01,-2.426605671644210815e-02,1.539713442325592041e-01,1.738511323928833008e-01,1.539713442325592041e-01,-2.426605671644210815e-02,-2.478519678115844727e-01,-1.018202528357505798e-01,2.794831395149230957e-01,-2.015513032674789429e-01,7.911063730716705322e-02
-1.591844081878662109e+00
-7.881040126085281372e-02,1.118493266403675079e-02,1.739597767591476440e-01,-3.431575596332550049e-01,1.080273538827896118e-01,2.397715598344802856e-01,2.779339849948883057e-01,1.410930305719375610e-01,2.779339849948883057e-01,2.397715598344802856e-01,1.080273538827896118e-01,-3.431575596332550049e-01,1.739597767591476440e-01,1.118493266403675079e-02,-7.881040126085281372e-02
1.151335313916206360e-01,-2.029534876346588135e-01,2.178407013416290283e-01,-1.284025050699710846e-02,-2.981299459934234619e-01,-1.237837690860033035e-02,1.332698613405227661e-01,2.121789157390594482e-01,1.332698613405227661e-01,-1.237837690860033035e-02,-2.981299459934234619e-01,-1.284025050699710846e-02,2.178407013416290283e-01,-2.029534876346588135e-01,1.151335313916206360e-01
-1.723165392875671387e+00
-3.382274881005287170e-02,-4.189063608646392822e-02,2.291897982358932495e-01,-3.302697539329528809e-01,5.243714153766632080e-02,2.570655345916748047e-01,2.711167037487030029e-01,1.605363041162490845e-01,2.711167037487030029e-01,2.570655345916748047e-01,5.243714153766632080e-02,-3.302697539329528809e-01,2.291897982358932495e-01,-4.189063608646392822e-02,-3.382274881005287170e-02
1.122116595506668091e-01,-1.810112744569778442e-01,1.444593369960784912e-01,7.557551562786102295e-02,-3.339743018150329590e-01,-3.534208051860332489e-03,1.141393780708312988e-01,2.401481121778488159e-01,1.141393780708312988e-01,-3.534208051860332489e-03,-3.339743018150329590e-01,7.557551562786102295e-02,1.444593369960784912e-01,-1.810112744569778442e-01,1.122116595506668091e-01
-1.857905864715576172e+00
-6.879923865199089050e-03,-9.664288163185119629e-02,2.449644356966018677e-01,-2.885472476482391357e-01,-5.636654794216156006e-03,2.837244570255279541e-01,2.543608248233795166e-01,1.840878874063491821e-01,2.543608248233795166e-01,2.837244570255279541e-01,-5.636654794216156006e-03,-2.885472476482391357e-01,2.449644356966018677e-01,-9.664288163185119629e-02,-6.879923865199089050e-03
1.146937534213066101e-01,-1.437821686267852783e-01,6.633629649877548218e-02,1.487551778554916382e-01,-3.542397320270538330e-01,-9.757963940501213074e-03,1.033794730901718140e-01,2.586155831813812256e-01,1.033794730901718140e-01,-9.757963940501213074e-03,-3.542397320270538330e-01,1.487551778554916382e-01,6.633629649877548218e-02,-1.437821686267852783e-01,1.146937534213066101e-01
-1.995981097221374512e+00
1.486156787723302841e-02,-1.055738329887390137e-01,2.476302385330200195e-01,-2.406737953424453735e-01,-7.544663548469543457e-02,3.077075481414794922e-01,2.355508804321289062e-01,2.098840773105621338e-01,2.355508804321289062e-01,3.077075481414794922e-01,-7.544663548469543457e-02,-2.406737953424453735e-01,2.476302385330200195e-01,-1.055738329887390137e-01,1.486156787723302841e-02
8.520737290382385254e-02,-1.092644408345222473e-01,5.909743253141641617e-03,2.115152925252914429e-01,-3.573570549488067627e-01,-3.213933110237121582e-02,9.833426773548126221e-02,2.634632289409637451e-01,9.833426773548126221e-02,-3.213933110237121582e-02,-3.573570549488067627e-01,2.115152925252914429e-01,5.909743253141641617e-03,-1.092644408345222473e-01,8.520737290382385254e-02
-2.137312412261962891e+00
2.217723987996578217e-02,-1.155168637633323669e-01,2.284476161003112793e-01,-1.794008910655975342e-01,-1.341611593961715698e-01,3.320405185222625732e-01,2.209185361862182617e-01,2.335352897644042969e-01,2.209185361862182617e-01,3.320405185222625732e-01,-1.341611593961715698e-01,-1.794008910655975342e-01,2.284476161003112793e-01,-1.155168637633323669e-01,2.217723987996578217e-02
6.912925094366073608e-02,-7.096298038959503174e-02,-4.549152776598930359e-02,2.503676116466522217e-01,-3.439025282859802246e-01,-6.084597855806350708e-02,1.063562408089637756e-01,2.606559693813323975e-01,1.063562408089637756e-01,-6.084597855806350708e-02,-3.439025282859802246e-01,2.503676116466522217e-01,-4.549152776598930359e-02,-7.096298038959503174e-02,6.912925094366073608e-02
-2.281826257705688477e+00
2.284942381083965302e-02,-9.807627648115158081e-02,2.090963125228881836e-01,-1.242022067308425903e-01,-1.968999505043029785e-01,3.444805443286895752e-01,2.108594775199890137e-01,2.510297298431396484e-01,2.108594775199890137e-01,3.444805443286895752e-01,-1.968999505043029785e-01,-1.242022067308425903e-01,2.090963125228881836e-01,-9.807627648115158081e-02,2.284942381083965302e-02
4.169737175107002258e-02,-4.598786309361457825e-02,-8.224074542522430420e-02,2.744973897933959961e-01,-3.188009560108184814e-01,-9.963099658489227295e-02,1.196949928998947144e-01,2.519136071205139160e-01,1.196949928998947144e-01,-9.963099658489227295e-02,-3.188009560108184814e-01,2.744973897933959961e-01,-8.224074542522430420e-02,-4.598786309361457825e-02,4.169737175107002258e-02
-2.429454565048217773e+00
1.674483716487884521e-02,-8.796315640211105347e-02,1.764807552099227905e-01,-6.937831640243530273e-02,-2.392907142639160156e-01,3.567636609077453613e-01,2.108634114265441895e-01,2.646438181400299072e-01,2.108634114265441895e-01,3.567636609077453613e-01,-2.392907142639160156e-01,-6.937831640243530273e-02,1.764807552099227905e-01,-8.796315640211105347e-02,1.674483716487884521e-02
2.614386193454265594e-02,-2.318969927728176117e-02,-1.070591583847999573e-01,2.816377580165863037e-01,-2.844552695751190186e-01,-1.417406350374221802e-01,1.348293572664260864e-01,2.376242727041244507e-01,1.348293572664260864e-01,-1.417406350374221802e-01,-2.844552695751190186e-01,2.816377580165863037e-01,-1.070591583847999573e-01,-2.318969927728176117e-02,2.614386193454265594e-02
-2.580132961273193359e+00
1.350377053022384644e-01,-1.642349213361740112e-01,-1.624979525804519653e-01,1.104172989726066589e-01,1.750987768173217773e-01,2.030449509620666504e-01,1.413196325302124023e-01,1.611827909946441650e-01,1.413196325302124023e-01,2.030449509620666504e-01,1.750987768173217773e-01,1.104172989726066589e-01,-1.624979525804519653e-01,-1.642349213361740112e-01,1.350377053022384644e-01
1.646333038806915283e-01,1.441044658422470093e-01,-1.283967792987823486e-01,-2.264386564493179321e-01,-2.462233044207096100e-02,5.409943312406539917e-02,1.552875190973281860e-01,1.386954486370086670e-01,1.552875190973281860e-01,5.409943312406539917e-02,-2.462233044207096100e-02,-2.264386564493179321e-01,-1.283967792987823486e-01,1.441044658422470093e-01,1.646333038806915283e-01
-3.271071612834930420e-01
-1.353142410516738892e-01,-1.609650850296020508e-01,7.993315905332565308e-02,1.281926780939102173e-01,1.642412543296813965e-01,1.576269119977951050e-01,1.625286042690277100e-01,9.942838549613952637e-02,1.625286042690277100e-01,1.576269119977951050e-01,1.642412543296813965e-01,1.281926780939102173e-01,7.993315905332565308e-02,-1.609650850296020508e-01,-1.353142410516738892e-01
-1.443123910576105118e-03,-1.531221270561218262e-01,-1.866255402565002441e-01,-1.161228567361831665e-01,-1.884656772017478943e-02,1.175916865468025208e-01,9.813117235898971558e-02,9.211494028568267822e-02,9.813117235898971558e-02,1.175916865468025208e-01,-1.884656772017478943e-02,-1.161228567361831665e-01,-1.866255402565002441e-01,-1.531221270561218262e-01,-1.443123910576105118e-03
-4.067060351371765137e-01
-1.229244992136955261e-01,-2.346289902925491333e-01,-6.794976536184549332e-03,1.663961261510848999e-01,1.659848392009735107e-01,1.758505403995513916e-01,1.434835493564605713e-01,1.299774646759033203e-01,1.434835493564605713e-01,1.758505403995513916e-01,1.659848392009735107e-01,1.663961261510848999e-01,-6.794976536184549332e-03,-2.346289902925491333e-01,-1.229244992136955261e-01
1.344563066959381104e-01,-1.198848336935043335e-01,-1.730420291423797607e-01,-1.286013424396514893e-01,1.943715289235115051e-02,4.551927745342254639e-02,1.414322108030319214e-01,1.281637847423553467e-01,1.414322108030319214e-01,4.551927745342254639e-02,1.943715289235115051e-02,-1.286013424396514893e-01,-1.730420291423797607e-01,-1.198848336935043335e-01,1.344563066959381104e-01
-4.918165504932403564e-01
1.308050379157066345e-02,-2.668267190456390381e-01,-5.133499577641487122e-02,1.386524140834808350e-01,1.908267289400100708e-01,1.487970501184463501e-01,1.574137359857559204e-01,1.238567680120468140e-01,1.574137359857559204e-01,1.487970501184463501e-01,1.908267289400100708e-01,1.386524140834808350e-01,-5.133499577641487122e-02,-2.668267190456390381e-01,1.308050379157066345e-02
1.235862225294113159e-01,2.325014024972915649e-02,-2.105922847986221313e-01,-1.158193498849868774e-01,-2.880176343023777008e-02,7.031963765621185303e-02,9.319346398115158081e-02,1.642459928989410400e-01,9.319346398115158081e-02,7.031963765621185303e-02,-2.880176343023777008e-02,-1.158193498849868774e-01,-2.105922847986221313e-01,2.325014024972915649e-02,1.235862225294113159e-01
-5.821056365966796875e-01
1.033847555518150330e-01,-1.881612390279769897e-01,-1.707624346017837524e-01,1.471946239471435547e-01,1.751233786344528198e-01,1.976108551025390625e-01,1.246848553419113159e-01,1.689861416816711426e-01,1.246848553419113159e-01,1.976108551025390625e-01,1.751233786344528198e-01,1.471946239471435547e-01,-1.707624346017837524e-01,-1.881612390279769897e-01,1.033847555518150330e-01
1.442197412252426147e-01,1.163467392325401306e-01,-1.649145781993865967e-01,-2.017506659030914307e-01,-3.267207369208335876e-02,6.436739861965179443e-02,1.378546804189682007e-01,1.530395448207855225e-01,1.378546804189682007e-01,6.436739861965179443e-02,-3.267207369208335876e-02,-2.017506659030914307e-01,-1.649145781993865967e-01,1.163467392325401306e-01,1.442197412252426147e-01
-6.772937774658203125e-01
2.405489236116409302e-01,-1.402840167284011841e-01,-1.693290323019027710e-01,2.745968289673328400e-02,2.151697874069213867e-01,1.982766985893249512e-01,1.744552105665206909e-01,1.263434886932373047e-01,1.744552105665206909e-01,1.982766985893249512e-01,2.151697874069213867e-01,2.745968289673328400e-02,-1.693290323019027710e-01,-1.402840167284011841e-01,2.405489236116409302e-01
1.048058569431304932e-01,1.754795610904693604e-01,-9.123862534761428833e-02,-2.467377185821533203e-01,-4.212954267859458923e-02,4.750870540738105774e-02,1.638173460960388184e-01,1.373212933540344238e-01,1.638173460960388184e-01,4.750870540738105774e-02,-4.212954267859458923e-02,-2.467377185821533203e-01,-9.123862534761428833e-02,1.754795610904693604e-01,1.048058569431304932e-01
-7.771421670913696289e-01
2.812869846820831299e-01,-7.026591151952743530e-02,-1.814039498567581177e-01,-2.558656595647335052e-02,2.119248807430267334e-01,1.591545641422271729e-01,1.667329818010330200e-01,9.978044033050537109e-02,1.667329818010330200e-01,1.591545641422271729e-01,2.119248807430267334e-01,-2.558656595647335052e-02,-1.814039498567581177e-01,-7.026591151952743530e-02,2.812869846820831299e-01
-9.172818809747695923e-02,2.795942425727844238e-01,-5.676893144845962524e-02,-2.183452248573303223e-01,-1.136979609727859497e-01,9.214513003826141357e-02,1.240763440728187561e-01,1.637927293777465820e-01,1.240763440728187561e-01,9.214513003826141357e-02,-1.136979609727859497e-01,-2.183452248573303223e-01,-5.676893144845962524e-02,2.795942425727844238e-01,-9.172818809747695923e-02
-8.814436793327331543e-01
1.829371154308319092e-01,7.325900346040725708e-02,-2.708278894424438477e-01,-4.139977693557739258e-02,2.078483849763870239e-01,2.353587299585342407e-01,1.470321416854858398e-01,1.295432150363922119e-01,1.470321416854858398e-01,2.353587299585342407e-01,2.078483849763870239e-01,-4.139977693557739258e-02,-2.708278894424438477e-01,7.325900346040725708e-02,1.829371154308319092e-01
-2.515699863433837891e-01,2.902656495571136475e-01,-2.704776357859373093e-03,-1.762832105159759521e-01,-1.545508652925491333e-01,7.514248788356781006e-02,7.931825518608093262e-02,1.672233343124389648e-01,7.931825518608093262e-02,7.514248788356781006e-02,-1.545508652925491333e-01,-1.762832105159759521e-01,-2.704776357859373093e-03,2.902656495571136475e-01,-2.515699863433837891e-01
-9.900165200233459473e-01
-3.086515062022954226e-04,2.320877164602279663e-01,-2.804473340511322021e-01,-6.216223537921905518e-02,1.493102014064788818e-01,2.747892141342163086e-01,1.403932571411132812e-01,1.757940202951431274e-01,1.403932571411132812e-01,2.747892141342163086e-01,1.493102014064788818e-01,-6.216223537921905518e-02,-2.804473340511322021e-01,2.320877164602279663e-01,-3.086515062022954226e-04
-2.832961976528167725e-01,1.967208236455917358e-01,9.167676419019699097e-02,-2.147905081510543823e-01,-1.772986352443695068e-01,3.533764183521270752e-02,1.118172109127044678e-01,1.565936356782913208e-01,1.118172109127044678e-01,3.533764183521270752e-02,-1.772986352443695068e-01,-2.147905081510543823e-01,9.167676419019699097e-02,1.967208236455917358e-01,-2.832961976528167725e-01
-1.102699279785156250e+00
-1.229853406548500061e-01,2.896970212459564209e-01,-2.356542646884918213e-01,-1.125773116946220398e-01,1.417188793420791626e-01,2.864376306533813477e-01,1.729207485914230347e-01,1.968877613544464111e-01,1.729207485914230347e-01,2.864376306533813477e-01,1.417188793420791626e-01,-1.125773116946220398e-01,-2.356542646884918213e-01,2.896970212459564209e-01,-1.229853406548500061e-01
-2.071921080350875854e-01,5.850203335285186768e-02,2.088509798049926758e-01,-2.369464337825775146e-01,-1.642453372478485107e-01,-7.036605849862098694e-03,1.520815938711166382e-01,1.306701898574829102e-01,1.520815938711166382e-01,-7.036605849862098694e-03,-1.642453372478485107e-01,-2.369464337825775146e-01,2.088509798049926758e-01,5.850203335285186768e-02,-2.071921080350875854e-01
-1.219347834587097168e+00
-1.659357696771621704e-01,2.682774364948272705e-01,-1.414096802473068237e-01,-1.975679546594619751e-01,1.531975120306015015e-01,2.703396379947662354e-01,2.124591767787933350e-01,1.759344488382339478e-01,2.124591767787933350e-01,2.703396379947662354e-01,1.531975120306015015e-01,-1.975679546594619751e-01,-1.414096802473068237e-01,2.682774364948272705e-01,-1.659357696771621704e-01
-1.006539389491081238e-01,-7.339666038751602173e-02,2.972958683967590332e-01,-2.181709855794906616e-01,-1.661419421434402466e-01,-3.598359972238540649e-02,1.695211231708526611e-01,1.206146180629730225e-01,1.695211231708526611e-01,-3.598359972238540649e-02,-1.661419421434402466e-01,-2.181709855794906616e-01,2.972958683967590332e-01,-7.339666038751602173e-02,-1.006539389491081238e-01
-1.339831829071044922e+00
-1.541387885808944702e-01,2.127627879381179810e-01,-8.337596431374549866e-03,-2.814682424068450928e-01,1.445469856262207031e-01,2.402591109275817871e-01,2.466005384922027588e-01,1.498787105083465576e-01,2.466005384922027588e-01,2.402591109275817871e-01,1.445469856262207031e-01,-2.814682424068450928e-01,-8.337596431374549866e-03,2.127627879381179810e-01,-1.541387885808944702e-01
-6.933731492608785629e-03,-1.622668802738189697e-01,3.168031871318817139e-01,-1.801254600286483765e-01,-2.079943418502807617e-01,-3.954451158642768860e-02,1.785836964845657349e-01,1.468154788017272949e-01,1.785836964845657349e-01,-3.954451158642768860e-02,-2.079943418502807617e-01,-1.801254600286483765e-01,3.168031871318817139e-01,-1.622668802738189697e-01,-6.933731492608785629e-03
-1.464033246040344238e+00
-1.226550787687301636e-01,9.735226631164550781e-02,8.828449249267578125e-02,-3.300028443336486816e-01,1.424434334039688110e-01,2.366768270730972290e-01,2.768740057945251465e-01,1.431131660938262939e-01,2.768740057945251465e-01,2.366768270730972290e-01,1.424434334039688110e-01,-3.300028443336486816e-01,8.828449249267578125e-02,9.735226631164550781e-02,-1.226550787687301636e-01
7.929946482181549072e-02,-2.017634958028793335e-01,2.797343730926513672e-01,-1.045403182506561279e-01,-2.517119348049163818e-01,-2.636647596955299377e-02,1.561857759952545166e-01,1.761421561241149902e-01,1.561857759952545166e-01,-2.636647596955299377e-02,-2.517119348049163818e-01,-1.045403182506561279e-01,2.797343730926513672e-01,-2.017634958028793335e-01,7.929946482181549072e-02
-1.591844081878662109e+00
-7.771404087543487549e-02,1.119692157953977585e-02,1.711052507162094116e-01,-3.446756303310394287e-01,1.092880442738533020e-01,2.408808320760726929e-01,2.790744900703430176e-01,1.425851732492446899e-01,2.790744900703430176e-01,2.408808320760726929e-01,1.092880442738533020e-01,-3.446756303310394287e-01,1.711052507162094116e-01,1.119692157953977585e-02,-7.771404087543487549e-02
1.115891486406326294e-01,-2.037150114774703979e-01,2.198081612586975098e-01,-1.371447648853063583e-02,-3.019631803035736084e-01,-1.621264778077602386e-02,1.330023407936096191e-01,2.131513804197311401e-01,1.330023407936096191e-01,-1.621264778077602386e-02,-3.019631803035736084e-01,-1.371447648853063583e-02,2.198081612586975098e-01,-2.037150114774703979e-01,1.115891486406326294e-01
-1.723165392875671387e+00
-3.411166742444038391e-02,-5.076087266206741333e-02,2.226421833038330078e-01,-3.307285606861114502e-01,5.443549528717994690e-02,2.587680816650390625e-01,2.732406258583068848e-01,1.627623140811920166e-01,2.732406258583068848e-01,2.587680816650390625e-01,5.443549528717994690e-02,-3.307285606861114502e-01,2.226421833038330078e-01,-5.076087266206741333e-02,-3.411166742444038391e-02
1.250185519456863403e-01,-1.820554584264755249e-01,1.368556022644042969e-01,7.244668900966644287e-02,-3.322626650333404541e-01,-2.366919070482254028e-03,1.144642382860183716e-01,2.404223829507827759e-01,1.144642382860183716e-01,-2.366919070482254028e-03,-3.322626650333404541e-01,7.244668900966644287e-02,1.368556022644042969e-01,-1.820554584264755249e-01,1.250185519456863403e-01
-1.857905864715576172e+00
-1.663144561462104321e-03,-8.165397495031356812e-02,2.475366294384002686e-01,-2.953085303306579590e-01,-1.176070608198642731e-02,2.815056443214416504e-01,2.547283470630645752e-01,1.855381131172180176e-01,2.547283470630645752e-01,2.815056443214416504e-01,-1.176070608198642731e-02,-2.953085303306579590e-01,2.475366294384002686e-01,-8.165397495031356812e-02,-1.663144561462104321e-03
9.882672876119613647e-02,-1.474945843219757080e-01,7.358712702989578247e-02,1.532971560955047607e-01,-3.564281463623046875e-01,-1.251089014112949371e-02,1.035466417670249939e-01,2.595327198505401611e-01,1.035466417670249939e-01,-1.251089014112949371e-02,-3.564281463623046875e-01,1.532971560955047607e-01,7.358712702989578247e-02,-1.474945843219757080e-01,9.882672876119613647e-02
-1.995981097221374512e+00
1.768565177917480469e-02,-9.775669127702713013e-02,2.488314211368560791e-01,-2.438849657773971558e-01,-7.682552188634872437e-02,3.085331320762634277e-01,2.385702580213546753e-01,2.136471569538116455e-01,2.385702580213546753e-01,3.085331320762634277e-01,-7.682552188634872437e-02,-2.438849657773971558e-01,2.488314211368560791e-01,-9.775669127702713013e-02,1.768565177917480469e-02
7.604741305112838745e-02,-1.091593205928802490e-01,1.335114613175392151e-02,2.147292345762252808e-01,-3.589834570884704590e-01,-3.148812800645828247e-02,1.031688302755355835e-01,2.667815089225769043e-01,1.031688302755355835e-01,-3.148812800645828247e-02,-3.589834570884704590e-01,2.147292345762252808e-01,1.335114613175392151e-02,-1.091593205928802490e-01,7.604741305112838745e-02
-2.137312412261962891e+00
2.465708740055561066e-02,-1.159270554780960083e-01,2.272255122661590576e-01,-1.812720596790313721e-01,-1.371684223413467407e-01,3.308462500572204590e-01,2.231274992227554321e-01,2.368589788675308228e-01,2.231274992227554321e-01,3.308462500572204590e-01,-1.371684223413467407e-01,-1.812720596790313721e-01,2.272255122661590576e-01,-1.159270554780960083e-01,2.465708740055561066e-02
7.148770242929458618e-02,-7.371858507394790649e-02,-4.768877848982810974e-02,2.506709098815917969e-01,-3.439326584339141846e-01,-6.121487915515899658e-02,1.093148961663246155e-01,2.637389898300170898e-01,1.093148961663246155e-01,-6.121487915515899658e-02,-3.439326584339141846e-01,2.506709098815917969e-01,-4.768877848982810974e-02,-7.371858507394790649e-02,7.148770242929458618e-02
-2.281826257705688477e+00
2.518554031848907471e-02,-1.232128441333770752e-01,1.951721310615539551e-01,-1.174634248018264771e-01,-1.871183067560195923e-01,3.480119407176971436e-01,2.150112092494964600e-01,2.571350932121276855e-01,2.150112092494964600e-01,3.480119407176971436e-01,-1.871183067560195923e-01,-1.174634248018264771e-01,1.951721310615539551e-01,-1.232128441333770752e-01,2.518554031848907471e-02
6.331220269203186035e-02,-3.772052004933357239e-02,-8.675288408994674683e-02,2.684550583362579346e-01,-3.198267817497253418e-01,-9.753386676311492920e-02,1.244167611002922058e-01,2.551595568656921387e-01,1.244167611002922058e-01,-9.753386676311492920e-02,-3.198267817497253418e-01,2.684550583362579346e-01,-8.675288408994674683e-02,-3.772052004933357239e-02,6.331220269203186035e-02
-2.429454565048217773e+00
1.843060553073883057e-02,-8.567959070205688477e-02,1.775895059108734131e-01,-6.940407305955886841e-02,-2.411215752363204956e-01,3.544712960720062256e-01,2.112194448709487915e-01,2.662240564823150635e-01,2.112194448709487915e-01,3.544712960720062256e-01,-2.411215752363204956e-01,-6.940407305955886841e-02,1.775895059108734131e-01,-8.567959070205688477e-02,1.843060553073883057e-02
1.947587355971336365e-02,-2.643193677067756653e-02,-1.028369143605232239e-01,2.852023839950561523e-01,-2.862789630889892578e-01,-1.443609148263931274e-01,1.376708298921585083e-01,2.412900328636169434e-01,1.376708298921585083e-01,-1.443609148263931274e-01,-2.862789630889892578e-01,2.852023839950561523e-01,-1.028369143605232239e-01,-2.643193677067756653e-02,1.947587355971336365e-02
-2.580132961273193359e+00
1.365504413843154907e-01,-1.491408199071884155e-01,-1.693555861711502075e-01,8.941475301980972290e-02,1.867614984512329102e-01,2.249543964862823486e-01,1.364987194538116455e-01,1.410298794507980347e-01,1.364987194538116455e-01,2.249543964862823486e-01,1.867614984512329102e-01,8.941475301980972290e-02,-1.693555861711502075e-01,-1.491408199071884155e-01,1.365504413843154907e-01
1.624144166707992554e-01,1.304587870836257935e-01,-1.426900476217269897e-01,-2.254204601049423218e-01,-1.457424834370613098e-02,5.838436633348464966e-02,1.551055759191513062e-01,1.395302712917327881e-01,1.551055759191513062e-01,5.838436633348464966e-02,-1.457424834370613098e-02,-2.254204601049423218e-01,-1.426900476217269897e-01,1.304587870836257935e-01,1.624144166707992554e-01
-3.271071612834930420e-01
-9.259257465600967407e-02,-1.340411454439163208e-01,4.174226894974708557e-02,8.545044064521789551e-02,1.658038944005966187e-01,1.766920238733291626e-01,1.623362600803375244e-01,8.852495253086090088e-02,1.623362600803375244e-01,1.766920238733291626e-01,1.658038944005966187e-01,8.545044064521789551e-02,4.174226894974708557e-02,-1.340411454439163208e-01,-9.259257465600967407e-02
2.401939406991004944e-02,-2.104274332523345947e-01,-2.093027979135513306e-01,-4.126895964145660400e-02,-6.210604682564735413e-03,4.460656642913818359e-02,9.096024930477142334e-02,1.588087677955627441e-01,9.096024930477142334e-02,4.460656642913818359e-02,-6.210604682564735413e-03,-4.126895964145660400e-02,-2.093027979135513306e-01,-2.104274332523345947e-01,2.401939406991004944e-02
-4.067060351371765137e-01
-1.317387372255325317e-01,-2.353272289037704468e-01,-7.346088532358407974e-03,1.684978306293487549e-01,1.658245623111724854e-01,1.717535406351089478e-01,1.439864933490753174e-01,1.333915591239929199e-01,1.439864933490753174e-01,1.717535406351089478e-01,1.658245623111724854e-01,1.684978306293487549e-01,-7.346088532358407974e-03,-2.353272289037704468e-01,-1.317387372255325317e-01
1.355693191289901733e-01,-1.256080716848373413e-01,-1.770180016756057739e-01,-1.251653581857681274e-01,2.192067168653011322e-02,3.974160552024841309e-02,1.342016607522964478e-01,1.261705011129379272e-01,1.342016607522964478e-01,3.974160552024841309e-02,2.192067168653011322e-02,-1.251653581857681274e-01,-1.770180016756057739e-01,-1.256080716848373413e-01,1.355693191289901733e-01
-4.918165504932403564e-01
1.215665508061647415e-02,-2.724358141422271729e-01,-6.219674274325370789e-02,1.476367264986038208e-01,2.005745768547058105e-01,1.468937844038009644e-01,1.573886871337890625e-01,1.277753710746765137e-01,1.573886871337890625e-01,1.468937844038009644e-01,2.005745768547058105e-01,1.476367264986038208e-01,-6.219674274325370789e-02,-2.724358141422271729e-01,1.215665508061647415e-02
1.395278573036193848e-01,3.216378763318061829e-02,-2.257874906063079834e-01,-1.363588869571685791e-01,-3.289718553423881531e-02,7.511774450540542603e-02,9.091661870479583740e-02,1.584359705448150635e-01,9.091661870479583740e-02,7.511774450540542603e-02,-3.289718553423881531e-02,-1.363588869571685791e-01,-2.257874906063079834e-01,3.216378763318061829e-02,1.395278573036193848e-01
-5.821056365966796875e-01
8.055790513753890991e-02,-1.549529582262039185e-01,-1.589308381080627441e-01,9.992399811744689941e-02,1.694538742303848267e-01,2.312055081129074097e-01,1.255894005298614502e-01,1.407264024019241333e-01,1.255894005298614502e-01,2.312055081129074097e-01,1.694538742303848267e-01,9.992399811744689941e-02,-1.589308381080627441e-01,-1.549529582262039185e-01,8.055790513753890991e-02
1.729028671979904175e-01,1.228696405887603760e-01,-1.761267930269241333e-01,-1.982430070638656616e-01,-2.142457664012908936e-02,7.107958197593688965e-02,1.380560249090194702e-01,1.551836580038070679e-01,1.380560249090194702e-01,7.107958197593688965e-02,-2.142457664012908936e-02,-1.982430070638656616e-01,-1.761267930269241333e-01,1.228696405887603760e-01,1.729028671979904175e-01
-6.772937774658203125e-01
2.368796467781066895e-01,-1.487813144922256470e-01,-1.636782437562942505e-01,4.604909569025039673e-02,2.133319377899169922e-01,1.794539988040924072e-01,1.554565429687500000e-01,1.147344335913658142e-01,1.554565429687500000e-01,1.794539988040924072e-01,2.133319377899169922e-01,4.604909569025039673e-02,-1.636782437562942505e-01,-1.487813144922256470e-01,2.368796467781066895e-01
1.127940341830253601e-01,1.838276237249374390e-01,-9.277158975601196289e-02,-2.491307258605957031e-01,-2.951578795909881592e-02,7.470464706420898438e-02,1.738533675670623779e-01,1.391958445310592651e-01,1.738533675670623779e-01,7.470464706420898438e-02,-2.951578795909881592e-02,-2.491307258605957031e-01,-9.277158975601196289e-02,1.838276237249374390e-01,1.127940341830253601e-01
-7.771421670913696289e-01
2.957879304885864258e-01,-6.664165854454040527e-02,-1.977555900812149048e-01,-3.579495474696159363e-02,2.299595028162002563e-01,1.771904379129409790e-01,1.692070066928863525e-01,9.229576587677001953e-02,1.692070066928863525e-01,1.771904379129409790e-01,2.299595028162002563e-01,-3.579495474696159363e-02,-1.977555900812149048e-01,-6.664165854454040527e-02,2.957879304885864258e-01
-7.937249541282653809e-02,2.736194133758544922e-01,-6.368792802095413208e-02,-2.139998227357864380e-01,-1.108967438340187073e-01,8.211490511894226074e-02,1.268969327211380005e-01,1.720724552869796753e-01,1.268969327211380005e-01,8.211490511894226074e-02,-1.108967438340187073e-01,-2.139998227357864380e-01,-6.368792802095413208e-02,2.736194133758544922e-01,-7.937249541282653809e-02
-8.814436793327331543e-01
1.894441246986389160e-01,9.858684986829757690e-02,-2.521506249904632568e-01,-5.108924955129623413e-02,1.787184327840805054e-01,2.189895510673522949e-01,1.456298232078552246e-01,1.338860094547271729e-01,1.456298232078552246e-01,2.189895510673522949e-01,1.787184327840805054e-01,-5.108924955129623413e-02,-2.521506249904632568e-01,9.858684986829757690e-02,1.894441246986389160e-01
-2.478795200586318970e-01,2.969304025173187256e-01,-1.220748294144868851e-02,-2.002261132001876831e-01,-1.736852824687957764e-01,7.715047895908355713e-02,9.899668395519256592e-02,1.848462074995040894e-01,9.899668395519256592e-02,7.715047895908355713e-02,-1.736852824687957764e-01,-2.002261132001876831e-01,-1.220748294144868851e-02,2.969304025173187256e-01,-2.478795200586318970e-01
-9.900165200233459473e-01
9.344133548438549042e-03,2.292802780866622925e-01,-2.836399078369140625e-01,-6.233777478337287903e-02,1.469554603099822998e-01,2.738616466522216797e-01,1.476395428180694580e-01,1.861998885869979858e-01,1.476395428180694580e-01,2.738616466522216797e-01,1.469554603099822998e-01,-6.233777478337287903e-02,-2.836399078369140625e-01,2.292802780866622925e-01,9.344133548438549042e-03
-2.763739228248596191e-01,2.039178758859634399e-01,8.705753833055496216e-02,-2.237213850021362305e-01,-1.825730502605438232e-01,3.277685865759849548e-02,1.149610653519630432e-01,1.603220999240875244e-01,1.149610653519630432e-01,3.277685865759849548e-02,-1.825730502605438232e-01,-2.237213850021362305e-01,8.705753833055496216e-02,2.039178758859634399e-01,-2.763739228248596191e-01
-1.102699279785156250e+00
-1.167419180274009705e-01,2.888657450675964355e-01,-2.469419091939926147e-01,-1.154412925243377686e-01,1.499504745006561279e-01,2.910882532596588135e-01,1.660241335630416870e-01,1.862755864858627319e-01,1.660241335630416870e-01,2.910882532596588135e-01,1.499504745006561279e-01,-1.154412925243377686e-01,-2.469419091939926147e-01,2.888657450675964355e-01,-1.167419180274009705e-01
-2.091519087553024292e-01,5.811146274209022522e-02,2.227814644575119019e-01,-2.190663963556289673e-01,-1.592763215303421021e-01,-1.890984736382961273e-02,1.414631456136703491e-01,1.261027157306671143e-01,1.414631456136703491e-01,-1.890984736382961273e-02,-1.592763215303421021e-01,-2.190663963556289673e-01,2.227814644575119019e-01,5.811146274209022522e-02,-2.091519087553024292e-01
-1.219347834587097168e+00
-1.622810214757919312e-01,2.826131284236907959e-01,-1.353773027658462524e-01,-2.044108808040618896e-01,1.409435719251632690e-01,2.654327154159545898e-01,2.109060138463973999e-01,1.753347069025039673e-01,2.109060138463973999e-01,2.654327154159545898e-01,1.409435719251632690e-01,-2.044108808040618896e-01,-1.353773027658462524e-01,2.826131284236907959e-01,-1.622810214757919312e-01
-9.998722374439239502e-02,-7.474105805158615112e-02,2.948428094387054443e-01,-2.247228622436523438e-01,-1.731103956699371338e-01,-3.796504810452461243e-02,1.762241125106811523e-01,1.267199516296386719e-01,1.762241125106811523e-01,-3.796504810452461243e-02,-1.731103956699371338e-01,-2.247228622436523438e-01,2.948428094387054443e-01,-7.474105805158615112e-02,-9.998722374439239502e-02
-1.339831829071044922e+00
-1.550156772136688232e-01,2.026003748178482056e-01,-1.659625396132469177e-02,-2.805695235729217529e-01,1.526895910501480103e-01,2.469374388456344604e-01,2.518176138401031494e-01,1.541173458099365234e-01,2.518176138401031494e-01,2.469374388456344604e-01,1.526895910501480103e-01,-2.805695235729217529e-01,-1.659625396132469177e-02,2.026003748178482056e-01,-1.550156772136688232e-01
1.499070320278406143e-03,-1.650573462247848511e-01,3.145462870597839355e-01,-1.756457388401031494e-01,-2.030110210180282593e-01,-3.743605315685272217e-02,1.776200830936431885e-01,1.462403684854507446e-01,1.776200830936431885e-01,-3.743605315685272217e-02,-2.030110210180282593e-01,-1.756457388401031494e-01,3.145462870597839355e-01,-1.650573462247848511e-01,1.499070320278406143e-03
-1.464033246040344238e+00
-1.216539219021797180e-01,1.007020995020866394e-01,8.908335864543914795e-02,-3.311352729797363281e-01,1.417253464460372925e-01,2.364318817853927612e-01,2.744674384593963623e-01,1.399933844804763794e-01,2.744674384593963623e-01,2.364318817853927612e-01,1.417253464460372925e-01,-3.311352729797363281e-01,8.908335864543914795e-02,1.007020995020866394e-01,-1.216539219021797180e-01
7.682400941848754883e-02,-2.056899517774581909e-01,2.789053618907928467e-01,-1.043851077556610107e-01,-2.533761560916900635e-01,-2.770942635834217072e-02,1.590498387813568115e-01,1.793783456087112427e-01,1.590498387813568115e-01,-2.770942635834217072e-02,-2.533761560916900635e-01,-1.043851077556610107e-01,2.789053618907928467e-01,-2.056899517774581909e-01,7.682400941848754883e-02
-1.591844081878662109e+00
-7.559062540531158447e-02,1.548753492534160614e-02,1.696263998746871948e-01,-3.476794362068176270e-01,1.094039306044578552e-01,2.432272285223007202e-01,2.812945842742919922e-01,1.444078087806701660e-01,2.812945842742919922e-01,2.432272285223007202e-01,1.094039306044578552e-01,-3.476794362068176270e-01,1.696263998746871948e-01,1.548753492534160614e-02,-7.559062540531158447e-02
1.091469600796699524e-01,-2.026959657669067383e-01,2.221125811338424683e-01,-1.143279951065778732e-02,-3.004155755043029785e-01,-1.560697238892316818e-02,1.310251504182815552e-01,2.113440483808517456e-01,1.310251504182815552e-01,-1.560697238892316818e-02,-3.004155755043029785e-01,-1.143279951065778732e-02,2.221125811338424683e-01,-2.026959657669067383e-01,1.091469600796699524e-01
-1.723165392875671387e+00
-2.985110320150852203e-02,-3.790918365120887756e-02,2.264257818460464478e-01,-3.335874974727630615e-01,5.279679223895072937e-02,2.581421136856079102e-01,2.717793583869934082e-01,1.614810824394226074e-01,2.717793583869934082e-01,2.581421136856079102e-01,5.279679223895072937e-02,-3.335874974727630615e-01,2.264257818460464478e-01,-3.790918365120887756e-02,-2.985110320150852203e-02
1.037913635373115540e-01,-1.853800565004348755e-01,1.487831473350524902e-01,7.972671836614608765e-02,-3.359166383743286133e-01,-7.734002545475959778e-03,1.142216026782989502e-01,2.422744333744049072e-01,1.142216026782989502e-01,-7.734002545475959778e-03,-3.359166383743286133e-01,7.972671836614608765e-02,1.487831473350524902e-01,-1.853800565004348755e-01,1.037913635373115540e-01
-1.857905864715576172e+00
-3.222446888685226440e-03,-9.058884531259536743e-02,2.433289140462875366e-01,-2.929376065731048584e-01,-6.892571691423654556e-03,2.847265601158142090e-01,2.560869157314300537e-01,1.860905587673187256e-01,2.560869157314300537e-01,2.847265601158142090e-01,-6.892571691423654556e-03,-2.929376065731048584e-01,2.433289140462875366e-01,-9.058884531259536743e-02,-3.222446888685226440e-03
1.043416038155555725e-01,-1.495465040206909180e-01,7.035253942012786865e-02,1.542905420064926147e-01,-3.548619151115417480e-01,-1.335092447698116302e-02,1.032671630382537842e-01,2.604111433029174805e-01,1.032671630382537842e-01,-1.335092447698116302e-02,-3.548619151115417480e-01,1.542905420064926147e-01,7.035253942012786865e-02,-1.495465040206909180e-01,1.043416038155555725e-01
-1.995981097221374512e+00
1.466160733252763748e-02,-1.113890558481216431e-01,2.433717399835586548e-01,-2.390255033969879150e-01,-7.081656157970428467e-02,3.102929294109344482e-01,2.382391840219497681e-01,2.129305899143218994e-01,2.382391840219497681e-01,3.102929294109344482e-01,-7.081656157970428467e-02,-2.390255033969879150e-01,2.433717399835586548e-01,-1.113890558481216431e-01,1.466160733252763748e-02
8.485803753137588501e-02,-1.087929606437683105e-01,9.150633588433265686e-03,2.136378288269042969e-01,-3.582176566123962402e-01,-3.259614855051040649e-02,1.021134108304977417e-01,2.669017910957336426e-01,1.021134108304977417e-01,-3.259614855051040649e-02,-3.582176566123962402e-01,2.136378288269042969e-01,9.150633588433265686e-03,-1.087929606437683105e-01,8.485803753137588501e-02
-2.137312412261962891e+00
2.298343926668167114e-02,-1.127114444971084595e-01,2.310137599706649780e-01,-1.793172955513000488e-01,-1.380048245191574097e-01,3.287364542484283447e-01,2.224907875061035156e-01,2.372090518474578857e-01,2.224907875061035156e-01,3.287364542484283447e-01,-1.380048245191574097e-01,-1.793172955513000488e-01,2.310137599706649780e-01,-1.127114444971084595e-01,2.298343926668167114e-02
6.325549632310867310e-02,-7.344680279493331909e-02,-4.256218299269676208e-02,2.535844445228576660e-01,-3.454470038414001465e-01,-6.350015848875045776e-02,1.094197258353233337e-01,2.647688984870910645e-01,1.094197258353233337e-01,-6.350015848875045776e-02,-3.454470038414001465e-01,2.535844445228576660e-01,-4.256218299269676208e-02,-7.344680279493331909e-02,6.325549632310867310e-02
-2.281826257705688477e+00
2.333747781813144684e-02,-1.142808049917221069e-01,2.010879367589950562e-01,-1.188083738088607788e-01,-1.912936419248580933e-01,3.447996377944946289e-01,2.137529700994491577e-01,2.567372918128967285e-01,2.137529700994491577e-01,3.447996377944946289e-01,-1.912936419248580933e-01,-1.188083738088607788e-01,2.010879367589950562e-01,-1.142808049917221069e-01,2.333747781813144684e-02
5.147290229797363281e-02,-3.893950209021568298e-02,-8.097329735755920410e-02,2.716614305973052979e-01,-3.217700123786926270e-01,-1.004084795713424683e-01,1.231735348701477051e-01,2.549570202827453613e-01,1.231735348701477051e-01,-1.004084795713424683e-01,-3.217700123786926270e-01,2.716614305973052979e-01,-8.097329735755920410e-02,-3.893950209021568298e-02,5.147290229797363281e-02
-2.429454565048217773e+00
1.689079962670803070e-02,-8.480034023523330688e-02,1.799528151750564575e-01,-6.792876124382019043e-02,-2.423462271690368652e-01,3.517799675464630127e-01,2.104266583919525146e-01,2.665489614009857178e-01,2.104266583919525146e-01,3.517799675464630127e-01,-2.423462271690368652e-01,-6.792876124382019043e-02,1.799528151750564575e-01,-8.480034023523330688e-02,1.689079962670803070e-02
1.524737104773521423e-02,-2.474600821733474731e-02,-1.009643897414207458e-01,2.835041284561157227e-01,-2.889935076236724854e-01,-1.456185877323150635e-01,1.377824991941452026e-01,2.412130236625671387e-01,1.377824991941452026e-01,-1.456185877323150635e-01,-2.889935076236724854e-01,2.835041284561157227e-01,-1.009643897414207458e-01,-2.474600821733474731e-02,1.524737104773521423e-02
-2.580132961273193359e+00
1.351816952228546143e-01,-1.514228433370590210e-01,-1.773642599582672119e-01,7.248339056968688965e-02,1.818272769451141357e-01,2.314565777778625488e-01,1.415578871965408325e-01,1.420146375894546509e-01,1.415578871965408325e-01,2.314565777778625488e-01,1.818272769451141357e-01,7.248339056968688965e-02,-1.773642599582672119e-01,-1.514228433370590210e-01,1.351816952228546143e-01
1.618614345788955688e-01,1.286998093128204346e-01,-1.411853283643722534e-01,-2.248839288949966431e-01,-2.503984235227108002e-02,3.261220455169677734e-02,1.319398432970046997e-01,1.231949701905250549e-01,1.319398432970046997e-01,3.261220455169677734e-02,-2.503984235227108002e-02,-2.248839288949966431e-01,-1.411853283643722534e-01,1.286998093128204346e-01,1.618614345788955688e-01
-3.271071612834930420e-01
-1.183971762657165527e-01,-1.529645919799804688e-01,8.040166646242141724e-02,1.272025555372238159e-01,1.610580384731292725e-01,1.553247570991516113e-01,1.681434810161590576e-01,1.116119921207427979e-01,1.681434810161590576e-01,1.553247570991516113e-01,1.610580384731292725e-01,1.272025555372238159e-01,8.040166646242141724e-02,-1.529645919799804688e-01,-1.183971762657165527e-01
7.525546941906213760e-03,-2.175690382719039917e-01,-2.019515484571456909e-01,-4.760168865323066711e-02,-1.052322797477245331e-02,5.610832944512367249e-02,1.033539772033691406e-01,1.558583825826644897e-01,1.033539772033691406e-01,5.610832944512367249e-02,-1.052322797477245331e-02,-4.760168865323066711e-02,-2.019515484571456909e-01,-2.175690382719039917e-01,7.525546941906213760e-03
-4.067060351371765137e-01
-1.552510410547256470e-01,-2.195521146059036255e-01,2.247838117182254791e-02,1.644753068685531616e-01,1.509622782468795776e-01,1.680368036031723022e-01,1.361520141363143921e-01,1.223047822713851929e-01,1.361520141363143921e-01,1.680368036031723022e-01,1.509622782468795776e-01,1.644753068685531616e-01,2.247838117182254791e-02,-2.195521146059036255e-01,-1.552510410547256470e-01
1.380998939275741577e-01,-1.058312281966209412e-01,-1.668650060892105103e-01,-1.411115974187850952e-01,1.968581229448318481e-02,6.081093102693557739e-02,1.451467871665954590e-01,1.192090883851051331e-01,1.451467871665954590e-01,6.081093102693557739e-02,1.968581229448318481e-02,-1.411115974187850952e-01,-1.668650060892105103e-01,-1.058312281966209412e-01,1.380998939275741577e-01
-4.918165504932403564e-01
2.226743847131729126e-02,-2.656830251216888428e-01,-6.909768283367156982e-02,1.382443159818649292e-01,2.038077712059020996e-01,1.575676649808883667e-01,1.627497076988220215e-01,1.297526061534881592e-01,1.627497076988220215e-01,1.575676649808883667e-01,2.038077712059020996e-01,1.382443159818649292e-01,-6.909768283367156982e-02,-2.656830251216888428e-01,2.226743847131729126e-02
1.400570720434188843e-01,3.575332835316658020e-02,-2.226475626230239868e-01,-1.280244439840316772e-01,-1.706620305776596069e-02,8.337719738483428955e-02,8.910994976758956909e-02,1.541276723146438599e-01,8.910994976758956909e-02,8.337719738483428955e-02,-1.706620305776596069e-02,-1.280244439840316772e-01,-2.226475626230239868e-01,3.575332835316658020e-02,1.400570720434188843e-01
-5.821056365966796875e-01
8.102270215749740601e-02,-1.694065481424331665e-01,-1.606920808553695679e-01,1.149260476231575012e-01,1.692727655172348022e-01,2.270256578922271729e-01,1.435277462005615234e-01,1.680924594402313232e-01,1.435277462005615234e-01,2.270256578922271729e-01,1.692727655172348022e-01,1.149260476231575012e-01,-1.606920808553695679e-01,-1.694065481424331665e-01,8.102270215749740601e-02
1.638582348823547363e-01,1.244418174028396606e-01,-1.689680665731430054e-01,-2.014902830123901367e-01,-3.563672676682472229e-02,5.461811646819114685e-02,1.284412592649459839e-01,1.489020287990570068e-01,1.284412592649459839e-01,5.461811646819114685e-02,-3.563672676682472229e-02,-2.014902830123901367e-01,-1.689680665731430054e-01,1.244418174028396606e-01,1.638582348823547363e-01
-6.772937774658203125e-01
2.310574352741241455e-01,-1.489802598953247070e-01,-1.502320766448974609e-01,5.331486091017723083e-02,1.898666918277740479e-01,1.609266251325607300e-01,1.740545779466629028e-01,1.482073217630386353e-01,1.740545779466629028e-01,1.609266251325607300e-01,1.898666918277740479e-01,5.331486091017723083e-02,-1.502320766448974609e-01,-1.489802598953247070e-01,2.310574352741241455e-01
1.074830964207649231e-01,1.935720145702362061e-01,-7.999715209007263184e-02,-2.455428093671798706e-01,-3.864570334553718567e-02,5.786377191543579102e-02,1.655770987272262573e-01,1.342856436967849731e-01,1.655770987272262573e-01,5.786377191543579102e-02,-3.864570334553718567e-02,-2.455428093671798706e-01,-7.999715209007263184e-02,1.935720145702362061e-01,1.074830964207649231e-01
-7.771421670913696289e-01
2.868220210075378418e-01,-6.717704981565475464e-02,-1.827127337455749512e-01,-2.424407564103603363e-02,2.207570970058441162e-01,1.670317798852920532e-01,1.679701209068298340e-01,9.676691144704818726e-02,1.679701209068298340e-01,1.670317798852920532e-01,2.207570970058441162e-01,-2.424407564103603363e-02,-1.827127337455749512e-01,-6.717704981565475464e-02,2.868220210075378418e-01
-8.727139979600906372e-02,2.774194777011871338e-01,-5.702993646264076233e-02,-2.110831886529922485e-01,-1.066649854183197021e-01,9.074728935956954956e-02,1.181906461715698242e-01,1.600081920623779297e-01,1.181906461715698242e-01,9.074728935956954956e-02,-1.066649854183197021e-01,-2.110831886529922485e-01,-5.702993646264076233e-02,2.774194777011871338e-01,-8.727139979600906372e-02
-8.814436793327331543e-01
1.919925808906555176e-01,9.209975600242614746e-02,-2.587305605411529541e-01,-4.632794484496116638e-02,1.899882256984710693e-01,2.219969481229782104e-01,1.408951133489608765e-01,1.275980025529861450e-01,1.408951133489608765e-01,2.219969481229782104e-01,1.899882256984710693e-01,-4.632794484496116638e-02,-2.587305605411529541e-01,9.209975600242614746e-02,1.919925808906555176e-01
-2.503675222396850586e-01,2.963452339172363281e-01,-4.801894538104534149e-03,-1.897390931844711304e-01,-1.703105121850967407e-01,7.016303390264511108e-02,9.214390069246292114e-02,1.805556863546371460e-01,9.214390069246292114e-02,7.016303390264511108e-02,-1.703105121850967407e-01,-1.897390931844711304e-01,-4.801894538104534149e-03,2.963452339172363281e-01,-2.503675222396850586e-01
-9.900165200233459473e-01
1.065730582922697067e-02,2.256322354078292847e-01,-2.908223271369934082e-01,-5.801859498023986816e-02,1.613706797361373901e-01,2.770821750164031982e-01,1.357591152191162109e-01,1.707878410816192627e-01,1.357591152191162109e-01,2.770821750164031982e-01,1.613706797361373901e-01,-5.801859498023986816e-02,-2.908223271369934082e-01,2.256322354078292847e-01,1.065730582922697067e-02
-2.806915044784545898e-01,2.053996473550796509e-01,1.046218052506446838e-01,-1.996552646160125732e-01,-1.682120859622955322e-01,3.118850849568843842e-02,1.025392040610313416e-01,1.503312140703201294e-01,1.025392040610313416e-01,3.118850849568843842e-02,-1.682120859622955322e-01,-1.996552646160125732e-01,1.046218052506446838e-01,2.053996473550796509e-01,-2.806915044784545898e-01
-1.102699279785156250e+00
-1.169970035552978516e-01,3.009929060935974121e-01,-2.294288724660873413e-01,-1.139662116765975952e-01,1.335901916027069092e-01,2.776085436344146729e-01,1.633707135915756226e-01,1.888733506202697754e-01,1.633707135915756226e-01,2.776085436344146729e-01,1.335901916027069092e-01,-1.139662116765975952e-01,-2.294288724660873413e-01,3.009929060935974121e-01,-1.169970035552978516e-01
-2.094520479440689087e-01,5.657278001308441162e-02,2.093190848827362061e-01,-2.407810389995574951e-01,-1.716662943363189697e-01,-1.170171890407800674e-02,1.602075994014739990e-01,1.396386921405792236e-01,1.602075994014739990e-01,-1.170171890407800674e-02,-1.716662943363189697e-01,-2.407810389995574951e-01,2.093190848827362061e-01,5.657278001308441162e-02,-2.094520479440689087e-01
-1.219347834587097168e+00
-1.623266786336898804e-01,2.795718014240264893e-01,-1.345987617969512939e-01,-2.009327560663223267e-01,1.435301601886749268e-01,2.629631757736206055e-01,2.066840976476669312e-01,1.715715676546096802e-01,2.066840976476669312e-01,2.629631757736206055e-01,1.435301601886749268e-01,-2.009327560663223267e-01,-1.345987617969512939e-01,2.795718014240264893e-01,-1.623266786336898804e-01
-1.014800295233726501e-01,-7.343810796737670898e-02,2.977595329284667969e-01,-2.219040840864181519e-01,-1.725119203329086304e-01,-4.027068987488746643e-02,1.729951500892639160e-01,1.248954907059669495e-01,1.729951500892639160e-01,-4.027068987488746643e-02,-1.725119203329086304e-01,-2.219040840864181519e-01,2.977595329284667969e-01,-7.343810796737670898e-02,-1.014800295233726501e-01
-1.339831829071044922e+00
-1.549319028854370117e-01,2.083447873592376709e-01,-1.388054154813289642e-02,-2.828591763973236084e-01,1.495180726051330566e-01,2.455498427152633667e-01,2.523215413093566895e-01,1.539907753467559814e-01,2.523215413093566895e-01,2.455498427152633667e-01,1.495180726051330566e-01,-2.828591763973236084e-01,-1.388054154813289642e-02,2.083447873592376709e-01,-1.549319028854370117e-01
-2.591182943433523178e-03,-1.619750559329986572e-01,3.140509426593780518e-01,-1.807562112808227539e-01,-2.044682055711746216e-01,-3.537387773394584656e-02,1.759831309318542480e-01,1.433410495519638062e-01,1.759831309318542480e-01,-3.537387773394584656e-02,-2.044682055711746216e-01,-1.807562112808227539e-01,3.140509426593780518e-01,-1.619750559329986572e-01,-2.591182943433523178e-03
-1.464033246040344238e+00
-1.195689067244529724e-01,1.036141291260719299e-01,9.108357876539230347e-02,-3.295739889144897461e-01,1.416888386011123657e-01,2.334726005792617798e-01,2.712192237377166748e-01,1.378329098224639893e-01,2.712192237377166748e-01,2.334726005792617798e-01,1.416888386011123657e-01,-3.295739889144897461e-01,9.108357876539230347e-02,1.036141291260719299e-01,-1.195689067244529724e-01
6.871596723794937134e-02,-2.060896456241607666e-01,2.830400466918945312e-01,-9.954044967889785767e-02,-2.518966495990753174e-01,-3.040429949760437012e-02,1.546043306589126587e-01,1.769214272499084473e-01,1.546043306589126587e-01,-3.040429949760437012e-02,-2.518966495990753174e-01,-9.954044967889785767e-02,2.830400466918945312e-01,-2.060896456241607666e-01,6.871596723794937134e-02
-1.591844081878662109e+00
-7.252288609743118286e-02,2.529346384108066559e-02,1.769263446331024170e-01,-3.472331166267395020e-01,1.053659245371818542e-01,2.383106499910354614e-01,2.774716317653656006e-01,1.420518457889556885e-01,2.774716317653656006e-01,2.383106499910354614e-01,1.053659245371818542e-01,-3.472331166267395020e-01,1.769263446331024170e-01,2.529346384108066559e-02,-7.252288609743118286e-02
9.605367481708526611e-02,-2.067408859729766846e-01,2.238727658987045288e-01,-1.057874131947755814e-02,-3.017027378082275391e-01,-1.664922013878822327e-02,1.326476931571960449e-01,2.132859677076339722e-01,1.326476931571960449e-01,-1.664922013878822327e-02,-3.017027378082275391e-01,-1.057874131947755814e-02,2.238727658987045288e-01,-2.067408859729766846e-01,9.605367481708526611e-02
-1.723165392875671387e+00
-3.447270393371582031e-02,-5.163541063666343689e-02,2.237421870231628418e-01,-3.286690115928649902e-01,5.564447492361068726e-02,2.576683759689331055e-01,2.710723280906677246e-01,1.611094921827316284e-01,2.710723280906677246e-01,2.576683759689331055e-01,5.564447492361068726e-02,-3.286690115928649902e-01,2.237421870231628418e-01,-5.163541063666343689e-02,-3.447270393371582031e-02
1.184624657034873962e-01,-1.831859946250915527e-01,1.410746872425079346e-01,7.608278840780258179e-02,-3.336785137653350830e-01,-6.142214871942996979e-03,1.142617166042327881e-01,2.422827780246734619e-01,1.142617166042327881e-01,-6.142214871942996979e-03,-3.336785137653350830e-01,7.608278840780258179e-02,1.410746872425079346e-01,-1.831859946250915527e-01,1.184624657034873962e-01
-1.857905864715576172e+00
-3.110180841758847237e-03,-8.337027579545974731e-02,2.494700849056243896e-01,-2.912848889827728271e-01,-8.374530822038650513e-03,2.819158434867858887e-01,2.536648213863372803e-01,1.846557855606079102e-01,2.536648213863372803e-01,2.819158434867858887e-01,-8.374530822038650513e-03,-2.912848889827728271e-01,2.494700849056243896e-01,-8.337027579545974731e-02,-3.110180841758847237e-03
9.214884042739868164e-02,-1.488711982965469360e-01,7.806587964296340942e-02,1.594125032424926758e-01,-3.555519282817840576e-01,-1.579674519598484039e-02,1.027279123663902283e-01,2.610315382480621338e-01,1.027279123663902283e-01,-1.579674519598484039e-02,-3.555519282817840576e-01,1.594125032424926758e-01,7.806587964296340942e-02,-1.488711982965469360e-01,9.214884042739868164e-02
-1.995981097221374512e+00
1.402301341295242310e-02,-1.099930927157402039e-01,2.467981278896331787e-01,-2.376082837581634521e-01,-7.521037012338638306e-02,3.042940199375152588e-01,2.345822006464004517e-01,2.111722081899642944e-01,2.345822006464004517e-01,3.042940199375152588e-01,-7.521037012338638306e-02,-2.376082837581634521e-01,2.467981278896331787e-01,-1.099930927157402039e-01,1.402301341295242310e-02
7.879007607698440552e-02,-1.099160984158515930e-01,9.886621497571468353e-03,2.124959677457809448e-01,-3.613443970680236816e-01,-3.553630784153938293e-02,1.037873402237892151e-01,2.697484791278839111e-01,1.037873402237892151e-01,-3.553630784153938293e-02,-3.613443970680236816e-01,2.124959677457809448e-01,9.886621497571468353e-03,-1.099160984158515930e-01,7.879007607698440552e-02
-2.137312412261962891e+00
2.232997864484786987e-02,-1.004405245184898376e-01,2.355818003416061401e-01,-1.833861321210861206e-01,-1.392627656459808350e-01,3.298134207725524902e-01,2.210469841957092285e-01,2.348971068859100342e-01,2.210469841957092285e-01,3.298134207725524902e-01,-1.392627656459808350e-01,-1.833861321210861206e-01,2.355818003416061401e-01,-1.004405245184898376e-01,2.232997864484786987e-02
4.186943918466567993e-02,-7.792519778013229370e-02,-3.315499797463417053e-02,2.587809264659881592e-01,-3.478395342826843262e-01,-6.797674298286437988e-02,1.053327247500419617e-01,2.627996802330017090e-01,1.053327247500419617e-01,-6.797674298286437988e-02,-3.478395342826843262e-01,2.587809264659881592e-01,-3.315499797463417053e-02,-7.792519778013229370e-02,4.186943918466567993e-02
-2.281826257705688477e+00
2.226848853752017021e-03,-2.624458074569702148e-01,1.418811082839965820e-01,-6.532124429941177368e-02,-1.331185996532440186e-01,3.552042245864868164e-01,1.946515887975692749e-01,2.389847040176391602e-01,1.946515887975692749e-01,3.552042245864868164e-01,-1.331185996532440186e-01,-6.532124429941177368e-02,1.418811082839965820e-01,-2.624458074569702148e-01,2.226848853752017021e-03
1.971368789672851562e-01,-2.193640917539596558e-02,-1.717476248741149902e-01,2.018749117851257324e-01,-2.853799760341644287e-01,-4.192176461219787598e-02,1.160252466797828674e-01,2.246125936508178711e-01,1.160252466797828674e-01,-4.192176461219787598e-02,-2.853799760341644287e-01,2.018749117851257324e-01,-1.717476248741149902e-01,-2.193640917539596558e-02,1.971368789672851562e-01
-2.429454565048217773e+00
1.411940995603799820e-02,-8.749832957983016968e-02,1.832911521196365356e-01,-6.355141848325729370e-02,-2.419820427894592285e-01,3.494356870651245117e-01,2.076045721769332886e-01,2.643289566040039062e-01,2.076045721769332886e-01,3.494356870651245117e-01,-2.419820427894592285e-01,-6.355141848325729370e-02,1.832911521196365356e-01,-8.749832957983016968e-02,1.411940995603799820e-02
1.409782934933900833e-02,-2.334121055901050568e-02,-9.782380610704421997e-02,2.887018024921417236e-01,-2.869651615619659424e-01,-1.474105566740036011e-01,1.378315538167953491e-01,2.433854341506958008e-01,1.378315538167953491e-01,-1.474105566740036011e-01,-2.869651615619659424e-01,2.887018024921417236e-01,-9.782380610704421997e-02,-2.334121055901050568e-02,1.409782934933900833e-02
-2.580132961273193359e+00
1.482266783714294434e-01,-1.568491458892822266e-01,-1.709904819726943970e-01,1.044158935546875000e-01,1.865022331476211548e-01,2.165319770574569702e-01,1.404995620250701904e-01,1.537588834762573242e-01,1.404995620250701904e-01,2.165319770574569702e-01,1.865022331476211548e-01,1.044158935546875000e-01,-1.709904819726943970e-01,-1.568491458892822266e-01,1.482266783714294434e-01
1.630066186189651489e-01,1.377789378166198730e-01,-1.330655664205551147e-01,-2.271713614463806152e-01,-2.189962938427925110e-02,6.045831367373466492e-02,1.629397273063659668e-01,1.459112614393234253e-01,1.629397273063659668e-01,6.045831367373466492e-02,-2.189962938427925110e-02,-2.271713614463806152e-01,-1.330655664205551147e-01,1.377789378166198730e-01,1.630066186189651489e-01
-3.271071612834930420e-01
-1.278107911348342896e-01,-1.558303683996200562e-01,6.491580605506896973e-02,1.116631254553794861e-01,1.759503781795501709e-01,1.768874824047088623e-01,1.587384641170501709e-01,8.795980364084243774e-02,1.587384641170501709e-01,1.768874824047088623e-01,1.759503781795501709e-01,1.116631254553794861e-01,6.491580605506896973e-02,-1.558303683996200562e-01,-1.278107911348342896e-01
6.350114010274410248e-03,-1.940522044897079468e-01,-1.820927858352661133e-01,-5.248945951461791992e-02,-1.516369450837373734e-02,6.689947098493576050e-02,1.137544438242912292e-01,1.556357443332672119e-01,1.137544438242912292e-01,6.689947098493576050e-02,-1.516369450837373734e-02,-5.248945951461791992e-02,-1.820927858352661133e-01,-1.940522044897079468e-01,6.350114010274410248e-03
-4.067060351371765137e-01
-1.141558811068534851e-01,-2.300765961408615112e-01,-7.288706023246049881e-03,1.726314425468444824e-01,1.646164953708648682e-01,1.633402109146118164e-01,1.420330405235290527e-01,1.394621878862380981e-01,1.420330405235290527e-01,1.633402109146118164e-01,1.646164953708648682e-01,1.726314425468444824e-01,-7.288706023246049881e-03,-2.300765961408615112e-01,-1.141558811068534851e-01
1.381149441003799438e-01,-1.368850767612457275e-01,-1.718298792839050293e-01,-1.108631044626235962e-01,1.440939214080572128e-02,2.499925717711448669e-02,1.337023824453353882e-01,1.356122642755508423e-01,1.337023824453353882e-01,2.499925717711448669e-02,1.440939214080572128e-02,-1.108631044626235962e-01,-1.718298792839050293e-01,-1.368850767612457275e-01,1.381149441003799438e-01
-4.918165504932403564e-01
5.283837206661701202e-03,-2.458662837743759155e-01,-5.772211402654647827e-02,1.064328178763389587e-01,1.992379277944564819e-01,1.797441393136978149e-01,1.542139649391174316e-01,9.852018207311630249e-02,1.542139649391174316e-01,1.797441393136978149e-01,1.992379277944564819e-01,1.064328178763389587e-01,-5.772211402654647827e-02,-2.458662837743759155e-01,5.283837206661701202e-03
1.538293063640594482e-01,4.335633292794227600e-02,-2.260846346616744995e-01,-1.332562118768692017e-01,-1.043549831956624985e-02,9.927465766668319702e-02,9.968481957912445068e-02,1.592589169740676880e-01,9.968481957912445068e-02,9.927465766668319702e-02,-1.043549831956624985e-02,-1.332562118768692017e-01,-2.260846346616744995e-01,4.335633292794227600e-02,1.538293063640594482e-01
-5.821056365966796875e-01
8.727205544710159302e-02,-1.661826968193054199e-01,-1.633873879909515381e-01,1.167334839701652527e-01,1.753898859024047852e-01,2.253395318984985352e-01,1.266385763883590698e-01,1.491422355175018311e-01,1.266385763883590698e-01,2.253395318984985352e-01,1.753898859024047852e-01,1.167334839701652527e-01,-1.633873879909515381e-01,-1.661826968193054199e-01,8.727205544710159302e-02
1.763462573289871216e-01,1.270519196987152100e-01,-1.711564511060714722e-01,-1.955318301916122437e-01,-1.977046579122543335e-02,7.068379223346710205e-02,1.318480223417282104e-01,1.485424190759658813e-01,1.318480223417282104e-01,7.068379223346710205e-02,-1.977046579122543335e-02,-1.955318301916122437e-01,-1.711564511060714722e-01,1.270519196987152100e-01,1.763462573289871216e-01
-6.772937774658203125e-01
2.590984702110290527e-01,-1.385809332132339478e-01,-1.639940142631530762e-01,4.219282045960426331e-02,1.985702067613601685e-01,1.660396307706832886e-01,1.609734892845153809e-01,1.292829662561416626e-01,1.609734892845153809e-01,1.660396307706832886e-01,1.985702067613601685e-01,4.219282045960426331e-02,-1.639940142631530762e-01,-1.385809332132339478e-01,2.590984702110290527e-01
1.093196123838424683e-01,1.873679608106613159e-01,-8.285161107778549194e-02,-2.492386996746063232e-01,-4.310926795005798340e-02,5.994734168052673340e-02,1.849631369113922119e-01,1.551780551671981812e-01,1.849631369113922119e-01,5.994734168052673340e-02,-4.310926795005798340e-02,-2.492386996746063232e-01,-8.285161107778549194e-02,1.873679608106613159e-01,1.093196123838424683e-01
-7.771421670913696289e-01
2.873575389385223389e-01,-6.628812104463577271e-02,-1.820311546325683594e-01,-2.582027390599250793e-02,2.141158878803253174e-01,1.621717512607574463e-01,1.715842485427856445e-01,1.033249273896217346e-01,1.715842485427856445e-01,1.621717512607574463e-01,2.141158878803253174e-01,-2.582027390599250793e-02,-1.820311546325683594e-01,-6.628812104463577271e-02,2.873575389385223389e-01
-9.010606259107589722e-02,2.814475595951080322e-01,-5.459264293313026428e-02,-2.159657776355743408e-01,-1.144081279635429382e-01,9.062313288450241089e-02,1.289342492818832397e-01,1.698212176561355591e-01,1.289342492818832397e-01,9.062313288450241089e-02,-1.144081279635429382e-01,-2.159657776355743408e-01,-5.459264293313026428e-02,2.814475595951080322e-01,-9.010606259107589722e-02
-8.814436793327331543e-01
1.743940860033035278e-01,9.453034400939941406e-02,-2.516338825225830078e-01,-5.001508817076683044e-02,1.850591450929641724e-01,2.300145030021667480e-01,1.599577963352203369e-01,1.466848254203796387e-01,1.599577963352203369e-01,2.300145030021667480e-01,1.850591450929641724e-01,-5.001508817076683044e-02,-2.516338825225830078e-01,9.453034400939941406e-02,1.743940860033035278e-01
-2.542934715747833252e-01,2.818366289138793945e-01,-1.581590436398983002e-02,-1.963840425014495850e-01,-1.727821826934814453e-01,8.103702962398529053e-02,1.049591824412345886e-01,1.895907670259475708e-01,1.049591824412345886e-01,8.103702962398529053e-02,-1.727821826934814453e-01,-1.963840425014495850e-01,-1.581590436398983002e-02,2.818366289138793945e-01,-2.542934715747833252e-01
-9.900165200233459473e-01
6.956024561077356339e-03,2.311685234308242798e-01,-2.830858826637268066e-01,-6.518643349409103394e-02,1.467424482107162476e-01,2.746406793594360352e-01,1.467794477939605713e-01,1.840051710605621338e-01,1.467794477939605713e-01,2.746406793594360352e-01,1.467424482107162476e-01,-6.518643349409103394e-02,-2.830858826637268066e-01,2.311685234308242798e-01,6.956024561077356339e-03
-2.774158120155334473e-01,2.090349495410919189e-01,9.844432026147842407e-02,-2.126775979995727539e-01,-1.753071993589401245e-01,3.575017675757408142e-02,1.047249659895896912e-01,1.501717567443847656e-01,1.047249659895896912e-01,3.575017675757408142e-02,-1.753071993589401245e-01,-2.126775979995727539e-01,9.844432026147842407e-02,2.090349495410919189e-01,-2.774158120155334473e-01
-1.102699279785156250e+00
-1.206057369709014893e-01,2.932774424552917480e-01,-2.413647770881652832e-01,-1.190832406282424927e-01,1.454214900732040405e-01,2.907766103744506836e-01,1.699452698230743408e-01,1.901182234287261963e-01,1.699452698230743408e-01,2.907766103744506836e-01,1.454214900732040405e-01,-1.190832406282424927e-01,-2.413647770881652832e-01,2.932774424552917480e-01,-1.206057369709014893e-01
-2.151044905185699463e-01,5.599080398678779602e-02,2.162828892469406128e-01,-2.309472709894180298e-01,-1.650050878524780273e-01,-1.263147220015525818e-02,1.469597816467285156e-01,1.280106008052825928e-01,1.469597816467285156e-01,-1.263147220015525818e-02,-1.650050878524780273e-01,-2.309472709894180298e-01,2.162828892469406128e-01,5.599080398678779602e-02,-2.151044905185699463e-01
-1.219347834587097168e+00
-1.625123769044876099e-01,2.849658429622650146e-01,-1.347854435443878174e-01,-2.053019106388092041e-01,1.447721719741821289e-01,2.675226032733917236e-01,2.099732756614685059e-01,1.728356033563613892e-01,2.099732756614685059e-01,2.675226032733917236e-01,1.447721719741821289e-01,-2.053019106388092041e-01,-1.347854435443878174e-01,2.849658429622650146e-01,-1.625123769044876099e-01
-1.082425341010093689e-01,-7.489212602376937866e-02,2.979886233806610107e-01,-2.244008481502532959e-01,-1.724306643009185791e-01,-3.455988690257072449e-02,1.787715405225753784e-01,1.277460455894470215e-01,1.787715405225753784e-01,-3.455988690257072449e-02,-1.724306643009185791e-01,-2.244008481502532959e-01,2.979886233806610107e-01,-7.489212602376937866e-02,-1.082425341010093689e-01
-1.339831829071044922e+00
-1.552025675773620605e-01,2.067613303661346436e-01,-1.546767540276050568e-02,-2.840985953807830811e-01,1.496309340000152588e-01,2.455790340900421143e-01,2.512702941894531250e-01,1.539614647626876831e-01,2.512702941894531250e-01,2.455790340900421143e-01,1.496309340000152588e-01,-2.840985953807830811e-01,-1.546767540276050568e-02,2.067613303661346436e-01,-1.552025675773620605e-01
-7.022752426564693451e-03,-1.632537692785263062e-01,3.159700632095336914e-01,-1.797682791948318481e-01,-2.053753286600112915e-01,-3.756009042263031006e-02,1.753943115472793579e-01,1.435656249523162842e-01,1.753943115472793579e-01,-3.756009042263031006e-02,-2.053753286600112915e-01,-1.797682791948318481e-01,3.159700632095336914e-01,-1.632537692785263062e-01,-7.022752426564693451e-03
-1.464033246040344238e+00
-1.153112426400184631e-01,1.183626204729080200e-01,9.759716689586639404e-02,-3.340195417404174805e-01,1.356279402971267700e-01,2.306216806173324585e-01,2.688705325126647949e-01,1.354777961969375610e-01,2.688705325126647949e-01,2.306216806173324585e-01,1.356279402971267700e-01,-3.340195417404174805e-01,9.759716689586639404e-02,1.183626204729080200e-01,-1.153112426400184631e-01
5.353054404258728027e-02,-2.038649618625640869e-01,2.914533913135528564e-01,-9.879659861326217651e-02,-2.549715638160705566e-01,-3.063412383198738098e-02,1.583135575056076050e-01,1.791621446609497070e-01,1.583135575056076050e-01,-3.063412383198738098e-02,-2.549715638160705566e-01,-9.879659861326217651e-02,2.914533913135528564e-01,-2.038649618625640869e-01,5.353054404258728027e-02
-1.591844081878662109e+00
-7.453252375125885010e-02,2.279707230627536774e-02,1.767800152301788330e-01,-3.493311703205108643e-01,1.016655191779136658e-01,2.375934273004531860e-01,2.800995111465454102e-01,1.454786509275436401e-01,2.800995111465454102e-01,2.375934273004531860e-01,1.016655191779136658e-01,-3.493311703205108643e-01,1.767800152301788330e-01,2.279707230627536774e-02,-7.453252375125885010e-02
9.930422157049179077e-02,-2.069151848554611206e-01,2.206204384565353394e-01,-1.262476667761802673e-02,-2.989897131919860840e-01,-1.039010751992464066e-02,1.389907896518707275e-01,2.159595191478729248e-01,1.389907896518707275e-01,-1.039010751992464066e-02,-2.989897131919860840e-01,-1.262476667761802673e-02,2.206204384565353394e-01,-2.069151848554611206e-01,9.930422157049179077e-02
-1.723165392875671387e+00
-3.884730860590934753e-02,-5.417785421013832092e-02,2.214755415916442871e-01,-3.307076692581176758e-01,5.606978014111518860e-02,2.589355707168579102e-01,2.716779708862304688e-01,1.615065783262252808e-01,2.716779708862304688e-01,2.589355707168579102e-01,5.606978014111518860e-02,-3.307076692581176758e-01,2.214755415916442871e-01,-5.417785421013832092e-02,-3.884730860590934753e-02
1.151248663663864136e-01,-1.805259138345718384e-01,1.441132575273513794e-01,7.424422353506088257e-02,-3.373299241065979004e-01,-8.955043740570545197e-03,1.122038885951042175e-01,2.406045347452163696e-01,1.122038885951042175e-01,-8.955043740570545197e-03,-3.373299241065979004e-01,7.424422353506088257e-02,1.441132575273513794e-01,-1.805259138345718384e-01,1.151248663663864136e-01
-1.857905864715576172e+00
-1.633244100958108902e-03,-7.167874276638031006e-02,2.534719109535217285e-01,-2.964313924312591553e-01,-1.243771798908710480e-02,2.816150486469268799e-01,2.538679838180541992e-01,1.847937703132629395e-01,2.538679838180541992e-01,2.816150486469268799e-01,-1.243771798908710480e-02,-2.964313924312591553e-01,2.534719109535217285e-01,-7.167874276638031006e-02,-1.633244100958108902e-03
8.040947467088699341e-02,-1.497377008199691772e-01,8.233866095542907715e-02,1.596539318561553955e-01,-3.573358654975891113e-01,-1.595173589885234833e-02,1.018477603793144226e-01,2.591941356658935547e-01,1.018477603793144226e-01,-1.595173589885234833e-02,-3.573358654975891113e-01,1.596539318561553955e-01,8.233866095542907715e-02,-1.497377008199691772e-01,8.040947467088699341e-02
-1.995981097221374512e+00
1.202717609703540802e-02,-1.064448282122612000e-01,2.463599443435668945e-01,-2.406220883131027222e-01,-7.113474607467651367e-02,3.106801211833953857e-01,2.369747310876846313e-01,2.111991047859191895e-01,2.369747310876846313e-01,3.106801211833953857e-01,-7.113474607467651367e-02,-2.406220883131027222e-01,2.463599443435668945e-01,-1.064448282122612000e-01,1.202717609703540802e-02
7.323950529098510742e-02,-1.093577221035957336e-01,1.449032500386238098e-02,2.164373844861984253e-01,-3.598871231079101562e-01,-3.633607178926467896e-02,9.732081741094589233e-02,2.637173831462860107e-01,9.732081741094589233e-02,-3.633607178926467896e-02,-3.598871231079101562e-01,2.164373844861984253e-01,1.449032500386238098e-02,-1.093577221035957336e-01,7.323950529098510742e-02
-2.137312412261962891e+00
1.971762254834175110e-02,-1.119478493928909302e-01,2.316662371158599854e-01,-1.807304471731185913e-01,-1.355992108583450317e-01,3.314186334609985352e-01,2.224131524562835693e-01,2.359088212251663208e-01,2.224131524562835693e-01,3.314186334609985352e-01,-1.355992108583450317e-01,-1.807304471731185913e-01,2.316662371158599854e-01,-1.119478493928909302e-01,1.971762254834175110e-02
5.581885576248168945e-02,-7.476222515106201172e-02,-4.057513922452926636e-02,2.542395591735839844e-01,-3.458937108516693115e-01,-6.371478736400604248e-02,1.085614338517189026e-01,2.632060348987579346e-01,1.085614338517189026e-01,-6.371478736400604248e-02,-3.458937108516693115e-01,2.542395591735839844e-01,-4.057513922452926636e-02,-7.476222515106201172e-02,5.581885576248168945e-02
-2.281826257705688477e+00
2.027026377618312836e-02,-1.116609945893287659e-01,2.034428715705871582e-01,-1.202233731746673584e-01,-1.919863522052764893e-01,3.461473584175109863e-01,2.139669507741928101e-01,2.548343837261199951e-01,2.139669507741928101e-01,3.461473584175109863e-01,-1.919863522052764893e-01,-1.202233731746673584e-01,2.034428715705871582e-01,-1.116609945893287659e-01,2.027026377618312836e-02
4.577308893203735352e-02,-4.464517161250114441e-02,-8.498474955558776855e-02,2.722486555576324463e-01,-3.198574781417846680e-01,-1.002821549773216248e-01,1.229547113180160522e-01,2.545546293258666992e-01,1.229547113180160522e-01,-1.002821549773216248e-01,-3.198574781417846680e-01,2.722486555576324463e-01,-8.498474955558776855e-02,-4.464517161250114441e-02,4.577308893203735352e-02
-2.429454565048217773e+00
1.472905464470386505e-02,-9.567901492118835449e-02,1.762654632329940796e-01,-6.499718129634857178e-02,-2.375458180904388428e-01,3.551628291606903076e-01,2.114705294370651245e-01,2.663041353225708008e-01,2.114705294370651245e-01,3.551628291606903076e-01,-2.375458180904388428e-01,-6.499718129634857178e-02,1.762654632329940796e-01,-9.567901492118835449e-02,1.472905464470386505e-02
2.751954086124897003e-02,-2.288869954645633698e-02,-1.081576496362686157e-01,2.838366627693176270e-01,-2.835794687271118164e-01,-1.430243849754333496e-01,1.385866254568099976e-01,2.413753420114517212e-01,1.385866254568099976e-01,-1.430243849754333496e-01,-2.835794687271118164e-01,2.838366627693176270e-01,-1.081576496362686157e-01,-2.288869954645633698e-02,2.751954086124897003e-02
-2.580132961273193359e+00
1.451401412487030029e-01,-1.696399003267288208e-01,-1.652115881443023682e-01,1.317437589168548584e-01,1.769494265317916870e-01,1.874782592058181763e-01,1.405737549066543579e-01,1.725229918956756592e-01,1.405737549066543579e-01,1.874782592058181763e-01,1.769494265317916870e-01,1.317437589168548584e-01,-1.652115881443023682e-01,-1.696399003267288208e-01,1.451401412487030029e-01
1.538176089525222778e-01,1.391600966453552246e-01,-1.236314475536346436e-01,-2.274858504533767700e-01,-3.060670197010040283e-02,5.589680746197700500e-02,1.643308997154235840e-01,1.491569131612777710e-01,1.643308997154235840e-01,5.589680746197700500e-02,-3.060670197010040283e-02,-2.274858504533767700e-01,-1.236314475536346436e-01,1.391600966453552246e-01,1.538176089525222778e-01
-3.271071612834930420e-01
-1.482049673795700073e-01,-1.267200112342834473e-01,1.065222397446632385e-01,8.662855625152587891e-02,1.332392990589141846e-01,1.682919114828109741e-01,1.749328821897506714e-01,1.018359959125518799e-01,1.749328821897506714e-01,1.682919114828109741e-01,1.332392990589141846e-01,8.662855625152587891e-02,1.065222397446632385e-01,-1.267200112342834473e-01,-1.482049673795700073e-01
2.302106097340583801e-02,-1.667265295982360840e-01,-2.386012375354766846e-01,-1.085059419274330139e-01,2.904435992240905762e-02,1.231209784746170044e-01,7.714167237281799316e-02,8.201295882463455200e-02,7.714167237281799316e-02,1.231209784746170044e-01,2.904435992240905762e-02,-1.085059419274330139e-01,-2.386012375354766846e-01,-1.667265295982360840e-01,2.302106097340583801e-02
-4.067060351371765137e-01
-1.170535609126091003e-01,-2.291977852582931519e-01,-1.432672422379255295e-02,1.687624752521514893e-01,1.677760034799575806e-01,1.692441552877426147e-01,1.372607648372650146e-01,1.317097246646881104e-01,1.372607648372650146e-01,1.692441552877426147e-01,1.677760034799575806e-01,1.687624752521514893e-01,-1.432672422379255295e-02,-2.291977852582931519e-01,-1.170535609126091003e-01
1.332374513149261475e-01,-1.436397880315780640e-01,-1.688675135374069214e-01,-1.019936278462409973e-01,1.063480973243713379e-02,1.301423273980617523e-02,1.362991780042648315e-01,1.442854702472686768e-01,1.362991780042648315e-01,1.301423273980617523e-02,1.063480973243713379e-02,-1.019936278462409973e-01,-1.688675135374069214e-01,-1.436397880315780640e-01,1.332374513149261475e-01
-4.918165504932403564e-01
2.090370096266269684e-02,-2.480233013629913330e-01,-5.853296816349029541e-02,1.193601265549659729e-01,1.909953802824020386e-01,1.530912220478057861e-01,1.436464786529541016e-01,1.034023761749267578e-01,1.436464786529541016e-01,1.530912220478057861e-01,1.909953802824020386e-01,1.193601265549659729e-01,-5.853296816349029541e-02,-2.480233013629913330e-01,2.090370096266269684e-02
1.387072503566741943e-01,2.481989003717899323e-02,-2.285915762186050415e-01,-1.200390607118606567e-01,-1.020758878439664841e-03,9.060232341289520264e-02,8.287975937128067017e-02,1.449566334486007690e-01,8.287975937128067017e-02,9.060232341289520264e-02,-1.020758878439664841e-03,-1.200390607118606567e-01,-2.285915762186050415e-01,2.481989003717899323e-02,1.387072503566741943e-01
-5.821056365966796875e-01
8.921665698289871216e-02,-1.789625883102416992e-01,-1.592290997505187988e-01,1.396300941705703735e-01,1.643871814012527466e-01,2.018350958824157715e-01,1.366231888532638550e-01,1.771230399608612061e-01,1.366231888532638550e-01,2.018350958824157715e-01,1.643871814012527466e-01,1.396300941705703735e-01,-1.592290997505187988e-01,-1.789625883102416992e-01,8.921665698289871216e-02
1.561459749937057495e-01,1.205975413322448730e-01,-1.589563488960266113e-01,-1.952512115240097046e-01,-3.818784654140472412e-02,5.742203071713447571e-02,1.329118609428405762e-01,1.539809554815292358e-01,1.329118609428405762e-01,5.742203071713447571e-02,-3.818784654140472412e-02,-1.952512115240097046e-01,-1.589563488960266113e-01,1.205975413322448730e-01,1.561459749937057495e-01
-6.772937774658203125e-01
2.581363320350646973e-01,-1.519498676061630249e-01,-1.795356720685958862e-01,4.967426136136054993e-02,2.235757261514663696e-01,1.814948320388793945e-01,1.574023365974426270e-01,1.178299933671951294e-01,1.574023365974426270e-01,1.814948320388793945e-01,2.235757261514663696e-01,4.967426136136054993e-02,-1.795356720685958862e-01,-1.519498676061630249e-01,2.581363320350646973e-01
9.949984401464462280e-02,1.734018325805664062e-01,-8.755747973918914795e-02,-2.441479712724685669e-01,-3.262652084231376648e-02,6.405524164438247681e-02,1.763825416564941406e-01,1.452394127845764160e-01,1.763825416564941406e-01,6.405524164438247681e-02,-3.262652084231376648e-02,-2.441479712724685669e-01,-8.755747973918914795e-02,1.734018325805664062e-01,9.949984401464462280e-02
-7.771421670913696289e-01
2.970746755599975586e-01,-6.740500777959823608e-02,-1.917083114385604858e-01,-3.088905476033687592e-02,2.145182490348815918e-01,1.590354144573211670e-01,1.661006808280944824e-01,9.852140396833419800e-02,1.661006808280944824e-01,1.590354144573211670e-01,2.145182490348815918e-01,-3.088905476033687592e-02,-1.917083114385604858e-01,-6.740500777959823608e-02,2.970746755599975586e-01
-9.266991168260574341e-02,2.716488540172576904e-01,-6.165241077542304993e-02,-2.228726595640182495e-01,-1.214440613985061646e-01,8.804465830326080322e-02,1.430872678756713867e-01,1.851505935192108154e-01,1.430872678756713867e-01,8.804465830326080322e-02,-1.214440613985061646e-01,-2.228726595640182495e-01,-6.165241077542304993e-02,2.716488540172576904e-01,-9.266991168260574341e-02
-8.814436793327331543e-01
1.920075118541717529e-01,8.969135582447052002e-02,-2.540488541126251221e-01,-4.486492648720741272e-02,1.796345859766006470e-01,2.145633846521377563e-01,1.473464369773864746e-01,1.394101232290267944e-01,1.473464369773864746e-01,2.145633846521377563e-01,1.796345859766006470e-01,-4.486492648720741272e-02,-2.540488541126251221e-01,8.969135582447052002e-02,1.920075118541717529e-01
-2.549671828746795654e-01,2.982243895530700684e-01,-3.751218551769852638e-03,-1.961165517568588257e-01,-1.712777763605117798e-01,8.344473689794540405e-02,9.870050847530364990e-02,1.811166107654571533e-01,9.870050847530364990e-02,8.344473689794540405e-02,-1.712777763605117798e-01,-1.961165517568588257e-01,-3.751218551769852638e-03,2.982243895530700684e-01,-2.549671828746795654e-01
-9.900165200233459473e-01
6.282484158873558044e-03,2.371268123388290405e-01,-2.711394727230072021e-01,-6.622948497533798218e-02,1.320267617702484131e-01,2.688080966472625732e-01,1.623941063880920410e-01,2.087122201919555664e-01,1.623941063880920410e-01,2.688080966472625732e-01,1.320267617702484131e-01,-6.622948497533798218e-02,-2.711394727230072021e-01,2.371268123388290405e-01,6.282484158873558044e-03
-2.682116627693176270e-01,2.017380148172378540e-01,8.461380004882812500e-02,-2.307194024324417114e-01,-1.896312385797500610e-01,4.680993035435676575e-02,1.433993577957153320e-01,1.819791495800018311e-01,1.433993577957153320e-01,4.680993035435676575e-02,-1.896312385797500610e-01,-2.307194024324417114e-01,8.461380004882812500e-02,2.017380148172378540e-01,-2.682116627693176270e-01
-1.102699279785156250e+00
-1.177399680018424988e-01,2.898002266883850098e-01,-2.396039366722106934e-01,-1.191255301237106323e-01,1.383352279663085938e-01,2.843022644519805908e-01,1.709166765213012695e-01,1.950269937515258789e-01,1.709166765213012695e-01,2.843022644519805908e-01,1.383352279663085938e-01,-1.191255301237106323e-01,-2.396039366722106934e-01,2.898002266883850098e-01,-1.177399680018424988e-01
-2.101186364889144897e-01,5.969249084591865540e-02,2.159578949213027954e-01,-2.346804440021514893e-01,-1.658002734184265137e-01,-6.812834646552801132e-03,1.515940427780151367e-01,1.294287890195846558e-01,1.515940427780151367e-01,-6.812834646552801132e-03,-1.658002734184265137e-01,-2.346804440021514893e-01,2.159578949213027954e-01,5.969249084591865540e-02,-2.101186364889144897e-01
-1.219347834587097168e+00
-1.689875125885009766e-01,2.843179404735565186e-01,-1.295260339975357056e-01,-2.061558365821838379e-01,1.401016712188720703e-01,2.668543457984924316e-01,2.135597765445709229e-01,1.787907332181930542e-01,2.135597765445709229e-01,2.668543457984924316e-01,1.401016712188720703e-01,-2.061558365821838379e-01,-1.295260339975357056e-01,2.843179404735565186e-01,-1.689875125885009766e-01
-1.087422892451286316e-01,-7.546274363994598389e-02,2.956758141517639160e-01,-2.300740331411361694e-01,-1.744887083768844604e-01,-2.934310771524906158e-02,1.832064092159271240e-01,1.285908818244934082e-01,1.832064092159271240e-01,-2.934310771524906158e-02,-1.744887083768844604e-01,-2.300740331411361694e-01,2.956758141517639160e-01,-7.546274363994598389e-02,-1.087422892451286316e-01
-1.339831829071044922e+00
-1.603367328643798828e-01,2.039578109979629517e-01,-1.193731930106878281e-02,-2.839448750019073486e-01,1.472799032926559448e-01,2.450208067893981934e-01,2.535429298877716064e-01,1.571397185325622559e-01,2.535429298877716064e-01,2.450208067893981934e-01,1.472799032926559448e-01,-2.839448750019073486e-01,-1.193731930106878281e-02,2.039578109979629517e-01,-1.603367328643798828e-01
-6.598448846489191055e-03,-1.644888520240783691e-01,3.160346448421478271e-01,-1.802377104759216309e-01,-2.063908576965332031e-01,-3.650362789630889893e-02,1.784720420837402344e-01,1.451253443956375122e-01,1.784720420837402344e-01,-3.650362789630889893e-02,-2.063908576965332031e-01,-1.802377104759216309e-01,3.160346448421478271e-01,-1.644888520240783691e-01,-6.598448846489191055e-03
-1.464033246040344238e+00
-1.224838122725486755e-01,1.160175353288650513e-01,9.997753053903579712e-02,-3.375054597854614258e-01,1.319365501403808594e-01,2.343043833971023560e-01,2.779957056045532227e-01,1.450988501310348511e-01,2.779957056045532227e-01,2.343043833971023560e-01,1.319365501403808594e-01,-3.375054597854614258e-01,9.997753053903579712e-02,1.160175353288650513e-01,-1.224838122725486755e-01
5.886518582701683044e-02,-2.045505642890930176e-01,2.851522266864776611e-01,-1.041757762432098389e-01,-2.530330121517181396e-01,-2.205332182347774506e-02,1.644972562789916992e-01,1.803977340459823608e-01,1.644972562789916992e-01,-2.205332182347774506e-02,-2.530330121517181396e-01,-1.041757762432098389e-01,2.851522266864776611e-01,-2.045505642890930176e-01,5.886518582701683044e-02
-1.591844081878662109e+00
-7.929769158363342285e-02,2.069164253771305084e-02,1.766735166311264038e-01,-3.516007363796234131e-01,1.041498929262161255e-01,2.432776540517807007e-01,2.851365506649017334e-01,1.488781720399856567e-01,2.851365506649017334e-01,2.432776540517807007e-01,1.041498929262161255e-01,-3.516007363796234131e-01,1.766735166311264038e-01,2.069164253771305084e-02,-7.929769158363342285e-02
9.901366382837295532e-02,-2.072084099054336548e-01,2.214665561914443970e-01,-9.509269148111343384e-03,-2.986633777618408203e-01,-1.348555181175470352e-02,1.354279518127441406e-01,2.139351218938827515e-01,1.354279518127441406e-01,-1.348555181175470352e-02,-2.986633777618408203e-01,-9.509269148111343384e-03,2.214665561914443970e-01,-2.072084099054336548e-01,9.901366382837295532e-02
-1.723165392875671387e+00
-3.826432302594184875e-02,-4.051798209547996521e-02,2.314579337835311890e-01,-3.365441560745239258e-01,4.752190038561820984e-02,2.587216198444366455e-01,2.766670882701873779e-01,1.666742563247680664e-01,2.766670882701873779e-01,2.587216198444366455e-01,4.752190038561820984e-02,-3.365441560745239258e-01,2.314579337835311890e-01,-4.051798209547996521e-02,-3.826432302594184875e-02
1.045814231038093567e-01,-1.862117350101470947e-01,1.450665742158889771e-01,7.903680205345153809e-02,-3.361275494098663330e-01,-8.547136560082435608e-03,1.172175407409667969e-01,2.447073012590408325e-01,1.172175407409667969e-01,-8.547136560082435608e-03,-3.361275494098663330e-01,7.903680205345153809e-02,1.450665742158889771e-01,-1.862117350101470947e-01,1.045814231038093567e-01
-1.857905864715576172e+00
-8.249942213296890259e-03,-7.721907645463943481e-02,2.561485171318054199e-01,-2.992701828479766846e-01,-1.606365479528903961e-02,2.830964326858520508e-01,2.603851854801177979e-01,1.909084469079971313e-01,2.603851854801177979e-01,2.830964326858520508e-01,-1.606365479528903961e-02,-2.992701828479766846e-01,2.561485171318054199e-01,-7.721907645463943481e-02,-8.249942213296890259e-03
9.035206586122512817e-02,-1.523198187351226807e-01,7.186483591794967651e-02,1.549542695283889771e-01,-3.588393330574035645e-01,-1.676775142550468445e-02,1.079045757651329041e-01,2.648667693138122559e-01,1.079045757651329041e-01,-1.676775142550468445e-02,-3.588393330574035645e-01,1.549542695283889771e-01,7.186483591794967651e-02,-1.523198187351226807e-01,9.035206586122512817e-02
-1.995981097221374512e+00
7.278829813003540039e-03,-9.113629907369613647e-02,2.558667361736297607e-01,-2.503191828727722168e-01,-8.044492453336715698e-02,3.135323226451873779e-01,2.433331310749053955e-01,2.157114148139953613e-01,2.433331310749053955e-01,3.135323226451873779e-01,-8.044492453336715698e-02,-2.503191828727722168e-01,2.558667361736297607e-01,-9.113629907369613647e-02,7.278829813003540039e-03
5.603976920247077942e-02,-1.151443496346473694e-01,1.882537826895713806e-02,2.203186452388763428e-01,-3.654153645038604736e-01,-4.266239702701568604e-02,1.027680784463882446e-01,2.708308696746826172e-01,1.027680784463882446e-01,-4.266239702701568604e-02,-3.654153645038604736e-01,2.203186452388763428e-01,1.882537826895713806e-02,-1.151443496346473694e-01,5.603976920247077942e-02
-2.137312412261962891e+00
1.243036240339279175e-02,-8.893760293722152710e-02,2.453907132148742676e-01,-1.927710473537445068e-01,-1.477418988943099976e-01,3.339833915233612061e-01,2.288176268339157104e-01,2.389180958271026611e-01,2.288176268339157104e-01,3.339833915233612061e-01,-1.477418988943099976e-01,-1.927710473537445068e-01,2.453907132148742676e-01,-8.893760293722152710e-02,1.243036240339279175e-02
2.832176536321640015e-02,-8.135662972927093506e-02,-2.904507704079151154e-02,2.633486688137054443e-01,-3.534160256385803223e-01,-7.328622788190841675e-02,1.149098202586174011e-01,2.729819715023040771e-01,1.149098202586174011e-01,-7.328622788190841675e-02,-3.534160256385803223e-01,2.633486688137054443e-01,-2.904507704079151154e-02,-8.135662972927093506e-02,2.832176536321640015e-02
-2.281826257705688477e+00
5.749288946390151978e-03,-8.526545763015747070e-02,2.247983217239379883e-01,-1.348621100187301636e-01,-2.078530639410018921e-01,3.503183424472808838e-01,2.226929664611816406e-01,2.595359981060028076e-01,2.226929664611816406e-01,3.503183424472808838e-01,-2.078530639410018921e-01,-1.348621100187301636e-01,2.247983217239379883e-01,-8.526545763015747070e-02,5.749288946390151978e-03
1.534396875649690628e-02,-5.530129373073577881e-02,-7.225714623928070068e-02,2.865679562091827393e-01,-3.285720050334930420e-01,-1.162025779485702515e-01,1.298862993717193604e-01,2.696317732334136963e-01,1.298862993717193604e-01,-1.162025779485702515e-01,-3.285720050334930420e-01,2.865679562091827393e-01,-7.225714623928070068e-02,-5.530129373073577881e-02,1.534396875649690628e-02
-2.429454565048217773e+00
-9.504925459623336792e-03,-6.573197990655899048e-02,2.047382593154907227e-01,-8.393049240112304688e-02,-2.576045989990234375e-01,3.636856079101562500e-01,2.244216501712799072e-01,2.720269560813903809e-01,2.244216501712799072e-01,3.636856079101562500e-01,-2.576045989990234375e-01,-8.393049240112304688e-02,2.047382593154907227e-01,-6.573197990655899048e-02,-9.504925459623336792e-03
-4.897895734757184982e-03,-3.753524646162986755e-02,-9.283332526683807373e-02,3.063561022281646729e-01,-2.961836159229278564e-01,-1.726467609405517578e-01,1.480537354946136475e-01,2.694063484668731689e-01,1.480537354946136475e-01,-1.726467609405517578e-01,-2.961836159229278564e-01,3.063561022281646729e-01,-9.283332526683807373e-02,-3.753524646162986755e-02,-4.897895734757184982e-03
-2.580132961273193359e+00
1.373145729303359985e-01,-1.696443259716033936e-01,-2.118273228406906128e-01,8.933744579553604126e-02,1.395541578531265259e-01,-4.002556949853897095e-02,4.815440177917480469e-01,1.701003611087799072e-01,4.815440177917480469e-01,-4.002556949853897095e-02,1.395541578531265259e-01,8.933744579553604126e-02,-2.118273228406906128e-01,-1.696443259716033936e-01,1.373145729303359985e-01
1.476859599351882935e-01,7.190446555614471436e-02,-1.624800637364387512e-02,-1.187000423669815063e-01,8.912428468465805054e-02,-3.175082206726074219e-01,3.003286011517047882e-02,5.301469564437866211e-01,3.003286011517047882e-02,-3.175082206726074219e-01,8.912428468465805054e-02,-1.187000423669815063e-01,-1.624800637364387512e-02,7.190446555614471436e-02,1.476859599351882935e-01
-0.000000000000000000e+00
