-2.009739875793457031e-01,1.708686798810958862e-01,6.066144630312919617e-02,-2.374797910451889038e-01,-3.271861374378204346e-02,1.876181513071060181e-01,2.307102829217910767e-01,1.753092557191848755e-01,1.597510874271392822e-01,1.753092557191848755e-01,2.307102829217910767e-01,1.876181513071060181e-01,-3.271861374378204346e-02,-2.374797910451889038e-01,6.066144630312919617e-02,1.708686798810958862e-01,-2.009739875793457031e-01
4.163252562284469604e-02,-2.151742577552795410e-01,2.649119198322296143e-01,-2.353818155825138092e-02,-1.908383369445800781e-01,-1.723819226026535034e-01,8.899854868650436401e-02,9.712757915258407593e-02,1.766482442617416382e-01,9.712757915258407593e-02,8.899854868650436401e-02,-1.723819226026535034e-01,-1.908383369445800781e-01,-2.353818155825138092e-02,2.649119198322296143e-01,-2.151742577552795410e-01,4.163252562284469604e-02
-3.271071612834930420e-01
-1.586143672466278076e-02,-1.979734599590301514e-01,-1.338479518890380859e-01,8.616749942302703857e-02,1.334284394979476929e-01,1.679724305868148804e-01,1.460835188627243042e-01,1.532422155141830444e-01,1.048579961061477661e-01,1.532422155141830444e-01,1.460835188627243042e-01,1.679724305868148804e-01,1.334284394979476929e-01,8.616749942302703857e-02,-1.338479518890380859e-01,-1.979734599590301514e-01,-1.586143672466278076e-02
1.167062669992446899e-01,3.486832603812217712e-02,-1.240581497550010681e-01,-1.928699612617492676e-01,-6.053882837295532227e-02,-5.728466785512864590e-04,5.987755209207534790e-02,9.066046774387359619e-02,1.473338454961776733e-01,9.066046774387359619e-02,5.987755209207534790e-02,-5.728466785512864590e-04,-6.053882837295532227e-02,-1.928699612617492676e-01,-1.240581497550010681e-01,3.486832603812217712e-02,1.167062669992446899e-01
-4.067060351371765137e-01
1.173157468438148499e-01,-1.317388117313385010e-01,-1.531488597393035889e-01,-1.055976934731006622e-02,1.349659562110900879e-01,1.710259467363357544e-01,1.724718809127807617e-01,1.274657547473907471e-01,1.218872591853141785e-01,1.274657547473907471e-01,1.724718809127807617e-01,1.710259467363357544e-01,1.349659562110900879e-01,-1.055976934731006622e-02,-1.531488597393035889e-01,-1.317388117313385010e-01,1.173157468438148499e-01
8.281445503234863281e-02,1.925819665193557739e-01,-1.011889725923538208e-01,-1.912655830383300781e-01,-1.280903816223144531e-01,3.672706335783004761e-02,3.872796148061752319e-02,1.356537342071533203e-01,1.297165304422378540e-01,1.356537342071533203e-01,3.872796148061752319e-02,3.672706335783004761e-02,-1.280903816223144531e-01,-1.912655830383300781e-01,-1.011889725923538208e-01,1.925819665193557739e-01,8.281445503234863281e-02
-4.918165504932403564e-01
1.714099943637847900e-01,7.495581172406673431e-03,-2.023692131042480469e-01,-6.601867824792861938e-02,1.109845936298370361e-01,2.044363617897033691e-01,1.512627452611923218e-01,1.475932449102401733e-01,1.184064969420433044e-01,1.475932449102401733e-01,1.512627452611923218e-01,2.044363617897033691e-01,1.109845936298370361e-01,-6.601867824792861938e-02,-2.023692131042480469e-01,7.495581172406673431e-03,1.714099943637847900e-01
2.732123062014579773e-02,1.848214566707611084e-01,2.199543826282024384e-02,-2.204571068286895752e-01,-1.234624609351158142e-01,-3.269029036164283752e-02,7.700996100902557373e-02,9.787778556346893311e-02,1.653526276350021362e-01,9.787778556346893311e-02,7.700996100902557373e-02,-3.269029036164283752e-02,-1.234624609351158142e-01,-2.204571068286895752e-01,2.199543826282024384e-02,1.848214566707611084e-01,2.732123062014579773e-02
-5.821056365966796875e-01
1.604795753955841064e-01,8.224655687808990479e-02,-1.465663313865661621e-01,-1.790251135826110840e-01,1.153937280178070068e-01,1.807583570480346680e-01,2.043358087539672852e-01,1.203941032290458679e-01,1.626805663108825684e-01,1.203941032290458679e-01,2.043358087539672852e-01,1.807583570480346680e-01,1.153937280178070068e-01,-1.790251135826110840e-01,-1.465663313865661621e-01,8.224655687808990479e-02,1.604795753955841064e-01
-1.406547129154205322e-01,1.921690553426742554e-01,7.656712830066680908e-02,-1.585412323474884033e-01,-1.804686188697814941e-01,-4.504050686955451965e-02,5.517528206110000610e-02,1.323583722114562988e-01,1.488956362009048462e-01,1.323583722114562988e-01,5.517528206110000610e-02,-4.504050686955451965e-02,-1.804686188697814941e-01,-1.585412323474884033e-01,7.656712830066680908e-02,1.921690553426742554e-01,-1.406547129154205322e-01
-6.772937774658203125e-01
-3.699658066034317017e-02,2.387946695089340210e-01,-1.337841451168060303e-01,-1.762103885412216187e-01,3.664922714233398438e-02,2.161509692668914795e-01,1.725941449403762817e-01,1.473242491483688354e-01,1.144319400191307068e-01,1.473242491483688354e-01,1.725941449403762817e-01,2.161509692668914795e-01,3.664922714233398438e-02,-1.762103885412216187e-01,-1.337841451168060303e-01,2.387946695089340210e-01,-3.699658066034317017e-02
-2.623626887798309326e-01,1.328610628843307495e-01,1.377038657665252686e-01,-8.496966212987899780e-02,-2.309177964925765991e-01,-4.512319341301918030e-02,5.722121521830558777e-02,1.604043543338775635e-01,1.243388429284095764e-01,1.604043543338775635e-01,5.722121521830558777e-02,-4.512319341301918030e-02,-2.309177964925765991e-01,-8.496966212987899780e-02,1.377038657665252686e-01,1.328610628843307495e-01,-2.623626887798309326e-01
-7.771421670913696289e-01
-2.073305696249008179e-01,2.714829444885253906e-01,-8.243432641029357910e-02,-1.902178823947906494e-01,-2.168221585452556610e-02,2.312390506267547607e-01,1.769587397575378418e-01,1.732025444507598877e-01,1.030155718326568604e-01,1.732025444507598877e-01,1.769587397575378418e-01,2.312390506267547607e-01,-2.168221585452556610e-02,-1.902178823947906494e-01,-8.243432641029357910e-02,2.714829444885253906e-01,-2.073305696249008179e-01
-1.427839994430541992e-01,-5.202056467533111572e-02,2.486184984445571899e-01,-5.834542214870452881e-02,-2.057299166917800903e-01,-1.252487301826477051e-01,6.469923257827758789e-02,9.428413957357406616e-02,1.390202790498733521e-01,9.428413957357406616e-02,6.469923257827758789e-02,-1.252487301826477051e-01,-2.057299166917800903e-01,-5.834542214870452881e-02,2.486184984445571899e-01,-5.202056467533111572e-02,-1.427839994430541992e-01
-8.814436793327331543e-01
-1.945785284042358398e-01,1.668715029954910278e-01,7.493662834167480469e-02,-2.405417263507843018e-01,-3.779795393347740173e-02,1.819886565208435059e-01,2.366867065429687500e-01,1.787797510623931885e-01,1.656893193721771240e-01,1.787797510623931885e-01,2.366867065429687500e-01,1.819886565208435059e-01,-3.779795393347740173e-02,-2.405417263507843018e-01,7.493662834167480469e-02,1.668715029954910278e-01,-1.945785284042358398e-01
5.688207596540451050e-02,-2.075915187597274780e-01,2.683248221874237061e-01,-2.564960159361362457e-02,-1.943759620189666748e-01,-1.671562790870666504e-01,9.849688410758972168e-02,9.697043895721435547e-02,1.737714260816574097e-01,9.697043895721435547e-02,9.849688410758972168e-02,-1.671562790870666504e-01,-1.943759620189666748e-01,-2.564960159361362457e-02,2.683248221874237061e-01,-2.075915187597274780e-01,5.688207596540451050e-02
-9.900165200233459473e-01
-8.866020292043685913e-02,3.113625105470418930e-03,2.147094458341598511e-01,-2.654016315937042236e-01,-5.713640153408050537e-02,1.270638853311538696e-01,2.712388932704925537e-01,1.609359830617904663e-01,2.005729079246520996e-01,1.609359830617904663e-01,2.712388932704925537e-01,1.270638853311538696e-01,-5.713640153408050537e-02,-2.654016315937042236e-01,2.147094458341598511e-01,3.113625105470418930e-03,-8.866020292043685913e-02
1.416946798563003540e-01,-2.456439733505249023e-01,1.926805078983306885e-01,7.958462834358215332e-02,-2.177914679050445557e-01,-1.695360988378524780e-01,6.396099925041198730e-02,1.268052160739898682e-01,1.610759794712066650e-01,1.268052160739898682e-01,6.396099925041198730e-02,-1.695360988378524780e-01,-2.177914679050445557e-01,7.958462834358215332e-02,1.926805078983306885e-01,-2.456439733505249023e-01,1.416946798563003540e-01
-1.102699279785156250e+00
1.983354240655899048e-02,-1.271124631166458130e-01,2.706298828125000000e-01,-2.203220725059509277e-01,-1.095034852623939514e-01,1.204773038625717163e-01,2.819867134094238281e-01,1.761388331651687622e-01,1.973230242729187012e-01,1.761388331651687622e-01,2.819867134094238281e-01,1.204773038625717163e-01,-1.095034852623939514e-01,-2.203220725059509277e-01,2.706298828125000000e-01,-1.271124631166458130e-01,1.983354240655899048e-02
1.458057314157485962e-01,-1.741690635681152344e-01,5.742422863841056824e-02,1.978540271520614624e-01,-2.404963076114654541e-01,-1.583395153284072876e-01,1.451488211750984192e-02,1.687722951173782349e-01,1.401693224906921387e-01,1.687722951173782349e-01,1.451488211750984192e-02,-1.583395153284072876e-01,-2.404963076114654541e-01,1.978540271520614624e-01,5.742422863841056824e-02,-1.741690635681152344e-01,1.458057314157485962e-01
-1.219347834587097168e+00
8.798868954181671143e-02,-1.791541278362274170e-01,2.439920604228973389e-01,-1.227019578218460083e-01,-1.875429451465606689e-01,1.317569613456726074e-01,2.615004181861877441e-01,2.098277509212493896e-01,1.717333495616912842e-01,2.098277509212493896e-01,2.615004181861877441e-01,1.317569613456726074e-01,-1.875429451465606689e-01,-1.227019578218460083e-01,2.439920604228973389e-01,-1.791541278362274170e-01,8.798868954181671143e-02
9.275534003973007202e-02,-6.790093332529067993e-02,-7.149378210306167603e-02,2.747643589973449707e-01,-2.343892157077789307e-01,-1.652595251798629761e-01,-2.132103592157363892e-02,1.875455975532531738e-01,1.335071325302124023e-01,1.875455975532531738e-01,-2.132103592157363892e-02,-1.652595251798629761e-01,-2.343892157077789307e-01,2.747643589973449707e-01,-7.149378210306167603e-02,-6.790093332529067993e-02,9.275534003973007202e-02
-1.339831829071044922e+00
1.008550971746444702e-01,-1.729177087545394897e-01,1.708308607339859009e-01,-3.590174484997987747e-03,-2.626976966857910156e-01,1.394012123346328735e-01,2.361989021301269531e-01,2.438873499631881714e-01,1.442735344171524048e-01,2.438873499631881714e-01,2.361989021301269531e-01,1.394012123346328735e-01,-2.626976966857910156e-01,-3.590174484997987747e-03,1.708308607339859009e-01,-1.729177087545394897e-01,1.008550971746444702e-01
2.721970155835151672e-02,1.730459555983543396e-02,-1.600204408168792725e-01,2.982347011566162109e-01,-1.842353790998458862e-01,-1.984212845563888550e-01,-3.364086523652076721e-02,1.836009919643402100e-01,1.529964506626129150e-01,1.836009919643402100e-01,-3.364086523652076721e-02,-1.984212845563888550e-01,-1.842353790998458862e-01,2.982347011566162109e-01,-1.600204408168792725e-01,1.730459555983543396e-02,2.721970155835151672e-02
-1.464033246040344238e+00
9.126868844032287598e-02,-1.332945525646209717e-01,7.802098989486694336e-02,1.010275781154632568e-01,-3.094124794006347656e-01,1.378425508737564087e-01,2.285142689943313599e-01,2.675069570541381836e-01,1.315828263759613037e-01,2.675069570541381836e-01,2.285142689943313599e-01,1.378425508737564087e-01,-3.094124794006347656e-01,1.010275781154632568e-01,7.802098989486694336e-02,-1.332945525646209717e-01,9.126868844032287598e-02
-1.545436214655637741e-02,8.246989548206329346e-02,-1.956244856119155884e-01,2.689536511898040771e-01,-1.048158630728721619e-01,-2.451471984386444092e-01,-3.049873001873493195e-02,1.582720726728439331e-01,1.838574260473251343e-01,1.582720726728439331e-01,-3.049873001873493195e-02,-2.451471984386444092e-01,-1.048158630728721619e-01,2.689536511898040771e-01,-1.956244856119155884e-01,8.246989548206329346e-02,-1.545436214655637741e-02
-1.591844081878662109e+00
5.980203300714492798e-02,-7.950689643621444702e-02,1.654157647863030434e-03,1.761125028133392334e-01,-3.301171064376831055e-01,1.078151911497116089e-01,2.357628196477890015e-01,2.739306986331939697e-01,1.360695362091064453e-01,2.739306986331939697e-01,2.357628196477890015e-01,1.078151911497116089e-01,-3.301171064376831055e-01,1.761125028133392334e-01,1.654157647863030434e-03,-7.950689643621444702e-02,5.980203300714492798e-02
-4.376263543963432312e-02,1.039268523454666138e-01,-1.946150511503219604e-01,2.112743407487869263e-01,-1.234053447842597961e-02,-2.923122346401214600e-01,-2.018488198518753052e-02,1.310897320508956909e-01,2.183180004358291626e-01,1.310897320508956909e-01,-2.018488198518753052e-02,-2.923122346401214600e-01,-1.234053447842597961e-02,2.112743407487869263e-01,-1.946150511503219604e-01,1.039268523454666138e-01,-4.376263543963432312e-02
-1.723165392875671387e+00
2.808967605233192444e-02,-3.242326900362968445e-02,-5.406957119703292847e-02,2.222505807876586914e-01,-3.184154927730560303e-01,5.849478766322135925e-02,2.554703652858734131e-01,2.664748728275299072e-01,1.547942161560058594e-01,2.664748728275299072e-01,2.554703652858734131e-01,5.849478766322135925e-02,-3.184154927730560303e-01,2.222505807876586914e-01,-5.406957119703292847e-02,-3.242326900362968445e-02,2.808967605233192444e-02
-5.534854158759117126e-02,9.979405254125595093e-02,-1.665149182081222534e-01,1.410640180110931396e-01,7.385852187871932983e-02,-3.311307728290557861e-01,-1.503316778689622879e-02,1.097591593861579895e-01,2.462457418441772461e-01,1.097591593861579895e-01,-1.503316778689622879e-02,-3.311307728290557861e-01,7.385852187871932983e-02,1.410640180110931396e-01,-1.665149182081222534e-01,9.979405254125595093e-02,-5.534854158759117126e-02
-1.857905864715576172e+00
5.557734519243240356e-03,5.375095643103122711e-03,-8.947727829217910767e-02,2.349754273891448975e-01,-2.849788069725036621e-01,-5.789107526652514935e-04,2.840636372566223145e-01,2.521004676818847656e-01,1.811302751302719116e-01,2.521004676818847656e-01,2.840636372566223145e-01,-5.789107526652514935e-04,-2.849788069725036621e-01,2.349754273891448975e-01,-8.947727829217910767e-02,5.375095643103122711e-03,5.557734519243240356e-03
-5.141635239124298096e-02,8.496829122304916382e-02,-1.252517551183700562e-01,7.079509645700454712e-02,1.470739841461181641e-01,-3.533378541469573975e-01,-2.201521396636962891e-02,9.561477601528167725e-02,2.620140016078948975e-01,9.561477601528167725e-02,-2.201521396636962891e-02,-3.533378541469573975e-01,1.470739841461181641e-01,7.079509645700454712e-02,-1.252517551183700562e-01,8.496829122304916382e-02,-5.141635239124298096e-02
-1.995981097221374512e+00
-4.368426278233528137e-03,2.760341577231884003e-02,-1.116449311375617981e-01,2.250812798738479614e-01,-2.346171140670776367e-01,-6.068724393844604492e-02,3.134931623935699463e-01,2.377076745033264160e-01,2.115287184715270996e-01,2.377076745033264160e-01,3.134931623935699463e-01,-6.068724393844604492e-02,-2.346171140670776367e-01,2.250812798738479614e-01,-1.116449311375617981e-01,2.760341577231884003e-02,-4.368426278233528137e-03
-3.823247551918029785e-02,6.857603788375854492e-02,-8.224246650934219360e-02,4.060423001646995544e-03,2.003140449523925781e-01,-3.553754091262817383e-01,-3.746216371655464172e-02,9.577469527721405029e-02,2.686585187911987305e-01,9.577469527721405029e-02,-3.746216371655464172e-02,-3.553754091262817383e-01,2.003140449523925781e-01,4.060423001646995544e-03,-8.224246650934219360e-02,6.857603788375854492e-02,-3.823247551918029785e-02
-2.137312412261962891e+00
-1.769655011594295502e-02,3.806395828723907471e-02,-1.103480905294418335e-01,2.070920616388320923e-01,-1.785673797130584717e-01,-1.215414777398109436e-01,3.369296193122863770e-01,2.225375622510910034e-01,2.352360188961029053e-01,2.225375622510910034e-01,3.369296193122863770e-01,-1.215414777398109436e-01,-1.785673797130584717e-01,2.070920616388320923e-01,-1.103480905294418335e-01,3.806395828723907471e-02,-1.769655011594295502e-02
-2.422847226262092590e-02,4.217425361275672913e-02,-4.401144012808799744e-02,-4.296200722455978394e-02,2.395960390567779541e-01,-3.431599736213684082e-01,-6.695908308029174805e-02,1.025872454047203064e-01,2.653414011001586914e-01,1.025872454047203064e-01,-6.695908308029174805e-02,-3.431599736213684082e-01,2.395960390567779541e-01,-4.296200722455978394e-02,-4.401144012808799744e-02,4.217425361275672913e-02,-2.422847226262092590e-02
-2.281826257705688477e+00
-3.916697576642036438e-03,4.226409271359443665e-02,-1.162772923707962036e-01,1.684333384037017822e-01,-1.172417476773262024e-01,-1.684474647045135498e-01,3.561933934688568115e-01,2.159239351749420166e-01,2.561387717723846436e-01,2.159239351749420166e-01,3.561933934688568115e-01,-1.684474647045135498e-01,-1.172417476773262024e-01,1.684333384037017822e-01,-1.162772923707962036e-01,4.226409271359443665e-02,-3.916697576642036438e-03
-7.238621823489665985e-03,3.436188772320747375e-02,-1.255718711763620377e-02,-9.272989630699157715e-02,2.529683411121368408e-01,-3.145961165428161621e-01,-9.878001362085342407e-02,1.177458390593528748e-01,2.556603550910949707e-01,1.177458390593528748e-01,-9.878001362085342407e-02,-3.145961165428161621e-01,2.529683411121368408e-01,-9.272989630699157715e-02,-1.255718711763620377e-02,3.436188772320747375e-02,-7.238621823489665985e-03
-2.429454565048217773e+00
-6.468583596870303154e-04,4.255892336368560791e-02,-1.008844375610351562e-01,1.345814615488052368e-01,-6.430631130933761597e-02,-2.127639204263687134e-01,3.649626374244689941e-01,2.134493142366409302e-01,2.687460184097290039e-01,2.134493142366409302e-01,3.649626374244689941e-01,-2.127639204263687134e-01,-6.430631130933761597e-02,1.345814615488052368e-01,-1.008844375610351562e-01,4.255892336368560791e-02,-6.468583596870303154e-04
6.617193575948476791e-03,1.805550605058670044e-02,1.455026399344205856e-02,-1.139900833368301392e-01,2.596108615398406982e-01,-2.809817790985107422e-01,-1.391423940658569336e-01,1.363359987735748291e-01,2.432867735624313354e-01,1.363359987735748291e-01,-1.391423940658569336e-01,-2.809817790985107422e-01,2.596108615398406982e-01,-1.139900833368301392e-01,1.455026399344205856e-02,1.805550605058670044e-02,6.617193575948476791e-03
-2.580132961273193359e+00
1.075513437390327454e-01,1.141735985875129700e-01,-1.543258428573608398e-01,-1.911574602127075195e-01,6.807595491409301758e-02,1.557936519384384155e-01,1.924424916505813599e-01,1.537292599678039551e-01,1.851683109998703003e-01,1.537292599678039551e-01,1.924424916505813599e-01,1.557936519384384155e-01,6.807595491409301758e-02,-1.911574602127075195e-01,-1.543258428573608398e-01,1.141735985875129700e-01,1.075513437390327454e-01
-2.340757399797439575e-01,1.733284443616867065e-01,9.443943202495574951e-02,-1.073198169469833374e-01,-2.064321190118789673e-01,-5.990904942154884338e-02,1.062077586539089680e-03,1.131490245461463928e-01,1.064871624112129211e-01,1.131490245461463928e-01,1.062077586539089680e-03,-5.990904942154884338e-02,-2.064321190118789673e-01,-1.073198169469833374e-01,9.443943202495574951e-02,1.733284443616867065e-01,-2.340757399797439575e-01
-3.271071612834930420e-01
-2.044367603957653046e-02,-1.930537372827529907e-01,-1.305253803730010986e-01,8.104602247476577759e-02,1.301127672195434570e-01,1.760893613100051880e-01,1.538569480180740356e-01,1.514078825712203979e-01,9.748681634664535522e-02,1.514078825712203979e-01,1.538569480180740356e-01,1.760893613100051880e-01,1.301127672195434570e-01,8.104602247476577759e-02,-1.305253803730010986e-01,-1.930537372827529907e-01,-2.044367603957653046e-02
1.319711953401565552e-01,4.705504328012466431e-02,-1.155566051602363586e-01,-1.960274279117584229e-01,-6.609790772199630737e-02,8.013663813471794128e-03,7.330872118473052979e-02,9.642329812049865723e-02,1.430460959672927856e-01,9.642329812049865723e-02,7.330872118473052979e-02,8.013663813471794128e-03,-6.609790772199630737e-02,-1.960274279117584229e-01,-1.155566051602363586e-01,4.705504328012466431e-02,1.319711953401565552e-01
-4.067060351371765137e-01
1.103301420807838440e-01,-1.361395716667175293e-01,-1.604630202054977417e-01,-6.210106890648603439e-03,1.483460962772369385e-01,1.686260551214218140e-01,1.603172421455383301e-01,1.281545013189315796e-01,1.313648968935012817e-01,1.281545013189315796e-01,1.603172421455383301e-01,1.686260551214218140e-01,1.483460962772369385e-01,-6.210106890648603439e-03,-1.604630202054977417e-01,-1.361395716667175293e-01,1.103301420807838440e-01
8.868739008903503418e-02,1.929523348808288574e-01,-9.718884527683258057e-02,-1.869746446609497070e-01,-1.316391229629516602e-01,2.970722876489162445e-02,3.948935493826866150e-02,1.391962915658950806e-01,1.318347752094268799e-01,1.391962915658950806e-01,3.948935493826866150e-02,2.970722876489162445e-02,-1.316391229629516602e-01,-1.869746446609497070e-01,-9.718884527683258057e-02,1.929523348808288574e-01,8.868739008903503418e-02
-4.918165504932403564e-01
1.524191647768020630e-01,-8.977712423074990511e-05,-2.012677043676376343e-01,-6.805849075317382812e-02,1.051804125308990479e-01,2.081095129251480103e-01,1.624192446470260620e-01,1.557499617338180542e-01,1.208407953381538391e-01,1.557499617338180542e-01,1.624192446470260620e-01,2.081095129251480103e-01,1.051804125308990479e-01,-6.805849075317382812e-02,-2.012677043676376343e-01,-8.977712423074990511e-05,1.524191647768020630e-01
3.537638485431671143e-02,1.917964518070220947e-01,2.336741238832473755e-02,-2.190409302711486816e-01,-1.230898872017860413e-01,-3.483508899807929993e-02,7.697241008281707764e-02,1.048241779208183289e-01,1.739959418773651123e-01,1.048241779208183289e-01,7.697241008281707764e-02,-3.483508899807929993e-02,-1.230898872017860413e-01,-2.190409302711486816e-01,2.336741238832473755e-02,1.917964518070220947e-01,3.537638485431671143e-02
-5.821056365966796875e-01
1.528414636850357056e-01,7.765860110521316528e-02,-1.481731235980987549e-01,-1.725306212902069092e-01,1.257279813289642334e-01,1.816962361335754395e-01,2.034735828638076782e-01,1.268924772739410400e-01,1.718164682388305664e-01,1.268924772739410400e-01,2.034735828638076782e-01,1.816962361335754395e-01,1.257279813289642334e-01,-1.725306212902069092e-01,-1.481731235980987549e-01,7.765860110521316528e-02,1.528414636850357056e-01
-1.235956922173500061e-01,2.142311185598373413e-01,8.899093419313430786e-02,-1.699486374855041504e-01,-1.928801685571670532e-01,-4.099752008914947510e-02,6.211978569626808167e-02,1.245898157358169556e-01,1.363459080457687378e-01,1.245898157358169556e-01,6.211978569626808167e-02,-4.099752008914947510e-02,-1.928801685571670532e-01,-1.699486374855041504e-01,8.899093419313430786e-02,2.142311185598373413e-01,-1.235956922173500061e-01
-6.772937774658203125e-01
-4.341898113489151001e-02,2.337406426668167114e-01,-1.367188096046447754e-01,-1.753862649202346802e-01,4.123396053910255432e-02,2.215759456157684326e-01,1.765747666358947754e-01,1.462396532297134399e-01,1.112338900566101074e-01,1.462396532297134399e-01,1.765747666358947754e-01,2.215759456157684326e-01,4.123396053910255432e-02,-1.753862649202346802e-01,-1.367188096046447754e-01,2.337406426668167114e-01,-4.341898113489151001e-02
-2.553317844867706299e-01,1.344901472330093384e-01,1.379122734069824219e-01,-8.424819260835647583e-02,-2.327704429626464844e-01,-4.974269121885299683e-02,5.449620261788368225e-02,1.620499193668365479e-01,1.264931559562683105e-01,1.620499193668365479e-01,5.449620261788368225e-02,-4.974269121885299683e-02,-2.327704429626464844e-01,-8.424819260835647583e-02,1.379122734069824219e-01,1.344901472330093384e-01,-2.553317844867706299e-01
-7.771421670913696289e-01
-2.262105047702789307e-01,2.632865011692047119e-01,-8.193040639162063599e-02,-1.835071146488189697e-01,-1.229942403733730316e-02,2.361758351325988770e-01,1.763108521699905396e-01,1.715507507324218750e-01,1.013978198170661926e-01,1.715507507324218750e-01,1.763108521699905396e-01,2.361758351325988770e-01,-1.229942403733730316e-02,-1.835071146488189697e-01,-8.193040639162063599e-02,2.632865011692047119e-01,-2.262105047702789307e-01
-1.368966996669769287e-01,-5.278233066201210022e-02,2.478363364934921265e-01,-5.833493918180465698e-02,-2.029851227998733521e-01,-1.215226128697395325e-01,6.864758580923080444e-02,9.701523929834365845e-02,1.402013152837753296e-01,9.701523929834365845e-02,6.864758580923080444e-02,-1.215226128697395325e-01,-2.029851227998733521e-01,-5.833493918180465698e-02,2.478363364934921265e-01,-5.278233066201210022e-02,-1.368966996669769287e-01
-8.814436793327331543e-01
-2.104909867048263550e-01,1.613962650299072266e-01,7.180278748273849487e-02,-2.421857714653015137e-01,-3.810745850205421448e-02,1.766202151775360107e-01,2.301134169101715088e-01,1.727991700172424316e-01,1.626498997211456299e-01,1.727991700172424316e-01,2.301134169101715088e-01,1.766202151775360107e-01,-3.810745850205421448e-02,-2.421857714653015137e-01,7.180278748273849487e-02,1.613962650299072266e-01,-2.104909867048263550e-01
4.111506044864654541e-02,-2.255829125642776489e-01,2.636849582195281982e-01,-2.552816644310951233e-02,-1.952357888221740723e-01,-1.714188009500503540e-01,8.610684424638748169e-02,8.570875972509384155e-02,1.660460531711578369e-01,8.570875972509384155e-02,8.610684424638748169e-02,-1.714188009500503540e-01,-1.952357888221740723e-01,-2.552816644310951233e-02,2.636849582195281982e-01,-2.255829125642776489e-01,4.111506044864654541e-02
-9.900165200233459473e-01
-9.508234262466430664e-02,2.304223598912358284e-03,2.155407667160034180e-01,-2.638505399227142334e-01,-5.489368364214897156e-02,1.294321715831756592e-01,2.731633782386779785e-01,1.630897223949432373e-01,2.029150873422622681e-01,1.630897223949432373e-01,2.731633782386779785e-01,1.294321715831756592e-01,-5.489368364214897156e-02,-2.638505399227142334e-01,2.155407667160034180e-01,2.304223598912358284e-03,-9.508234262466430664e-02
1.420594006776809692e-01,-2.518339753150939941e-01,1.909283995628356934e-01,8.144203573465347290e-02,-2.170215398073196411e-01,-1.708539277315139771e-01,6.226038187742233276e-02,1.261739283800125122e-01,1.611865460872650146e-01,1.261739283800125122e-01,6.226038187742233276e-02,-1.708539277315139771e-01,-2.170215398073196411e-01,8.144203573465347290e-02,1.909283995628356934e-01,-2.518339753150939941e-01,1.420594006776809692e-01
-1.102699279785156250e+00
1.521651446819305420e-02,-1.285064071416854858e-01,2.721094787120819092e-01,-2.197725921869277954e-01,-1.120502576231956482e-01,1.175080314278602600e-01,2.820143401622772217e-01,1.768559664487838745e-01,1.975972503423690796e-01,1.768559664487838745e-01,2.820143401622772217e-01,1.175080314278602600e-01,-1.120502576231956482e-01,-2.197725921869277954e-01,2.721094787120819092e-01,-1.285064071416854858e-01,1.521651446819305420e-02
1.566833555698394775e-01,-1.683790385723114014e-01,5.475432425737380981e-02,1.935061365365982056e-01,-2.396018505096435547e-01,-1.549644768238067627e-01,1.677540689706802368e-02,1.691653430461883545e-01,1.404419839382171631e-01,1.691653430461883545e-01,1.677540689706802368e-02,-1.549644768238067627e-01,-2.396018505096435547e-01,1.935061365365982056e-01,5.475432425737380981e-02,-1.683790385723114014e-01,1.566833555698394775e-01
-1.219347834587097168e+00
8.222036063671112061e-02,-1.769820451736450195e-01,2.477877438068389893e-01,-1.229801923036575317e-01,-1.893708407878875732e-01,1.321697533130645752e-01,2.628976106643676758e-01,2.093341797590255737e-01,1.703799366950988770e-01,2.093341797590255737e-01,2.628976106643676758e-01,1.321697533130645752e-01,-1.893708407878875732e-01,-1.229801923036575317e-01,2.477877438068389893e-01,-1.769820451736450195e-01,8.222036063671112061e-02
9.716890007257461548e-02,-6.818687915802001953e-02,-7.278174906969070435e-02,2.746998965740203857e-01,-2.333548665046691895e-01,-1.652581840753555298e-01,-2.200545556843280792e-02,1.891247034072875977e-01,1.357011795043945312e-01,1.891247034072875977e-01,-2.200545556843280792e-02,-1.652581840753555298e-01,-2.333548665046691895e-01,2.746998965740203857e-01,-7.278174906969070435e-02,-6.818687915802001953e-02,9.716890007257461548e-02
-1.339831829071044922e+00
9.561366587877273560e-02,-1.738041490316390991e-01,1.716776341199874878e-01,-5.866338498890399933e-03,-2.641638815402984619e-01,1.439834833145141602e-01,2.411219626665115356e-01,2.435847222805023193e-01,1.412563621997833252e-01,2.435847222805023193e-01,2.411219626665115356e-01,1.439834833145141602e-01,-2.641638815402984619e-01,-5.866338498890399933e-03,1.716776341199874878e-01,-1.738041490316390991e-01,9.561366587877273560e-02
3.359604626893997192e-02,1.923681423068046570e-02,-1.633555889129638672e-01,2.958342134952545166e-01,-1.828650087118148804e-01,-1.987212300300598145e-01,-3.899215161800384521e-02,1.782449334859848022e-01,1.509364396333694458e-01,1.782449334859848022e-01,-3.899215161800384521e-02,-1.987212300300598145e-01,-1.828650087118148804e-01,2.958342134952545166e-01,-1.633555889129638672e-01,1.923681423068046570e-02,3.359604626893997192e-02
-1.464033246040344238e+00
7.741715013980865479e-02,-1.293193548917770386e-01,8.683136105537414551e-02,9.972538053989410400e-02,-3.154861330986022949e-01,1.361145228147506714e-01,2.304523289203643799e-01,2.683273851871490479e-01,1.312836259603500366e-01,2.683273851871490479e-01,2.304523289203643799e-01,1.361145228147506714e-01,-3.154861330986022949e-01,9.972538053989410400e-02,8.683136105537414551e-02,-1.293193548917770386e-01,7.741715013980865479e-02
-2.037086896598339081e-02,7.140532135963439941e-02,-1.978726983070373535e-01,2.727289497852325439e-01,-1.028741672635078430e-01,-2.454209625720977783e-01,-3.132320195436477661e-02,1.560334116220474243e-01,1.824370324611663818e-01,1.560334116220474243e-01,-3.132320195436477661e-02,-2.454209625720977783e-01,-1.028741672635078430e-01,2.727289497852325439e-01,-1.978726983070373535e-01,7.140532135963439941e-02,-2.037086896598339081e-02
-1.591844081878662109e+00
5.361928045749664307e-02,-7.898223400115966797e-02,4.022432956844568253e-03,1.753018647432327271e-01,-3.323752284049987793e-01,1.060813739895820618e-01,2.354629784822463989e-01,2.747343182563781738e-01,1.371919214725494385e-01,2.747343182563781738e-01,2.354629784822463989e-01,1.060813739895820618e-01,-3.323752284049987793e-01,1.753018647432327271e-01,4.022432956844568253e-03,-7.898223400115966797e-02,5.361928045749664307e-02
-4.193160310387611389e-02,1.036624982953071594e-01,-1.938096433877944946e-01,2.118675261735916138e-01,-1.281611435115337372e-02,-2.926646173000335693e-01,-1.978887803852558136e-02,1.323741227388381958e-01,2.194472849369049072e-01,1.323741227388381958e-01,-1.978887803852558136e-02,-2.926646173000335693e-01,-1.281611435115337372e-02,2.118675261735916138e-01,-1.938096433877944946e-01,1.036624982953071594e-01,-4.193160310387611389e-02
-1.723165392875671387e+00
2.398278564214706421e-02,-3.217298910021781921e-02,-5.366110429167747498e-02,2.200981378555297852e-01,-3.201967477798461914e-01,5.792326107621192932e-02,2.554312050342559814e-01,2.666883766651153564e-01,1.550898998975753784e-01,2.666883766651153564e-01,2.554312050342559814e-01,5.792326107621192932e-02,-3.201967477798461914e-01,2.200981378555297852e-01,-5.366110429167747498e-02,-3.217298910021781921e-02,2.398278564214706421e-02
-5.151459574699401855e-02,1.022862568497657776e-01,-1.662255823612213135e-01,1.406609863042831421e-01,7.439349591732025146e-02,-3.310304284095764160e-01,-1.587192155420780182e-02,1.101462692022323608e-01,2.474559694528579712e-01,1.101462692022323608e-01,-1.587192155420780182e-02,-3.310304284095764160e-01,7.439349591732025146e-02,1.406609863042831421e-01,-1.662255823612213135e-01,1.022862568497657776e-01,-5.151459574699401855e-02
-1.857905864715576172e+00
-1.384146744385361671e-03,5.903398618102073669e-03,-8.510205894708633423e-02,2.367503345012664795e-01,-2.858566045761108398e-01,-8.277952438220381737e-04,2.843919396400451660e-01,2.525986433029174805e-01,1.816015392541885376e-01,2.525986433029174805e-01,2.843919396400451660e-01,-8.277952438220381737e-04,-2.858566045761108398e-01,2.367503345012664795e-01,-8.510205894708633423e-02,5.903398618102073669e-03,-1.384146744385361671e-03
-4.956085234880447388e-02,8.385179936885833740e-02,-1.252560764551162720e-01,7.226417213678359985e-02,1.486951112747192383e-01,-3.523496091365814209e-01,-2.154233306646347046e-02,9.609296172857284546e-02,2.627005279064178467e-01,9.609296172857284546e-02,-2.154233306646347046e-02,-3.523496091365814209e-01,1.486951112747192383e-01,7.226417213678359985e-02,-1.252560764551162720e-01,8.385179936885833740e-02,-4.956085234880447388e-02
-1.995981097221374512e+00
-1.057153660804033279e-02,2.537868916988372803e-02,-1.102840676903724670e-01,2.263763397932052612e-01,-2.342398911714553833e-01,-6.055390834808349609e-02,3.125868439674377441e-01,2.354702055454254150e-01,2.092026919126510620e-01,2.354702055454254150e-01,3.125868439674377441e-01,-6.055390834808349609e-02,-2.342398911714553833e-01,2.263763397932052612e-01,-1.102840676903724670e-01,2.537868916988372803e-02,-1.057153660804033279e-02
-3.194149956107139587e-02,6.836017221212387085e-02,-8.781047165393829346e-02,2.778515219688415527e-03,2.043993324041366577e-01,-3.539413809776306152e-01,-4.034944251179695129e-02,9.486868232488632202e-02,2.702592909336090088e-01,9.486868232488632202e-02,-4.034944251179695129e-02,-3.539413809776306152e-01,2.043993324041366577e-01,2.778515219688415527e-03,-8.781047165393829346e-02,6.836017221212387085e-02,-3.194149956107139587e-02
-2.137312412261962891e+00
-4.708458203822374344e-03,3.489764407277107239e-02,-1.261657327413558960e-01,1.996979266405105591e-01,-1.730892509222030640e-01,-1.192377507686614990e-01,3.327964544296264648e-01,2.209896445274353027e-01,2.361374944448471069e-01,2.209896445274353027e-01,3.327964544296264648e-01,-1.192377507686614990e-01,-1.730892509222030640e-01,1.996979266405105591e-01,-1.261657327413558960e-01,3.489764407277107239e-02,-4.708458203822374344e-03
-1.777103170752525330e-02,6.090456619858741760e-02,-4.097610339522361755e-02,-5.659398064017295837e-02,2.299732118844985962e-01,-3.422896564006805420e-01,-6.286620348691940308e-02,1.077154725790023804e-01,2.685605883598327637e-01,1.077154725790023804e-01,-6.286620348691940308e-02,-3.422896564006805420e-01,2.299732118844985962e-01,-5.659398064017295837e-02,-4.097610339522361755e-02,6.090456619858741760e-02,-1.777103170752525330e-02
-2.281826257705688477e+00
-1.714218035340309143e-02,4.130770638585090637e-02,-1.065661609172821045e-01,1.738082915544509888e-01,-1.205843910574913025e-01,-1.730243861675262451e-01,3.542323708534240723e-01,2.134026139974594116e-01,2.534004449844360352e-01,2.134026139974594116e-01,3.542323708534240723e-01,-1.730243861675262451e-01,-1.205843910574913025e-01,1.738082915544509888e-01,-1.065661609172821045e-01,4.130770638585090637e-02,-1.714218035340309143e-02
-6.183431018143892288e-03,2.539711631834506989e-02,-1.713321171700954437e-02,-8.641296625137329102e-02,2.593846619129180908e-01,-3.158325552940368652e-01,-1.032063961029052734e-01,1.170545741915702820e-01,2.576398551464080811e-01,1.170545741915702820e-01,-1.032063961029052734e-01,-3.158325552940368652e-01,2.593846619129180908e-01,-8.641296625137329102e-02,-1.713321171700954437e-02,2.539711631834506989e-02,-6.183431018143892288e-03
-2.429454565048217773e+00
-7.839331403374671936e-03,3.948714211583137512e-02,-9.857421368360519409e-02,1.369439214468002319e-01,-6.495764851570129395e-02,-2.151207327842712402e-01,3.624685108661651611e-01,2.109459191560745239e-01,2.666527032852172852e-01,2.109459191560745239e-01,3.624685108661651611e-01,-2.151207327842712402e-01,-6.495764851570129395e-02,1.369439214468002319e-01,-9.857421368360519409e-02,3.948714211583137512e-02,-7.839331403374671936e-03
6.692407652735710144e-03,1.431215461343526840e-02,9.863716550171375275e-03,-1.137004047632217407e-01,2.623818218708038330e-01,-2.819345593452453613e-01,-1.431487202644348145e-01,1.345964223146438599e-01,2.446639090776443481e-01,1.345964223146438599e-01,-1.431487202644348145e-01,-2.819345593452453613e-01,2.623818218708038330e-01,-1.137004047632217407e-01,9.863716550171375275e-03,1.431215461343526840e-02,6.692407652735710144e-03
-2.580132961273193359e+00
9.821609407663345337e-02,1.307235807180404663e-01,-1.419474780559539795e-01,-1.805318444967269897e-01,1.028481945395469666e-01,1.912740767002105713e-01,2.017039060592651367e-01,1.356158703565597534e-01,1.621921360492706299e-01,1.356158703565597534e-01,2.017039060592651367e-01,1.912740767002105713e-01,1.028481945395469666e-01,-1.805318444967269897e-01,-1.419474780559539795e-01,1.307235807180404663e-01,9.821609407663345337e-02
-1.988314837217330933e-01,1.985879540443420410e-01,9.622766822576522827e-02,-1.300762444734573364e-01,-2.178744673728942871e-01,-3.396345302462577820e-02,6.069883331656455994e-02,1.518991440534591675e-01,1.259058415889739990e-01,1.518991440534591675e-01,6.069883331656455994e-02,-3.396345302462577820e-02,-2.178744673728942871e-01,-1.300762444734573364e-01,9.622766822576522827e-02,1.985879540443420410e-01,-1.988314837217330933e-01
-3.271071612834930420e-01
-3.049275465309619904e-02,-2.140858769416809082e-01,-1.192313358187675476e-01,9.144644439220428467e-02,1.133821755647659302e-01,1.738022416830062866e-01,1.732572764158248901e-01,1.533013582229614258e-01,8.107795566320419312e-02,1.533013582229614258e-01,1.732572764158248901e-01,1.738022416830062866e-01,1.133821755647659302e-01,9.144644439220428467e-02,-1.192313358187675476e-01,-2.140858769416809082e-01,-3.049275465309619904e-02
1.088222935795783997e-01,3.488650918006896973e-02,-8.074546605348587036e-02,-1.693109124898910522e-01,-8.813410997390747070e-02,-4.342685453593730927e-03,9.434398263692855835e-02,1.061458438634872437e-01,1.287997215986251831e-01,1.061458438634872437e-01,9.434398263692855835e-02,-4.342685453593730927e-03,-8.813410997390747070e-02,-1.693109124898910522e-01,-8.074546605348587036e-02,3.488650918006896973e-02,1.088222935795783997e-01
-4.067060351371765137e-01
1.037012040615081787e-01,-1.460021585226058960e-01,-1.570865064859390259e-01,-1.161278318613767624e-02,1.313252002000808716e-01,1.714635789394378662e-01,1.770285218954086304e-01,1.295430213212966919e-01,1.200754269957542419e-01,1.295430213212966919e-01,1.770285218954086304e-01,1.714635789394378662e-01,1.313252002000808716e-01,-1.161278318613767624e-02,-1.570865064859390259e-01,-1.460021585226058960e-01,1.037012040615081787e-01
9.041957557201385498e-02,1.972319930791854858e-01,-9.353324025869369507e-02,-1.810262799263000488e-01,-1.254236400127410889e-01,3.399131447076797485e-02,4.090890660881996155e-02,1.418798267841339111e-01,1.357292979955673218e-01,1.418798267841339111e-01,4.090890660881996155e-02,3.399131447076797485e-02,-1.254236400127410889e-01,-1.810262799263000488e-01,-9.353324025869369507e-02,1.972319930791854858e-01,9.041957557201385498e-02
-4.918165504932403564e-01
1.706901341676712036e-01,2.759588649496436119e-03,-2.070236057043075562e-01,-5.995851755142211914e-02,1.221827417612075806e-01,2.066826075315475464e-01,1.471130549907684326e-01,1.452748328447341919e-01,1.186396703124046326e-01,1.452748328447341919e-01,1.471130549907684326e-01,2.066826075315475464e-01,1.221827417612075806e-01,-5.995851755142211914e-02,-2.070236057043075562e-01,2.759588649496436119e-03,1.706901341676712036e-01
2.883767522871494293e-02,1.807425767183303833e-01,2.115194126963615417e-02,-2.211597412824630737e-01,-1.284622102975845337e-01,-3.279113769531250000e-02,8.826413750648498535e-02,1.068964973092079163e-01,1.689034402370452881e-01,1.068964973092079163e-01,8.826413750648498535e-02,-3.279113769531250000e-02,-1.284622102975845337e-01,-2.211597412824630737e-01,2.115194126963615417e-02,1.807425767183303833e-01,2.883767522871494293e-02
-5.821056365966796875e-01
1.627047210931777954e-01,7.957668602466583252e-02,-1.552047729492187500e-01,-1.827884912490844727e-01,1.203919872641563416e-01,1.861332207918167114e-01,2.067732363939285278e-01,1.223464608192443848e-01,1.646410822868347168e-01,1.223464608192443848e-01,2.067732363939285278e-01,1.861332207918167114e-01,1.203919872641563416e-01,-1.827884912490844727e-01,-1.552047729492187500e-01,7.957668602466583252e-02,1.627047210931777954e-01
-1.288413852453231812e-01,2.038597166538238525e-01,8.101426810026168823e-02,-1.633084863424301147e-01,-1.868366450071334839e-01,-4.816573485732078552e-02,5.333582311868667603e-02,1.266462653875350952e-01,1.425421237945556641e-01,1.266462653875350952e-01,5.333582311868667603e-02,-4.816573485732078552e-02,-1.868366450071334839e-01,-1.633084863424301147e-01,8.101426810026168823e-02,2.038597166538238525e-01,-1.288413852453231812e-01
-6.772937774658203125e-01
-3.829584643244743347e-02,2.408299595117568970e-01,-1.270837783813476562e-01,-1.656895428895950317e-01,4.742008820176124573e-02,2.205330282449722290e-01,1.750905215740203857e-01,1.506119221448898315e-01,1.179152578115463257e-01,1.506119221448898315e-01,1.750905215740203857e-01,2.205330282449722290e-01,4.742008820176124573e-02,-1.656895428895950317e-01,-1.270837783813476562e-01,2.408299595117568970e-01,-3.829584643244743347e-02
-2.654957473278045654e-01,1.232843324542045593e-01,1.350244581699371338e-01,-7.557929307222366333e-02,-2.230561375617980957e-01,-4.782316833734512329e-02,4.719297587871551514e-02,1.563154309988021851e-01,1.236086413264274597e-01,1.563154309988021851e-01,4.719297587871551514e-02,-4.782316833734512329e-02,-2.230561375617980957e-01,-7.557929307222366333e-02,1.350244581699371338e-01,1.232843324542045593e-01,-2.654957473278045654e-01
-7.771421670913696289e-01
-2.089026272296905518e-01,2.669508755207061768e-01,-8.555103093385696411e-02,-1.945972591638565063e-01,-3.253207728266716003e-02,2.221310287714004517e-01,1.798014640808105469e-01,1.882729232311248779e-01,1.181289777159690857e-01,1.882729232311248779e-01,1.798014640808105469e-01,2.221310287714004517e-01,-3.253207728266716003e-02,-1.945972591638565063e-01,-8.555103093385696411e-02,2.669508755207061768e-01,-2.089026272296905518e-01
-1.306540071964263916e-01,-5.579934641718864441e-02,2.340847402811050415e-01,-7.379399240016937256e-02,-2.154706865549087524e-01,-1.284351944923400879e-01,7.614731043577194214e-02,1.103537604212760925e-01,1.507851481437683105e-01,1.103537604212760925e-01,7.614731043577194214e-02,-1.284351944923400879e-01,-2.154706865549087524e-01,-7.379399240016937256e-02,2.340847402811050415e-01,-5.579934641718864441e-02,-1.306540071964263916e-01
-8.814436793327331543e-01
-2.076983004808425903e-01,1.550015658140182495e-01,7.104750722646713257e-02,-2.382723242044448853e-01,-3.636706247925758362e-02,1.811917871236801147e-01,2.356234788894653320e-01,1.756887435913085938e-01,1.623170524835586548e-01,1.756887435913085938e-01,2.356234788894653320e-01,1.811917871236801147e-01,-3.636706247925758362e-02,-2.382723242044448853e-01,7.104750722646713257e-02,1.550015658140182495e-01,-2.076983004808425903e-01
5.450613051652908325e-02,-2.236168384552001953e-01,2.568565905094146729e-01,-2.776914834976196289e-02,-1.964535862207412720e-01,-1.756180822849273682e-01,9.008102864027023315e-02,1.019290387630462646e-01,1.802631169557571411e-01,1.019290387630462646e-01,9.008102864027023315e-02,-1.756180822849273682e-01,-1.964535862207412720e-01,-2.776914834976196289e-02,2.568565905094146729e-01,-2.236168384552001953e-01,5.450613051652908325e-02
-9.900165200233459473e-01
-1.039375141263008118e-01,-9.840929880738258362e-03,2.140813916921615601e-01,-2.607745230197906494e-01,-5.348187312483787537e-02,1.364149302244186401e-01,2.765702605247497559e-01,1.512724757194519043e-01,1.854941844940185547e-01,1.512724757194519043e-01,2.765702605247497559e-01,1.364149302244186401e-01,-5.348187312483787537e-02,-2.607745230197906494e-01,2.140813916921615601e-01,-9.840929880738258362e-03,-1.039375141263008118e-01
1.517952680587768555e-01,-2.543672323226928711e-01,1.862380951642990112e-01,8.886527270078659058e-02,-2.113076448440551758e-01,-1.779210865497589111e-01,5.031881108880043030e-02,1.302955448627471924e-01,1.686664521694183350e-01,1.302955448627471924e-01,5.031881108880043030e-02,-1.779210865497589111e-01,-2.113076448440551758e-01,8.886527270078659058e-02,1.862380951642990112e-01,-2.543672323226928711e-01,1.517952680587768555e-01
-1.102699279785156250e+00
1.210452057421207428e-02,-1.261482536792755127e-01,2.760869860649108887e-01,-2.202934026718139648e-01,-1.141654700040817261e-01,1.195847019553184509e-01,2.840403616428375244e-01,1.741562187671661377e-01,1.931233853101730347e-01,1.741562187671661377e-01,2.840403616428375244e-01,1.195847019553184509e-01,-1.141654700040817261e-01,-2.202934026718139648e-01,2.760869860649108887e-01,-1.261482536792755127e-01,1.210452057421207428e-02
1.495715826749801636e-01,-1.734046787023544312e-01,5.540224909782409668e-02,1.952313333749771118e-01,-2.409515380859375000e-01,-1.584044098854064941e-01,1.235703658312559128e-02,1.666807979345321655e-01,1.395694762468338013e-01,1.666807979345321655e-01,1.235703658312559128e-02,-1.584044098854064941e-01,-2.409515380859375000e-01,1.952313333749771118e-01,5.540224909782409668e-02,-1.734046787023544312e-01,1.495715826749801636e-01
-1.219347834587097168e+00
7.423190772533416748e-02,-1.842968463897705078e-01,2.463091015815734863e-01,-1.237958818674087524e-01,-1.910020709037780762e-01,1.352060735225677490e-01,2.655114233493804932e-01,2.046803236007690430e-01,1.622487008571624756e-01,2.046803236007690430e-01,2.655114233493804932e-01,1.352060735225677490e-01,-1.910020709037780762e-01,-1.237958818674087524e-01,2.463091015815734863e-01,-1.842968463897705078e-01,7.423190772533416748e-02
9.717636555433273315e-02,-7.059029489755630493e-02,-7.547582685947418213e-02,2.759611606597900391e-01,-2.309717684984207153e-01,-1.675756126642227173e-01,-3.021209873259067535e-02,1.824617385864257812e-01,1.329864114522933960e-01,1.824617385864257812e-01,-3.021209873259067535e-02,-1.675756126642227173e-01,-2.309717684984207153e-01,2.759611606597900391e-01,-7.547582685947418213e-02,-7.059029489755630493e-02,9.717636555433273315e-02
-1.339831829071044922e+00
8.928666263818740845e-02,-1.688476949930191040e-01,1.788264811038970947e-01,-7.239580620080232620e-03,-2.691752612590789795e-01,1.445379704236984253e-01,2.435726374387741089e-01,2.425328344106674194e-01,1.380291134119033813e-01,2.425328344106674194e-01,2.435726374387741089e-01,1.445379704236984253e-01,-2.691752612590789795e-01,-7.239580620080232620e-03,1.788264811038970947e-01,-1.688476949930191040e-01,8.928666263818740845e-02
3.136009350419044495e-02,1.624045893549919128e-02,-1.619363874197006226e-01,2.995688617229461670e-01,-1.808132976293563843e-01,-1.981880813837051392e-01,-3.986153006553649902e-02,1.751122921705245972e-01,1.488937437534332275e-01,1.751122921705245972e-01,-3.986153006553649902e-02,-1.981880813837051392e-01,-1.808132976293563843e-01,2.995688617229461670e-01,-1.619363874197006226e-01,1.624045893549919128e-02,3.136009350419044495e-02
-1.464033246040344238e+00
7.971482723951339722e-02,-1.299077123403549194e-01,8.636210113763809204e-02,1.002350524067878723e-01,-3.157911598682403564e-01,1.351352035999298096e-01,2.296900898218154907e-01,2.672264575958251953e-01,1.298633366823196411e-01,2.672264575958251953e-01,2.296900898218154907e-01,1.351352035999298096e-01,-3.157911598682403564e-01,1.002350524067878723e-01,8.636210113763809204e-02,-1.299077123403549194e-01,7.971482723951339722e-02
-1.393601391464471817e-02,7.842446118593215942e-02,-1.987944543361663818e-01,2.687422633171081543e-01,-1.035247966647148132e-01,-2.441519200801849365e-01,-3.020261414349079132e-02,1.587479412555694580e-01,1.849592775106430054e-01,1.587479412555694580e-01,-3.020261414349079132e-02,-2.441519200801849365e-01,-1.035247966647148132e-01,2.687422633171081543e-01,-1.987944543361663818e-01,7.842446118593215942e-02,-1.393601391464471817e-02
-1.591844081878662109e+00
4.913898557424545288e-02,-7.742907106876373291e-02,1.001124735921621323e-02,1.775932312011718750e-01,-3.348300457000732422e-01,1.042782515287399292e-01,2.353275567293167114e-01,2.727702260017395020e-01,1.342805624008178711e-01,2.727702260017395020e-01,2.353275567293167114e-01,1.042782515287399292e-01,-3.348300457000732422e-01,1.775932312011718750e-01,1.001124735921621323e-02,-7.742907106876373291e-02,4.913898557424545288e-02
-4.338805004954338074e-02,9.950996935367584229e-02,-1.969530135393142700e-01,2.116320729255676270e-01,-1.211797725409269333e-02,-2.924743294715881348e-01,-1.997419260442256927e-02,1.326401233673095703e-01,2.200290560722351074e-01,1.326401233673095703e-01,-1.997419260442256927e-02,-2.924743294715881348e-01,-1.211797725409269333e-02,2.116320729255676270e-01,-1.969530135393142700e-01,9.950996935367584229e-02,-4.338805004954338074e-02
-1.723165392875671387e+00
2.318838424980640411e-02,-3.257698565721511841e-02,-5.310720577836036682e-02,2.198670357465744019e-01,-3.206068277359008789e-01,5.955773219466209412e-02,2.568052411079406738e-01,2.650819420814514160e-01,1.521738618612289429e-01,2.650819420814514160e-01,2.568052411079406738e-01,5.955773219466209412e-02,-3.206068277359008789e-01,2.198670357465744019e-01,-5.310720577836036682e-02,-3.257698565721511841e-02,2.318838424980640411e-02
-4.818067327141761780e-02,1.027522161602973938e-01,-1.702818423509597778e-01,1.384087204933166504e-01,7.594987750053405762e-02,-3.303949236869812012e-01,-1.822646521031856537e-02,1.081218421459197998e-01,2.473778426647186279e-01,1.081218421459197998e-01,-1.822646521031856537e-02,-3.303949236869812012e-01,7.594987750053405762e-02,1.384087204933166504e-01,-1.702818423509597778e-01,1.027522161602973938e-01,-4.818067327141761780e-02
-1.857905864715576172e+00
1.733652781695127487e-03,6.884287111461162567e-03,-8.657250553369522095e-02,2.342108786106109619e-01,-2.869370877742767334e-01,-3.445609763730317354e-04,2.851020395755767822e-01,2.518597543239593506e-01,1.802309155464172363e-01,2.518597543239593506e-01,2.851020395755767822e-01,-3.445609763730317354e-04,-2.869370877742767334e-01,2.342108786106109619e-01,-8.657250553369522095e-02,6.884287111461162567e-03,1.733652781695127487e-03
-4.722321778535842896e-02,8.553770184516906738e-02,-1.282481253147125244e-01,6.906658411026000977e-02,1.481156200170516968e-01,-3.525229096412658691e-01,-2.260356582701206207e-02,9.678105264902114868e-02,2.642048895359039307e-01,9.678105264902114868e-02,-2.260356582701206207e-02,-3.525229096412658691e-01,1.481156200170516968e-01,6.906658411026000977e-02,-1.282481253147125244e-01,8.553770184516906738e-02,-4.722321778535842896e-02
-1.995981097221374512e+00
-6.802267860621213913e-03,2.637290209531784058e-02,-1.134115308523178101e-01,2.225083559751510620e-01,-2.346556186676025391e-01,-5.848864465951919556e-02,3.137933611869812012e-01,2.355335652828216553e-01,2.087236642837524414e-01,2.355335652828216553e-01,3.137933611869812012e-01,-5.848864465951919556e-02,-2.346556186676025391e-01,2.225083559751510620e-01,-1.134115308523178101e-01,2.637290209531784058e-02,-6.802267860621213913e-03
-3.243857622146606445e-02,7.169558852910995483e-02,-8.676896989345550537e-02,-6.764107383787631989e-04,2.002039402723312378e-01,-3.555598556995391846e-01,-4.013802111148834229e-02,9.536584466695785522e-02,2.707160413265228271e-01,9.536584466695785522e-02,-4.013802111148834229e-02,-3.555598556995391846e-01,2.002039402723312378e-01,-6.764107383787631989e-04,-8.676896989345550537e-02,7.169558852910995483e-02,-3.243857622146606445e-02
-2.137312412261962891e+00
-1.616388559341430664e-02,3.895457088947296143e-02,-1.128057762980461121e-01,2.037272900342941284e-01,-1.783045977354049683e-01,-1.196611598134040833e-01,3.366923034191131592e-01,2.205788642168045044e-01,2.331955283880233765e-01,2.205788642168045044e-01,3.366923034191131592e-01,-1.196611598134040833e-01,-1.783045977354049683e-01,2.037272900342941284e-01,-1.128057762980461121e-01,3.895457088947296143e-02,-1.616388559341430664e-02
-1.823978312313556671e-02,4.503245279192924500e-02,-5.029413104057312012e-02,-4.857055097818374634e-02,2.399527877569198608e-01,-3.426739275455474854e-01,-6.942894309759140015e-02,1.023021116852760315e-01,2.675574719905853271e-01,1.023021116852760315e-01,-6.942894309759140015e-02,-3.426739275455474854e-01,2.399527877569198608e-01,-4.857055097818374634e-02,-5.029413104057312012e-02,4.503245279192924500e-02,-1.823978312313556671e-02
-2.281826257705688477e+00
-2.005874179303646088e-02,4.046492651104927063e-02,-1.048669144511222839e-01,1.755253374576568604e-01,-1.200755611062049866e-01,-1.732895076274871826e-01,3.533275127410888672e-01,2.122014313936233521e-01,2.524155676364898682e-01,2.122014313936233521e-01,3.533275127410888672e-01,-1.732895076274871826e-01,-1.200755611062049866e-01,1.755253374576568604e-01,-1.048669144511222839e-01,4.046492651104927063e-02,-2.005874179303646088e-02
-5.371571518480777740e-03,2.202741801738739014e-02,-2.069271542131900787e-02,-8.677650243043899536e-02,2.600187957286834717e-01,-3.161727190017700195e-01,-1.042976826429367065e-01,1.159520000219345093e-01,2.571980357170104980e-01,1.159520000219345093e-01,-1.042976826429367065e-01,-3.161727190017700195e-01,2.600187957286834717e-01,-8.677650243043899536e-02,-2.069271542131900787e-02,2.202741801738739014e-02,-5.371571518480777740e-03
-2.429454565048217773e+00
-1.545707229524850845e-02,3.798265755176544189e-02,-9.217900037765502930e-02,1.416346728801727295e-01,-6.618029624223709106e-02,-2.178705781698226929e-01,3.613905310630798340e-01,2.104690223932266235e-01,2.662161886692047119e-01,2.104690223932266235e-01,3.613905310630798340e-01,-2.178705781698226929e-01,-6.618029624223709106e-02,1.416346728801727295e-01,-9.217900037765502930e-02,3.798265755176544189e-02,-1.545707229524850845e-02
6.108317989856004715e-03,5.928913597017526627e-03,3.305650781840085983e-03,-1.135782077908515930e-01,2.644801735877990723e-01,-2.813718914985656738e-01,-1.434710919857025146e-01,1.345692276954650879e-01,2.446788549423217773e-01,1.345692276954650879e-01,-1.434710919857025146e-01,-2.813718914985656738e-01,2.644801735877990723e-01,-1.135782077908515930e-01,3.305650781840085983e-03,5.928913597017526627e-03,6.108317989856004715e-03
-2.580132961273193359e+00
9.158840030431747437e-02,1.257251948118209839e-01,-1.442861407995223999e-01,-1.795920431613922119e-01,1.062339991331100464e-01,1.924491226673126221e-01,1.995780616998672485e-01,1.308026611804962158e-01,1.582059264183044434e-01,1.308026611804962158e-01,1.995780616998672485e-01,1.924491226673126221e-01,1.062339991331100464e-01,-1.795920431613922119e-01,-1.442861407995223999e-01,1.257251948118209839e-01,9.158840030431747437e-02
-1.984876394271850586e-01,2.035079449415206909e-01,9.661887586116790771e-02,-1.368279755115509033e-01,-2.207325100898742676e-01,-2.884200029075145721e-02,6.424388289451599121e-02,1.498002707958221436e-01,1.223377212882041931e-01,1.498002707958221436e-01,6.424388289451599121e-02,-2.884200029075145721e-02,-2.207325100898742676e-01,-1.368279755115509033e-01,9.661887586116790771e-02,2.035079449415206909e-01,-1.984876394271850586e-01
-3.271071612834930420e-01
-2.629764750599861145e-02,-2.014971375465393066e-01,-1.209853142499923706e-01,8.198843896389007568e-02,1.152564883232116699e-01,1.782797574996948242e-01,1.712562143802642822e-01,1.524676382541656494e-01,8.310062438249588013e-02,1.524676382541656494e-01,1.712562143802642822e-01,1.782797574996948242e-01,1.152564883232116699e-01,8.198843896389007568e-02,-1.209853142499923706e-01,-2.014971375465393066e-01,-2.629764750599861145e-02
1.157629638910293579e-01,4.225976765155792236e-02,-1.063505485653877258e-01,-1.994219571352005005e-01,-8.643591403961181641e-02,6.238584406673908234e-03,8.661488443613052368e-02,9.038966149091720581e-02,1.237580999732017517e-01,9.038966149091720581e-02,8.661488443613052368e-02,6.238584406673908234e-03,-8.643591403961181641e-02,-1.994219571352005005e-01,-1.063505485653877258e-01,4.225976765155792236e-02,1.157629638910293579e-01
-4.067060351371765137e-01
1.030179187655448914e-01,-1.425443738698959351e-01,-1.523188501596450806e-01,-1.154032070189714432e-02,1.285288184881210327e-01,1.735470741987228394e-01,1.825541108846664429e-01,1.322133690118789673e-01,1.195036321878433228e-01,1.322133690118789673e-01,1.825541108846664429e-01,1.735470741987228394e-01,1.285288184881210327e-01,-1.154032070189714432e-02,-1.523188501596450806e-01,-1.425443738698959351e-01,1.030179187655448914e-01
9.096132963895797729e-02,1.973440349102020264e-01,-9.209857136011123657e-02,-1.796184778213500977e-01,-1.264096349477767944e-01,3.015105053782463074e-02,3.826341778039932251e-02,1.392999440431594849e-01,1.340619176626205444e-01,1.392999440431594849e-01,3.826341778039932251e-02,3.015105053782463074e-02,-1.264096349477767944e-01,-1.796184778213500977e-01,-9.209857136011123657e-02,1.973440349102020264e-01,9.096132963895797729e-02
-4.918165504932403564e-01
1.426239609718322754e-01,-1.281105354428291321e-02,-2.061721384525299072e-01,-6.551399081945419312e-02,1.071813032031059265e-01,2.073869407176971436e-01,1.594602316617965698e-01,1.473996639251708984e-01,1.126538664102554321e-01,1.473996639251708984e-01,1.594602316617965698e-01,2.073869407176971436e-01,1.071813032031059265e-01,-6.551399081945419312e-02,-2.061721384525299072e-01,-1.281105354428291321e-02,1.426239609718322754e-01
3.339919075369834900e-02,1.884687393903732300e-01,2.063781209290027618e-02,-2.129314988851547241e-01,-1.152863726019859314e-01,-3.057004138827323914e-02,7.480573654174804688e-02,1.012645140290260315e-01,1.724535226821899414e-01,1.012645140290260315e-01,7.480573654174804688e-02,-3.057004138827323914e-02,-1.152863726019859314e-01,-2.129314988851547241e-01,2.063781209290027618e-02,1.884687393903732300e-01,3.339919075369834900e-02
-5.821056365966796875e-01
1.606364101171493530e-01,7.933344691991806030e-02,-1.525010764598846436e-01,-1.799702495336532593e-01,1.212513148784637451e-01,1.866791248321533203e-01,2.081491947174072266e-01,1.220545545220375061e-01,1.633729189634323120e-01,1.220545545220375061e-01,2.081491947174072266e-01,1.866791248321533203e-01,1.212513148784637451e-01,-1.799702495336532593e-01,-1.525010764598846436e-01,7.933344691991806030e-02,1.606364101171493530e-01
-1.302571743726730347e-01,2.016023546457290649e-01,7.845766097307205200e-02,-1.651873588562011719e-01,-1.879006028175354004e-01,-4.960186406970024109e-02,5.147788301110267639e-02,1.265527755022048950e-01,1.430223435163497925e-01,1.265527755022048950e-01,5.147788301110267639e-02,-4.960186406970024109e-02,-1.879006028175354004e-01,-1.651873588562011719e-01,7.845766097307205200e-02,2.016023546457290649e-01,-1.302571743726730347e-01
-6.772937774658203125e-01
-5.360660329461097717e-02,2.266152948141098022e-01,-1.346908807754516602e-01,-1.685065925121307373e-01,4.532268270850181580e-02,2.201029211282730103e-01,1.752244234085083008e-01,1.501152515411376953e-01,1.164028793573379517e-01,1.501152515411376953e-01,1.752244234085083008e-01,2.201029211282730103e-01,4.532268270850181580e-02,-1.685065925121307373e-01,-1.346908807754516602e-01,2.266152948141098022e-01,-5.360660329461097717e-02
-2.497467547655105591e-01,1.433322727680206299e-01,1.378191262483596802e-01,-9.653771668672561646e-02,-2.372694164514541626e-01,-3.786623850464820862e-02,6.821783632040023804e-02,1.541861295700073242e-01,1.135966405272483826e-01,1.541861295700073242e-01,6.821783632040023804e-02,-3.786623850464820862e-02,-2.372694164514541626e-01,-9.653771668672561646e-02,1.378191262483596802e-01,1.433322727680206299e-01,-2.497467547655105591e-01
-7.771421670913696289e-01
-2.076179981231689453e-01,2.715387642383575439e-01,-7.999399304389953613e-02,-1.907335221767425537e-01,-2.863379567861557007e-02,2.261051535606384277e-01,1.811619549989700317e-01,1.848977804183959961e-01,1.135409846901893616e-01,1.848977804183959961e-01,1.811619549989700317e-01,2.261051535606384277e-01,-2.863379567861557007e-02,-1.907335221767425537e-01,-7.999399304389953613e-02,2.715387642383575439e-01,-2.076179981231689453e-01
-1.330980360507965088e-01,-5.395184829831123352e-02,2.388986349105834961e-01,-6.871574372053146362e-02,-2.121031880378723145e-01,-1.275875121355056763e-01,7.181832939386367798e-02,1.053260639309883118e-01,1.475920528173446655e-01,1.053260639309883118e-01,7.181832939386367798e-02,-1.275875121355056763e-01,-2.121031880378723145e-01,-6.871574372053146362e-02,2.388986349105834961e-01,-5.395184829831123352e-02,-1.330980360507965088e-01
-8.814436793327331543e-01
-2.109098285436630249e-01,1.629808247089385986e-01,7.389762997627258301e-02,-2.422193437814712524e-01,-4.048820212483406067e-02,1.739356964826583862e-01,2.286949306726455688e-01,1.719094812870025635e-01,1.618441045284271240e-01,1.719094812870025635e-01,2.286949306726455688e-01,1.739356964826583862e-01,-4.048820212483406067e-02,-2.422193437814712524e-01,7.389762997627258301e-02,1.629808247089385986e-01,-2.109098285436630249e-01
3.515555337071418762e-02,-2.281606793403625488e-01,2.632831633090972900e-01,-2.648923732340335846e-02,-1.965546309947967529e-01,-1.721336841583251953e-01,8.690227568149566650e-02,8.778391778469085693e-02,1.679743379354476929e-01,8.778391778469085693e-02,8.690227568149566650e-02,-1.721336841583251953e-01,-1.965546309947967529e-01,-2.648923732340335846e-02,2.632831633090972900e-01,-2.281606793403625488e-01,3.515555337071418762e-02
-9.900165200233459473e-01
-1.005632877349853516e-01,2.462927077431231737e-04,2.189234048128128052e-01,-2.596173584461212158e-01,-5.282609537243843079e-02,1.299712955951690674e-01,2.727909982204437256e-01,1.611797213554382324e-01,2.006944417953491211e-01,1.611797213554382324e-01,2.727909982204437256e-01,1.299712955951690674e-01,-5.282609537243843079e-02,-2.596173584461212158e-01,2.189234048128128052e-01,2.462927077431231737e-04,-1.005632877349853516e-01
1.350971609354019165e-01,-2.578338086605072021e-01,1.902983635663986206e-01,8.287058025598526001e-02,-2.165890038013458252e-01,-1.715758293867111206e-01,6.102583184838294983e-02,1.259040683507919312e-01,1.615846455097198486e-01,1.259040683507919312e-01,6.102583184838294983e-02,-1.715758293867111206e-01,-2.165890038013458252e-01,8.287058025598526001e-02,1.902983635663986206e-01,-2.578338086605072021e-01,1.350971609354019165e-01
-1.102699279785156250e+00
1.307319570332765579e-02,-1.310144364833831787e-01,2.724309563636779785e-01,-2.179828286170959473e-01,-1.108824387192726135e-01,1.177943870425224304e-01,2.819219529628753662e-01,1.766412258148193359e-01,1.972399950027465820e-01,1.766412258148193359e-01,2.819219529628753662e-01,1.177943870425224304e-01,-1.108824387192726135e-01,-2.179828286170959473e-01,2.724309563636779785e-01,-1.310144364833831787e-01,1.307319570332765579e-02
1.532408148050308228e-01,-1.690556108951568604e-01,5.511692538857460022e-02,1.929582804441452026e-01,-2.408677488565444946e-01,-1.562015563249588013e-01,1.558177545666694641e-02,1.696808636188507080e-01,1.414620727300643921e-01,1.696808636188507080e-01,1.558177545666694641e-02,-1.562015563249588013e-01,-2.408677488565444946e-01,1.929582804441452026e-01,5.511692538857460022e-02,-1.690556108951568604e-01,1.532408148050308228e-01
-1.219347834587097168e+00
9.024968743324279785e-02,-1.812599301338195801e-01,2.414299100637435913e-01,-1.218210086226463318e-01,-1.852088570594787598e-01,1.315393894910812378e-01,2.593857049942016602e-01,2.066196799278259277e-01,1.693410277366638184e-01,2.066196799278259277e-01,2.593857049942016602e-01,1.315393894910812378e-01,-1.852088570594787598e-01,-1.218210086226463318e-01,2.414299100637435913e-01,-1.812599301338195801e-01,9.024968743324279785e-02
9.958274662494659424e-02,-6.127236410975456238e-02,-7.198613137006759644e-02,2.713169157505035400e-01,-2.369627952575683594e-01,-1.692786365747451782e-01,-2.753640338778495789e-02,1.888373643159866333e-01,1.372046619653701782e-01,1.888373643159866333e-01,-2.753640338778495789e-02,-1.692786365747451782e-01,-2.369627952575683594e-01,2.713169157505035400e-01,-7.198613137006759644e-02,-6.127236410975456238e-02,9.958274662494659424e-02
-1.339831829071044922e+00
9.146822988986968994e-02,-1.658104360103607178e-01,1.787490397691726685e-01,-7.723780348896980286e-03,-2.661698460578918457e-01,1.487838029861450195e-01,2.449519336223602295e-01,2.441651970148086548e-01,1.399419158697128296e-01,2.441651970148086548e-01,2.449519336223602295e-01,1.487838029861450195e-01,-2.661698460578918457e-01,-7.723780348896980286e-03,1.787490397691726685e-01,-1.658104360103607178e-01,9.146822988986968994e-02
2.977067045867443085e-02,1.543923839926719666e-02,-1.601642668247222900e-01,3.019250035285949707e-01,-1.801938116550445557e-01,-1.983329206705093384e-01,-3.954242169857025146e-02,1.764008104801177979e-01,1.497437357902526855e-01,1.764008104801177979e-01,-3.954242169857025146e-02,-1.983329206705093384e-01,-1.801938116550445557e-01,3.019250035285949707e-01,-1.601642668247222900e-01,1.543923839926719666e-02,2.977067045867443085e-02
-1.464033246040344238e+00
7.543355971574783325e-02,-1.303595900535583496e-01,8.806143701076507568e-02,1.012188941240310669e-01,-3.151954710483551025e-01,1.356219053268432617e-01,2.294699549674987793e-01,2.670963108539581299e-01,1.301205158233642578e-01,2.670963108539581299e-01,2.294699549674987793e-01,1.356219053268432617e-01,-3.151954710483551025e-01,1.012188941240310669e-01,8.806143701076507568e-02,-1.303595900535583496e-01,7.543355971574783325e-02
-2.006004564464092255e-02,7.192990928888320923e-02,-1.985487341880798340e-01,2.716212868690490723e-01,-1.035708859562873840e-01,-2.457866668701171875e-01,-3.172284364700317383e-02,1.567025929689407349e-01,1.833582818508148193e-01,1.567025929689407349e-01,-3.172284364700317383e-02,-2.457866668701171875e-01,-1.035708859562873840e-01,2.716212868690490723e-01,-1.985487341880798340e-01,7.192990928888320923e-02,-2.006004564464092255e-02
-1.591844081878662109e+00
5.406684428453445435e-02,-8.061704784631729126e-02,4.479032009840011597e-03,1.782737821340560913e-01,-3.298688232898712158e-01,1.070773229002952576e-01,2.345658242702484131e-01,2.730912566184997559e-01,1.357005536556243896e-01,2.730912566184997559e-01,2.345658242702484131e-01,1.070773229002952576e-01,-3.298688232898712158e-01,1.782737821340560913e-01,4.479032009840011597e-03,-8.061704784631729126e-02,5.406684428453445435e-02
-4.116514697670936584e-02,1.038967296481132507e-01,-1.951480507850646973e-01,2.111649364233016968e-01,-1.234901137650012970e-02,-2.925724983215332031e-01,-2.078705467283725739e-02,1.318698972463607788e-01,2.196433246135711670e-01,1.318698972463607788e-01,-2.078705467283725739e-02,-2.925724983215332031e-01,-1.234901137650012970e-02,2.111649364233016968e-01,-1.951480507850646973e-01,1.038967296481132507e-01,-4.116514697670936584e-02
-1.723165392875671387e+00
2.396929450333118439e-02,-3.342816233634948730e-02,-5.483955517411231995e-02,2.197910547256469727e-01,-3.192817270755767822e-01,5.897415056824684143e-02,2.552118301391601562e-01,2.660934627056121826e-01,1.545299142599105835e-01,2.660934627056121826e-01,2.552118301391601562e-01,5.897415056824684143e-02,-3.192817270755767822e-01,2.197910547256469727e-01,-5.483955517411231995e-02,-3.342816233634948730e-02,2.396929450333118439e-02
-4.901817440986633301e-02,1.036766469478607178e-01,-1.689917147159576416e-01,1.381845921277999878e-01,7.529859989881515503e-02,-3.297073543071746826e-01,-1.639456488192081451e-02,1.094034314155578613e-01,2.474817037582397461e-01,1.094034314155578613e-01,-1.639456488192081451e-02,-3.297073543071746826e-01,7.529859989881515503e-02,1.381845921277999878e-01,-1.689917147159576416e-01,1.036766469478607178e-01,-4.901817440986633301e-02
-1.857905864715576172e+00
3.736327169463038445e-03,6.423991639167070389e-03,-8.764479309320449829e-02,2.353786826133728027e-01,-2.856750488281250000e-01,-2.146443817764520645e-03,2.825480401515960693e-01,2.526285052299499512e-01,1.826934665441513062e-01,2.526285052299499512e-01,2.825480401515960693e-01,-2.146443817764520645e-03,-2.856750488281250000e-01,2.353786826133728027e-01,-8.764479309320449829e-02,6.423991639167070389e-03,3.736327169463038445e-03
-4.751911386847496033e-02,8.792719990015029907e-02,-1.254793703556060791e-01,6.860632449388504028e-02,1.463925689458847046e-01,-3.511389493942260742e-01,-1.856620050966739655e-02,9.928690642118453979e-02,2.641084492206573486e-01,9.928690642118453979e-02,-1.856620050966739655e-02,-3.511389493942260742e-01,1.463925689458847046e-01,6.860632449388504028e-02,-1.254793703556060791e-01,8.792719990015029907e-02,-4.751911386847496033e-02
-1.995981097221374512e+00
-9.982538409531116486e-03,2.774768508970737457e-02,-1.078878268599510193e-01,2.276584804058074951e-01,-2.339834421873092651e-01,-6.076476350426673889e-02,3.116505444049835205e-01,2.356353253126144409e-01,2.099963426589965820e-01,2.356353253126144409e-01,3.116505444049835205e-01,-6.076476350426673889e-02,-2.339834421873092651e-01,2.276584804058074951e-01,-1.078878268599510193e-01,2.774768508970737457e-02,-9.982538409531116486e-03
-3.429524600505828857e-02,6.768012791872024536e-02,-8.317581564188003540e-02,6.307598203420639038e-03,2.024479210376739502e-01,-3.559150397777557373e-01,-3.906328976154327393e-02,9.595035761594772339e-02,2.698306441307067871e-01,9.595035761594772339e-02,-3.906328976154327393e-02,-3.559150397777557373e-01,2.024479210376739502e-01,6.307598203420639038e-03,-8.317581564188003540e-02,6.768012791872024536e-02,-3.429524600505828857e-02
-2.137312412261962891e+00
-2.009818516671657562e-02,3.723640739917755127e-02,-1.110419481992721558e-01,2.066694200038909912e-01,-1.774609237909317017e-01,-1.218953356146812439e-01,3.342011570930480957e-01,2.208790183067321777e-01,2.348314225673675537e-01,2.208790183067321777e-01,3.342011570930480957e-01,-1.218953356146812439e-01,-1.774609237909317017e-01,2.066694200038909912e-01,-1.110419481992721558e-01,3.723640739917755127e-02,-2.009818516671657562e-02
-2.059809491038322449e-02,4.278186336159706116e-02,-4.746597632765769958e-02,-4.547014832496643066e-02,2.393352836370468140e-01,-3.431950509548187256e-01,-6.728452444076538086e-02,1.038259789347648621e-01,2.669676542282104492e-01,1.038259789347648621e-01,-6.728452444076538086e-02,-3.431950509548187256e-01,2.393352836370468140e-01,-4.547014832496643066e-02,-4.746597632765769958e-02,4.278186336159706116e-02,-2.059809491038322449e-02
-2.281826257705688477e+00
-2.253939956426620483e-02,4.004069417715072632e-02,-1.028604060411453247e-01,1.767739653587341309e-01,-1.212124004960060120e-01,-1.760898828506469727e-01,3.512954711914062500e-01,2.125481814146041870e-01,2.536161541938781738e-01,2.125481814146041870e-01,3.512954711914062500e-01,-1.760898828506469727e-01,-1.212124004960060120e-01,1.767739653587341309e-01,-1.028604060411453247e-01,4.004069417715072632e-02,-2.253939956426620483e-02
-8.661655709147453308e-03,1.969309151172637939e-02,-1.948175579309463501e-02,-8.557974547147750854e-02,2.591522336006164551e-01,-3.161825835704803467e-01,-1.021322980523109436e-01,1.176511198282241821e-01,2.569058537483215332e-01,1.176511198282241821e-01,-1.021322980523109436e-01,-3.161825835704803467e-01,2.591522336006164551e-01,-8.557974547147750854e-02,-1.948175579309463501e-02,1.969309151172637939e-02,-8.661655709147453308e-03
-2.429454565048217773e+00
-6.221998017281293869e-03,3.840436041355133057e-02,-1.004262194037437439e-01,1.380847692489624023e-01,-6.177077069878578186e-02,-2.148460745811462402e-01,3.607172966003417969e-01,2.117081135511398315e-01,2.688346505165100098e-01,2.117081135511398315e-01,3.607172966003417969e-01,-2.148460745811462402e-01,-6.177077069878578186e-02,1.380847692489624023e-01,-1.004262194037437439e-01,3.840436041355133057e-02,-6.221998017281293869e-03
3.179189516231417656e-03,1.402002479881048203e-02,1.002562046051025391e-02,-1.164280846714973450e-01,2.592791616916656494e-01,-2.811819911003112793e-01,-1.397698074579238892e-01,1.368121206760406494e-01,2.442087680101394653e-01,1.368121206760406494e-01,-1.397698074579238892e-01,-2.811819911003112793e-01,2.592791616916656494e-01,-1.164280846714973450e-01,1.002562046051025391e-02,1.402002479881048203e-02,3.179189516231417656e-03
-2.580132961273193359e+00
9.223060309886932373e-02,1.278893649578094482e-01,-1.419734656810760498e-01,-1.798120439052581787e-01,1.042074114084243774e-01,1.930630803108215332e-01,2.013650834560394287e-01,1.304340213537216187e-01,1.565142273902893066e-01,1.304340213537216187e-01,2.013650834560394287e-01,1.930630803108215332e-01,1.042074114084243774e-01,-1.798120439052581787e-01,-1.419734656810760498e-01,1.278893649578094482e-01,9.223060309886932373e-02
-1.959512829780578613e-01,2.003671973943710327e-01,9.286709874868392944e-02,-1.354768574237823486e-01,-2.170479148626327515e-01,-2.793493494391441345e-02,6.318937242031097412e-02,1.488623172044754028e-01,1.225663349032402039e-01,1.488623172044754028e-01,6.318937242031097412e-02,-2.793493494391441345e-02,-2.170479148626327515e-01,-1.354768574237823486e-01,9.286709874868392944e-02,2.003671973943710327e-01,-1.959512829780578613e-01
-3.271071612834930420e-01
-1.947863213717937469e-02,-1.915945261716842651e-01,-1.363214552402496338e-01,8.141945302486419678e-02,1.379766911268234253e-01,1.724120527505874634e-01,1.431895643472671509e-01,1.534318774938583374e-01,1.076264455914497375e-01,1.534318774938583374e-01,1.431895643472671509e-01,1.724120527505874634e-01,1.379766911268234253e-01,8.141945302486419678e-02,-1.363214552402496338e-01,-1.915945261716842651e-01,-1.947863213717937469e-02
1.293621063232421875e-01,3.963112458586692810e-02,-1.232116967439651489e-01,-1.922023445367813110e-01,-6.042478606104850769e-02,1.637393608689308167e-03,6.509949266910552979e-02,9.573519229888916016e-02,1.491104364395141602e-01,9.573519229888916016e-02,6.509949266910552979e-02,1.637393608689308167e-03,-6.042478606104850769e-02,-1.922023445367813110e-01,-1.232116967439651489e-01,3.963112458586692810e-02,1.293621063232421875e-01
-4.067060351371765137e-01
1.163051649928092957e-01,-1.318754702806472778e-01,-1.606373935937881470e-01,-7.042841985821723938e-03,1.481479704380035400e-01,1.679257601499557495e-01,1.583073586225509644e-01,1.301234513521194458e-01,1.348106861114501953e-01,1.301234513521194458e-01,1.583073586225509644e-01,1.679257601499557495e-01,1.481479704380035400e-01,-7.042841985821723938e-03,-1.606373935937881470e-01,-1.318754702806472778e-01,1.163051649928092957e-01
8.757615834474563599e-02,1.894187927246093750e-01,-9.749633073806762695e-02,-1.865472346544265747e-01,-1.325033456087112427e-01,3.134774044156074524e-02,4.406126961112022400e-02,1.386369019746780396e-01,1.282624900341033936e-01,1.386369019746780396e-01,4.406126961112022400e-02,3.134774044156074524e-02,-1.325033456087112427e-01,-1.865472346544265747e-01,-9.749633073806762695e-02,1.894187927246093750e-01,8.757615834474563599e-02
-4.918165504932403564e-01
1.439904570579528809e-01,-3.073167987167835236e-03,-2.015795409679412842e-01,-7.319302856922149658e-02,9.901339560747146606e-02,2.117368876934051514e-01,1.659863740205764771e-01,1.446030437946319580e-01,1.055538803339004517e-01,1.446030437946319580e-01,1.659863740205764771e-01,2.117368876934051514e-01,9.901339560747146606e-02,-7.319302856922149658e-02,-2.015795409679412842e-01,-3.073167987167835236e-03,1.439904570579528809e-01
3.579546138644218445e-02,1.901489049196243286e-01,1.830494031310081482e-02,-2.175419628620147705e-01,-1.167256385087966919e-01,-2.803751640021800995e-02,7.946436107158660889e-02,1.080549657344818115e-01,1.778864264488220215e-01,1.080549657344818115e-01,7.946436107158660889e-02,-2.803751640021800995e-02,-1.167256385087966919e-01,-2.175419628620147705e-01,1.830494031310081482e-02,1.901489049196243286e-01,3.579546138644218445e-02
-5.821056365966796875e-01
1.602012068033218384e-01,7.563287019729614258e-02,-1.531622558832168579e-01,-1.730647534132003784e-01,1.267781555652618408e-01,1.805495619773864746e-01,2.022355049848556519e-01,1.291079670190811157e-01,1.745821684598922729e-01,1.291079670190811157e-01,2.022355049848556519e-01,1.805495619773864746e-01,1.267781555652618408e-01,-1.730647534132003784e-01,-1.531622558832168579e-01,7.563287019729614258e-02,1.602012068033218384e-01
-1.234281510114669800e-01,2.106177061796188354e-01,8.814638108015060425e-02,-1.694677174091339111e-01,-1.933908462524414062e-01,-4.136457666754722595e-02,6.231306493282318115e-02,1.223027557134628296e-01,1.329632699489593506e-01,1.223027557134628296e-01,6.231306493282318115e-02,-4.136457666754722595e-02,-1.933908462524414062e-01,-1.694677174091339111e-01,8.814638108015060425e-02,2.106177061796188354e-01,-1.234281510114669800e-01
-6.772937774658203125e-01
-4.229966551065444946e-02,2.257274389266967773e-01,-1.441795080900192261e-01,-1.739337593317031860e-01,4.674135893583297729e-02,2.232758849859237671e-01,1.798616945743560791e-01,1.566570103168487549e-01,1.223335787653923035e-01,1.566570103168487549e-01,1.798616945743560791e-01,2.232758849859237671e-01,4.674135893583297729e-02,-1.739337593317031860e-01,-1.441795080900192261e-01,2.257274389266967773e-01,-4.229966551065444946e-02
-2.433566451072692871e-01,1.422219723463058472e-01,1.395045816898345947e-01,-8.483038842678070068e-02,-2.338616847991943359e-01,-5.182265862822532654e-02,5.007121711969375610e-02,1.572966873645782471e-01,1.227865442633628845e-01,1.572966873645782471e-01,5.007121711969375610e-02,-5.182265862822532654e-02,-2.338616847991943359e-01,-8.483038842678070068e-02,1.395045816898345947e-01,1.422219723463058472e-01,-2.433566451072692871e-01
-7.771421670913696289e-01
-2.247310578823089600e-01,2.591803967952728271e-01,-8.689698576927185059e-02,-1.898199319839477539e-01,-2.358038350939750671e-02,2.247879505157470703e-01,1.719762086868286133e-01,1.713893860578536987e-01,1.026790067553520203e-01,1.713893860578536987e-01,1.719762086868286133e-01,2.247879505157470703e-01,-2.358038350939750671e-02,-1.898199319839477539e-01,-8.689698576927185059e-02,2.591803967952728271e-01,-2.247310578823089600e-01
-1.394386291503906250e-01,-5.652046203613281250e-02,2.379116863012313843e-01,-7.434111833572387695e-02,-2.138357460498809814e-01,-1.209572106599807739e-01,7.883588224649429321e-02,9.974215179681777954e-02,1.396567672491073608e-01,9.974215179681777954e-02,7.883588224649429321e-02,-1.209572106599807739e-01,-2.138357460498809814e-01,-7.434111833572387695e-02,2.379116863012313843e-01,-5.652046203613281250e-02,-1.394386291503906250e-01
-8.814436793327331543e-01
-2.107955068349838257e-01,1.652303636074066162e-01,8.047714829444885254e-02,-2.391896247863769531e-01,-4.182557016611099243e-02,1.764535307884216309e-01,2.349499166011810303e-01,1.772343516349792480e-01,1.641418486833572388e-01,1.772343516349792480e-01,2.349499166011810303e-01,1.764535307884216309e-01,-4.182557016611099243e-02,-2.391896247863769531e-01,8.047714829444885254e-02,1.652303636074066162e-01,-2.107955068349838257e-01
4.789915308356285095e-02,-2.155883312225341797e-01,2.643995583057403564e-01,-2.974907681345939636e-02,-1.937956809997558594e-01,-1.628867685794830322e-01,9.703245013952255249e-02,8.617462217807769775e-02,1.643763780593872070e-01,8.617462217807769775e-02,9.703245013952255249e-02,-1.628867685794830322e-01,-1.937956809997558594e-01,-2.974907681345939636e-02,2.643995583057403564e-01,-2.155883312225341797e-01,4.789915308356285095e-02
-9.900165200233459473e-01
-9.767664968967437744e-02,2.099676057696342468e-03,2.190859168767929077e-01,-2.618082165718078613e-01,-5.682783573865890503e-02,1.255626082420349121e-01,2.719581425189971924e-01,1.636375635862350464e-01,2.034657597541809082e-01,1.636375635862350464e-01,2.719581425189971924e-01,1.255626082420349121e-01,-5.682783573865890503e-02,-2.618082165718078613e-01,2.190859168767929077e-01,2.099676057696342468e-03,-9.767664968967437744e-02
1.404604613780975342e-01,-2.502566874027252197e-01,1.899509280920028687e-01,7.851517200469970703e-02,-2.170749306678771973e-01,-1.679401695728302002e-01,6.647497415542602539e-02,1.284364461898803711e-01,1.626742780208587646e-01,1.284364461898803711e-01,6.647497415542602539e-02,-1.679401695728302002e-01,-2.170749306678771973e-01,7.851517200469970703e-02,1.899509280920028687e-01,-2.502566874027252197e-01,1.404604613780975342e-01
-1.102699279785156250e+00
1.453047618269920349e-02,-1.294517517089843750e-01,2.713631093502044678e-01,-2.185830175876617432e-01,-1.089177131652832031e-01,1.179997771978378296e-01,2.796688377857208252e-01,1.752160638570785522e-01,1.972458213567733765e-01,1.752160638570785522e-01,2.796688377857208252e-01,1.179997771978378296e-01,-1.089177131652832031e-01,-2.185830175876617432e-01,2.713631093502044678e-01,-1.294517517089843750e-01,1.453047618269920349e-02
1.471483260393142700e-01,-1.721091717481613159e-01,5.634409189224243164e-02,1.941202282905578613e-01,-2.414877116680145264e-01,-1.576648205518722534e-01,1.328848861157894135e-02,1.680655032396316528e-01,1.406907439231872559e-01,1.680655032396316528e-01,1.328848861157894135e-02,-1.576648205518722534e-01,-2.414877116680145264e-01,1.941202282905578613e-01,5.634409189224243164e-02,-1.721091717481613159e-01,1.471483260393142700e-01
-1.219347834587097168e+00
8.408902585506439209e-02,-1.818878501653671265e-01,2.439054846763610840e-01,-1.193893179297447205e-01,-1.844488829374313354e-01,1.296726912260055542e-01,2.575753033161163330e-01,2.079560011625289917e-01,1.718574911355972290e-01,2.079560011625289917e-01,2.575753033161163330e-01,1.296726912260055542e-01,-1.844488829374313354e-01,-1.193893179297447205e-01,2.439054846763610840e-01,-1.818878501653671265e-01,8.408902585506439209e-02
9.374912083148956299e-02,-6.759936362504959106e-02,-7.129023224115371704e-02,2.751758992671966553e-01,-2.343993335962295532e-01,-1.674331873655319214e-01,-2.433986961841583252e-02,1.903458088636398315e-01,1.375805586576461792e-01,1.903458088636398315e-01,-2.433986961841583252e-02,-1.674331873655319214e-01,-2.343993335962295532e-01,2.751758992671966553e-01,-7.129023224115371704e-02,-6.759936362504959106e-02,9.374912083148956299e-02
-1.339831829071044922e+00
9.789916872978210449e-02,-1.700998693704605103e-01,1.738594174385070801e-01,-3.063012380152940750e-03,-2.616518437862396240e-01,1.422057747840881348e-01,2.375239133834838867e-01,2.449033558368682861e-01,1.451051980257034302e-01,2.449033558368682861e-01,2.375239133834838867e-01,1.422057747840881348e-01,-2.616518437862396240e-01,-3.063012380152940750e-03,1.738594174385070801e-01,-1.700998693704605103e-01,9.789916872978210449e-02
3.164771571755409241e-02,2.130222693085670471e-02,-1.590486168861389160e-01,2.978490293025970459e-01,-1.830881834030151367e-01,-1.969990432262420654e-01,-3.454316034913063049e-02,1.820425242185592651e-01,1.526863276958465576e-01,1.820425242185592651e-01,-3.454316034913063049e-02,-1.969990432262420654e-01,-1.830881834030151367e-01,2.978490293025970459e-01,-1.590486168861389160e-01,2.130222693085670471e-02,3.164771571755409241e-02
-1.464033246040344238e+00
8.525788038969039917e-02,-1.319813579320907593e-01,8.112133294343948364e-02,1.017762869596481323e-01,-3.098429739475250244e-01,1.363404691219329834e-01,2.265223413705825806e-01,2.674074769020080566e-01,1.325290799140930176e-01,2.674074769020080566e-01,2.265223413705825806e-01,1.363404691219329834e-01,-3.098429739475250244e-01,1.017762869596481323e-01,8.112133294343948364e-02,-1.319813579320907593e-01,8.525788038969039917e-02
-1.405003666877746582e-02,8.152128010988235474e-02,-1.965189725160598755e-01,2.697443068027496338e-01,-1.028384417295455933e-01,-2.441973239183425903e-01,-3.090608678758144379e-02,1.591441929340362549e-01,1.853567659854888916e-01,1.591441929340362549e-01,-3.090608678758144379e-02,-2.441973239183425903e-01,-1.028384417295455933e-01,2.697443068027496338e-01,-1.965189725160598755e-01,8.152128010988235474e-02,-1.405003666877746582e-02
-1.591844081878662109e+00
5.368318408727645874e-02,-8.126614987850189209e-02,3.039331641048192978e-03,1.781956702470779419e-01,-3.285708427429199219e-01,1.067547649145126343e-01,2.329444587230682373e-01,2.731767594814300537e-01,1.368284672498703003e-01,2.731767594814300537e-01,2.329444587230682373e-01,1.067547649145126343e-01,-3.285708427429199219e-01,1.781956702470779419e-01,3.039331641048192978e-03,-8.126614987850189209e-02,5.368318408727645874e-02
-4.221792146563529968e-02,1.037024557590484619e-01,-1.956782341003417969e-01,2.104321718215942383e-01,-1.257131248712539673e-02,-2.924892604351043701e-01,-2.063288353383541107e-02,1.323246955871582031e-01,2.198490947484970093e-01,1.323246955871582031e-01,-2.063288353383541107e-02,-2.924892604351043701e-01,-1.257131248712539673e-02,2.104321718215942383e-01,-1.956782341003417969e-01,1.037024557590484619e-01,-4.221792146563529968e-02
-1.723165392875671387e+00
2.335396781563758850e-02,-3.203918412327766418e-02,-5.383842810988426208e-02,2.191000431776046753e-01,-3.202449977397918701e-01,5.832851305603981018e-02,2.551586329936981201e-01,2.673201560974121094e-01,1.561495661735534668e-01,2.673201560974121094e-01,2.551586329936981201e-01,5.832851305603981018e-02,-3.202449977397918701e-01,2.191000431776046753e-01,-5.383842810988426208e-02,-3.203918412327766418e-02,2.335396781563758850e-02
-5.491532012820243835e-02,1.014716029167175293e-01,-1.662907153367996216e-01,1.382251977920532227e-01,7.101134955883026123e-02,-3.311801552772521973e-01,-1.385862939059734344e-02,1.103468313813209534e-01,2.463776469230651855e-01,1.103468313813209534e-01,-1.385862939059734344e-02,-3.311801552772521973e-01,7.101134955883026123e-02,1.382251977920532227e-01,-1.662907153367996216e-01,1.014716029167175293e-01,-5.491532012820243835e-02
-1.857905864715576172e+00
5.211512092500925064e-03,9.420163114555180073e-04,-9.613304585218429565e-02,2.328696399927139282e-01,-2.825165987014770508e-01,3.431023797020316124e-04,2.816614508628845215e-01,2.516438663005828857e-01,1.822033673524856567e-01,2.516438663005828857e-01,2.816614508628845215e-01,3.431023797020316124e-04,-2.825165987014770508e-01,2.328696399927139282e-01,-9.613304585218429565e-02,9.420163114555180073e-04,5.211512092500925064e-03
-4.775827378034591675e-02,9.193851798772811890e-02,-1.262582987546920776e-01,6.279636919498443604e-02,1.422242969274520874e-01,-3.520275950431823730e-01,-1.869215257465839386e-02,9.924334287643432617e-02,2.640746533870697021e-01,9.924334287643432617e-02,-1.869215257465839386e-02,-3.520275950431823730e-01,1.422242969274520874e-01,6.279636919498443604e-02,-1.262582987546920776e-01,9.193851798772811890e-02,-4.775827378034591675e-02
-1.995981097221374512e+00
-1.068572886288166046e-02,2.709464542567729950e-02,-1.083842888474464417e-01,2.281374484300613403e-01,-2.328349500894546509e-01,-6.094221770763397217e-02,3.108932077884674072e-01,2.357791662216186523e-01,2.106925249099731445e-01,2.357791662216186523e-01,3.108932077884674072e-01,-6.094221770763397217e-02,-2.328349500894546509e-01,2.281374484300613403e-01,-1.083842888474464417e-01,2.709464542567729950e-02,-1.068572886288166046e-02
-3.682196512818336487e-02,6.698325276374816895e-02,-8.324521034955978394e-02,5.077053792774677277e-03,2.006300538778305054e-01,-3.566237688064575195e-01,-3.836271166801452637e-02,9.716016054153442383e-02,2.702279388904571533e-01,9.716016054153442383e-02,-3.836271166801452637e-02,-3.566237688064575195e-01,2.006300538778305054e-01,5.077053792774677277e-03,-8.324521034955978394e-02,6.698325276374816895e-02,-3.682196512818336487e-02
-2.137312412261962891e+00
-1.632983237504959106e-02,3.780319541692733765e-02,-1.137115135788917542e-01,2.057183235883712769e-01,-1.756830066442489624e-01,-1.202002540230751038e-01,3.350787162780761719e-01,2.225307822227478027e-01,2.367839366197586060e-01,2.225307822227478027e-01,3.350787162780761719e-01,-1.202002540230751038e-01,-1.756830066442489624e-01,2.057183235883712769e-01,-1.137115135788917542e-01,3.780319541692733765e-02,-1.632983237504959106e-02
-2.014368586242198944e-02,4.666522517800331116e-02,-4.455792531371116638e-02,-4.641849920153617859e-02,2.375572323799133301e-01,-3.422077596187591553e-01,-6.439904868602752686e-02,1.058942824602127075e-01,2.670396566390991211e-01,1.058942824602127075e-01,-6.439904868602752686e-02,-3.422077596187591553e-01,2.375572323799133301e-01,-4.641849920153617859e-02,-4.455792531371116638e-02,4.666522517800331116e-02,-2.014368586242198944e-02
-2.281826257705688477e+00
-2.479446120560169220e-02,3.843132033944129944e-02,-1.032662689685821533e-01,1.773393154144287109e-01,-1.204990744590759277e-01,-1.760625243186950684e-01,3.513298034667968750e-01,2.130196988582611084e-01,2.542908489704132080e-01,2.130196988582611084e-01,3.513298034667968750e-01,-1.760625243186950684e-01,-1.204990744590759277e-01,1.773393154144287109e-01,-1.032662689685821533e-01,3.843132033944129944e-02,-2.479446120560169220e-02
-7.928329519927501678e-03,1.924547553062438965e-02,-1.987257041037082672e-02,-8.525035530328750610e-02,2.600846588611602783e-01,-3.149864673614501953e-01,-1.009520441293716431e-01,1.181434094905853271e-01,2.566833198070526123e-01,1.181434094905853271e-01,-1.009520441293716431e-01,-3.149864673614501953e-01,2.600846588611602783e-01,-8.525035530328750610e-02,-1.987257041037082672e-02,1.924547553062438965e-02,-7.928329519927501678e-03
-2.429454565048217773e+00
-1.089569367468357086e-02,3.869185596704483032e-02,-9.721218794584274292e-02,1.387540400028228760e-01,-6.371158361434936523e-02,-2.153907567262649536e-01,3.618427813053131104e-01,2.119677215814590454e-01,2.684211432933807373e-01,2.119677215814590454e-01,3.618427813053131104e-01,-2.153907567262649536e-01,-6.371158361434936523e-02,1.387540400028228760e-01,-9.721218794584274292e-02,3.869185596704483032e-02,-1.089569367468357086e-02
5.559132434427738190e-03,1.223114412277936935e-02,1.028841454535722733e-02,-1.124960109591484070e-01,2.624494135379791260e-01,-2.809288203716278076e-01,-1.403824985027313232e-01,1.360188126564025879e-01,2.437232285737991333e-01,1.360188126564025879e-01,-1.403824985027313232e-01,-2.809288203716278076e-01,2.624494135379791260e-01,-1.124960109591484070e-01,1.028841454535722733e-02,1.223114412277936935e-02,5.559132434427738190e-03
-2.580132961273193359e+00
9.579754620790481567e-02,1.328475773334503174e-01,-1.407887190580368042e-01,-1.861543208360671997e-01,9.251436591148376465e-02,1.887918859720230103e-01,2.024657726287841797e-01,1.309267878532409668e-01,1.550984382629394531e-01,1.309267878532409668e-01,2.024657726287841797e-01,1.887918859720230103e-01,9.251436591148376465e-02,-1.861543208360671997e-01,-1.407887190580368042e-01,1.328475773334503174e-01,9.579754620790481567e-02
-2.077883332967758179e-01,1.882190555334091187e-01,8.885622769594192505e-02,-1.260226815938949585e-01,-2.106919735670089722e-01,-3.477877750992774963e-02,5.598618090152740479e-02,1.577892601490020752e-01,1.352663338184356689e-01,1.577892601490020752e-01,5.598618090152740479e-02,-3.477877750992774963e-02,-2.106919735670089722e-01,-1.260226815938949585e-01,8.885622769594192505e-02,1.882190555334091187e-01,-2.077883332967758179e-01
-3.271071612834930420e-01
-3.089463710784912109e-02,-1.972816437482833862e-01,-1.193746700882911682e-01,7.703369110822677612e-02,1.128817796707153320e-01,1.817855387926101685e-01,1.745383888483047485e-01,1.519964188337326050e-01,8.122084289789199829e-02,1.519964188337326050e-01,1.745383888483047485e-01,1.817855387926101685e-01,1.128817796707153320e-01,7.703369110822677612e-02,-1.193746700882911682e-01,-1.972816437482833862e-01,-3.089463710784912109e-02
1.208990663290023804e-01,4.633585363626480103e-02,-1.131025925278663635e-01,-2.084762454032897949e-01,-8.324694633483886719e-02,1.691881008446216583e-02,8.976911753416061401e-02,8.932386338710784912e-02,1.225209906697273254e-01,8.932386338710784912e-02,8.976911753416061401e-02,1.691881008446216583e-02,-8.324694633483886719e-02,-2.084762454032897949e-01,-1.131025925278663635e-01,4.633585363626480103e-02,1.208990663290023804e-01
-4.067060351371765137e-01
1.058425605297088623e-01,-1.387570053339004517e-01,-1.560508310794830322e-01,-1.184125617146492004e-02,1.352916806936264038e-01,1.711387485265731812e-01,1.722421646118164062e-01,1.281305104494094849e-01,1.225598677992820740e-01,1.281305104494094849e-01,1.722421646118164062e-01,1.711387485265731812e-01,1.352916806936264038e-01,-1.184125617146492004e-02,-1.560508310794830322e-01,-1.387570053339004517e-01,1.058425605297088623e-01
8.545248955488204956e-02,1.939296722412109375e-01,-9.550533443689346313e-02,-1.863420903682708740e-01,-1.307480484247207642e-01,3.351919353008270264e-02,4.305218160152435303e-02,1.379117369651794434e-01,1.290196776390075684e-01,1.379117369651794434e-01,4.305218160152435303e-02,3.351919353008270264e-02,-1.307480484247207642e-01,-1.863420903682708740e-01,-9.550533443689346313e-02,1.939296722412109375e-01,8.545248955488204956e-02
-4.918165504932403564e-01
1.646362394094467163e-01,5.380854941904544830e-03,-2.034883946180343628e-01,-6.292254477739334106e-02,1.164718493819236755e-01,2.062650471925735474e-01,1.506642103195190430e-01,1.471151113510131836e-01,1.190078631043434143e-01,1.471151113510131836e-01,1.506642103195190430e-01,2.062650471925735474e-01,1.164718493819236755e-01,-6.292254477739334106e-02,-2.034883946180343628e-01,5.380854941904544830e-03,1.646362394094467163e-01
3.232206776738166809e-02,1.892999410629272461e-01,2.784622833132743835e-02,-2.233444154262542725e-01,-1.313822716474533081e-01,-3.221409395337104797e-02,8.673876523971557617e-02,9.962353110313415527e-02,1.616134643554687500e-01,9.962353110313415527e-02,8.673876523971557617e-02,-3.221409395337104797e-02,-1.313822716474533081e-01,-2.233444154262542725e-01,2.784622833132743835e-02,1.892999410629272461e-01,3.232206776738166809e-02
-5.821056365966796875e-01
1.681615263223648071e-01,8.760236948728561401e-02,-1.346844583749771118e-01,-1.609202921390533447e-01,1.245011538267135620e-01,1.764337420463562012e-01,2.060380429029464722e-01,1.354517787694931030e-01,1.788226515054702759e-01,1.354517787694931030e-01,2.060380429029464722e-01,1.764337420463562012e-01,1.245011538267135620e-01,-1.609202921390533447e-01,-1.346844583749771118e-01,8.760236948728561401e-02,1.681615263223648071e-01
-1.352004557847976685e-01,1.929318755865097046e-01,8.120173215866088867e-02,-1.585249155759811401e-01,-1.871044188737869263e-01,-4.882349073886871338e-02,5.926966667175292969e-02,1.263564974069595337e-01,1.388043910264968872e-01,1.263564974069595337e-01,5.926966667175292969e-02,-4.882349073886871338e-02,-1.871044188737869263e-01,-1.585249155759811401e-01,8.120173215866088867e-02,1.929318755865097046e-01,-1.352004557847976685e-01
-6.772937774658203125e-01
-5.757275223731994629e-02,2.241056114435195923e-01,-1.367961913347244263e-01,-1.680711060762405396e-01,4.612192139029502869e-02,2.163067013025283813e-01,1.714814752340316772e-01,1.549197435379028320e-01,1.240556314587593079e-01,1.549197435379028320e-01,1.714814752340316772e-01,2.163067013025283813e-01,4.612192139029502869e-02,-1.680711060762405396e-01,-1.367961913347244263e-01,2.241056114435195923e-01,-5.757275223731994629e-02
-2.446337789297103882e-01,1.462828516960144043e-01,1.387679278850555420e-01,-9.742595255374908447e-02,-2.381055057048797607e-01,-3.613201528787612915e-02,7.152964919805526733e-02,1.581860333681106567e-01,1.159981191158294678e-01,1.581860333681106567e-01,7.152964919805526733e-02,-3.613201528787612915e-02,-2.381055057048797607e-01,-9.742595255374908447e-02,1.387679278850555420e-01,1.462828516960144043e-01,-2.446337789297103882e-01
-7.771421670913696289e-01
-2.227634489536285400e-01,2.582380771636962891e-01,-9.025695919990539551e-02,-1.929762214422225952e-01,-2.462541870772838593e-02,2.263587415218353271e-01,1.733736097812652588e-01,1.698444336652755737e-01,1.003448367118835449e-01,1.698444336652755737e-01,1.733736097812652588e-01,2.263587415218353271e-01,-2.462541870772838593e-02,-1.929762214422225952e-01,-9.025695919990539551e-02,2.582380771636962891e-01,-2.227634489536285400e-01
-1.386636793613433838e-01,-5.652476847171783447e-02,2.401189804077148438e-01,-6.886445730924606323e-02,-2.125657051801681519e-01,-1.275507658720016479e-01,7.020800560712814331e-02,1.029125228524208069e-01,1.453893929719924927e-01,1.029125228524208069e-01,7.020800560712814331e-02,-1.275507658720016479e-01,-2.125657051801681519e-01,-6.886445730924606323e-02,2.401189804077148438e-01,-5.652476847171783447e-02,-1.386636793613433838e-01
-8.814436793327331543e-01
-2.116385847330093384e-01,1.587228775024414062e-01,7.249543070793151855e-02,-2.401701658964157104e-01,-3.747514635324478149e-02,1.780323386192321777e-01,2.326464802026748657e-01,1.751614063978195190e-01,1.636609882116317749e-01,1.751614063978195190e-01,2.326464802026748657e-01,1.780323386192321777e-01,-3.747514635324478149e-02,-2.401701658964157104e-01,7.249543070793151855e-02,1.587228775024414062e-01,-2.116385847330093384e-01
4.430548474192619324e-02,-2.212720811367034912e-01,2.630887627601623535e-01,-2.896062843501567841e-02,-1.964515894651412964e-01,-1.694698631763458252e-01,8.972713351249694824e-02,8.627957105636596680e-02,1.660591810941696167e-01,8.627957105636596680e-02,8.972713351249694824e-02,-1.694698631763458252e-01,-1.964515894651412964e-01,-2.896062843501567841e-02,2.630887627601623535e-01,-2.212720811367034912e-01,4.430548474192619324e-02
-9.900165200233459473e-01
-1.015433892607688904e-01,-1.175230019725859165e-03,2.181433141231536865e-01,-2.638288438320159912e-01,-5.857209488749504089e-02,1.307606250047683716e-01,2.775716483592987061e-01,1.640749573707580566e-01,2.001747786998748779e-01,1.640749573707580566e-01,2.775716483592987061e-01,1.307606250047683716e-01,-5.857209488749504089e-02,-2.638288438320159912e-01,2.181433141231536865e-01,-1.175230019725859165e-03,-1.015433892607688904e-01
1.504805684089660645e-01,-2.387180328369140625e-01,1.920900344848632812e-01,7.560732215642929077e-02,-2.171582877635955811e-01,-1.654095947742462158e-01,6.794001907110214233e-02,1.260633170604705811e-01,1.602264493703842163e-01,1.260633170604705811e-01,6.794001907110214233e-02,-1.654095947742462158e-01,-2.171582877635955811e-01,7.560732215642929077e-02,1.920900344848632812e-01,-2.387180328369140625e-01,1.504805684089660645e-01
-1.102699279785156250e+00
1.467778906226158142e-02,-1.290739774703979492e-01,2.729455828666687012e-01,-2.182579785585403442e-01,-1.112135276198387146e-01,1.163237094879150391e-01,2.812864184379577637e-01,1.788313537836074829e-01,2.003168314695358276e-01,1.788313537836074829e-01,2.812864184379577637e-01,1.163237094879150391e-01,-1.112135276198387146e-01,-2.182579785585403442e-01,2.729455828666687012e-01,-1.290739774703979492e-01,1.467778906226158142e-02
1.545088440179824829e-01,-1.679050475358963013e-01,5.599261075258255005e-02,1.940053105354309082e-01,-2.391811907291412354e-01,-1.544227004051208496e-01,1.733769476413726807e-02,1.705455631017684937e-01,1.417707353830337524e-01,1.705455631017684937e-01,1.733769476413726807e-02,-1.544227004051208496e-01,-2.391811907291412354e-01,1.940053105354309082e-01,5.599261075258255005e-02,-1.679050475358963013e-01,1.545088440179824829e-01
-1.219347834587097168e+00
8.151149004697799683e-02,-1.832110136747360229e-01,2.450715303421020508e-01,-1.207725331187248230e-01,-1.877725869417190552e-01,1.289027035236358643e-01,2.590922713279724121e-01,2.067605257034301758e-01,1.688955724239349365e-01,2.067605257034301758e-01,2.590922713279724121e-01,1.289027035236358643e-01,-1.877725869417190552e-01,-1.207725331187248230e-01,2.450715303421020508e-01,-1.832110136747360229e-01,8.151149004697799683e-02
9.596233814954757690e-02,-6.639055162668228149e-02,-7.202287763357162476e-02,2.746529877185821533e-01,-2.336688488721847534e-01,-1.680155992507934570e-01,-2.664418518543243408e-02,1.899937987327575684e-01,1.380876302719116211e-01,1.899937987327575684e-01,-2.664418518543243408e-02,-1.680155992507934570e-01,-2.336688488721847534e-01,2.746529877185821533e-01,-7.202287763357162476e-02,-6.639055162668228149e-02,9.596233814954757690e-02
-1.339831829071044922e+00
9.067609161138534546e-02,-1.706493198871612549e-01,1.766013801097869873e-01,-5.015050061047077179e-03,-2.649061679840087891e-01,1.440330147743225098e-01,2.413121014833450317e-01,2.455247193574905396e-01,1.434114873409271240e-01,2.455247193574905396e-01,2.413121014833450317e-01,1.440330147743225098e-01,-2.649061679840087891e-01,-5.015050061047077179e-03,1.766013801097869873e-01,-1.706493198871612549e-01,9.067609161138534546e-02
2.831358276307582855e-02,1.263401098549365997e-02,-1.633444279432296753e-01,2.994050085544586182e-01,-1.810783743858337402e-01,-1.981998682022094727e-01,-3.865364938974380493e-02,1.778481900691986084e-01,1.505031138658523560e-01,1.778481900691986084e-01,-3.865364938974380493e-02,-1.981998682022094727e-01,-1.810783743858337402e-01,2.994050085544586182e-01,-1.633444279432296753e-01,1.263401098549365997e-02,2.831358276307582855e-02
-1.464033246040344238e+00
9.040715545415878296e-02,-1.327247321605682373e-01,7.770726829767227173e-02,1.006895452737808228e-01,-3.081788122653961182e-01,1.385341286659240723e-01,2.278385311365127563e-01,2.683589458465576172e-01,1.333228796720504761e-01,2.683589458465576172e-01,2.278385311365127563e-01,1.385341286659240723e-01,-3.081788122653961182e-01,1.006895452737808228e-01,7.770726829767227173e-02,-1.327247321605682373e-01,9.040715545415878296e-02
-7.916092872619628906e-03,8.768182992935180664e-02,-1.953048408031463623e-01,2.681995630264282227e-01,-1.033292189240455627e-01,-2.445430159568786621e-01,-3.216926753520965576e-02,1.591648012399673462e-01,1.859728991985321045e-01,1.591648012399673462e-01,-3.216926753520965576e-02,-2.445430159568786621e-01,-1.033292189240455627e-01,2.681995630264282227e-01,-1.953048408031463623e-01,8.768182992935180664e-02,-7.916092872619628906e-03
-1.591844081878662109e+00
4.974160715937614441e-02,-7.540094107389450073e-02,1.031231600791215897e-02,1.766847819089889526e-01,-3.339392542839050293e-01,1.052862331271171570e-01,2.357786148786544800e-01,2.756514251232147217e-01,1.382541060447692871e-01,2.756514251232147217e-01,2.357786148786544800e-01,1.052862331271171570e-01,-3.339392542839050293e-01,1.766847819089889526e-01,1.031231600791215897e-02,-7.540094107389450073e-02,4.974160715937614441e-02
-4.699262604117393494e-02,9.855575114488601685e-02,-1.931642889976501465e-01,2.141619473695755005e-01,-1.351266261190176010e-02,-2.939040958881378174e-01,-1.991322077810764313e-02,1.323579549789428711e-01,2.191295772790908813e-01,1.323579549789428711e-01,-1.991322077810764313e-02,-2.939040958881378174e-01,-1.351266261190176010e-02,2.141619473695755005e-01,-1.931642889976501465e-01,9.855575114488601685e-02,-4.699262604117393494e-02
-1.723165392875671387e+00
2.536906115710735321e-02,-3.191852942109107971e-02,-5.392415076494216919e-02,2.200299948453903198e-01,-3.193967640399932861e-01,5.763625353574752808e-02,2.545915246009826660e-01,2.676618993282318115e-01,1.569032967090606689e-01,2.676618993282318115e-01,2.545915246009826660e-01,5.763625353574752808e-02,-3.193967640399932861e-01,2.200299948453903198e-01,-5.392415076494216919e-02,-3.191852942109107971e-02,2.536906115710735321e-02
-5.014861002564430237e-02,1.040378585457801819e-01,-1.665974557399749756e-01,1.392278224229812622e-01,7.382228970527648926e-02,-3.306940197944641113e-01,-1.515997014939785004e-02,1.124319806694984436e-01,2.491514980792999268e-01,1.124319806694984436e-01,-1.515997014939785004e-02,-3.306940197944641113e-01,7.382228970527648926e-02,1.392278224229812622e-01,-1.665974557399749756e-01,1.040378585457801819e-01,-5.014861002564430237e-02
-1.857905864715576172e+00
2.611661562696099281e-03,3.597599221393465996e-03,-9.018658846616744995e-02,2.360035777091979980e-01,-2.832676470279693604e-01,-6.376460078172385693e-04,2.823862731456756592e-01,2.524298131465911865e-01,1.827726960182189941e-01,2.524298131465911865e-01,2.823862731456756592e-01,-6.376460078172385693e-04,-2.832676470279693604e-01,2.360035777091979980e-01,-9.018658846616744995e-02,3.597599221393465996e-03,2.611661562696099281e-03
-4.578031599521636963e-02,8.736201375722885132e-02,-1.282886117696762085e-01,6.832596659660339355e-02,1.486596465110778809e-01,-3.520792126655578613e-01,-2.241114899516105652e-02,9.890134632587432861e-02,2.657304406166076660e-01,9.890134632587432861e-02,-2.241114899516105652e-02,-3.520792126655578613e-01,1.486596465110778809e-01,6.832596659660339355e-02,-1.282886117696762085e-01,8.736201375722885132e-02,-4.578031599521636963e-02
-1.995981097221374512e+00
-1.373569667339324951e-02,2.616587281227111816e-02,-1.064700633287429810e-01,2.285911291837692261e-01,-2.348850220441818237e-01,-6.401956081390380859e-02,3.096157610416412354e-01,2.359121888875961304e-01,2.112049013376235962e-01,2.359121888875961304e-01,3.096157610416412354e-01,-6.401956081390380859e-02,-2.348850220441818237e-01,2.285911291837692261e-01,-1.064700633287429810e-01,2.616587281227111816e-02,-1.373569667339324951e-02
-3.467594087123870850e-02,6.392773985862731934e-02,-8.870409429073333740e-02,4.111615475267171860e-03,2.044236361980438232e-01,-3.543810844421386719e-01,-3.894512355327606201e-02,9.758654236793518066e-02,2.714849114418029785e-01,9.758654236793518066e-02,-3.894512355327606201e-02,-3.543810844421386719e-01,2.044236361980438232e-01,4.111615475267171860e-03,-8.870409429073333740e-02,6.392773985862731934e-02,-3.467594087123870850e-02
-2.137312412261962891e+00
-1.746168546378612518e-02,3.793627768754959106e-02,-1.112319305539131165e-01,2.075042426586151123e-01,-1.755455434322357178e-01,-1.207411885261535645e-01,3.350052833557128906e-01,2.224323153495788574e-01,2.366136908531188965e-01,2.224323153495788574e-01,3.350052833557128906e-01,-1.207411885261535645e-01,-1.755455434322357178e-01,2.075042426586151123e-01,-1.112319305539131165e-01,3.793627768754959106e-02,-1.746168546378612518e-02
-2.043386176228523254e-02,4.371345788240432739e-02,-4.628399387001991272e-02,-4.471598193049430847e-02,2.396325916051864624e-01,-3.434327542781829834e-01,-6.728389859199523926e-02,1.053122580051422119e-01,2.680692672729492188e-01,1.053122580051422119e-01,-6.728389859199523926e-02,-3.434327542781829834e-01,2.396325916051864624e-01,-4.471598193049430847e-02,-4.628399387001991272e-02,4.371345788240432739e-02,-2.043386176228523254e-02
-2.281826257705688477e+00
-1.513732317835092545e-02,4.189397022128105164e-02,-1.064023151993751526e-01,1.749367117881774902e-01,-1.187312230467796326e-01,-1.733052879571914673e-01,3.529790639877319336e-01,2.144699990749359131e-01,2.556720376014709473e-01,2.144699990749359131e-01,3.529790639877319336e-01,-1.733052879571914673e-01,-1.187312230467796326e-01,1.749367117881774902e-01,-1.064023151993751526e-01,4.189397022128105164e-02,-1.513732317835092545e-02
-6.102777551859617233e-03,2.568842098116874695e-02,-1.541744917631149292e-02,-8.573951572179794312e-02,2.577424645423889160e-01,-3.171831369400024414e-01,-1.021873205900192261e-01,1.191678866744041443e-01,2.580883502960205078e-01,1.191678866744041443e-01,-1.021873205900192261e-01,-3.171831369400024414e-01,2.577424645423889160e-01,-8.573951572179794312e-02,-1.541744917631149292e-02,2.568842098116874695e-02,-6.102777551859617233e-03
-2.429454565048217773e+00
-1.238042954355478287e-02,3.844318166375160217e-02,-9.461731463670730591e-02,1.409766227006912231e-01,-6.393601745367050171e-02,-2.171845436096191406e-01,3.614162206649780273e-01,2.132794111967086792e-01,2.700940668582916260e-01,2.132794111967086792e-01,3.614162206649780273e-01,-2.171845436096191406e-01,-6.393601745367050171e-02,1.409766227006912231e-01,-9.461731463670730591e-02,3.844318166375160217e-02,-1.238042954355478287e-02
4.426117055118083954e-03,8.669300936162471771e-03,1.029969472438097000e-02,-1.102688685059547424e-01,2.620123028755187988e-01,-2.834632396697998047e-01,-1.415352672338485718e-01,1.372711509466171265e-01,2.448529154062271118e-01,1.372711509466171265e-01,-1.415352672338485718e-01,-2.834632396697998047e-01,2.620123028755187988e-01,-1.102688685059547424e-01,1.029969472438097000e-02,8.669300936162471771e-03,4.426117055118083954e-03
-2.580132961273193359e+00
9.962601214647293091e-02,1.307666599750518799e-01,-1.415569931268692017e-01,-1.817900836467742920e-01,9.829369932413101196e-02,1.889221966266632080e-01,2.023237496614456177e-01,1.337192207574844360e-01,1.589872688055038452e-01,1.337192207574844360e-01,2.023237496614456177e-01,1.889221966266632080e-01,9.829369932413101196e-02,-1.817900836467742920e-01,-1.415569931268692017e-01,1.307666599750518799e-01,9.962601214647293091e-02
-1.981275528669357300e-01,1.928075253963470459e-01,9.206388890743255615e-02,-1.239283010363578796e-01,-2.123697549104690552e-01,-4.139905050396919250e-02,4.457755386829376221e-02,1.450985968112945557e-01,1.252133250236511230e-01,1.450985968112945557e-01,4.457755386829376221e-02,-4.139905050396919250e-02,-2.123697549104690552e-01,-1.239283010363578796e-01,9.206388890743255615e-02,1.928075253963470459e-01,-1.981275528669357300e-01
-3.271071612834930420e-01
-2.012417092919349670e-02,-1.893074661493301392e-01,-1.301811188459396362e-01,8.005832135677337646e-02,1.320503801107406616e-01,1.779376417398452759e-01,1.525029391050338745e-01,1.507748514413833618e-01,9.888006746768951416e-02,1.507748514413833618e-01,1.525029391050338745e-01,1.779376417398452759e-01,1.320503801107406616e-01,8.005832135677337646e-02,-1.301811188459396362e-01,-1.893074661493301392e-01,-2.012417092919349670e-02
1.344140768051147461e-01,4.621848464012145996e-02,-1.189721301198005676e-01,-1.994471549987792969e-01,-6.860765069723129272e-02,8.667198009788990021e-03,7.559586316347122192e-02,9.669528156518936157e-02,1.416802555322647095e-01,9.669528156518936157e-02,7.559586316347122192e-02,8.667198009788990021e-03,-6.860765069723129272e-02,-1.994471549987792969e-01,-1.189721301198005676e-01,4.621848464012145996e-02,1.344140768051147461e-01
-4.067060351371765137e-01
8.668082952499389648e-02,-1.576224118471145630e-01,-1.542877107858657837e-01,2.042334672296419740e-04,1.371120214462280273e-01,1.639443635940551758e-01,1.686010360717773438e-01,1.279017776250839233e-01,1.235375404357910156e-01,1.279017776250839233e-01,1.686010360717773438e-01,1.639443635940551758e-01,1.371120214462280273e-01,2.042334672296419740e-04,-1.542877107858657837e-01,-1.576224118471145630e-01,8.668082952499389648e-02
8.109533786773681641e-02,1.937973797321319580e-01,-9.426121413707733154e-02,-1.811866164207458496e-01,-1.279371678829193115e-01,3.447335958480834961e-02,4.504001140594482422e-02,1.445326954126358032e-01,1.355178654193878174e-01,1.445326954126358032e-01,4.504001140594482422e-02,3.447335958480834961e-02,-1.279371678829193115e-01,-1.811866164207458496e-01,-9.426121413707733154e-02,1.937973797321319580e-01,8.109533786773681641e-02
-4.918165504932403564e-01
1.529126614332199097e-01,-5.662331357598304749e-03,-2.038277983665466309e-01,-5.995385348796844482e-02,1.119877472519874573e-01,2.023055702447891235e-01,1.508209407329559326e-01,1.464406102895736694e-01,1.162978485226631165e-01,1.464406102895736694e-01,1.508209407329559326e-01,2.023055702447891235e-01,1.119877472519874573e-01,-5.995385348796844482e-02,-2.038277983665466309e-01,-5.662331357598304749e-03,1.529126614332199097e-01
3.424269333481788635e-02,1.858020126819610596e-01,2.209441363811492920e-02,-2.160867005586624146e-01,-1.224454417824745178e-01,-3.307696059346199036e-02,8.057175576686859131e-02,1.008520871400833130e-01,1.663871854543685913e-01,1.008520871400833130e-01,8.057175576686859131e-02,-3.307696059346199036e-02,-1.224454417824745178e-01,-2.160867005586624146e-01,2.209441363811492920e-02,1.858020126819610596e-01,3.424269333481788635e-02
-5.821056365966796875e-01
1.519848704338073730e-01,7.193106412887573242e-02,-1.507088392972946167e-01,-1.764990687370300293e-01,1.132341250777244568e-01,1.768490970134735107e-01,2.075331062078475952e-01,1.298312395811080933e-01,1.710959374904632568e-01,1.298312395811080933e-01,2.075331062078475952e-01,1.768490970134735107e-01,1.132341250777244568e-01,-1.764990687370300293e-01,-1.507088392972946167e-01,7.193106412887573242e-02,1.519848704338073730e-01
-1.384566575288772583e-01,1.863764226436614990e-01,7.196200639009475708e-02,-1.557513475418090820e-01,-1.776439547538757324e-01,-4.565327987074851990e-02,5.224917083978652954e-02,1.267374455928802490e-01,1.436164379119873047e-01,1.267374455928802490e-01,5.224917083978652954e-02,-4.565327987074851990e-02,-1.776439547538757324e-01,-1.557513475418090820e-01,7.196200639009475708e-02,1.863764226436614990e-01,-1.384566575288772583e-01
-6.772937774658203125e-01
-5.428442731499671936e-02,2.262493818998336792e-01,-1.364053934812545776e-01,-1.687445342540740967e-01,4.632895439863204956e-02,2.180941253900527954e-01,1.740152388811111450e-01,1.569536626338958740e-01,1.250426024198532104e-01,1.569536626338958740e-01,1.740152388811111450e-01,2.180941253900527954e-01,4.632895439863204956e-02,-1.687445342540740967e-01,-1.364053934812545776e-01,2.262493818998336792e-01,-5.428442731499671936e-02
-2.436876147985458374e-01,1.464344859123229980e-01,1.386733055114746094e-01,-9.750746190547943115e-02,-2.386871576309204102e-01,-3.784271329641342163e-02,6.925271451473236084e-02,1.584778875112533569e-01,1.168982684612274170e-01,1.584778875112533569e-01,6.925271451473236084e-02,-3.784271329641342163e-02,-2.386871576309204102e-01,-9.750746190547943115e-02,1.386733055114746094e-01,1.464344859123229980e-01,-2.436876147985458374e-01
-7.771421670913696289e-01
-2.208264619112014771e-01,2.697904706001281738e-01,-7.618599385023117065e-02,-1.869932860136032104e-01,-2.424028329551219940e-02,2.289883643388748169e-01,1.798404157161712646e-01,1.794911026954650879e-01,1.079744175076484680e-01,1.794911026954650879e-01,1.798404157161712646e-01,2.289883643388748169e-01,-2.424028329551219940e-02,-1.869932860136032104e-01,-7.618599385023117065e-02,2.697904706001281738e-01,-2.208264619112014771e-01
-1.317984610795974731e-01,-5.057424306869506836e-02,2.411739379167556763e-01,-6.880658864974975586e-02,-2.070616483688354492e-01,-1.171589866280555725e-01,7.891204208135604858e-02,1.001040711998939514e-01,1.408727020025253296e-01,1.001040711998939514e-01,7.891204208135604858e-02,-1.171589866280555725e-01,-2.070616483688354492e-01,-6.880658864974975586e-02,2.411739379167556763e-01,-5.057424306869506836e-02,-1.317984610795974731e-01
-8.814436793327331543e-01
-2.088238596916198730e-01,1.573904901742935181e-01,6.745802611112594604e-02,-2.422615140676498413e-01,-3.536526858806610107e-02,1.781663000583648682e-01,2.295334637165069580e-01,1.724566221237182617e-01,1.627383530139923096e-01,1.724566221237182617e-01,2.295334637165069580e-01,1.781663000583648682e-01,-3.536526858806610107e-02,-2.422615140676498413e-01,6.745802611112594604e-02,1.573904901742935181e-01,-2.088238596916198730e-01
3.924405947327613831e-02,-2.276819795370101929e-01,2.628896236419677734e-01,-2.633204311132431030e-02,-1.973513960838317871e-01,-1.740216016769409180e-01,8.491375297307968140e-02,8.818712085485458374e-02,1.687711626291275024e-01,8.818712085485458374e-02,8.491375297307968140e-02,-1.740216016769409180e-01,-1.973513960838317871e-01,-2.633204311132431030e-02,2.628896236419677734e-01,-2.276819795370101929e-01,3.924405947327613831e-02
-9.900165200233459473e-01
-9.904465824365615845e-02,-9.405065327882766724e-03,2.102343738079071045e-01,-2.617907822132110596e-01,-4.990824684500694275e-02,1.377808600664138794e-01,2.761167585849761963e-01,1.545719504356384277e-01,1.903099864721298218e-01,1.545719504356384277e-01,2.761167585849761963e-01,1.377808600664138794e-01,-4.990824684500694275e-02,-2.617907822132110596e-01,2.102343738079071045e-01,-9.405065327882766724e-03,-9.904465824365615845e-02
1.540982872247695923e-01,-2.526744008064270020e-01,1.868044584989547729e-01,8.911883085966110229e-02,-2.109413295984268188e-01,-1.778656095266342163e-01,5.062044784426689148e-02,1.330616325139999390e-01,1.711598485708236694e-01,1.330616325139999390e-01,5.062044784426689148e-02,-1.778656095266342163e-01,-2.109413295984268188e-01,8.911883085966110229e-02,1.868044584989547729e-01,-2.526744008064270020e-01,1.540982872247695923e-01
-1.102699279785156250e+00
2.221736311912536621e-02,-1.244585216045379639e-01,2.692081332206726074e-01,-2.199503630399703979e-01,-1.059803441166877747e-01,1.178156509995460510e-01,2.759855687618255615e-01,1.735153347253799438e-01,1.984200924634933472e-01,1.735153347253799438e-01,2.759855687618255615e-01,1.178156509995460510e-01,-1.059803441166877747e-01,-2.199503630399703979e-01,2.692081332206726074e-01,-1.244585216045379639e-01,2.221736311912536621e-02
1.436008214950561523e-01,-1.764272004365921021e-01,5.999378114938735962e-02,1.992467492818832397e-01,-2.433694601058959961e-01,-1.630316376686096191e-01,9.962645359337329865e-03,1.716223657131195068e-01,1.441583931446075439e-01,1.716223657131195068e-01,9.962645359337329865e-03,-1.630316376686096191e-01,-2.433694601058959961e-01,1.992467492818832397e-01,5.999378114938735962e-02,-1.764272004365921021e-01,1.436008214950561523e-01
-1.219347834587097168e+00
8.627553284168243408e-02,-1.798134595155715942e-01,2.440831661224365234e-01,-1.221817955374717712e-01,-1.867858469486236572e-01,1.298839151859283447e-01,2.596178054809570312e-01,2.096745520830154419e-01,1.727140396833419800e-01,2.096745520830154419e-01,2.596178054809570312e-01,1.298839151859283447e-01,-1.867858469486236572e-01,-1.221817955374717712e-01,2.440831661224365234e-01,-1.798134595155715942e-01,8.627553284168243408e-02
9.900082647800445557e-02,-6.504359096288681030e-02,-7.195172458887100220e-02,2.734747231006622314e-01,-2.347803115844726562e-01,-1.661138832569122314e-01,-2.338971383869647980e-02,1.888430267572402954e-01,1.357488930225372314e-01,1.888430267572402954e-01,-2.338971383869647980e-02,-1.661138832569122314e-01,-2.347803115844726562e-01,2.734747231006622314e-01,-7.195172458887100220e-02,-6.504359096288681030e-02,9.900082647800445557e-02
-1.339831829071044922e+00
1.064537465572357178e-01,-1.722036600112915039e-01,1.669073700904846191e-01,-4.714911803603172302e-03,-2.585222423076629639e-01,1.427872478961944580e-01,2.360839396715164185e-01,2.449629753828048706e-01,1.463904827833175659e-01,2.449629753828048706e-01,2.360839396715164185e-01,1.427872478961944580e-01,-2.585222423076629639e-01,-4.714911803603172302e-03,1.669073700904846191e-01,-1.722036600112915039e-01,1.064537465572357178e-01
3.795168548822402954e-02,2.720406278967857361e-02,-1.583222299814224243e-01,2.958514094352722168e-01,-1.844540983438491821e-01,-1.985596865415573120e-01,-3.691653907299041748e-02,1.823314875364303589e-01,1.535302698612213135e-01,1.823314875364303589e-01,-3.691653907299041748e-02,-1.985596865415573120e-01,-1.844540983438491821e-01,2.958514094352722168e-01,-1.583222299814224243e-01,2.720406278967857361e-02,3.795168548822402954e-02
-1.464033246040344238e+00
7.794462889432907104e-02,-1.260223388671875000e-01,9.166856110095977783e-02,1.004226878285408020e-01,-3.173922300338745117e-01,1.346055418252944946e-01,2.307297736406326294e-01,2.691999077796936035e-01,1.319396495819091797e-01,2.691999077796936035e-01,2.307297736406326294e-01,1.346055418252944946e-01,-3.173922300338745117e-01,1.004226878285408020e-01,9.166856110095977783e-02,-1.260223388671875000e-01,7.794462889432907104e-02
-2.295852638781070709e-02,6.571498513221740723e-02,-2.009813040494918823e-01,2.734388709068298340e-01,-1.016037240624427795e-01,-2.446224540472030640e-01,-3.180553391575813293e-02,1.540711075067520142e-01,1.806088835000991821e-01,1.540711075067520142e-01,-3.180553391575813293e-02,-2.446224540472030640e-01,-1.016037240624427795e-01,2.734388709068298340e-01,-2.009813040494918823e-01,6.571498513221740723e-02,-2.295852638781070709e-02
-1.591844081878662109e+00
4.999440163373947144e-02,-7.525262981653213501e-02,1.081433705985546112e-02,1.772091686725616455e-01,-3.338979482650756836e-01,1.043351814150810242e-01,2.348914742469787598e-01,2.751441299915313721e-01,1.381080746650695801e-01,2.751441299915313721e-01,2.348914742469787598e-01,1.043351814150810242e-01,-3.338979482650756836e-01,1.772091686725616455e-01,1.081433705985546112e-02,-7.525262981653213501e-02,4.999440163373947144e-02
-4.785792157053947449e-02,9.485200792551040649e-02,-1.958436816930770874e-01,2.136985808610916138e-01,-1.291231159120798111e-02,-2.927803993225097656e-01,-1.885541155934333801e-02,1.318100541830062866e-01,2.180208414793014526e-01,1.318100541830062866e-01,-1.885541155934333801e-02,-2.927803993225097656e-01,-1.291231159120798111e-02,2.136985808610916138e-01,-1.958436816930770874e-01,9.485200792551040649e-02,-4.785792157053947449e-02
-1.723165392875671387e+00
2.791669405996799469e-02,-3.366898000240325928e-02,-5.662803724408149719e-02,2.196352928876876831e-01,-3.181150853633880615e-01,5.884446203708648682e-02,2.548619210720062256e-01,2.672491371631622314e-01,1.563436686992645264e-01,2.672491371631622314e-01,2.548619210720062256e-01,5.884446203708648682e-02,-3.181150853633880615e-01,2.196352928876876831e-01,-5.662803724408149719e-02,-3.366898000240325928e-02,2.791669405996799469e-02
-4.595402255654335022e-02,1.055062115192413330e-01,-1.689227968454360962e-01,1.377133578062057495e-01,7.535710185766220093e-02,-3.287931382656097412e-01,-1.510819233953952789e-02,1.106009930372238159e-01,2.477404177188873291e-01,1.106009930372238159e-01,-1.510819233953952789e-02,-3.287931382656097412e-01,7.535710185766220093e-02,1.377133578062057495e-01,-1.689227968454360962e-01,1.055062115192413330e-01,-4.595402255654335022e-02
-1.857905864715576172e+00
3.675239859148859978e-03,3.048974089324474335e-03,-9.207931905984878540e-02,2.341852933168411255e-01,-2.842401564121246338e-01,-2.063143998384475708e-03,2.814700901508331299e-01,2.525642216205596924e-01,1.833520084619522095e-01,2.525642216205596924e-01,2.814700901508331299e-01,-2.063143998384475708e-03,-2.842401564121246338e-01,2.341852933168411255e-01,-9.207931905984878540e-02,3.048974089324474335e-03,3.675239859148859978e-03
-4.550331085920333862e-02,8.842249959707260132e-02,-1.278028488159179688e-01,6.646099686622619629e-02,1.462081074714660645e-01,-3.519417345523834229e-01,-2.039367333054542542e-02,9.972859174013137817e-02,2.652719318866729736e-01,9.972859174013137817e-02,-2.039367333054542542e-02,-3.519417345523834229e-01,1.462081074714660645e-01,6.646099686622619629e-02,-1.278028488159179688e-01,8.842249959707260132e-02,-4.550331085920333862e-02
-1.995981097221374512e+00
-1.529887691140174866e-02,2.666359022259712219e-02,-1.052770763635635376e-01,2.292552441358566284e-01,-2.347929179668426514e-01,-6.355234235525131226e-02,3.097565472126007080e-01,2.354289740324020386e-01,2.105516046285629272e-01,2.354289740324020386e-01,3.097565472126007080e-01,-6.355234235525131226e-02,-2.347929179668426514e-01,2.292552441358566284e-01,-1.052770763635635376e-01,2.666359022259712219e-02,-1.529887691140174866e-02
-3.513559326529502869e-02,6.269919872283935547e-02,-8.546552807092666626e-02,7.181428838521242142e-03,2.028496712446212769e-01,-3.565337657928466797e-01,-3.904440253973007202e-02,9.653773158788681030e-02,2.699399590492248535e-01,9.653773158788681030e-02,-3.904440253973007202e-02,-3.565337657928466797e-01,2.028496712446212769e-01,7.181428838521242142e-03,-8.546552807092666626e-02,6.269919872283935547e-02,-3.513559326529502869e-02
-2.137312412261962891e+00
-2.249900810420513153e-02,3.684011474251747131e-02,-1.097101941704750061e-01,2.062643319368362427e-01,-1.793382763862609863e-01,-1.241506934165954590e-01,3.334538936614990234e-01,2.210802584886550903e-01,2.352432608604431152e-01,2.210802584886550903e-01,3.334538936614990234e-01,-1.241506934165954590e-01,-1.793382763862609863e-01,2.062643319368362427e-01,-1.097101941704750061e-01,3.684011474251747131e-02,-2.249900810420513153e-02
-2.000052854418754578e-02,3.988781571388244629e-02,-5.117668583989143372e-02,-4.738428443670272827e-02,2.398174703121185303e-01,-3.418812155723571777e-01,-6.625694036483764648e-02,1.043970733880996704e-01,2.668135166168212891e-01,1.043970733880996704e-01,-6.625694036483764648e-02,-3.418812155723571777e-01,2.398174703121185303e-01,-4.738428443670272827e-02,-5.117668583989143372e-02,3.988781571388244629e-02,-2.000052854418754578e-02
-2.281826257705688477e+00
-2.170787006616592407e-02,3.983803465962409973e-02,-1.035008281469345093e-01,1.765613108873367310e-01,-1.208428069949150085e-01,-1.767989397048950195e-01,3.506401777267456055e-01,2.126914113759994507e-01,2.541634142398834229e-01,2.126914113759994507e-01,3.506401777267456055e-01,-1.767989397048950195e-01,-1.208428069949150085e-01,1.765613108873367310e-01,-1.035008281469345093e-01,3.983803465962409973e-02,-2.170787006616592407e-02
-6.918032187968492508e-03,2.071976289153099060e-02,-1.800307445228099823e-02,-8.531992882490158081e-02,2.581847310066223145e-01,-3.169998228549957275e-01,-1.019853278994560242e-01,1.186821386218070984e-01,2.573587000370025635e-01,1.186821386218070984e-01,-1.019853278994560242e-01,-3.169998228549957275e-01,2.581847310066223145e-01,-8.531992882490158081e-02,-1.800307445228099823e-02,2.071976289153099060e-02,-6.918032187968492508e-03
-2.429454565048217773e+00
-6.215235218405723572e-03,3.978545218706130981e-02,-9.968264400959014893e-02,1.368626654148101807e-01,-6.315102428197860718e-02,-2.156142592430114746e-01,3.606060743331909180e-01,2.115016728639602661e-01,2.685327231884002686e-01,2.115016728639602661e-01,3.606060743331909180e-01,-2.156142592430114746e-01,-6.315102428197860718e-02,1.368626654148101807e-01,-9.968264400959014893e-02,3.978545218706130981e-02,-6.215235218405723572e-03
5.468906834721565247e-03,1.391552295535802841e-02,1.131536625325679779e-02,-1.142331287264823914e-01,2.592796981334686279e-01,-2.832543253898620605e-01,-1.412411183118820190e-01,1.359698027372360229e-01,2.437690049409866333e-01,1.359698027372360229e-01,-1.412411183118820190e-01,-2.832543253898620605e-01,2.592796981334686279e-01,-1.142331287264823914e-01,1.131536625325679779e-02,1.391552295535802841e-02,5.468906834721565247e-03
-2.580132961273193359e+00
9.446743875741958618e-02,1.312303543090820312e-01,-1.389818489551544189e-01,-1.817387789487838745e-01,9.680198132991790771e-02,1.901536732912063599e-01,2.039070576429367065e-01,1.333245187997817993e-01,1.572100371122360229e-01,1.333245187997817993e-01,2.039070576429367065e-01,1.901536732912063599e-01,9.680198132991790771e-02,-1.817387789487838745e-01,-1.389818489551544189e-01,1.312303543090820312e-01,9.446743875741958618e-02
-2.033974528312683105e-01,1.870176047086715698e-01,8.611901104450225830e-02,-1.267585158348083496e-01,-2.122701704502105713e-01,-4.025170952081680298e-02,4.810892418026924133e-02,1.522987335920333862e-01,1.317693740129470825e-01,1.522987335920333862e-01,4.810892418026924133e-02,-4.025170952081680298e-02,-2.122701704502105713e-01,-1.267585158348083496e-01,8.611901104450225830e-02,1.870176047086715698e-01,-2.033974528312683105e-01
-3.271071612834930420e-01
-1.564739830791950226e-02,-1.866715699434280396e-01,-1.318384855985641479e-01,7.695426046848297119e-02,1.326788067817687988e-01,1.832338273525238037e-01,1.565618366003036499e-01,1.507292091846466064e-01,9.610257297754287720e-02,1.507292091846466064e-01,1.565618366003036499e-01,1.832338273525238037e-01,1.326788067817687988e-01,7.695426046848297119e-02,-1.318384855985641479e-01,-1.866715699434280396e-01,-1.564739830791950226e-02
1.532204598188400269e-01,3.756483644247055054e-02,-1.172492727637290955e-01,-1.774699985980987549e-01,-5.540589615702629089e-02,1.888036422315053642e-05,7.022207975387573242e-02,1.098150685429573059e-01,1.561495512723922729e-01,1.098150685429573059e-01,7.022207975387573242e-02,1.888036422315053642e-05,-5.540589615702629089e-02,-1.774699985980987549e-01,-1.172492727637290955e-01,3.756483644247055054e-02,1.532204598188400269e-01
-4.067060351371765137e-01
1.065041646361351013e-01,-1.322811692953109741e-01,-1.519114971160888672e-01,-1.080437842756509781e-02,1.353379338979721069e-01,1.715528666973114014e-01,1.719979047775268555e-01,1.284699290990829468e-01,1.235875934362411499e-01,1.284699290990829468e-01,1.719979047775268555e-01,1.715528666973114014e-01,1.353379338979721069e-01,-1.080437842756509781e-02,-1.519114971160888672e-01,-1.322811692953109741e-01,1.065041646361351013e-01
8.977922052145004272e-02,1.978414505720138550e-01,-9.658872336149215698e-02,-1.922290176153182983e-01,-1.358997970819473267e-01,3.251904249191284180e-02,4.376441985368728638e-02,1.384220272302627563e-01,1.289009898900985718e-01,1.384220272302627563e-01,4.376441985368728638e-02,3.251904249191284180e-02,-1.358997970819473267e-01,-1.922290176153182983e-01,-9.658872336149215698e-02,1.978414505720138550e-01,8.977922052145004272e-02
-4.918165504932403564e-01
1.584248542785644531e-01,7.626342121511697769e-03,-1.981908380985260010e-01,-6.822049617767333984e-02,1.061660125851631165e-01,2.097304016351699829e-01,1.611601859331130981e-01,1.497231274843215942e-01,1.151218265295028687e-01,1.497231274843215942e-01,1.611601859331130981e-01,2.097304016351699829e-01,1.061660125851631165e-01,-6.822049617767333984e-02,-1.981908380985260010e-01,7.626342121511697769e-03,1.584248542785644531e-01
3.633210435509681702e-02,1.925605088472366333e-01,2.457634173333644867e-02,-2.236268371343612671e-01,-1.303669363260269165e-01,-3.507841378450393677e-02,8.348689973354339600e-02,1.034304797649383545e-01,1.681899130344390869e-01,1.034304797649383545e-01,8.348689973354339600e-02,-3.507841378450393677e-02,-1.303669363260269165e-01,-2.236268371343612671e-01,2.457634173333644867e-02,1.925605088472366333e-01,3.633210435509681702e-02
-5.821056365966796875e-01
1.463137418031692505e-01,6.553442776203155518e-02,-1.558152288198471069e-01,-1.821858435869216919e-01,1.002493798732757568e-01,1.628921926021575928e-01,2.012134641408920288e-01,1.338787227869033813e-01,1.788040995597839355e-01,1.338787227869033813e-01,2.012134641408920288e-01,1.628921926021575928e-01,1.002493798732757568e-01,-1.821858435869216919e-01,-1.558152288198471069e-01,6.553442776203155518e-02,1.463137418031692505e-01
-1.522600501775741577e-01,1.734728962182998657e-01,6.681802868843078613e-02,-1.491580158472061157e-01,-1.722147166728973389e-01,-5.200157314538955688e-02,3.537826240062713623e-02,1.191030815243721008e-01,1.418152302503585815e-01,1.191030815243721008e-01,3.537826240062713623e-02,-5.200157314538955688e-02,-1.722147166728973389e-01,-1.491580158472061157e-01,6.681802868843078613e-02,1.734728962182998657e-01,-1.522600501775741577e-01
-6.772937774658203125e-01
-4.895879700779914856e-02,2.290025204420089722e-01,-1.384217292070388794e-01,-1.746535003185272217e-01,3.927978128194808960e-02,2.173189520835876465e-01,1.755667328834533691e-01,1.518396586179733276e-01,1.178997308015823364e-01,1.518396586179733276e-01,1.755667328834533691e-01,2.173189520835876465e-01,3.927978128194808960e-02,-1.746535003185272217e-01,-1.384217292070388794e-01,2.290025204420089722e-01,-4.895879700779914856e-02
-2.481406778097152710e-01,1.395079940557479858e-01,1.381166577339172363e-01,-8.879438787698745728e-02,-2.354096919298171997e-01,-4.616852104663848877e-02,6.133137270808219910e-02,1.633846908807754517e-01,1.251165866851806641e-01,1.633846908807754517e-01,6.133137270808219910e-02,-4.616852104663848877e-02,-2.354096919298171997e-01,-8.879438787698745728e-02,1.381166577339172363e-01,1.395079940557479858e-01,-2.481406778097152710e-01
-7.771421670913696289e-01
-2.154245525598526001e-01,2.747603058815002441e-01,-7.293236255645751953e-02,-1.869232654571533203e-01,-2.507820911705493927e-02,2.304432988166809082e-01,1.810660958290100098e-01,1.761537492275238037e-01,1.032460182905197144e-01,1.761537492275238037e-01,1.810660958290100098e-01,2.304432988166809082e-01,-2.507820911705493927e-02,-1.869232654571533203e-01,-7.293236255645751953e-02,2.747603058815002441e-01,-2.154245525598526001e-01
-1.332065314054489136e-01,-4.759860038757324219e-02,2.441419363021850586e-01,-6.615818291902542114e-02,-2.061011642217636108e-01,-1.181470304727554321e-01,7.409267872571945190e-02,9.522685408592224121e-02,1.377554386854171753e-01,9.522685408592224121e-02,7.409267872571945190e-02,-1.181470304727554321e-01,-2.061011642217636108e-01,-6.615818291902542114e-02,2.441419363021850586e-01,-4.759860038757324219e-02,-1.332065314054489136e-01
-8.814436793327331543e-01
-2.001578360795974731e-01,1.666469424962997437e-01,7.476514577865600586e-02,-2.414277940988540649e-01,-3.639111667871475220e-02,1.826409399509429932e-01,2.365362346172332764e-01,1.773450225591659546e-01,1.634077131748199463e-01,1.773450225591659546e-01,2.365362346172332764e-01,1.826409399509429932e-01,-3.639111667871475220e-02,-2.414277940988540649e-01,7.476514577865600586e-02,1.666469424962997437e-01,-2.001578360795974731e-01
5.612986907362937927e-02,-2.078371644020080566e-01,2.700715661048889160e-01,-2.318946830928325653e-02,-1.912587583065032959e-01,-1.657109409570693970e-01,9.333825111389160156e-02,9.412770718336105347e-02,1.728481054306030273e-01,9.412770718336105347e-02,9.333825111389160156e-02,-1.657109409570693970e-01,-1.912587583065032959e-01,-2.318946830928325653e-02,2.700715661048889160e-01,-2.078371644020080566e-01,5.612986907362937927e-02
-9.900165200233459473e-01
-9.924708306789398193e-02,-4.113535396754741669e-03,2.166465520858764648e-01,-2.620703577995300293e-01,-5.692981183528900146e-02,1.319010257720947266e-01,2.780155539512634277e-01,1.635388284921646118e-01,1.991455852985382080e-01,1.635388284921646118e-01,2.780155539512634277e-01,1.319010257720947266e-01,-5.692981183528900146e-02,-2.620703577995300293e-01,2.166465520858764648e-01,-4.113535396754741669e-03,-9.924708306789398193e-02
1.587559729814529419e-01,-2.384646534919738770e-01,1.874928772449493408e-01,7.522305846214294434e-02,-2.148083597421646118e-01,-1.642622947692871094e-01,6.933227926492691040e-02,1.287688165903091431e-01,1.622737050056457520e-01,1.287688165903091431e-01,6.933227926492691040e-02,-1.642622947692871094e-01,-2.148083597421646118e-01,7.522305846214294434e-02,1.874928772449493408e-01,-2.384646534919738770e-01,1.587559729814529419e-01
-1.102699279785156250e+00
1.213826797902584076e-02,-1.323735564947128296e-01,2.700812518596649170e-01,-2.198913991451263428e-01,-1.100898236036300659e-01,1.195188984274864197e-01,2.808058559894561768e-01,1.713361591100692749e-01,1.914986968040466309e-01,1.713361591100692749e-01,2.808058559894561768e-01,1.195188984274864197e-01,-1.100898236036300659e-01,-2.198913991451263428e-01,2.700812518596649170e-01,-1.323735564947128296e-01,1.213826797902584076e-02
1.522024720907211304e-01,-1.732887625694274902e-01,5.373186618089675903e-02,1.958401203155517578e-01,-2.394113093614578247e-01,-1.593711823225021362e-01,9.737952612340450287e-03,1.688807755708694458e-01,1.424523144960403442e-01,1.688807755708694458e-01,9.737952612340450287e-03,-1.593711823225021362e-01,-2.394113093614578247e-01,1.958401203155517578e-01,5.373186618089675903e-02,-1.732887625694274902e-01,1.522024720907211304e-01
-1.219347834587097168e+00
7.957016676664352417e-02,-1.827301234006881714e-01,2.453508079051971436e-01,-1.211184337735176086e-01,-1.875628381967544556e-01,1.295458972454071045e-01,2.589664757251739502e-01,2.054795026779174805e-01,1.676139682531356812e-01,2.054795026779174805e-01,2.589664757251739502e-01,1.295458972454071045e-01,-1.875628381967544556e-01,-1.211184337735176086e-01,2.453508079051971436e-01,-1.827301234006881714e-01,7.957016676664352417e-02
9.419556707143783569e-02,-7.235480844974517822e-02,-7.559189200401306152e-02,2.748859822750091553e-01,-2.328919768333435059e-01,-1.675398647785186768e-01,-2.616516686975955963e-02,1.896323561668395996e-01,1.376323252916336060e-01,1.896323561668395996e-01,-2.616516686975955963e-02,-1.675398647785186768e-01,-2.328919768333435059e-01,2.748859822750091553e-01,-7.559189200401306152e-02,-7.235480844974517822e-02,9.419556707143783569e-02
-1.339831829071044922e+00
1.008357405662536621e-01,-1.724059581756591797e-01,1.694591641426086426e-01,-4.923588130623102188e-03,-2.604762017726898193e-01,1.425472795963287354e-01,2.364691793918609619e-01,2.427996098995208740e-01,1.432795375585556030e-01,2.427996098995208740e-01,2.364691793918609619e-01,1.425472795963287354e-01,-2.604762017726898193e-01,-4.923588130623102188e-03,1.694591641426086426e-01,-1.724059581756591797e-01,1.008357405662536621e-01
3.442679345607757568e-02,2.149161696434020996e-02,-1.606944948434829712e-01,2.968899011611938477e-01,-1.838957071304321289e-01,-1.993221491575241089e-01,-3.769174963235855103e-02,1.822939962148666382e-01,1.539687067270278931e-01,1.822939962148666382e-01,-3.769174963235855103e-02,-1.993221491575241089e-01,-1.838957071304321289e-01,2.968899011611938477e-01,-1.606944948434829712e-01,2.149161696434020996e-02,3.442679345607757568e-02
-1.464033246040344238e+00
8.206141740083694458e-02,-1.294299960136413574e-01,8.447045087814331055e-02,9.993360936641693115e-02,-3.130298852920532227e-01,1.353051513433456421e-01,2.274195849895477295e-01,2.670611143112182617e-01,1.315286606550216675e-01,2.670611143112182617e-01,2.274195849895477295e-01,1.353051513433456421e-01,-3.130298852920532227e-01,9.993360936641693115e-02,8.447045087814331055e-02,-1.294299960136413574e-01,8.206141740083694458e-02
-1.592823863029479980e-02,7.644692808389663696e-02,-1.980401277542114258e-01,2.702628374099731445e-01,-1.036703959107398987e-01,-2.448374330997467041e-01,-3.079470247030258179e-02,1.585522890090942383e-01,1.845721006393432617e-01,1.585522890090942383e-01,-3.079470247030258179e-02,-2.448374330997467041e-01,-1.036703959107398987e-01,2.702628374099731445e-01,-1.980401277542114258e-01,7.644692808389663696e-02,-1.592823863029479980e-02
-1.591844081878662109e+00
5.577884614467620850e-02,-8.098290860652923584e-02,1.665962394326925278e-03,1.763967126607894897e-01,-3.283787071704864502e-01,1.086278632283210754e-01,2.343197464942932129e-01,2.719318866729736328e-01,1.348949223756790161e-01,2.719318866729736328e-01,2.343197464942932129e-01,1.086278632283210754e-01,-3.283787071704864502e-01,1.763967126607894897e-01,1.665962394326925278e-03,-8.098290860652923584e-02,5.577884614467620850e-02
-3.829624876379966736e-02,1.039808392524719238e-01,-1.985678225755691528e-01,2.094088047742843628e-01,-1.004389673471450806e-02,-2.909108400344848633e-01,-2.188993990421295166e-02,1.306356042623519897e-01,2.194178700447082520e-01,1.306356042623519897e-01,-2.188993990421295166e-02,-2.909108400344848633e-01,-1.004389673471450806e-02,2.094088047742843628e-01,-1.985678225755691528e-01,1.039808392524719238e-01,-3.829624876379966736e-02
-1.723165392875671387e+00
2.267624251544475555e-02,-3.067609481513500214e-02,-5.068171396851539612e-02,2.212877273559570312e-01,-3.198721408843994141e-01,5.729387328028678894e-02,2.542502880096435547e-01,2.658898234367370605e-01,1.549604088068008423e-01,2.658898234367370605e-01,2.542502880096435547e-01,5.729387328028678894e-02,-3.198721408843994141e-01,2.212877273559570312e-01,-5.068171396851539612e-02,-3.067609481513500214e-02,2.267624251544475555e-02
-5.573554709553718567e-02,9.659041464328765869e-02,-1.674210131168365479e-01,1.414233595132827759e-01,7.306456565856933594e-02,-3.324449062347412109e-01,-1.623648777604103088e-02,1.099236905574798584e-01,2.469168603420257568e-01,1.099236905574798584e-01,-1.623648777604103088e-02,-3.324449062347412109e-01,7.306456565856933594e-02,1.414233595132827759e-01,-1.674210131168365479e-01,9.659041464328765869e-02,-5.573554709553718567e-02
-1.857905864715576172e+00
5.234275478869676590e-03,7.261655293405056000e-03,-8.823219686746597290e-02,2.353329211473464966e-01,-2.846448719501495361e-01,-1.067572040483355522e-03,2.828132808208465576e-01,2.525638341903686523e-01,1.828722357749938965e-01,2.525638341903686523e-01,2.828132808208465576e-01,-1.067572040483355522e-03,-2.846448719501495361e-01,2.353329211473464966e-01,-8.823219686746597290e-02,7.261655293405056000e-03,5.234275478869676590e-03
-4.911778122186660767e-02,8.613363653421401978e-02,-1.249796897172927856e-01,6.921181827783584595e-02,1.453007310628890991e-01,-3.529283404350280762e-01,-1.987704262137413025e-02,9.890259802341461182e-02,2.639240324497222900e-01,9.890259802341461182e-02,-1.987704262137413025e-02,-3.529283404350280762e-01,1.453007310628890991e-01,6.921181827783584595e-02,-1.249796897172927856e-01,8.613363653421401978e-02,-4.911778122186660767e-02
-1.995981097221374512e+00
-7.533682510256767273e-03,2.503295056521892548e-02,-1.125564500689506531e-01,2.259048074483871460e-01,-2.315559536218643188e-01,-5.946067348122596741e-02,3.110576868057250977e-01,2.348128557205200195e-01,2.095793038606643677e-01,2.348128557205200195e-01,3.110576868057250977e-01,-5.946067348122596741e-02,-2.315559536218643188e-01,2.259048074483871460e-01,-1.125564500689506531e-01,2.503295056521892548e-02,-7.533682510256767273e-03
-3.538711369037628174e-02,6.869332492351531982e-02,-8.391379565000534058e-02,2.927444409579038620e-03,1.994309574365615845e-01,-3.576601147651672363e-01,-4.019118100404739380e-02,9.639713168144226074e-02,2.705135345458984375e-01,9.639713168144226074e-02,-4.019118100404739380e-02,-3.576601147651672363e-01,1.994309574365615845e-01,2.927444409579038620e-03,-8.391379565000534058e-02,6.869332492351531982e-02,-3.538711369037628174e-02
-2.137312412261962891e+00
-1.743755489587783813e-02,3.616841509938240051e-02,-1.130503341555595398e-01,2.065117806196212769e-01,-1.751051396131515503e-01,-1.200910061597824097e-01,3.349544703960418701e-01,2.207278758287429810e-01,2.345499247312545776e-01,2.207278758287429810e-01,3.349544703960418701e-01,-1.200910061597824097e-01,-1.751051396131515503e-01,2.065117806196212769e-01,-1.130503341555595398e-01,3.616841509938240051e-02,-1.743755489587783813e-02
-2.197032794356346130e-02,4.193298146128654480e-02,-4.939316213130950928e-02,-4.748426377773284912e-02,2.390175461769104004e-01,-3.435352742671966553e-01,-6.879149377346038818e-02,1.032368019223213196e-01,2.671794891357421875e-01,1.032368019223213196e-01,-6.879149377346038818e-02,-3.435352742671966553e-01,2.390175461769104004e-01,-4.748426377773284912e-02,-4.939316213130950928e-02,4.193298146128654480e-02,-2.197032794356346130e-02
-2.281826257705688477e+00
-1.032499503344297409e-02,4.066615924239158630e-02,-1.109545156359672546e-01,1.743509769439697266e-01,-1.160272881388664246e-01,-1.731865853071212769e-01,3.501359820365905762e-01,2.125698328018188477e-01,2.548731267452239990e-01,2.125698328018188477e-01,3.501359820365905762e-01,-1.731865853071212769e-01,-1.160272881388664246e-01,1.743509769439697266e-01,-1.109545156359672546e-01,4.066615924239158630e-02,-1.032499503344297409e-02
-5.649072583764791489e-03,3.195729851722717285e-02,-9.277786128222942352e-03,-8.611708879470825195e-02,2.533544600009918213e-01,-3.200042843818664551e-01,-1.021979376673698425e-01,1.199753060936927795e-01,2.584148347377777100e-01,1.199753060936927795e-01,-1.021979376673698425e-01,-3.200042843818664551e-01,2.533544600009918213e-01,-8.611708879470825195e-02,-9.277786128222942352e-03,3.195729851722717285e-02,-5.649072583764791489e-03
-2.429454565048217773e+00
-1.238559931516647339e-02,3.632422536611557007e-02,-9.495580941438674927e-02,1.419223546981811523e-01,-6.363645941019058228e-02,-2.176234722137451172e-01,3.606826961040496826e-01,2.114463448524475098e-01,2.680017650127410889e-01,2.114463448524475098e-01,3.606826961040496826e-01,-2.176234722137451172e-01,-6.363645941019058228e-02,1.419223546981811523e-01,-9.495580941438674927e-02,3.632422536611557007e-02,-1.238559931516647339e-02
3.181093139573931694e-03,7.218826096504926682e-03,7.318736985325813293e-03,-1.126616895198822021e-01,2.620118856430053711e-01,-2.833657562732696533e-01,-1.431190818548202515e-01,1.359884291887283325e-01,2.449536174535751343e-01,1.359884291887283325e-01,-1.431190818548202515e-01,-2.833657562732696533e-01,2.620118856430053711e-01,-1.126616895198822021e-01,7.318736985325813293e-03,7.218826096504926682e-03,3.181093139573931694e-03
-2.580132961273193359e+00
9.819629788398742676e-02,1.288063675165176392e-01,-1.448462009429931641e-01,-1.808504462242126465e-01,1.062638238072395325e-01,1.936219483613967896e-01,2.017596811056137085e-01,1.344487816095352173e-01,1.609759181737899780e-01,1.344487816095352173e-01,2.017596811056137085e-01,1.936219483613967896e-01,1.062638238072395325e-01,-1.808504462242126465e-01,-1.448462009429931641e-01,1.288063675165176392e-01,9.819629788398742676e-02
-1.921662539243698120e-01,2.032615393400192261e-01,9.587287157773971558e-02,-1.362604200839996338e-01,-2.197965085506439209e-01,-2.778529562056064606e-02,6.498437374830245972e-02,1.479289829730987549e-01,1.203625053167343140e-01,1.479289829730987549e-01,6.498437374830245972e-02,-2.778529562056064606e-02,-2.197965085506439209e-01,-1.362604200839996338e-01,9.587287157773971558e-02,2.032615393400192261e-01,-1.921662539243698120e-01
-3.271071612834930420e-01
-3.559162840247154236e-02,-2.306628972291946411e-01,-1.317111253738403320e-01,8.394968509674072266e-02,1.135932505130767822e-01,1.816162616014480591e-01,1.850484460592269897e-01,1.615349799394607544e-01,8.471813797950744629e-02,1.615349799394607544e-01,1.850484460592269897e-01,1.816162616014480591e-01,1.135932505130767822e-01,8.394968509674072266e-02,-1.317111253738403320e-01,-2.306628972291946411e-01,-3.559162840247154236e-02
8.570073544979095459e-02,2.126287482678890228e-02,-7.455947250127792358e-02,-1.494187414646148682e-01,-7.041255384683609009e-02,-1.649955520406365395e-03,9.069982916116714478e-02,1.066150963306427002e-01,1.343020200729370117e-01,1.066150963306427002e-01,9.069982916116714478e-02,-1.649955520406365395e-03,-7.041255384683609009e-02,-1.494187414646148682e-01,-7.455947250127792358e-02,2.126287482678890228e-02,8.570073544979095459e-02
-4.067060351371765137e-01
9.767959266901016235e-02,-1.496632993221282959e-01,-1.567650735378265381e-01,-5.350122228264808655e-03,1.357873529195785522e-01,1.624108999967575073e-01,1.647416204214096069e-01,1.253787726163864136e-01,1.233250275254249573e-01,1.253787726163864136e-01,1.647416204214096069e-01,1.624108999967575073e-01,1.357873529195785522e-01,-5.350122228264808655e-03,-1.567650735378265381e-01,-1.496632993221282959e-01,9.767959266901016235e-02
8.638723939657211304e-02,1.916553229093551636e-01,-1.015717834234237671e-01,-1.848429143428802490e-01,-1.261833906173706055e-01,3.892268612980842590e-02,4.673281684517860413e-02,1.432570517063140869e-01,1.339064538478851318e-01,1.432570517063140869e-01,4.673281684517860413e-02,3.892268612980842590e-02,-1.261833906173706055e-01,-1.848429143428802490e-01,-1.015717834234237671e-01,1.916553229093551636e-01,8.638723939657211304e-02
-4.918165504932403564e-01
1.603625863790512085e-01,-1.705295871943235397e-03,-2.045513540506362915e-01,-6.194087862968444824e-02,1.127191931009292603e-01,2.022830247879028320e-01,1.491833925247192383e-01,1.446699053049087524e-01,1.153655052185058594e-01,1.446699053049087524e-01,1.491833925247192383e-01,2.022830247879028320e-01,1.127191931009292603e-01,-6.194087862968444824e-02,-2.045513540506362915e-01,-1.705295871943235397e-03,1.603625863790512085e-01
3.602756559848785400e-02,1.823000162839889526e-01,1.804289780557155609e-02,-2.146049290895462036e-01,-1.187971979379653931e-01,-3.089611791074275970e-02,7.786446809768676758e-02,9.523274749517440796e-02,1.620636433362960815e-01,9.523274749517440796e-02,7.786446809768676758e-02,-3.089611791074275970e-02,-1.187971979379653931e-01,-2.146049290895462036e-01,1.804289780557155609e-02,1.823000162839889526e-01,3.602756559848785400e-02
-5.821056365966796875e-01
1.627622544765472412e-01,7.914645969867706299e-02,-1.507372558116912842e-01,-1.729876846075057983e-01,1.248518154025077820e-01,1.784620881080627441e-01,2.010053694248199463e-01,1.285001486539840698e-01,1.742673665285110474e-01,1.285001486539840698e-01,2.010053694248199463e-01,1.784620881080627441e-01,1.248518154025077820e-01,-1.729876846075057983e-01,-1.507372558116912842e-01,7.914645969867706299e-02,1.627622544765472412e-01
-1.229126155376434326e-01,2.110610604286193848e-01,9.039151668548583984e-02,-1.707164645195007324e-01,-1.959495842456817627e-01,-3.813212737441062927e-02,6.983499228954315186e-02,1.227862238883972168e-01,1.302662044763565063e-01,1.227862238883972168e-01,6.983499228954315186e-02,-3.813212737441062927e-02,-1.959495842456817627e-01,-1.707164645195007324e-01,9.039151668548583984e-02,2.110610604286193848e-01,-1.229126155376434326e-01
-6.772937774658203125e-01
-3.837337344884872437e-02,2.370367944240570068e-01,-1.349975168704986572e-01,-1.746200919151306152e-01,4.137025028467178345e-02,2.224444150924682617e-01,1.788983941078186035e-01,1.500036269426345825e-01,1.141182854771614075e-01,1.500036269426345825e-01,1.788983941078186035e-01,2.224444150924682617e-01,4.137025028467178345e-02,-1.746200919151306152e-01,-1.349975168704986572e-01,2.370367944240570068e-01,-3.837337344884872437e-02
-2.548229694366455078e-01,1.320168673992156982e-01,1.347451806068420410e-01,-8.578938245773315430e-02,-2.308178842067718506e-01,-4.616022855043411255e-02,5.693233013153076172e-02,1.624528616666793823e-01,1.263723075389862061e-01,1.624528616666793823e-01,5.693233013153076172e-02,-4.616022855043411255e-02,-2.308178842067718506e-01,-8.578938245773315430e-02,1.347451806068420410e-01,1.320168673992156982e-01,-2.548229694366455078e-01
-7.771421670913696289e-01
-2.006764113903045654e-01,2.717340588569641113e-01,-8.471212536096572876e-02,-1.937357634305953979e-01,-2.893285639584064484e-02,2.254606485366821289e-01,1.804833859205245972e-01,1.862890571355819702e-01,1.156606525182723999e-01,1.862890571355819702e-01,1.804833859205245972e-01,2.254606485366821289e-01,-2.893285639584064484e-02,-1.937357634305953979e-01,-8.471212536096572876e-02,2.717340588569641113e-01,-2.006764113903045654e-01
-1.349027454853057861e-01,-6.177346035838127136e-02,2.360118627548217773e-01,-6.438400596380233765e-02,-2.104238867759704590e-01,-1.315107196569442749e-01,7.004883885383605957e-02,1.157521903514862061e-01,1.582300812005996704e-01,1.157521903514862061e-01,7.004883885383605957e-02,-1.315107196569442749e-01,-2.104238867759704590e-01,-6.438400596380233765e-02,2.360118627548217773e-01,-6.177346035838127136e-02,-1.349027454853057861e-01
-8.814436793327331543e-01
-2.074145078659057617e-01,1.536194533109664917e-01,6.107472628355026245e-02,-2.446276396512985229e-01,-3.219310566782951355e-02,1.804379820823669434e-01,2.271046638488769531e-01,1.669555455446243286e-01,1.573530286550521851e-01,1.669555455446243286e-01,2.271046638488769531e-01,1.804379820823669434e-01,-3.219310566782951355e-02,-2.446276396512985229e-01,6.107472628355026245e-02,1.536194533109664917e-01,-2.074145078659057617e-01
2.998068556189537048e-02,-2.350777685642242432e-01,2.639949023723602295e-01,-2.308194711804389954e-02,-1.995059251785278320e-01,-1.802505552768707275e-01,7.639990746974945068e-02,8.790516853332519531e-02,1.699938327074050903e-01,8.790516853332519531e-02,7.639990746974945068e-02,-1.802505552768707275e-01,-1.995059251785278320e-01,-2.308194711804389954e-02,2.639949023723602295e-01,-2.350777685642242432e-01,2.998068556189537048e-02
-9.900165200233459473e-01
-9.738141298294067383e-02,1.108825206756591797e-03,2.195261418819427490e-01,-2.632540166378021240e-01,-5.877687409520149231e-02,1.293293088674545288e-01,2.771621644496917725e-01,1.640120744705200195e-01,2.002973109483718872e-01,1.640120744705200195e-01,2.771621644496917725e-01,1.293293088674545288e-01,-5.877687409520149231e-02,-2.632540166378021240e-01,2.195261418819427490e-01,1.108825206756591797e-03,-9.738141298294067383e-02
1.445690095424652100e-01,-2.465715408325195312e-01,1.890828311443328857e-01,7.454459369182586670e-02,-2.186192721128463745e-01,-1.659566313028335571e-01,6.827958673238754272e-02,1.259947717189788818e-01,1.597289144992828369e-01,1.259947717189788818e-01,6.827958673238754272e-02,-1.659566313028335571e-01,-2.186192721128463745e-01,7.454459369182586670e-02,1.890828311443328857e-01,-2.465715408325195312e-01,1.445690095424652100e-01
-1.102699279785156250e+00
1.324251759797334671e-02,-1.316267400979995728e-01,2.706500291824340820e-01,-2.209089398384094238e-01,-1.095870956778526306e-01,1.247980222105979919e-01,2.841999232769012451e-01,1.686305105686187744e-01,1.862551867961883545e-01,1.686305105686187744e-01,2.841999232769012451e-01,1.247980222105979919e-01,-1.095870956778526306e-01,-2.209089398384094238e-01,2.706500291824340820e-01,-1.316267400979995728e-01,1.324251759797334671e-02
1.487897634506225586e-01,-1.803956478834152222e-01,5.363956093788146973e-02,2.012544125318527222e-01,-2.378782033920288086e-01,-1.636365205049514771e-01,2.590242074802517891e-03,1.662798970937728882e-01,1.420067399740219116e-01,1.662798970937728882e-01,2.590242074802517891e-03,-1.636365205049514771e-01,-2.378782033920288086e-01,2.012544125318527222e-01,5.363956093788146973e-02,-1.803956478834152222e-01,1.487897634506225586e-01
-1.219347834587097168e+00
7.832245528697967529e-02,-1.758995801210403442e-01,2.527082264423370361e-01,-1.223581954836845398e-01,-1.906928122043609619e-01,1.339706182479858398e-01,2.646233439445495605e-01,2.068917602300643921e-01,1.661232709884643555e-01,2.068917602300643921e-01,2.646233439445495605e-01,1.339706182479858398e-01,-1.906928122043609619e-01,-1.223581954836845398e-01,2.527082264423370361e-01,-1.758995801210403442e-01,7.832245528697967529e-02
8.972155302762985229e-02,-7.935376465320587158e-02,-7.418505847454071045e-02,2.798962295055389404e-01,-2.332169264554977417e-01,-1.714230179786682129e-01,-3.100918233394622803e-02,1.863621920347213745e-01,1.358557343482971191e-01,1.863621920347213745e-01,-3.100918233394622803e-02,-1.714230179786682129e-01,-2.332169264554977417e-01,2.798962295055389404e-01,-7.418505847454071045e-02,-7.935376465320587158e-02,8.972155302762985229e-02
-1.339831829071044922e+00
1.069716066122055054e-01,-1.729108095169067383e-01,1.666771471500396729e-01,-5.282389465719461441e-03,-2.594364881515502930e-01,1.438066214323043823e-01,2.368127107620239258e-01,2.429224699735641479e-01,1.433136016130447388e-01,2.429224699735641479e-01,2.368127107620239258e-01,1.438066214323043823e-01,-2.594364881515502930e-01,-5.282389465719461441e-03,1.666771471500396729e-01,-1.729108095169067383e-01,1.069716066122055054e-01
3.439916670322418213e-02,2.426999621093273163e-02,-1.581167131662368774e-01,2.973832488059997559e-01,-1.848740428686141968e-01,-2.008782923221588135e-01,-4.009049013257026672e-02,1.809269189834594727e-01,1.533181220293045044e-01,1.809269189834594727e-01,-4.009049013257026672e-02,-2.008782923221588135e-01,-1.848740428686141968e-01,2.973832488059997559e-01,-1.581167131662368774e-01,2.426999621093273163e-02,3.439916670322418213e-02
-1.464033246040344238e+00
8.282323926687240601e-02,-1.310404837131500244e-01,8.459413051605224609e-02,1.007523611187934875e-01,-3.137778341770172119e-01,1.348291188478469849e-01,2.282928973436355591e-01,2.676004767417907715e-01,1.314845234155654907e-01,2.676004767417907715e-01,2.282928973436355591e-01,1.348291188478469849e-01,-3.137778341770172119e-01,1.007523611187934875e-01,8.459413051605224609e-02,-1.310404837131500244e-01,8.282323926687240601e-02
-1.590811647474765778e-02,7.555786520242691040e-02,-1.986730247735977173e-01,2.693565189838409424e-01,-1.052240654826164246e-01,-2.464643716812133789e-01,-3.176259994506835938e-02,1.595185697078704834e-01,1.855896115303039551e-01,1.595185697078704834e-01,-3.176259994506835938e-02,-2.464643716812133789e-01,-1.052240654826164246e-01,2.693565189838409424e-01,-1.986730247735977173e-01,7.555786520242691040e-02,-1.590811647474765778e-02
-1.591844081878662109e+00
5.316129326820373535e-02,-7.752472162246704102e-02,7.639203686267137527e-03,1.755698770284652710e-01,-3.345423638820648193e-01,1.047128587961196899e-01,2.360375374555587769e-01,2.753949761390686035e-01,1.375612616539001465e-01,2.753949761390686035e-01,2.360375374555587769e-01,1.047128587961196899e-01,-3.345423638820648193e-01,1.755698770284652710e-01,7.639203686267137527e-03,-7.752472162246704102e-02,5.316129326820373535e-02
-4.340242967009544373e-02,1.003245636820793152e-01,-1.955013275146484375e-01,2.110471725463867188e-01,-1.446610409766435623e-02,-2.941001057624816895e-01,-2.073571458458900452e-02,1.330766230821609497e-01,2.202305793762207031e-01,1.330766230821609497e-01,-2.073571458458900452e-02,-2.941001057624816895e-01,-1.446610409766435623e-02,2.110471725463867188e-01,-1.955013275146484375e-01,1.003245636820793152e-01,-4.340242967009544373e-02
-1.723165392875671387e+00
2.409117668867111206e-02,-3.139145672321319580e-02,-5.012350901961326599e-02,2.222178131341934204e-01,-3.207160532474517822e-01,5.651560053229331970e-02,2.549745738506317139e-01,2.665625512599945068e-01,1.551279425621032715e-01,2.665625512599945068e-01,2.549745738506317139e-01,5.651560053229331970e-02,-3.207160532474517822e-01,2.222178131341934204e-01,-5.012350901961326599e-02,-3.139145672321319580e-02,2.409117668867111206e-02
-5.331725627183914185e-02,9.751246124505996704e-02,-1.675586104393005371e-01,1.416119933128356934e-01,7.280491292476654053e-02,-3.344099223613739014e-01,-1.887062191963195801e-02,1.099213063716888428e-01,2.480440884828567505e-01,1.099213063716888428e-01,-1.887062191963195801e-02,-3.344099223613739014e-01,7.280491292476654053e-02,1.416119933128356934e-01,-1.675586104393005371e-01,9.751246124505996704e-02,-5.331725627183914185e-02
-1.857905864715576172e+00
-1.059752306900918484e-03,1.640152535401284695e-03,-8.923224359750747681e-02,2.351693809032440186e-01,-2.860693931579589844e-01,-1.915883738547563553e-03,2.833667099475860596e-01,2.525139749050140381e-01,1.821002513170242310e-01,2.525139749050140381e-01,2.833667099475860596e-01,-1.915883738547563553e-03,-2.860693931579589844e-01,2.351693809032440186e-01,-8.923224359750747681e-02,1.640152535401284695e-03,-1.059752306900918484e-03
-4.545899480581283569e-02,8.350652456283569336e-02,-1.325167864561080933e-01,6.660075485706329346e-02,1.492988318204879761e-01,-3.514735698699951172e-01,-2.305422537028789520e-02,9.784666448831558228e-02,2.654317915439605713e-01,9.784666448831558228e-02,-2.305422537028789520e-02,-3.514735698699951172e-01,1.492988318204879761e-01,6.660075485706329346e-02,-1.325167864561080933e-01,8.350652456283569336e-02,-4.545899480581283569e-02
-1.995981097221374512e+00
-1.131220255047082901e-02,2.527614682912826538e-02,-1.088095605373382568e-01,2.268792986869812012e-01,-2.345774024724960327e-01,-6.192411482334136963e-02,3.117810785770416260e-01,2.361937910318374634e-01,2.105435580015182495e-01,2.361937910318374634e-01,3.117810785770416260e-01,-6.192411482334136963e-02,-2.345774024724960327e-01,2.268792986869812012e-01,-1.088095605373382568e-01,2.527614682912826538e-02,-1.131220255047082901e-02
-3.452558070421218872e-02,6.452447921037673950e-02,-8.720399439334869385e-02,3.878982737660408020e-03,2.012279331684112549e-01,-3.585112690925598145e-01,-4.228817671537399292e-02,9.672194719314575195e-02,2.719619572162628174e-01,9.672194719314575195e-02,-4.228817671537399292e-02,-3.585112690925598145e-01,2.012279331684112549e-01,3.878982737660408020e-03,-8.720399439334869385e-02,6.452447921037673950e-02,-3.452558070421218872e-02
-2.137312412261962891e+00
-1.866873912513256073e-02,3.557495772838592529e-02,-1.131710708141326904e-01,2.046516090631484985e-01,-1.781184971332550049e-01,-1.217451021075248718e-01,3.357837200164794922e-01,2.224667668342590332e-01,2.359922379255294800e-01,2.224667668342590332e-01,3.357837200164794922e-01,-1.217451021075248718e-01,-1.781184971332550049e-01,2.046516090631484985e-01,-1.131710708141326904e-01,3.557495772838592529e-02,-1.866873912513256073e-02
-1.905378699302673340e-02,4.247353598475456238e-02,-5.143572762608528137e-02,-4.937950149178504944e-02,2.385271489620208740e-01,-3.434396684169769287e-01,-6.878981739282608032e-02,1.044520363211631775e-01,2.684300839900970459e-01,1.044520363211631775e-01,-6.878981739282608032e-02,-3.434396684169769287e-01,2.385271489620208740e-01,-4.937950149178504944e-02,-5.143572762608528137e-02,4.247353598475456238e-02,-1.905378699302673340e-02
-2.281826257705688477e+00
-1.407244801521301270e-02,4.102655127644538879e-02,-1.095839217305183411e-01,1.719062179327011108e-01,-1.186348944902420044e-01,-1.707694679498672485e-01,3.551040589809417725e-01,2.154846340417861938e-01,2.560301423072814941e-01,2.154846340417861938e-01,3.551040589809417725e-01,-1.707694679498672485e-01,-1.186348944902420044e-01,1.719062179327011108e-01,-1.095839217305183411e-01,4.102655127644538879e-02,-1.407244801521301270e-02
-5.576759111136198044e-03,2.726358361542224884e-02,-1.402704138308763504e-02,-8.617080748081207275e-02,2.556641101837158203e-01,-3.195641040802001953e-01,-1.042097061872482300e-01,1.181245967745780945e-01,2.582292854785919189e-01,1.181245967745780945e-01,-1.042097061872482300e-01,-3.195641040802001953e-01,2.556641101837158203e-01,-8.617080748081207275e-02,-1.402704138308763504e-02,2.726358361542224884e-02,-5.576759111136198044e-03
-2.429454565048217773e+00
-8.766773156821727753e-03,3.663098439574241638e-02,-1.002966836094856262e-01,1.373009830713272095e-01,-6.323914229869842529e-02,-2.153869271278381348e-01,3.618575930595397949e-01,2.129424661397933960e-01,2.696154713630676270e-01,2.129424661397933960e-01,3.618575930595397949e-01,-2.153869271278381348e-01,-6.323914229869842529e-02,1.373009830713272095e-01,-1.002966836094856262e-01,3.663098439574241638e-02,-8.766773156821727753e-03
4.521732684224843979e-03,1.228974852710962296e-02,1.007934100925922394e-02,-1.142639443278312683e-01,2.591664791107177734e-01,-2.851498425006866455e-01,-1.437422782182693481e-01,1.367389261722564697e-01,2.459852993488311768e-01,1.367389261722564697e-01,-1.437422782182693481e-01,-2.851498425006866455e-01,2.591664791107177734e-01,-1.142639443278312683e-01,1.007934100925922394e-02,1.228974852710962296e-02,4.521732684224843979e-03
-2.580132961273193359e+00
9.790527075529098511e-02,1.320606917142868042e-01,-1.413330435752868652e-01,-1.840501427650451660e-01,9.772468358278274536e-02,1.922457963228225708e-01,2.036195695400238037e-01,1.296835094690322876e-01,1.530597805976867676e-01,1.296835094690322876e-01,2.036195695400238037e-01,1.922457963228225708e-01,9.772468358278274536e-02,-1.840501427650451660e-01,-1.413330435752868652e-01,1.320606917142868042e-01,9.790527075529098511e-02
-2.072106897830963135e-01,1.861892193555831909e-01,8.838993310928344727e-02,-1.254354566335678101e-01,-2.128923982381820679e-01,-3.950829431414604187e-02,5.256485566496849060e-02,1.570474207401275635e-01,1.350087672472000122e-01,1.570474207401275635e-01,5.256485566496849060e-02,-3.950829431414604187e-02,-2.128923982381820679e-01,-1.254354566335678101e-01,8.838993310928344727e-02,1.861892193555831909e-01,-2.072106897830963135e-01
-3.271071612834930420e-01
-2.116114273667335510e-02,-1.912771314382553101e-01,-1.233777105808258057e-01,8.864921331405639648e-02,1.308743804693222046e-01,1.745010614395141602e-01,1.535154730081558228e-01,1.511384546756744385e-01,9.814849495887756348e-02,1.511384546756744385e-01,1.535154730081558228e-01,1.745010614395141602e-01,1.308743804693222046e-01,8.864921331405639648e-02,-1.233777105808258057e-01,-1.912771314382553101e-01,-2.116114273667335510e-02
1.498903334140777588e-01,4.060827568173408508e-02,-1.137945130467414856e-01,-1.744305044412612915e-01,-5.269782245159149170e-02,5.744236521422863007e-03,7.500574737787246704e-02,1.070709973573684692e-01,1.504115313291549683e-01,1.070709973573684692e-01,7.500574737787246704e-02,5.744236521422863007e-03,-5.269782245159149170e-02,-1.744305044412612915e-01,-1.137945130467414856e-01,4.060827568173408508e-02,1.498903334140777588e-01
-4.067060351371765137e-01
9.860162436962127686e-02,-1.381465047597885132e-01,-1.481744796037673950e-01,-1.620632037520408630e-02,1.217909380793571472e-01,1.748102754354476929e-01,1.875748783349990845e-01,1.326145380735397339e-01,1.168252900242805481e-01,1.326145380735397339e-01,1.875748783349990845e-01,1.748102754354476929e-01,1.217909380793571472e-01,-1.620632037520408630e-02,-1.481744796037673950e-01,-1.381465047597885132e-01,9.860162436962127686e-02
9.649924188852310181e-02,2.007043212652206421e-01,-9.470345079898834229e-02,-1.831594258546829224e-01,-1.278183907270431519e-01,3.210692852735519409e-02,4.106402024626731873e-02,1.418336182832717896e-01,1.354884654283523560e-01,1.418336182832717896e-01,4.106402024626731873e-02,3.210692852735519409e-02,-1.278183907270431519e-01,-1.831594258546829224e-01,-9.470345079898834229e-02,2.007043212652206421e-01,9.649924188852310181e-02
-4.918165504932403564e-01
1.457124799489974976e-01,-1.403508801013231277e-02,-2.020900845527648926e-01,-4.468622431159019470e-02,1.215791478753089905e-01,1.918476969003677368e-01,1.359242498874664307e-01,1.439264416694641113e-01,1.210847571492195129e-01,1.439264416694641113e-01,1.359242498874664307e-01,1.918476969003677368e-01,1.215791478753089905e-01,-4.468622431159019470e-02,-2.020900845527648926e-01,-1.403508801013231277e-02,1.457124799489974976e-01
2.452570758759975433e-02,1.793867349624633789e-01,2.388775534927845001e-02,-2.087490707635879517e-01,-1.167788803577423096e-01,-3.018393740057945251e-02,7.574976235628128052e-02,8.444357663393020630e-02,1.497185528278350830e-01,8.444357663393020630e-02,7.574976235628128052e-02,-3.018393740057945251e-02,-1.167788803577423096e-01,-2.087490707635879517e-01,2.388775534927845001e-02,1.793867349624633789e-01,2.452570758759975433e-02
-5.821056365966796875e-01
1.625738143920898438e-01,8.248234540224075317e-02,-1.523183733224868774e-01,-1.825329363346099854e-01,1.186775788664817810e-01,1.866986304521560669e-01,2.092038244009017944e-01,1.244655996561050415e-01,1.654954701662063599e-01,1.244655996561050415e-01,2.092038244009017944e-01,1.866986304521560669e-01,1.186775788664817810e-01,-1.825329363346099854e-01,-1.523183733224868774e-01,8.248234540224075317e-02,1.625738143920898438e-01
-1.265035271644592285e-01,2.048206776380538940e-01,8.001551777124404907e-02,-1.656350046396255493e-01,-1.877274066209793091e-01,-4.702164977788925171e-02,5.483661964535713196e-02,1.287803351879119873e-01,1.444370746612548828e-01,1.287803351879119873e-01,5.483661964535713196e-02,-4.702164977788925171e-02,-1.877274066209793091e-01,-1.656350046396255493e-01,8.001551777124404907e-02,2.048206776380538940e-01,-1.265035271644592285e-01
-6.772937774658203125e-01
-5.343325808644294739e-02,2.244531661272048950e-01,-1.399705111980438232e-01,-1.726710200309753418e-01,4.372676461935043335e-02,2.195243239402770996e-01,1.747031658887863159e-01,1.508101671934127808e-01,1.171881631016731262e-01,1.508101671934127808e-01,1.747031658887863159e-01,2.195243239402770996e-01,4.372676461935043335e-02,-1.726710200309753418e-01,-1.399705111980438232e-01,2.244531661272048950e-01,-5.343325808644294739e-02
-2.517245113849639893e-01,1.425223797559738159e-01,1.389758288860321045e-01,-9.657315164804458618e-02,-2.400144934654235840e-01,-4.039134457707405090e-02,6.871329247951507568e-02,1.597374081611633301e-01,1.184710860252380371e-01,1.597374081611633301e-01,6.871329247951507568e-02,-4.039134457707405090e-02,-2.400144934654235840e-01,-9.657315164804458618e-02,1.389758288860321045e-01,1.425223797559738159e-01,-2.517245113849639893e-01
-7.771421670913696289e-01
-2.141932100057601929e-01,2.728738486766815186e-01,-7.615555077791213989e-02,-1.893756836652755737e-01,-2.767587080597877502e-02,2.274812608957290649e-01,1.795703470706939697e-01,1.775034368038177490e-01,1.053041443228721619e-01,1.775034368038177490e-01,1.795703470706939697e-01,2.274812608957290649e-01,-2.767587080597877502e-02,-1.893756836652755737e-01,-7.615555077791213989e-02,2.728738486766815186e-01,-2.141932100057601929e-01
-1.382521986961364746e-01,-5.364009365439414978e-02,2.428602427244186401e-01,-6.432573497295379639e-02,-2.070667892694473267e-01,-1.216557249426841736e-01,7.385897636413574219e-02,1.028363555669784546e-01,1.447917371988296509e-01,1.028363555669784546e-01,7.385897636413574219e-02,-1.216557249426841736e-01,-2.070667892694473267e-01,-6.432573497295379639e-02,2.428602427244186401e-01,-5.364009365439414978e-02,-1.382521986961364746e-01
-8.814436793327331543e-01
-2.071958929300308228e-01,1.659499406814575195e-01,7.820807397365570068e-02,-2.415409982204437256e-01,-4.284290224313735962e-02,1.776579618453979492e-01,2.360519021749496460e-01,1.791186928749084473e-01,1.650310605764389038e-01,1.791186928749084473e-01,2.360519021749496460e-01,1.776579618453979492e-01,-4.284290224313735962e-02,-2.415409982204437256e-01,7.820807397365570068e-02,1.659499406814575195e-01,-2.071958929300308228e-01
4.889362677931785583e-02,-2.107336074113845825e-01,2.667845487594604492e-01,-3.184483200311660767e-02,-1.965946108102798462e-01,-1.637781113386154175e-01,9.801646322011947632e-02,8.957835286855697632e-02,1.670091599225997925e-01,8.957835286855697632e-02,9.801646322011947632e-02,-1.637781113386154175e-01,-1.965946108102798462e-01,-3.184483200311660767e-02,2.667845487594604492e-01,-2.107336074113845825e-01,4.889362677931785583e-02
-9.900165200233459473e-01
-9.696587175130844116e-02,-1.346775912679731846e-03,2.155332416296005249e-01,-2.624347507953643799e-01,-5.463656783103942871e-02,1.297842711210250854e-01,2.736565768718719482e-01,1.617637425661087036e-01,2.004527151584625244e-01,1.617637425661087036e-01,2.736565768718719482e-01,1.297842711210250854e-01,-5.463656783103942871e-02,-2.624347507953643799e-01,2.155332416296005249e-01,-1.346775912679731846e-03,-9.696587175130844116e-02
1.382647454738616943e-01,-2.556109428405761719e-01,1.884772032499313354e-01,8.089570701122283936e-02,-2.172508388757705688e-01,-1.721237301826477051e-01,6.002948805689811707e-02,1.263322383165359497e-01,1.620597839355468750e-01,1.263322383165359497e-01,6.002948805689811707e-02,-1.721237301826477051e-01,-2.172508388757705688e-01,8.089570701122283936e-02,1.884772032499313354e-01,-2.556109428405761719e-01,1.382647454738616943e-01
-1.102699279785156250e+00
1.450512930750846863e-02,-1.256438046693801880e-01,2.750039398670196533e-01,-2.187536656856536865e-01,-1.105727702379226685e-01,1.178037822246551514e-01,2.801051735877990723e-01,1.738552004098892212e-01,1.954189985990524292e-01,1.738552004098892212e-01,2.801051735877990723e-01,1.178037822246551514e-01,-1.105727702379226685e-01,-2.187536656856536865e-01,2.750039398670196533e-01,-1.256438046693801880e-01,1.450512930750846863e-02
1.427001357078552246e-01,-1.810704618692398071e-01,5.469135567545890808e-02,1.980596184730529785e-01,-2.408524453639984131e-01,-1.611272394657135010e-01,9.152363054454326630e-03,1.686385720968246460e-01,1.420264691114425659e-01,1.686385720968246460e-01,9.152363054454326630e-03,-1.611272394657135010e-01,-2.408524453639984131e-01,1.980596184730529785e-01,5.469135567545890808e-02,-1.810704618692398071e-01,1.427001357078552246e-01
-1.219347834587097168e+00
8.691486716270446777e-02,-1.817380785942077637e-01,2.430344372987747192e-01,-1.219384968280792236e-01,-1.870271712541580200e-01,1.301598995923995972e-01,2.597279250621795654e-01,2.075492441654205322e-01,1.699459254741668701e-01,2.075492441654205322e-01,2.597279250621795654e-01,1.301598995923995972e-01,-1.870271712541580200e-01,-1.219384968280792236e-01,2.430344372987747192e-01,-1.817380785942077637e-01,8.691486716270446777e-02
9.726738184690475464e-02,-6.644425541162490845e-02,-7.571572065353393555e-02,2.705898582935333252e-01,-2.354329079389572144e-01,-1.675458550453186035e-01,-2.673530206084251404e-02,1.890900135040283203e-01,1.371932029724121094e-01,1.890900135040283203e-01,-2.673530206084251404e-02,-1.675458550453186035e-01,-2.354329079389572144e-01,2.705898582935333252e-01,-7.571572065353393555e-02,-6.644425541162490845e-02,9.726738184690475464e-02
-1.339831829071044922e+00
9.860903024673461914e-02,-1.727974861860275269e-01,1.713559627532958984e-01,-3.461673622950911522e-03,-2.609393298625946045e-01,1.421508640050888062e-01,2.371838539838790894e-01,2.442900389432907104e-01,1.445427238941192627e-01,2.442900389432907104e-01,2.371838539838790894e-01,1.421508640050888062e-01,-2.609393298625946045e-01,-3.461673622950911522e-03,1.713559627532958984e-01,-1.727974861860275269e-01,9.860903024673461914e-02
3.314403817057609558e-02,2.113285474479198456e-02,-1.607939898967742920e-01,2.961875200271606445e-01,-1.847603917121887207e-01,-1.990569680929183960e-01,-3.687831014394760132e-02,1.828326433897018433e-01,1.540243327617645264e-01,1.828326433897018433e-01,-3.687831014394760132e-02,-1.990569680929183960e-01,-1.847603917121887207e-01,2.961875200271606445e-01,-1.607939898967742920e-01,2.113285474479198456e-02,3.314403817057609558e-02
-1.464033246040344238e+00
8.688627928495407104e-02,-1.343863457441329956e-01,7.940106093883514404e-02,1.014290824532508850e-01,-3.091711103916168213e-01,1.384513527154922485e-01,2.285253703594207764e-01,2.668038606643676758e-01,1.308639049530029297e-01,2.668038606643676758e-01,2.285253703594207764e-01,1.384513527154922485e-01,-3.091711103916168213e-01,1.014290824532508850e-01,7.940106093883514404e-02,-1.343863457441329956e-01,8.688627928495407104e-02
-9.523579850792884827e-03,8.379367738962173462e-02,-1.983481496572494507e-01,2.668756544589996338e-01,-1.041670814156532288e-01,-2.450400292873382568e-01,-3.337972238659858704e-02,1.575742810964584351e-01,1.848653703927993774e-01,1.575742810964584351e-01,-3.337972238659858704e-02,-2.450400292873382568e-01,-1.041670814156532288e-01,2.668756544589996338e-01,-1.983481496572494507e-01,8.379367738962173462e-02,-9.523579850792884827e-03
-1.591844081878662109e+00
5.082056671380996704e-02,-8.096835017204284668e-02,5.640792660415172577e-03,1.781940162181854248e-01,-3.305437862873077393e-01,1.057273671030998230e-01,2.336324602365493774e-01,2.726771533489227295e-01,1.357947289943695068e-01,2.726771533489227295e-01,2.336324602365493774e-01,1.057273671030998230e-01,-3.305437862873077393e-01,1.781940162181854248e-01,5.640792660415172577e-03,-8.096835017204284668e-02,5.082056671380996704e-02
-4.158503934741020203e-02,1.009367182850837708e-01,-1.970268487930297852e-01,2.103446722030639648e-01,-1.365239918231964111e-02,-2.941642701625823975e-01,-2.220410108566284180e-02,1.324737370014190674e-01,2.203362435102462769e-01,1.324737370014190674e-01,-2.220410108566284180e-02,-2.941642701625823975e-01,-1.365239918231964111e-02,2.103446722030639648e-01,-1.970268487930297852e-01,1.009367182850837708e-01,-4.158503934741020203e-02
-1.723165392875671387e+00
2.332228794693946838e-02,-3.594134375452995300e-02,-5.461391434073448181e-02,2.228273898363113403e-01,-3.166372179985046387e-01,5.993612110614776611e-02,2.552655935287475586e-01,2.660146951675415039e-01,1.546662449836730957e-01,2.660146951675415039e-01,2.552655935287475586e-01,5.993612110614776611e-02,-3.166372179985046387e-01,2.228273898363113403e-01,-5.461391434073448181e-02,-3.594134375452995300e-02,2.332228794693946838e-02
-4.734228178858757019e-02,1.027252003550529480e-01,-1.702728122472763062e-01,1.374173760414123535e-01,7.446938753128051758e-02,-3.304207324981689453e-01,-1.736524887382984161e-02,1.092952415347099304e-01,2.474244385957717896e-01,1.092952415347099304e-01,-1.736524887382984161e-02,-3.304207324981689453e-01,7.446938753128051758e-02,1.374173760414123535e-01,-1.702728122472763062e-01,1.027252003550529480e-01,-4.734228178858757019e-02
-1.857905864715576172e+00
-8.810588042251765728e-04,1.751240692101418972e-03,-8.902754634618759155e-02,2.373279035091400146e-01,-2.832325398921966553e-01,-5.696355947293341160e-04,2.823856770992279053e-01,2.507795691490173340e-01,1.806688755750656128e-01,2.507795691490173340e-01,2.823856770992279053e-01,-5.696355947293341160e-04,-2.832325398921966553e-01,2.373279035091400146e-01,-8.902754634618759155e-02,1.751240692101418972e-03,-8.810588042251765728e-04
-4.589261859655380249e-02,8.502519130706787109e-02,-1.300538629293441772e-01,6.728958338499069214e-02,1.476033329963684082e-01,-3.526560068130493164e-01,-2.311089076101779938e-02,9.759820997714996338e-02,2.646968662738800049e-01,9.759820997714996338e-02,-2.311089076101779938e-02,-3.526560068130493164e-01,1.476033329963684082e-01,6.728958338499069214e-02,-1.300538629293441772e-01,8.502519130706787109e-02,-4.589261859655380249e-02
-1.995981097221374512e+00
-1.315016020089387894e-02,2.360828407108783722e-02,-1.092419549822807312e-01,2.293401509523391724e-01,-2.327958643436431885e-01,-6.170820072293281555e-02,3.106931447982788086e-01,2.351201176643371582e-01,2.098657637834548950e-01,2.351201176643371582e-01,3.106931447982788086e-01,-6.170820072293281555e-02,-2.327958643436431885e-01,2.293401509523391724e-01,-1.092419549822807312e-01,2.360828407108783722e-02,-1.315016020089387894e-02
-3.444143384695053101e-02,6.570081412792205811e-02,-8.752284198999404907e-02,2.126285806298255920e-03,2.010970264673233032e-01,-3.560766279697418213e-01,-3.973481059074401855e-02,9.688135236501693726e-02,2.708850502967834473e-01,9.688135236501693726e-02,-3.973481059074401855e-02,-3.560766279697418213e-01,2.010970264673233032e-01,2.126285806298255920e-03,-8.752284198999404907e-02,6.570081412792205811e-02,-3.444143384695053101e-02
-2.137312412261962891e+00
-2.244521677494049072e-02,3.856110945343971252e-02,-1.125025376677513123e-01,2.027980238199234009e-01,-1.786119192838668823e-01,-1.210336834192276001e-01,3.355707228183746338e-01,2.233603894710540771e-01,2.376414090394973755e-01,2.233603894710540771e-01,3.355707228183746338e-01,-1.210336834192276001e-01,-1.786119192838668823e-01,2.027980238199234009e-01,-1.125025376677513123e-01,3.856110945343971252e-02,-2.244521677494049072e-02
-2.138429321348667145e-02,4.612875357270240784e-02,-4.393906518816947937e-02,-4.888908192515373230e-02,2.337015867233276367e-01,-3.431439995765686035e-01,-6.191112846136093140e-02,1.100450456142425537e-01,2.687988579273223877e-01,1.100450456142425537e-01,-6.191112846136093140e-02,-3.431439995765686035e-01,2.337015867233276367e-01,-4.888908192515373230e-02,-4.393906518816947937e-02,4.612875357270240784e-02,-2.138429321348667145e-02
-2.281826257705688477e+00
-1.821983419358730316e-02,4.043845087289810181e-02,-1.058500483632087708e-01,1.748732328414916992e-01,-1.191675141453742981e-01,-1.725954264402389526e-01,3.536930084228515625e-01,2.133152037858963013e-01,2.537395954132080078e-01,2.133152037858963013e-01,3.536930084228515625e-01,-1.725954264402389526e-01,-1.191675141453742981e-01,1.748732328414916992e-01,-1.058500483632087708e-01,4.043845087289810181e-02,-1.821983419358730316e-02
-5.094342865049839020e-03,2.346230484545230865e-02,-1.883977279067039490e-02,-8.705001324415206909e-02,2.588701248168945312e-01,-3.161430656909942627e-01,-1.029506325721740723e-01,1.178188621997833252e-01,2.576540708541870117e-01,1.178188621997833252e-01,-1.029506325721740723e-01,-3.161430656909942627e-01,2.588701248168945312e-01,-8.705001324415206909e-02,-1.883977279067039490e-02,2.346230484545230865e-02,-5.094342865049839020e-03
-2.429454565048217773e+00
-1.122053526341915131e-02,3.815117850899696350e-02,-9.619572758674621582e-02,1.393629759550094604e-01,-6.352514773607254028e-02,-2.148973792791366577e-01,3.625899851322174072e-01,2.119782269001007080e-01,2.679545581340789795e-01,2.119782269001007080e-01,3.625899851322174072e-01,-2.148973792791366577e-01,-6.352514773607254028e-02,1.393629759550094604e-01,-9.619572758674621582e-02,3.815117850899696350e-02,-1.122053526341915131e-02
7.206880487501621246e-03,9.974028915166854858e-03,7.435498759150505066e-03,-1.128335520625114441e-01,2.634702324867248535e-01,-2.816262245178222656e-01,-1.425212174654006958e-01,1.359130293130874634e-01,2.449905723333358765e-01,1.359130293130874634e-01,-1.425212174654006958e-01,-2.816262245178222656e-01,2.634702324867248535e-01,-1.128335520625114441e-01,7.435498759150505066e-03,9.974028915166854858e-03,7.206880487501621246e-03
-2.580132961273193359e+00
9.613927453756332397e-02,1.273886263370513916e-01,-1.481745541095733643e-01,-1.890927851200103760e-01,9.663726389408111572e-02,1.920424252748489380e-01,2.023366987705230713e-01,1.277079433202743530e-01,1.517758369445800781e-01,1.277079433202743530e-01,2.023366987705230713e-01,1.920424252748489380e-01,9.663726389408111572e-02,-1.890927851200103760e-01,-1.481745541095733643e-01,1.273886263370513916e-01,9.613927453756332397e-02
-2.056527882814407349e-01,1.862498372793197632e-01,8.361674100160598755e-02,-1.260030865669250488e-01,-2.088762670755386353e-01,-4.118765518069267273e-02,3.909542039036750793e-02,1.468161940574645996e-01,1.297800540924072266e-01,1.468161940574645996e-01,3.909542039036750793e-02,-4.118765518069267273e-02,-2.088762670755386353e-01,-1.260030865669250488e-01,8.361674100160598755e-02,1.862498372793197632e-01,-2.056527882814407349e-01
-3.271071612834930420e-01
-2.853400819003582001e-02,-1.881425082683563232e-01,-1.130199283361434937e-01,7.829445600509643555e-02,1.121498271822929382e-01,1.782007813453674316e-01,1.704970002174377441e-01,1.527383327484130859e-01,8.491043746471405029e-02,1.527383327484130859e-01,1.704970002174377441e-01,1.782007813453674316e-01,1.121498271822929382e-01,7.829445600509643555e-02,-1.130199283361434937e-01,-1.881425082683563232e-01,-2.853400819003582001e-02
1.303038597106933594e-01,5.041326209902763367e-02,-1.083397865295410156e-01,-1.979217976331710815e-01,-8.059538900852203369e-02,7.133703213185071945e-03,8.556944131851196289e-02,9.480959177017211914e-02,1.302973181009292603e-01,9.480959177017211914e-02,8.556944131851196289e-02,7.133703213185071945e-03,-8.059538900852203369e-02,-1.979217976331710815e-01,-1.083397865295410156e-01,5.041326209902763367e-02,1.303038597106933594e-01
-4.067060351371765137e-01
1.090490445494651794e-01,-1.410408467054367065e-01,-1.558577567338943481e-01,-7.581478450447320938e-03,1.376840919256210327e-01,1.683893948793411255e-01,1.697255223989486694e-01,1.309309154748916626e-01,1.268993020057678223e-01,1.309309154748916626e-01,1.697255223989486694e-01,1.683893948793411255e-01,1.376840919256210327e-01,-7.581478450447320938e-03,-1.558577567338943481e-01,-1.410408467054367065e-01,1.090490445494651794e-01
8.308020979166030884e-02,1.940710693597793579e-01,-9.574339538812637329e-02,-1.865796595811843872e-01,-1.317451149225234985e-01,3.196429833769798279e-02,4.308012127876281738e-02,1.380679607391357422e-01,1.296229213476181030e-01,1.380679607391357422e-01,4.308012127876281738e-02,3.196429833769798279e-02,-1.317451149225234985e-01,-1.865796595811843872e-01,-9.574339538812637329e-02,1.940710693597793579e-01,8.308020979166030884e-02
-4.918165504932403564e-01
1.576052457094192505e-01,1.229658839292824268e-03,-2.043318748474121094e-01,-7.091812044382095337e-02,1.061261817812919617e-01,2.104747295379638672e-01,1.604967415332794189e-01,1.459189504384994507e-01,1.109959036111831665e-01,1.459189504384994507e-01,1.604967415332794189e-01,2.104747295379638672e-01,1.061261817812919617e-01,-7.091812044382095337e-02,-2.043318748474121094e-01,1.229658839292824268e-03,1.576052457094192505e-01
3.257920593023300171e-02,1.915217936038970947e-01,2.501225285232067108e-02,-2.178465873003005981e-01,-1.237348467111587524e-01,-2.955038286745548248e-02,8.637394756078720093e-02,1.087317615747451782e-01,1.738566756248474121e-01,1.087317615747451782e-01,8.637394756078720093e-02,-2.955038286745548248e-02,-1.237348467111587524e-01,-2.178465873003005981e-01,2.501225285232067108e-02,1.915217936038970947e-01,3.257920593023300171e-02
-5.821056365966796875e-01
1.639750897884368896e-01,7.791125774383544922e-02,-1.459629982709884644e-01,-1.672354191541671753e-01,1.221213787794113159e-01,1.725888848304748535e-01,2.009568959474563599e-01,1.312344819307327271e-01,1.764182895421981812e-01,1.312344819307327271e-01,2.009568959474563599e-01,1.725888848304748535e-01,1.221213787794113159e-01,-1.672354191541671753e-01,-1.459629982709884644e-01,7.791125774383544922e-02,1.639750897884368896e-01
-1.358771175146102905e-01,1.942692101001739502e-01,8.363050222396850586e-02,-1.543493717908859253e-01,-1.838956326246261597e-01,-4.719731956720352173e-02,5.391925945878028870e-02,1.156832724809646606e-01,1.297474503517150879e-01,1.156832724809646606e-01,5.391925945878028870e-02,-4.719731956720352173e-02,-1.838956326246261597e-01,-1.543493717908859253e-01,8.363050222396850586e-02,1.942692101001739502e-01,-1.358771175146102905e-01
-6.772937774658203125e-01
-5.442427843809127808e-02,2.237496823072433472e-01,-1.396665275096893311e-01,-1.718836724758148193e-01,4.386292397975921631e-02,2.198777943849563599e-01,1.756710857152938843e-01,1.508373916149139404e-01,1.164795607328414917e-01,1.508373916149139404e-01,1.756710857152938843e-01,2.198777943849563599e-01,4.386292397975921631e-02,-1.718836724758148193e-01,-1.396665275096893311e-01,2.237496823072433472e-01,-5.442427843809127808e-02
-2.539850473403930664e-01,1.425533443689346313e-01,1.430842131376266479e-01,-9.199373424053192139e-02,-2.406145930290222168e-01,-4.241273179650306702e-02,6.883817166090011597e-02,1.584801822900772095e-01,1.169400885701179504e-01,1.584801822900772095e-01,6.883817166090011597e-02,-4.241273179650306702e-02,-2.406145930290222168e-01,-9.199373424053192139e-02,1.430842131376266479e-01,1.425533443689346313e-01,-2.539850473403930664e-01
-7.771421670913696289e-01
-2.288407385349273682e-01,2.572386860847473145e-01,-8.725804090499877930e-02,-1.914065480232238770e-01,-2.763083577156066895e-02,2.220760285854339600e-01,1.721518188714981079e-01,1.729098707437515259e-01,1.033286154270172119e-01,1.729098707437515259e-01,1.721518188714981079e-01,2.220760285854339600e-01,-2.763083577156066895e-02,-1.914065480232238770e-01,-8.725804090499877930e-02,2.572386860847473145e-01,-2.288407385349273682e-01
-1.442484110593795776e-01,-5.984479188919067383e-02,2.381286770105361938e-01,-7.343194633722305298e-02,-2.145349830389022827e-01,-1.224345490336418152e-01,7.816200703382492065e-02,1.009543612599372864e-01,1.403500735759735107e-01,1.009543612599372864e-01,7.816200703382492065e-02,-1.224345490336418152e-01,-2.145349830389022827e-01,-7.343194633722305298e-02,2.381286770105361938e-01,-5.984479188919067383e-02,-1.442484110593795776e-01
-8.814436793327331543e-01
-2.020488679409027100e-01,1.536082476377487183e-01,6.802917271852493286e-02,-2.371579855680465698e-01,-3.168889135122299194e-02,1.857757866382598877e-01,2.368604838848114014e-01,1.725759655237197876e-01,1.580405980348587036e-01,1.725759655237197876e-01,2.368604838848114014e-01,1.857757866382598877e-01,-3.168889135122299194e-02,-2.371579855680465698e-01,6.802917271852493286e-02,1.536082476377487183e-01,-2.020488679409027100e-01
6.246605142951011658e-02,-2.175206094980239868e-01,2.628329396247863770e-01,-1.928774081170558929e-02,-1.921789348125457764e-01,-1.764781773090362549e-01,8.860985189676284790e-02,1.089992076158523560e-01,1.876016408205032349e-01,1.089992076158523560e-01,8.860985189676284790e-02,-1.764781773090362549e-01,-1.921789348125457764e-01,-1.928774081170558929e-02,2.628329396247863770e-01,-2.175206094980239868e-01,6.246605142951011658e-02
-9.900165200233459473e-01
-1.017303392291069031e-01,-1.024123979732394218e-03,2.217262387275695801e-01,-2.613577842712402344e-01,-6.071974709630012512e-02,1.287104040384292603e-01,2.786146700382232666e-01,1.673084050416946411e-01,2.022250145673751831e-01,1.673084050416946411e-01,2.786146700382232666e-01,1.287104040384292603e-01,-6.071974709630012512e-02,-2.613577842712402344e-01,2.217262387275695801e-01,-1.024123979732394218e-03,-1.017303392291069031e-01
1.520716995000839233e-01,-2.365181446075439453e-01,1.900035291910171509e-01,7.105034589767456055e-02,-2.175878286361694336e-01,-1.607144773006439209e-01,7.381520420312881470e-02,1.268083304166793823e-01,1.589289605617523193e-01,1.268083304166793823e-01,7.381520420312881470e-02,-1.607144773006439209e-01,-2.175878286361694336e-01,7.105034589767456055e-02,1.900035291910171509e-01,-2.365181446075439453e-01,1.520716995000839233e-01
-1.102699279785156250e+00
1.252367440611124039e-02,-1.302551627159118652e-01,2.737704515457153320e-01,-2.184124290943145752e-01,-1.121294274926185608e-01,1.181067749857902527e-01,2.834502458572387695e-01,1.775262057781219482e-01,1.971542239189147949e-01,1.775262057781219482e-01,2.834502458572387695e-01,1.181067749857902527e-01,-1.121294274926185608e-01,-2.184124290943145752e-01,2.737704515457153320e-01,-1.302551627159118652e-01,1.252367440611124039e-02
1.506427079439163208e-01,-1.716048568487167358e-01,5.424951761960983276e-02,1.927627772092819214e-01,-2.401007860898971558e-01,-1.547231674194335938e-01,1.672587171196937561e-02,1.701092123985290527e-01,1.413437873125076294e-01,1.701092123985290527e-01,1.672587171196937561e-02,-1.547231674194335938e-01,-2.401007860898971558e-01,1.927627772092819214e-01,5.424951761960983276e-02,-1.716048568487167358e-01,1.506427079439163208e-01
-1.219347834587097168e+00
8.311796933412551880e-02,-1.767238825559616089e-01,2.491106539964675903e-01,-1.217472925782203674e-01,-1.885680705308914185e-01,1.325020641088485718e-01,2.624773383140563965e-01,2.083165794610977173e-01,1.680668741464614868e-01,2.083165794610977173e-01,2.624773383140563965e-01,1.325020641088485718e-01,-1.885680705308914185e-01,-1.217472925782203674e-01,2.491106539964675903e-01,-1.767238825559616089e-01,8.311796933412551880e-02
9.426975995302200317e-02,-7.026226818561553955e-02,-7.215844839811325073e-02,2.768878936767578125e-01,-2.330141365528106689e-01,-1.675732880830764771e-01,-2.695706300437450409e-02,1.876496374607086182e-01,1.359805464744567871e-01,1.876496374607086182e-01,-2.695706300437450409e-02,-1.675732880830764771e-01,-2.330141365528106689e-01,2.768878936767578125e-01,-7.215844839811325073e-02,-7.026226818561553955e-02,9.426975995302200317e-02
-1.339831829071044922e+00
1.019140407443046570e-01,-1.724126636981964111e-01,1.701166331768035889e-01,-4.345748573541641235e-03,-2.604222893714904785e-01,1.444626003503799438e-01,2.387890368700027466e-01,2.434934228658676147e-01,1.428309977054595947e-01,2.434934228658676147e-01,2.387890368700027466e-01,1.444626003503799438e-01,-2.604222893714904785e-01,-4.345748573541641235e-03,1.701166331768035889e-01,-1.724126636981964111e-01,1.019140407443046570e-01
3.450584784150123596e-02,2.311365865170955658e-02,-1.587996184825897217e-01,2.978615164756774902e-01,-1.825344264507293701e-01,-1.990877985954284668e-01,-3.958070650696754456e-02,1.812844127416610718e-01,1.538840830326080322e-01,1.812844127416610718e-01,-3.958070650696754456e-02,-1.990877985954284668e-01,-1.825344264507293701e-01,2.978615164756774902e-01,-1.587996184825897217e-01,2.311365865170955658e-02,3.450584784150123596e-02
-1.464033246040344238e+00
8.142369985580444336e-02,-1.319642364978790283e-01,8.533087372779846191e-02,1.015892848372459412e-01,-3.134643435478210449e-01,1.362068355083465576e-01,2.298740595579147339e-01,2.668921649456024170e-01,1.298909336328506470e-01,2.668921649456024170e-01,2.298740595579147339e-01,1.362068355083465576e-01,-3.134643435478210449e-01,1.015892848372459412e-01,8.533087372779846191e-02,-1.319642364978790283e-01,8.142369985580444336e-02
-1.496676262468099594e-02,7.578008621931076050e-02,-1.995586901903152466e-01,2.702880203723907471e-01,-1.021660119295120239e-01,-2.446594983339309692e-01,-3.289649263024330139e-02,1.578920632600784302e-01,1.849886626005172729e-01,1.578920632600784302e-01,-3.289649263024330139e-02,-2.446594983339309692e-01,-1.021660119295120239e-01,2.702880203723907471e-01,-1.995586901903152466e-01,7.578008621931076050e-02,-1.496676262468099594e-02
-1.591844081878662109e+00
5.031067132949829102e-02,-7.829443365335464478e-02,7.440100889652967453e-03,1.749657839536666870e-01,-3.344062268733978271e-01,1.062627360224723816e-01,2.366381287574768066e-01,2.736837863922119141e-01,1.353271901607513428e-01,2.736837863922119141e-01,2.366381287574768066e-01,1.062627360224723816e-01,-3.344062268733978271e-01,1.749657839536666870e-01,7.440100889652967453e-03,-7.829443365335464478e-02,5.031067132949829102e-02
-4.278098791837692261e-02,1.003030166029930115e-01,-1.955664306879043579e-01,2.123536169528961182e-01,-1.218564528971910477e-02,-2.928300499916076660e-01,-2.142190188169479370e-02,1.318995952606201172e-01,2.197276204824447632e-01,1.318995952606201172e-01,-2.142190188169479370e-02,-2.928300499916076660e-01,-1.218564528971910477e-02,2.123536169528961182e-01,-1.955664306879043579e-01,1.003030166029930115e-01,-4.278098791837692261e-02
-1.723165392875671387e+00
1.975170336663722992e-02,-3.152623027563095093e-02,-4.898326843976974487e-02,2.219253480434417725e-01,-3.207532167434692383e-01,5.829258263111114502e-02,2.561717927455902100e-01,2.657202184200286865e-01,1.538029015064239502e-01,2.657202184200286865e-01,2.561717927455902100e-01,5.829258263111114502e-02,-3.207532167434692383e-01,2.219253480434417725e-01,-4.898326843976974487e-02,-3.152623027563095093e-02,1.975170336663722992e-02
-5.392692238092422485e-02,9.647247940301895142e-02,-1.675571799278259277e-01,1.427537947893142700e-01,7.506539672613143921e-02,-3.318746685981750488e-01,-1.762469485402107239e-02,1.089111715555191040e-01,2.468527108430862427e-01,1.089111715555191040e-01,-1.762469485402107239e-02,-3.318746685981750488e-01,7.506539672613143921e-02,1.427537947893142700e-01,-1.675571799278259277e-01,9.647247940301895142e-02,-5.392692238092422485e-02
-1.857905864715576172e+00
-2.854831400327384472e-04,6.196294911205768585e-03,-8.750204741954803467e-02,2.332440018653869629e-01,-2.872290611267089844e-01,-1.444303052267059684e-04,2.857613563537597656e-01,2.542076706886291504e-01,1.835419088602066040e-01,2.542076706886291504e-01,2.857613563537597656e-01,-1.444303052267059684e-04,-2.872290611267089844e-01,2.332440018653869629e-01,-8.750204741954803467e-02,6.196294911205768585e-03,-2.854831400327384472e-04
-4.705249518156051636e-02,8.589946478605270386e-02,-1.250344663858413696e-01,6.955207139253616333e-02,1.460878998041152954e-01,-3.523142635822296143e-01,-2.017995156347751617e-02,9.830374270677566528e-02,2.636638283729553223e-01,9.830374270677566528e-02,-2.017995156347751617e-02,-3.523142635822296143e-01,1.460878998041152954e-01,6.955207139253616333e-02,-1.250344663858413696e-01,8.589946478605270386e-02,-4.705249518156051636e-02
-1.995981097221374512e+00
-1.248640287667512894e-02,2.532415837049484253e-02,-1.088896319270133972e-01,2.275535762310028076e-01,-2.340559363365173340e-01,-6.008806824684143066e-02,3.128456473350524902e-01,2.351759225130081177e-01,2.090478986501693726e-01,2.351759225130081177e-01,3.128456473350524902e-01,-6.008806824684143066e-02,-2.340559363365173340e-01,2.275535762310028076e-01,-1.088896319270133972e-01,2.532415837049484253e-02,-1.248640287667512894e-02
-3.391076624393463135e-02,6.563163548707962036e-02,-8.436434715986251831e-02,6.752755027264356613e-03,2.031246721744537354e-01,-3.570838570594787598e-01,-4.175134003162384033e-02,9.491590410470962524e-02,2.700471878051757812e-01,9.491590410470962524e-02,-4.175134003162384033e-02,-3.570838570594787598e-01,2.031246721744537354e-01,6.752755027264356613e-03,-8.436434715986251831e-02,6.563163548707962036e-02,-3.391076624393463135e-02
-2.137312412261962891e+00
-2.005970478057861328e-02,3.453435748815536499e-02,-1.136664599180221558e-01,2.052554935216903687e-01,-1.764524281024932861e-01,-1.202555075287818909e-01,3.351823985576629639e-01,2.201052606105804443e-01,2.336435317993164062e-01,2.201052606105804443e-01,3.351823985576629639e-01,-1.202555075287818909e-01,-1.764524281024932861e-01,2.052554935216903687e-01,-1.136664599180221558e-01,3.453435748815536499e-02,-2.005970478057861328e-02
-2.000001072883605957e-02,4.209524765610694885e-02,-5.003980174660682678e-02,-4.722291603684425354e-02,2.404398322105407715e-01,-3.428061902523040771e-01,-6.948590278625488281e-02,1.027783155441284180e-01,2.673653960227966309e-01,1.027783155441284180e-01,-6.948590278625488281e-02,-3.428061902523040771e-01,2.404398322105407715e-01,-4.722291603684425354e-02,-5.003980174660682678e-02,4.209524765610694885e-02,-2.000001072883605957e-02
-2.281826257705688477e+00
-1.548488158732652664e-02,3.912154212594032288e-02,-1.106928363442420959e-01,1.721521317958831787e-01,-1.176739037036895752e-01,-1.702419668436050415e-01,3.537864983081817627e-01,2.126873582601547241e-01,2.543181478977203369e-01,2.126873582601547241e-01,3.537864983081817627e-01,-1.702419668436050415e-01,-1.176739037036895752e-01,1.721521317958831787e-01,-1.106928363442420959e-01,3.912154212594032288e-02,-1.548488158732652664e-02
-5.439484026283025742e-03,2.717983536422252655e-02,-1.381056383252143860e-02,-8.496274799108505249e-02,2.581016719341278076e-01,-3.176614344120025635e-01,-1.040235832333564758e-01,1.166231706738471985e-01,2.569881677627563477e-01,1.166231706738471985e-01,-1.040235832333564758e-01,-3.176614344120025635e-01,2.581016719341278076e-01,-8.496274799108505249e-02,-1.381056383252143860e-02,2.717983536422252655e-02,-5.439484026283025742e-03
-2.429454565048217773e+00
-2.038615383207798004e-02,3.191633149981498718e-02,-9.398509562015533447e-02,1.426781415939331055e-01,-6.510189175605773926e-02,-2.191864997148513794e-01,3.594921529293060303e-01,2.097914814949035645e-01,2.662701308727264404e-01,2.097914814949035645e-01,3.594921529293060303e-01,-2.191864997148513794e-01,-6.510189175605773926e-02,1.426781415939331055e-01,-9.398509562015533447e-02,3.191633149981498718e-02,-2.038615383207798004e-02
5.006125662475824356e-03,4.291998222470283508e-03,5.175447091460227966e-03,-1.113755851984024048e-01,2.643537819385528564e-01,-2.824836075305938721e-01,-1.437710672616958618e-01,1.349759846925735474e-01,2.443076819181442261e-01,1.349759846925735474e-01,-1.437710672616958618e-01,-2.824836075305938721e-01,2.643537819385528564e-01,-1.113755851984024048e-01,5.175447091460227966e-03,4.291998222470283508e-03,5.006125662475824356e-03
-2.580132961273193359e+00
1.018721237778663635e-01,1.330907046794891357e-01,-1.408713161945343018e-01,-1.793033033609390259e-01,1.051554977893829346e-01,1.928838193416595459e-01,2.020164430141448975e-01,1.334075182676315308e-01,1.591441184282302856e-01,1.334075182676315308e-01,2.020164430141448975e-01,1.928838193416595459e-01,1.051554977893829346e-01,-1.793033033609390259e-01,-1.408713161945343018e-01,1.330907046794891357e-01,1.018721237778663635e-01
-2.000778466463088989e-01,1.954317986965179443e-01,9.633392840623855591e-02,-1.246822625398635864e-01,-2.143531590700149536e-01,-3.646804764866828918e-02,5.674924701452255249e-02,1.546397805213928223e-01,1.308967918157577515e-01,1.546397805213928223e-01,5.674924701452255249e-02,-3.646804764866828918e-02,-2.143531590700149536e-01,-1.246822625398635864e-01,9.633392840623855591e-02,1.954317986965179443e-01,-2.000778466463088989e-01
-3.271071612834930420e-01
-3.624827787280082703e-02,-2.081292420625686646e-01,-1.212114468216896057e-01,7.531274110078811646e-02,1.067127361893653870e-01,1.786666959524154663e-01,1.801432520151138306e-01,1.578880995512008667e-01,8.302482217550277710e-02,1.578880995512008667e-01,1.801432520151138306e-01,1.786666959524154663e-01,1.067127361893653870e-01,7.531274110078811646e-02,-1.212114468216896057e-01,-2.081292420625686646e-01,-3.624827787280082703e-02
1.051762029528617859e-01,3.357325494289398193e-02,-1.076411455869674683e-01,-1.921114027500152588e-01,-8.527506142854690552e-02,-7.320365402847528458e-04,8.267514407634735107e-02,8.823659271001815796e-02,1.232955381274223328e-01,8.823659271001815796e-02,8.267514407634735107e-02,-7.320365402847528458e-04,-8.527506142854690552e-02,-1.921114027500152588e-01,-1.076411455869674683e-01,3.357325494289398193e-02,1.051762029528617859e-01
-4.067060351371765137e-01
9.438421577215194702e-02,-1.593317538499832153e-01,-1.572062075138092041e-01,3.672114980872720480e-04,1.353369951248168945e-01,1.585696488618850708e-01,1.638526469469070435e-01,1.251235455274581909e-01,1.238311082124710083e-01,1.251235455274581909e-01,1.638526469469070435e-01,1.585696488618850708e-01,1.353369951248168945e-01,3.672114980872720480e-04,-1.572062075138092041e-01,-1.593317538499832153e-01,9.438421577215194702e-02
8.292019367218017578e-02,1.900026500225067139e-01,-9.682587534189224243e-02,-1.751109212636947632e-01,-1.182514727115631104e-01,3.669158369302749634e-02,4.066643863916397095e-02,1.416489183902740479e-01,1.362145543098449707e-01,1.416489183902740479e-01,4.066643863916397095e-02,3.669158369302749634e-02,-1.182514727115631104e-01,-1.751109212636947632e-01,-9.682587534189224243e-02,1.900026500225067139e-01,8.292019367218017578e-02
-4.918165504932403564e-01
1.707994639873504639e-01,6.455114576965570450e-03,-2.043841183185577393e-01,-6.574831902980804443e-02,1.115928217768669128e-01,2.033916413784027100e-01,1.509644091129302979e-01,1.494008302688598633e-01,1.206508055329322815e-01,1.494008302688598633e-01,1.509644091129302979e-01,2.033916413784027100e-01,1.115928217768669128e-01,-6.574831902980804443e-02,-2.043841183185577393e-01,6.455114576965570450e-03,1.707994639873504639e-01
3.101404942572116852e-02,1.851310282945632935e-01,2.276742085814476013e-02,-2.239697128534317017e-01,-1.307179182767868042e-01,-3.657149523496627808e-02,8.314709365367889404e-02,9.981814771890640259e-02,1.632432788610458374e-01,9.981814771890640259e-02,8.314709365367889404e-02,-3.657149523496627808e-02,-1.307179182767868042e-01,-2.239697128534317017e-01,2.276742085814476013e-02,1.851310282945632935e-01,3.101404942572116852e-02
-5.821056365966796875e-01
1.662737131118774414e-01,8.403873443603515625e-02,-1.440491378307342529e-01,-1.706283539533615112e-01,1.228509098291397095e-01,1.787674427032470703e-01,2.039429992437362671e-01,1.280704140663146973e-01,1.715204417705535889e-01,1.280704140663146973e-01,2.039429992437362671e-01,1.787674427032470703e-01,1.228509098291397095e-01,-1.706283539533615112e-01,-1.440491378307342529e-01,8.403873443603515625e-02,1.662737131118774414e-01
-1.318696588277816772e-01,1.969665437936782837e-01,8.244296163320541382e-02,-1.592201441526412964e-01,-1.870558410882949829e-01,-4.780839383602142334e-02,5.887019634246826172e-02,1.286344528198242188e-01,1.424217969179153442e-01,1.286344528198242188e-01,5.887019634246826172e-02,-4.780839383602142334e-02,-1.870558410882949829e-01,-1.592201441526412964e-01,8.244296163320541382e-02,1.969665437936782837e-01,-1.318696588277816772e-01
-6.772937774658203125e-01
-5.433144420385360718e-02,2.258843779563903809e-01,-1.356998383998870850e-01,-1.644324809312820435e-01,5.016022175550460815e-02,2.156547904014587402e-01,1.694282144308090210e-01,1.565193235874176025e-01,1.271429210901260376e-01,1.565193235874176025e-01,1.694282144308090210e-01,2.156547904014587402e-01,5.016022175550460815e-02,-1.644324809312820435e-01,-1.356998383998870850e-01,2.258843779563903809e-01,-5.433144420385360718e-02
-2.534666955471038818e-01,1.411590576171875000e-01,1.415054500102996826e-01,-9.128914028406143188e-02,-2.356476634740829468e-01,-3.554999828338623047e-02,7.061486691236495972e-02,1.553679555654525757e-01,1.135919988155364990e-01,1.553679555654525757e-01,7.061486691236495972e-02,-3.554999828338623047e-02,-2.356476634740829468e-01,-9.128914028406143188e-02,1.415054500102996826e-01,1.411590576171875000e-01,-2.534666955471038818e-01
-7.771421670913696289e-01
-1.996864676475524902e-01,2.785805165767669678e-01,-7.546496391296386719e-02,-1.912562698125839233e-01,-3.442067280411720276e-02,2.208130806684494019e-01,1.801556944847106934e-01,1.867201477289199829e-01,1.150734126567840576e-01,1.867201477289199829e-01,1.801556944847106934e-01,2.208130806684494019e-01,-3.442067280411720276e-02,-1.912562698125839233e-01,-7.546496391296386719e-02,2.785805165767669678e-01,-1.996864676475524902e-01
-1.401012390851974487e-01,-5.534262210130691528e-02,2.411207109689712524e-01,-6.685054302215576172e-02,-2.106743007898330688e-01,-1.246469542384147644e-01,7.527204602956771851e-02,1.088501140475273132e-01,1.503627449274063110e-01,1.088501140475273132e-01,7.527204602956771851e-02,-1.246469542384147644e-01,-2.106743007898330688e-01,-6.685054302215576172e-02,2.411207109689712524e-01,-5.534262210130691528e-02,-1.401012390851974487e-01
-8.814436793327331543e-01
-2.055246531963348389e-01,1.647683680057525635e-01,7.831011712551116943e-02,-2.402688264846801758e-01,-4.165685549378395081e-02,1.797231882810592651e-01,2.383989095687866211e-01,1.803595572710037231e-01,1.651261299848556519e-01,1.803595572710037231e-01,2.383989095687866211e-01,1.797231882810592651e-01,-4.165685549378395081e-02,-2.402688264846801758e-01,7.831011712551116943e-02,1.647683680057525635e-01,-2.055246531963348389e-01
5.147405713796615601e-02,-2.095999121665954590e-01,2.682754099369049072e-01,-2.899059653282165527e-02,-1.950984746217727661e-01,-1.637178063392639160e-01,1.009035035967826843e-01,9.518375992774963379e-02,1.725207418203353882e-01,9.518375992774963379e-02,1.009035035967826843e-01,-1.637178063392639160e-01,-1.950984746217727661e-01,-2.899059653282165527e-02,2.682754099369049072e-01,-2.095999121665954590e-01,5.147405713796615601e-02
-9.900165200233459473e-01
-9.556228667497634888e-02,-4.882797598838806152e-03,2.117467373609542847e-01,-2.659128308296203613e-01,-5.748000368475914001e-02,1.308683156967163086e-01,2.752858400344848633e-01,1.608951091766357422e-01,1.972987949848175049e-01,1.608951091766357422e-01,2.752858400344848633e-01,1.308683156967163086e-01,-5.748000368475914001e-02,-2.659128308296203613e-01,2.117467373609542847e-01,-4.882797598838806152e-03,-9.556228667497634888e-02
1.465204507112503052e-01,-2.427788823843002319e-01,1.905310451984405518e-01,7.612846046686172485e-02,-2.187299728393554688e-01,-1.697672456502914429e-01,6.196651980280876160e-02,1.268423795700073242e-01,1.620719581842422485e-01,1.268423795700073242e-01,6.196651980280876160e-02,-1.697672456502914429e-01,-2.187299728393554688e-01,7.612846046686172485e-02,1.905310451984405518e-01,-2.427788823843002319e-01,1.465204507112503052e-01
-1.102699279785156250e+00
1.290423423051834106e-02,-1.338790506124496460e-01,2.704977393150329590e-01,-2.188212573528289795e-01,-1.104375422000885010e-01,1.192333698272705078e-01,2.812923491001129150e-01,1.719138175249099731e-01,1.915455758571624756e-01,1.719138175249099731e-01,2.812923491001129150e-01,1.192333698272705078e-01,-1.104375422000885010e-01,-2.188212573528289795e-01,2.704977393150329590e-01,-1.338790506124496460e-01,1.290423423051834106e-02
1.510082334280014038e-01,-1.730425357818603516e-01,5.507458373904228210e-02,1.978052407503128052e-01,-2.387912124395370483e-01,-1.593568027019500732e-01,1.041568256914615631e-02,1.704992055892944336e-01,1.434177011251449585e-01,1.704992055892944336e-01,1.041568256914615631e-02,-1.593568027019500732e-01,-2.387912124395370483e-01,1.978052407503128052e-01,5.507458373904228210e-02,-1.730425357818603516e-01,1.510082334280014038e-01
-1.219347834587097168e+00
7.890243828296661377e-02,-1.832157522439956665e-01,2.465127110481262207e-01,-1.213462427258491516e-01,-1.893960088491439819e-01,1.295636892318725586e-01,2.601347863674163818e-01,2.066758871078491211e-01,1.668228507041931152e-01,2.066758871078491211e-01,2.601347863674163818e-01,1.295636892318725586e-01,-1.893960088491439819e-01,-1.213462427258491516e-01,2.465127110481262207e-01,-1.832157522439956665e-01,7.890243828296661377e-02
9.364088624715805054e-02,-7.262296974658966064e-02,-7.436710596084594727e-02,2.756088972091674805e-01,-2.337768524885177612e-01,-1.683243513107299805e-01,-2.757106348872184753e-02,1.875719428062438965e-01,1.359272152185440063e-01,1.875719428062438965e-01,-2.757106348872184753e-02,-1.683243513107299805e-01,-2.337768524885177612e-01,2.756088972091674805e-01,-7.436710596084594727e-02,-7.262296974658966064e-02,9.364088624715805054e-02
-1.339831829071044922e+00
1.053936854004859924e-01,-1.738688051700592041e-01,1.665525883436203003e-01,-4.149489570409059525e-03,-2.574533820152282715e-01,1.457216143608093262e-01,2.372136563062667847e-01,2.425998151302337646e-01,1.430811882019042969e-01,2.425998151302337646e-01,2.372136563062667847e-01,1.457216143608093262e-01,-2.574533820152282715e-01,-4.149489570409059525e-03,1.665525883436203003e-01,-1.738688051700592041e-01,1.053936854004859924e-01
3.556437045335769653e-02,2.561948262155056000e-02,-1.563308089971542358e-01,2.976899147033691406e-01,-1.841807514429092407e-01,-1.996343433856964111e-01,-3.958922624588012695e-02,1.806631982326507568e-01,1.528538614511489868e-01,1.806631982326507568e-01,-3.958922624588012695e-02,-1.996343433856964111e-01,-1.841807514429092407e-01,2.976899147033691406e-01,-1.563308089971542358e-01,2.561948262155056000e-02,3.556437045335769653e-02
-1.464033246040344238e+00
7.842645794153213501e-02,-1.294693201780319214e-01,8.784722536802291870e-02,1.008297353982925415e-01,-3.161931931972503662e-01,1.325545012950897217e-01,2.269527614116668701e-01,2.664848268032073975e-01,1.307188421487808228e-01,2.664848268032073975e-01,2.269527614116668701e-01,1.325545012950897217e-01,-3.161931931972503662e-01,1.008297353982925415e-01,8.784722536802291870e-02,-1.294693201780319214e-01,7.842645794153213501e-02
-1.822208054363727570e-02,7.375065982341766357e-02,-1.964230388402938843e-01,2.723415791988372803e-01,-1.049035340547561646e-01,-2.472240626811981201e-01,-3.237994015216827393e-02,1.596201509237289429e-01,1.856890022754669189e-01,1.596201509237289429e-01,-3.237994015216827393e-02,-2.472240626811981201e-01,-1.049035340547561646e-01,2.723415791988372803e-01,-1.964230388402938843e-01,7.375065982341766357e-02,-1.822208054363727570e-02
-1.591844081878662109e+00
5.251561105251312256e-02,-8.049262315034866333e-02,6.361161824315786362e-03,1.788743585348129272e-01,-3.304683268070220947e-01,1.067190691828727722e-01,2.348851859569549561e-01,2.730059325695037842e-01,1.358567178249359131e-01,2.730059325695037842e-01,2.348851859569549561e-01,1.067190691828727722e-01,-3.304683268070220947e-01,1.788743585348129272e-01,6.361161824315786362e-03,-8.049262315034866333e-02,5.251561105251312256e-02
-4.084664583206176758e-02,1.010530516505241394e-01,-1.963479518890380859e-01,2.115769237279891968e-01,-1.214915886521339417e-02,-2.933358848094940186e-01,-2.249903045594692230e-02,1.316840052604675293e-01,2.198868244886398315e-01,1.316840052604675293e-01,-2.249903045594692230e-02,-2.933358848094940186e-01,-1.214915886521339417e-02,2.115769237279891968e-01,-1.963479518890380859e-01,1.010530516505241394e-01,-4.084664583206176758e-02
-1.723165392875671387e+00
2.313798107206821442e-02,-3.212993219494819641e-02,-5.101077258586883545e-02,2.214882373809814453e-01,-3.210684359073638916e-01,5.569038912653923035e-02,2.538120746612548828e-01,2.659864723682403564e-01,1.553731560707092285e-01,2.659864723682403564e-01,2.538120746612548828e-01,5.569038912653923035e-02,-3.210684359073638916e-01,2.214882373809814453e-01,-5.101077258586883545e-02,-3.212993219494819641e-02,2.313798107206821442e-02
-5.298235639929771423e-02,9.838006645441055298e-02,-1.665975600481033325e-01,1.416167169809341431e-01,7.337313145399093628e-02,-3.328076303005218506e-01,-1.743377372622489929e-02,1.104436665773391724e-01,2.478663176298141479e-01,1.104436665773391724e-01,-1.743377372622489929e-02,-3.328076303005218506e-01,7.337313145399093628e-02,1.416167169809341431e-01,-1.665975600481033325e-01,9.838006645441055298e-02,-5.298235639929771423e-02
-1.857905864715576172e+00
2.618525177240371704e-03,4.009610041975975037e-03,-8.830550312995910645e-02,2.360284179449081421e-01,-2.856107354164123535e-01,-2.168305451050400734e-03,2.827356457710266113e-01,2.521161139011383057e-01,1.822763383388519287e-01,2.521161139011383057e-01,2.827356457710266113e-01,-2.168305451050400734e-03,-2.856107354164123535e-01,2.360284179449081421e-01,-8.830550312995910645e-02,4.009610041975975037e-03,2.618525177240371704e-03
-4.706387221813201904e-02,8.435150235891342163e-02,-1.268026530742645264e-01,7.023087143898010254e-02,1.471320390701293945e-01,-3.544856905937194824e-01,-2.390176430344581604e-02,9.808169305324554443e-02,2.650875449180603027e-01,9.808169305324554443e-02,-2.390176430344581604e-02,-3.544856905937194824e-01,1.471320390701293945e-01,7.023087143898010254e-02,-1.268026530742645264e-01,8.435150235891342163e-02,-4.706387221813201904e-02
-1.995981097221374512e+00
-1.566853560507297516e-02,2.372581325471401215e-02,-1.058672815561294556e-01,2.305781692266464233e-01,-2.349525094032287598e-01,-6.320061534643173218e-02,3.110401332378387451e-01,2.356979250907897949e-01,2.103745341300964355e-01,2.356979250907897949e-01,3.110401332378387451e-01,-6.320061534643173218e-02,-2.349525094032287598e-01,2.305781692266464233e-01,-1.058672815561294556e-01,2.372581325471401215e-02,-1.566853560507297516e-02
-3.461227938532829285e-02,6.202338263392448425e-02,-8.731785416603088379e-02,5.489483475685119629e-03,2.031392753124237061e-01,-3.570675551891326904e-01,-4.180641472339630127e-02,9.622835367918014526e-02,2.711639404296875000e-01,9.622835367918014526e-02,-4.180641472339630127e-02,-3.570675551891326904e-01,2.031392753124237061e-01,5.489483475685119629e-03,-8.731785416603088379e-02,6.202338263392448425e-02,-3.461227938532829285e-02
-2.137312412261962891e+00
-1.582967862486839294e-02,3.689293563365936279e-02,-1.129656583070755005e-01,2.053543627262115479e-01,-1.769309788942337036e-01,-1.204920113086700439e-01,3.363659977912902832e-01,2.231166958808898926e-01,2.368007153272628784e-01,2.231166958808898926e-01,3.363659977912902832e-01,-1.204920113086700439e-01,-1.769309788942337036e-01,2.053543627262115479e-01,-1.129656583070755005e-01,3.689293563365936279e-02,-1.582967862486839294e-02
-2.036793529987335205e-02,4.295609891414642334e-02,-4.714795202016830444e-02,-4.649062827229499817e-02,2.380116581916809082e-01,-3.450438678264617920e-01,-6.942228227853775024e-02,1.042452454566955566e-01,2.680231332778930664e-01,1.042452454566955566e-01,-6.942228227853775024e-02,-3.450438678264617920e-01,2.380116581916809082e-01,-4.649062827229499817e-02,-4.714795202016830444e-02,4.295609891414642334e-02,-2.036793529987335205e-02
-2.281826257705688477e+00
-1.671747863292694092e-02,3.892443329095840454e-02,-1.065469011664390564e-01,1.758040338754653931e-01,-1.191495209932327271e-01,-1.745353341102600098e-01,3.525294065475463867e-01,2.144848406314849854e-01,2.567321062088012695e-01,2.144848406314849854e-01,3.525294065475463867e-01,-1.745353341102600098e-01,-1.191495209932327271e-01,1.758040338754653931e-01,-1.065469011664390564e-01,3.892443329095840454e-02,-1.671747863292694092e-02
-7.442263886332511902e-03,2.239696681499481201e-02,-1.690169237554073334e-02,-8.626881241798400879e-02,2.567368745803833008e-01,-3.191604614257812500e-01,-1.044509112834930420e-01,1.186446174979209900e-01,2.585013210773468018e-01,1.186446174979209900e-01,-1.044509112834930420e-01,-3.191604614257812500e-01,2.567368745803833008e-01,-8.626881241798400879e-02,-1.690169237554073334e-02,2.239696681499481201e-02,-7.442263886332511902e-03
-2.429454565048217773e+00
-1.517990883439779282e-02,3.638447448611259460e-02,-9.206442534923553467e-02,1.424734890460968018e-01,-6.614066660404205322e-02,-2.193238288164138794e-01,3.614390492439270020e-01,2.135693579912185669e-01,2.698899805545806885e-01,2.135693579912185669e-01,3.614390492439270020e-01,-2.193238288164138794e-01,-6.614066660404205322e-02,1.424734890460968018e-01,-9.206442534923553467e-02,3.638447448611259460e-02,-1.517990883439779282e-02
4.100657999515533447e-03,3.624379169195890427e-03,6.973919458687305450e-03,-1.106653064489364624e-01,2.622020840644836426e-01,-2.843465507030487061e-01,-1.430668681859970093e-01,1.370792835950851440e-01,2.452637702226638794e-01,1.370792835950851440e-01,-1.430668681859970093e-01,-2.843465507030487061e-01,2.622020840644836426e-01,-1.106653064489364624e-01,6.973919458687305450e-03,3.624379169195890427e-03,4.100657999515533447e-03
-2.580132961273193359e+00
1.024241968989372253e-01,1.350432932376861572e-01,-1.402959823608398438e-01,-1.807910054922103882e-01,1.048194319009780884e-01,1.950154304504394531e-01,2.055365741252899170e-01,1.380729079246520996e-01,1.627996712923049927e-01,1.380729079246520996e-01,2.055365741252899170e-01,1.950154304504394531e-01,1.048194319009780884e-01,-1.807910054922103882e-01,-1.402959823608398438e-01,1.350432932376861572e-01,1.024241968989372253e-01
-1.909921169281005859e-01,2.033852189779281616e-01,9.705410152673721313e-02,-1.310529559850692749e-01,-2.197238802909851074e-01,-3.926831856369972229e-02,5.355363339185714722e-02,1.505794376134872437e-01,1.278886646032333374e-01,1.505794376134872437e-01,5.355363339185714722e-02,-3.926831856369972229e-02,-2.197238802909851074e-01,-1.310529559850692749e-01,9.705410152673721313e-02,2.033852189779281616e-01,-1.909921169281005859e-01
-3.271071612834930420e-01
-2.066272310912609100e-02,-1.904357373714447021e-01,-1.213836669921875000e-01,8.539064973592758179e-02,1.266347914934158325e-01,1.728995591402053833e-01,1.567548215389251709e-01,1.518021970987319946e-01,9.553366154432296753e-02,1.518021970987319946e-01,1.567548215389251709e-01,1.728995591402053833e-01,1.266347914934158325e-01,8.539064973592758179e-02,-1.213836669921875000e-01,-1.904357373714447021e-01,-2.066272310912609100e-02
1.489528119564056396e-01,3.791570290923118591e-02,-1.111965328454971313e-01,-1.690569967031478882e-01,-5.478147044777870178e-02,-4.871979355812072754e-03,6.882839649915695190e-02,1.100651621818542480e-01,1.566500365734100342e-01,1.100651621818542480e-01,6.882839649915695190e-02,-4.871979355812072754e-03,-5.478147044777870178e-02,-1.690569967031478882e-01,-1.111965328454971313e-01,3.791570290923118591e-02,1.489528119564056396e-01
-4.067060351371765137e-01
1.189450025558471680e-01,-1.323831230401992798e-01,-1.631370782852172852e-01,-5.133230704814195633e-03,1.538803577423095703e-01,1.657786518335342407e-01,1.521335095167160034e-01,1.279612034559249878e-01,1.369103491306304932e-01,1.279612034559249878e-01,1.521335095167160034e-01,1.657786518335342407e-01,1.538803577423095703e-01,-5.133230704814195633e-03,-1.631370782852172852e-01,-1.323831230401992798e-01,1.189450025558471680e-01
9.290287643671035767e-02,1.967786550521850586e-01,-9.714709967374801636e-02,-1.898041218519210815e-01,-1.352198868989944458e-01,3.092603944242000580e-02,4.824400693178176880e-02,1.414025872945785522e-01,1.309793293476104736e-01,1.414025872945785522e-01,4.824400693178176880e-02,3.092603944242000580e-02,-1.352198868989944458e-01,-1.898041218519210815e-01,-9.714709967374801636e-02,1.967786550521850586e-01,9.290287643671035767e-02
-4.918165504932403564e-01
1.471461653709411621e-01,6.389053887687623501e-04,-2.009440362453460693e-01,-7.314638048410415649e-02,9.790595620870590210e-02,2.071274518966674805e-01,1.591956913471221924e-01,1.399866342544555664e-01,1.039833202958106995e-01,1.399866342544555664e-01,1.591956913471221924e-01,2.071274518966674805e-01,9.790595620870590210e-02,-7.314638048410415649e-02,-2.009440362453460693e-01,6.389053887687623501e-04,1.471461653709411621e-01
3.915839269757270813e-02,1.936539262533187866e-01,1.796255260705947876e-02,-2.163316756486892700e-01,-1.159825921058654785e-01,-2.820212393999099731e-02,7.752391695976257324e-02,1.093724817037582397e-01,1.795026063919067383e-01,1.093724817037582397e-01,7.752391695976257324e-02,-2.820212393999099731e-02,-1.159825921058654785e-01,-2.163316756486892700e-01,1.796255260705947876e-02,1.936539262533187866e-01,3.915839269757270813e-02
-5.821056365966796875e-01
1.529347002506256104e-01,6.845273822546005249e-02,-1.529712826013565063e-01,-1.771365702152252197e-01,1.056208387017250061e-01,1.618373245000839233e-01,1.987636387348175049e-01,1.348794847726821899e-01,1.805589348077774048e-01,1.348794847726821899e-01,1.987636387348175049e-01,1.618373245000839233e-01,1.056208387017250061e-01,-1.771365702152252197e-01,-1.529712826013565063e-01,6.845273822546005249e-02,1.529347002506256104e-01
-1.497837752103805542e-01,1.777403503656387329e-01,7.326146215200424194e-02,-1.482296139001846313e-01,-1.749306470155715942e-01,-5.052912980318069458e-02,4.016636684536933899e-02,1.135787293314933777e-01,1.342544257640838623e-01,1.135787293314933777e-01,4.016636684536933899e-02,-5.052912980318069458e-02,-1.749306470155715942e-01,-1.482296139001846313e-01,7.326146215200424194e-02,1.777403503656387329e-01,-1.497837752103805542e-01
-6.772937774658203125e-01
-5.023261159658432007e-02,2.277974635362625122e-01,-1.386590301990509033e-01,-1.725880503654479980e-01,4.349004104733467102e-02,2.189402431249618530e-01,1.749391257762908936e-01,1.531915068626403809e-01,1.196001023054122925e-01,1.531915068626403809e-01,1.749391257762908936e-01,2.189402431249618530e-01,4.349004104733467102e-02,-1.725880503654479980e-01,-1.386590301990509033e-01,2.277974635362625122e-01,-5.023261159658432007e-02
-2.485886961221694946e-01,1.452046334743499756e-01,1.403553932905197144e-01,-9.633247554302215576e-02,-2.409220188856124878e-01,-4.053093865513801575e-02,6.835899502038955688e-02,1.577104181051254272e-01,1.170142292976379395e-01,1.577104181051254272e-01,6.835899502038955688e-02,-4.053093865513801575e-02,-2.409220188856124878e-01,-9.633247554302215576e-02,1.403553932905197144e-01,1.452046334743499756e-01,-2.485886961221694946e-01
-7.771421670913696289e-01
-2.239246666431427002e-01,2.594457566738128662e-01,-8.748409152030944824e-02,-1.906466484069824219e-01,-2.359130792319774628e-02,2.265524119138717651e-01,1.734523177146911621e-01,1.721974462270736694e-01,1.021445393562316895e-01,1.721974462270736694e-01,1.734523177146911621e-01,2.265524119138717651e-01,-2.359130792319774628e-02,-1.906466484069824219e-01,-8.748409152030944824e-02,2.594457566738128662e-01,-2.239246666431427002e-01
-1.409060657024383545e-01,-5.656373500823974609e-02,2.405568808317184448e-01,-7.274853438138961792e-02,-2.149706333875656128e-01,-1.228853315114974976e-01,7.688413560390472412e-02,1.003804951906204224e-01,1.404350996017456055e-01,1.003804951906204224e-01,7.688413560390472412e-02,-1.228853315114974976e-01,-2.149706333875656128e-01,-7.274853438138961792e-02,2.405568808317184448e-01,-5.656373500823974609e-02,-1.409060657024383545e-01
-8.814436793327331543e-01
-2.046577632427215576e-01,1.610943228006362915e-01,7.367940992116928101e-02,-2.402809113264083862e-01,-3.656807541847229004e-02,1.850835829973220825e-01,2.390926629304885864e-01,1.782059073448181152e-01,1.629997044801712036e-01,1.782059073448181152e-01,2.390926629304885864e-01,1.850835829973220825e-01,-3.656807541847229004e-02,-2.402809113264083862e-01,7.367940992116928101e-02,1.610943228006362915e-01,-2.046577632427215576e-01
5.220832675695419312e-02,-2.130442112684249878e-01,2.647155523300170898e-01,-3.213530778884887695e-02,-1.978202164173126221e-01,-1.664166301488876343e-01,9.431951493024826050e-02,8.491516858339309692e-02,1.634293496608734131e-01,8.491516858339309692e-02,9.431951493024826050e-02,-1.664166301488876343e-01,-1.978202164173126221e-01,-3.213530778884887695e-02,2.647155523300170898e-01,-2.130442112684249878e-01,5.220832675695419312e-02
-9.900165200233459473e-01
-1.009880453348159790e-01,-1.282240822911262512e-02,2.100639492273330688e-01,-2.601825296878814697e-01,-4.989123716950416565e-02,1.386963427066802979e-01,2.772203683853149414e-01,1.534282118082046509e-01,1.874995827674865723e-01,1.534282118082046509e-01,2.772203683853149414e-01,1.386963427066802979e-01,-4.989123716950416565e-02,-2.601825296878814697e-01,2.100639492273330688e-01,-1.282240822911262512e-02,-1.009880453348159790e-01
1.600293517112731934e-01,-2.506023049354553223e-01,1.844597011804580688e-01,8.559218794107437134e-02,-2.120479345321655273e-01,-1.764180064201354980e-01,5.429298803210258484e-02,1.362113803625106812e-01,1.727239191532135010e-01,1.362113803625106812e-01,5.429298803210258484e-02,-1.764180064201354980e-01,-2.120479345321655273e-01,8.559218794107437134e-02,1.844597011804580688e-01,-2.506023049354553223e-01,1.600293517112731934e-01
-1.102699279785156250e+00
2.005107328295707703e-02,-1.259967982769012451e-01,2.735298573970794678e-01,-2.184565067291259766e-01,-1.097407341003417969e-01,1.189250499010086060e-01,2.814660668373107910e-01,1.765570789575576782e-01,1.976144015789031982e-01,1.765570789575576782e-01,2.814660668373107910e-01,1.189250499010086060e-01,-1.097407341003417969e-01,-2.184565067291259766e-01,2.735298573970794678e-01,-1.259967982769012451e-01,2.005107328295707703e-02
1.491941362619400024e-01,-1.745027750730514526e-01,5.514464527368545532e-02,1.950000375509262085e-01,-2.426892518997192383e-01,-1.597683727741241455e-01,1.221534051001071930e-02,1.687224507331848145e-01,1.408119201660156250e-01,1.687224507331848145e-01,1.221534051001071930e-02,-1.597683727741241455e-01,-2.426892518997192383e-01,1.950000375509262085e-01,5.514464527368545532e-02,-1.745027750730514526e-01,1.491941362619400024e-01
-1.219347834587097168e+00
7.944346219301223755e-02,-1.832818090915679932e-01,2.470514327287673950e-01,-1.202498823404312134e-01,-1.885523200035095215e-01,1.303168386220932007e-01,2.605353295803070068e-01,2.071202844381332397e-01,1.670037209987640381e-01,2.071202844381332397e-01,2.605353295803070068e-01,1.303168386220932007e-01,-1.885523200035095215e-01,-1.202498823404312134e-01,2.470514327287673950e-01,-1.832818090915679932e-01,7.944346219301223755e-02
9.499482065439224243e-02,-7.423553615808486938e-02,-7.563892006874084473e-02,2.752553820610046387e-01,-2.342143952846527100e-01,-1.689304560422897339e-01,-2.791607752442359924e-02,1.879213154315948486e-01,1.361322402954101562e-01,1.879213154315948486e-01,-2.791607752442359924e-02,-1.689304560422897339e-01,-2.342143952846527100e-01,2.752553820610046387e-01,-7.563892006874084473e-02,-7.423553615808486938e-02,9.499482065439224243e-02
-1.339831829071044922e+00
1.045834496617317200e-01,-1.725319176912307739e-01,1.696952879428863525e-01,-2.927339868620038033e-03,-2.594833970069885254e-01,1.428540945053100586e-01,2.369181364774703979e-01,2.453114837408065796e-01,1.449286341667175293e-01,2.453114837408065796e-01,2.369181364774703979e-01,1.428540945053100586e-01,-2.594833970069885254e-01,-2.927339868620038033e-03,1.696952879428863525e-01,-1.725319176912307739e-01,1.045834496617317200e-01
3.584041073918342590e-02,2.139581181108951569e-02,-1.588550359010696411e-01,2.970907688140869141e-01,-1.856084764003753662e-01,-2.006290704011917114e-01,-3.844002261757850647e-02,1.823421567678451538e-01,1.536702513694763184e-01,1.823421567678451538e-01,-3.844002261757850647e-02,-2.006290704011917114e-01,-1.856084764003753662e-01,2.970907688140869141e-01,-1.588550359010696411e-01,2.139581181108951569e-02,3.584041073918342590e-02
-1.464033246040344238e+00
7.815448194742202759e-02,-1.271376311779022217e-01,8.952941745519638062e-02,9.969530999660491943e-02,-3.164420425891876221e-01,1.370755583047866821e-01,2.315440922975540161e-01,2.691381573677062988e-01,1.318130344152450562e-01,2.691381573677062988e-01,2.315440922975540161e-01,1.370755583047866821e-01,-3.164420425891876221e-01,9.969530999660491943e-02,8.952941745519638062e-02,-1.271376311779022217e-01,7.815448194742202759e-02
-1.930511370301246643e-02,7.095864415168762207e-02,-1.970306187868118286e-01,2.725208103656768799e-01,-1.052373275160789490e-01,-2.463987916707992554e-01,-3.123168088495731354e-02,1.574255675077438354e-01,1.830505877733230591e-01,1.574255675077438354e-01,-3.123168088495731354e-02,-2.463987916707992554e-01,-1.052373275160789490e-01,2.725208103656768799e-01,-1.970306187868118286e-01,7.095864415168762207e-02,-1.930511370301246643e-02
-1.591844081878662109e+00
5.611769855022430420e-02,-8.179488033056259155e-02,4.317521117627620697e-03,1.800648123025894165e-01,-3.287965953350067139e-01,1.068960279226303101e-01,2.346768081188201904e-01,2.742311954498291016e-01,1.375114470720291138e-01,2.742311954498291016e-01,2.346768081188201904e-01,1.068960279226303101e-01,-3.287965953350067139e-01,1.800648123025894165e-01,4.317521117627620697e-03,-8.179488033056259155e-02,5.611769855022430420e-02
-4.065439850091934204e-02,1.016020327806472778e-01,-1.952571868896484375e-01,2.111152261495590210e-01,-1.425835583359003067e-02,-2.943968474864959717e-01,-2.205055952072143555e-02,1.320052593946456909e-01,2.194873541593551636e-01,1.320052593946456909e-01,-2.205055952072143555e-02,-2.943968474864959717e-01,-1.425835583359003067e-02,2.111152261495590210e-01,-1.952571868896484375e-01,1.016020327806472778e-01,-4.065439850091934204e-02
-1.723165392875671387e+00
2.261071279644966125e-02,-3.297884017229080200e-02,-5.035345256328582764e-02,2.240942418575286865e-01,-3.192510306835174561e-01,5.649764835834503174e-02,2.540668547153472900e-01,2.666561007499694824e-01,1.562534868717193604e-01,2.666561007499694824e-01,2.540668547153472900e-01,5.649764835834503174e-02,-3.192510306835174561e-01,2.240942418575286865e-01,-5.035345256328582764e-02,-3.297884017229080200e-02,2.261071279644966125e-02
-5.433645844459533691e-02,9.628751873970031738e-02,-1.662061214447021484e-01,1.420817524194717407e-01,7.243642210960388184e-02,-3.330876231193542480e-01,-1.668009534478187561e-02,1.098370105028152466e-01,2.465631812810897827e-01,1.098370105028152466e-01,-1.668009534478187561e-02,-3.330876231193542480e-01,7.243642210960388184e-02,1.420817524194717407e-01,-1.662061214447021484e-01,9.628751873970031738e-02,-5.433645844459533691e-02
-1.857905864715576172e+00
2.338249469175934792e-03,-5.485210567712783813e-04,-9.191751480102539062e-02,2.372889518737792969e-01,-2.827187180519104004e-01,-1.064515206962823868e-03,2.821573913097381592e-01,2.518725395202636719e-01,1.824645698070526123e-01,2.518725395202636719e-01,2.821573913097381592e-01,-1.064515206962823868e-03,-2.827187180519104004e-01,2.372889518737792969e-01,-9.191751480102539062e-02,-5.485210567712783813e-04,2.338249469175934792e-03
-4.615332931280136108e-02,8.581335097551345825e-02,-1.279480755329132080e-01,6.706365942955017090e-02,1.460180133581161499e-01,-3.530557453632354736e-01,-2.238231524825096130e-02,9.783762693405151367e-02,2.641261219978332520e-01,9.783762693405151367e-02,-2.238231524825096130e-02,-3.530557453632354736e-01,1.460180133581161499e-01,6.706365942955017090e-02,-1.279480755329132080e-01,8.581335097551345825e-02,-4.615332931280136108e-02
-1.995981097221374512e+00
-1.138163357973098755e-02,2.181360311806201935e-02,-1.105282530188560486e-01,2.301800101995468140e-01,-2.323691248893737793e-01,-6.206418201327323914e-02,3.101218342781066895e-01,2.349170893430709839e-01,2.100775241851806641e-01,2.349170893430709839e-01,3.101218342781066895e-01,-6.206418201327323914e-02,-2.323691248893737793e-01,2.301800101995468140e-01,-1.105282530188560486e-01,2.181360311806201935e-02,-1.138163357973098755e-02
-3.499191626906394958e-02,6.506510078907012939e-02,-8.509337157011032104e-02,4.038316663354635239e-03,2.009063065052032471e-01,-3.570129573345184326e-01,-4.037411883473396301e-02,9.542238712310791016e-02,2.693185806274414062e-01,9.542238712310791016e-02,-4.037411883473396301e-02,-3.570129573345184326e-01,2.009063065052032471e-01,4.038316663354635239e-03,-8.509337157011032104e-02,6.506510078907012939e-02,-3.499191626906394958e-02
-2.137312412261962891e+00
-1.913272403180599213e-02,3.352823853492736816e-02,-1.128830760717391968e-01,2.086350321769714355e-01,-1.760680973529815674e-01,-1.208642125129699707e-01,3.353615105152130127e-01,2.212213873863220215e-01,2.347836941480636597e-01,2.212213873863220215e-01,3.353615105152130127e-01,-1.208642125129699707e-01,-1.760680973529815674e-01,2.086350321769714355e-01,-1.128830760717391968e-01,3.352823853492736816e-02,-1.913272403180599213e-02
-1.970819011330604553e-02,4.191149398684501648e-02,-4.824107885360717773e-02,-4.701792076230049133e-02,2.388448268175125122e-01,-3.429509401321411133e-01,-6.770353019237518311e-02,1.030210331082344055e-01,2.658909857273101807e-01,1.030210331082344055e-01,-6.770353019237518311e-02,-3.429509401321411133e-01,2.388448268175125122e-01,-4.701792076230049133e-02,-4.824107885360717773e-02,4.191149398684501648e-02,-1.970819011330604553e-02
-2.281826257705688477e+00
-1.998487859964370728e-02,3.511891141533851624e-02,-1.077659651637077332e-01,1.781289726495742798e-01,-1.178215593099594116e-01,-1.762843579053878784e-01,3.493466079235076904e-01,2.126213610172271729e-01,2.547728121280670166e-01,2.126213610172271729e-01,3.493466079235076904e-01,-1.762843579053878784e-01,-1.178215593099594116e-01,1.781289726495742798e-01,-1.077659651637077332e-01,3.511891141533851624e-02,-1.998487859964370728e-02
-5.127385724335908890e-03,2.644942700862884521e-02,-1.120359078049659729e-02,-8.500094711780548096e-02,2.542242705821990967e-01,-3.190772235393524170e-01,-1.005982831120491028e-01,1.206500381231307983e-01,2.574531733989715576e-01,1.206500381231307983e-01,-1.005982831120491028e-01,-3.190772235393524170e-01,2.542242705821990967e-01,-8.500094711780548096e-02,-1.120359078049659729e-02,2.644942700862884521e-02,-5.127385724335908890e-03
-2.429454565048217773e+00
-1.382549479603767395e-02,3.347283974289894104e-02,-9.634812176227569580e-02,1.424456685781478882e-01,-6.325542181730270386e-02,-2.170445919036865234e-01,3.609350025653839111e-01,2.111594378948211670e-01,2.673363983631134033e-01,2.111594378948211670e-01,3.609350025653839111e-01,-2.170445919036865234e-01,-6.325542181730270386e-02,1.424456685781478882e-01,-9.634812176227569580e-02,3.347283974289894104e-02,-1.382549479603767395e-02
5.588581319898366928e-03,8.574033156037330627e-03,9.189795702695846558e-03,-1.120679676532745361e-01,2.625054717063903809e-01,-2.818227410316467285e-01,-1.414611488580703735e-01,1.356772780418395996e-01,2.434807866811752319e-01,1.356772780418395996e-01,-1.414611488580703735e-01,-2.818227410316467285e-01,2.625054717063903809e-01,-1.120679676532745361e-01,9.189795702695846558e-03,8.574033156037330627e-03,5.588581319898366928e-03
-2.580132961273193359e+00
1.025967970490455627e-01,1.329034864902496338e-01,-1.438911110162734985e-01,-1.840372383594512939e-01,9.936302900314331055e-02,1.890255361795425415e-01,2.018238455057144165e-01,1.372589468955993652e-01,1.634174138307571411e-01,1.372589468955993652e-01,2.018238455057144165e-01,1.890255361795425415e-01,9.936302900314331055e-02,-1.840372383594512939e-01,-1.438911110162734985e-01,1.329034864902496338e-01,1.025967970490455627e-01
-2.040387839078903198e-01,1.843681335449218750e-01,8.728681504726409912e-02,-1.208663284778594971e-01,-2.085912376642227173e-01,-4.143769294023513794e-02,4.205266013741493225e-02,1.465923339128494263e-01,1.287547349929809570e-01,1.465923339128494263e-01,4.205266013741493225e-02,-4.143769294023513794e-02,-2.085912376642227173e-01,-1.208663284778594971e-01,8.728681504726409912e-02,1.843681335449218750e-01,-2.040387839078903198e-01
-3.271071612834930420e-01
-3.037176840007305145e-02,-2.220726460218429565e-01,-1.357173174619674683e-01,8.023193478584289551e-02,1.196072548627853394e-01,1.834391206502914429e-01,1.758871078491210938e-01,1.396356076002120972e-01,7.139049470424652100e-02,1.396356076002120972e-01,1.758871078491210938e-01,1.834391206502914429e-01,1.196072548627853394e-01,8.023193478584289551e-02,-1.357173174619674683e-01,-2.220726460218429565e-01,-3.037176840007305145e-02
9.669279307126998901e-02,2.599954977631568909e-02,-5.318976566195487976e-02,-1.354329735040664673e-01,-8.892951905727386475e-02,-1.815249957144260406e-02,9.900826960802078247e-02,1.085987538099288940e-01,1.231547743082046509e-01,1.085987538099288940e-01,9.900826960802078247e-02,-1.815249957144260406e-02,-8.892951905727386475e-02,-1.354329735040664673e-01,-5.318976566195487976e-02,2.599954977631568909e-02,9.669279307126998901e-02
-4.067060351371765137e-01
9.902798384428024292e-02,-1.367567479610443115e-01,-1.449007242918014526e-01,-1.139924675226211548e-02,1.218614801764488220e-01,1.672975718975067139e-01,1.811033338308334351e-01,1.312740594148635864e-01,1.191239953041076660e-01,1.312740594148635864e-01,1.811033338308334351e-01,1.672975718975067139e-01,1.218614801764488220e-01,-1.139924675226211548e-02,-1.449007242918014526e-01,-1.367567479610443115e-01,9.902798384428024292e-02
9.106357395648956299e-02,1.981897056102752686e-01,-1.012319251894950867e-01,-1.876963675022125244e-01,-1.261878758668899536e-01,3.285254910588264465e-02,3.800397366285324097e-02,1.351652294397354126e-01,1.310065537691116333e-01,1.351652294397354126e-01,3.800397366285324097e-02,3.285254910588264465e-02,-1.261878758668899536e-01,-1.876963675022125244e-01,-1.012319251894950867e-01,1.981897056102752686e-01,9.106357395648956299e-02
-4.918165504932403564e-01
1.613982021808624268e-01,1.025821641087532043e-02,-1.973589211702346802e-01,-6.955750286579132080e-02,1.010114327073097229e-01,2.056358605623245239e-01,1.603280305862426758e-01,1.518860161304473877e-01,1.175042241811752319e-01,1.518860161304473877e-01,1.603280305862426758e-01,2.056358605623245239e-01,1.010114327073097229e-01,-6.955750286579132080e-02,-1.973589211702346802e-01,1.025821641087532043e-02,1.613982021808624268e-01
3.734556958079338074e-02,1.888180375099182129e-01,1.786764897406101227e-02,-2.216145694255828857e-01,-1.222880333662033081e-01,-3.486442193388938904e-02,7.678120583295822144e-02,1.008825525641441345e-01,1.699253618717193604e-01,1.008825525641441345e-01,7.678120583295822144e-02,-3.486442193388938904e-02,-1.222880333662033081e-01,-2.216145694255828857e-01,1.786764897406101227e-02,1.888180375099182129e-01,3.734556958079338074e-02
-5.821056365966796875e-01
1.609072238206863403e-01,8.189775049686431885e-02,-1.472625732421875000e-01,-1.731592565774917603e-01,1.265117824077606201e-01,1.826778650283813477e-01,2.041144967079162598e-01,1.256335228681564331e-01,1.695744693279266357e-01,1.256335228681564331e-01,2.041144967079162598e-01,1.826778650283813477e-01,1.265117824077606201e-01,-1.731592565774917603e-01,-1.472625732421875000e-01,8.189775049686431885e-02,1.609072238206863403e-01
-1.219769567251205444e-01,2.109463363885879517e-01,8.857765793800354004e-02,-1.676173806190490723e-01,-1.923170387744903564e-01,-4.073321446776390076e-02,6.677673012018203735e-02,1.244499459862709045e-01,1.353556513786315918e-01,1.244499459862709045e-01,6.677673012018203735e-02,-4.073321446776390076e-02,-1.923170387744903564e-01,-1.676173806190490723e-01,8.857765793800354004e-02,2.109463363885879517e-01,-1.219769567251205444e-01
-6.772937774658203125e-01
-4.834186285734176636e-02,2.297001183032989502e-01,-1.402440965175628662e-01,-1.762314438819885254e-01,4.014840722084045410e-02,2.179122567176818848e-01,1.740822494029998779e-01,1.509539633989334106e-01,1.173275560140609741e-01,1.509539633989334106e-01,1.740822494029998779e-01,2.179122567176818848e-01,4.014840722084045410e-02,-1.762314438819885254e-01,-1.402440965175628662e-01,2.297001183032989502e-01,-4.834186285734176636e-02
-2.525632381439208984e-01,1.380897462368011475e-01,1.386601477861404419e-01,-8.971390128135681152e-02,-2.364899367094039917e-01,-4.354446008801460266e-02,6.287653744220733643e-02,1.587486565113067627e-01,1.202789396047592163e-01,1.587486565113067627e-01,6.287653744220733643e-02,-4.354446008801460266e-02,-2.364899367094039917e-01,-8.971390128135681152e-02,1.386601477861404419e-01,1.380897462368011475e-01,-2.525632381439208984e-01
-7.771421670913696289e-01
-1.991329342126846313e-01,2.767524719238281250e-01,-8.208535611629486084e-02,-1.947634667158126831e-01,-3.128226473927497864e-02,2.245728522539138794e-01,1.798369735479354858e-01,1.858592778444290161e-01,1.147545874118804932e-01,1.858592778444290161e-01,1.798369735479354858e-01,2.245728522539138794e-01,-3.128226473927497864e-02,-1.947634667158126831e-01,-8.208535611629486084e-02,2.767524719238281250e-01,-1.991329342126846313e-01
-1.386303305625915527e-01,-5.923284217715263367e-02,2.396510243415832520e-01,-6.507197022438049316e-02,-2.115594148635864258e-01,-1.290258020162582397e-01,7.128588110208511353e-02,1.112195625901222229e-01,1.535318046808242798e-01,1.112195625901222229e-01,7.128588110208511353e-02,-1.290258020162582397e-01,-2.115594148635864258e-01,-6.507197022438049316e-02,2.396510243415832520e-01,-5.923284217715263367e-02,-1.386303305625915527e-01
-8.814436793327331543e-01
-2.087454646825790405e-01,1.626539230346679688e-01,7.637438178062438965e-02,-2.409622073173522949e-01,-3.970926627516746521e-02,1.820856332778930664e-01,2.390860170125961304e-01,1.810671836137771606e-01,1.657847911119461060e-01,1.810671836137771606e-01,2.390860170125961304e-01,1.820856332778930664e-01,-3.970926627516746521e-02,-2.409622073173522949e-01,7.637438178062438965e-02,1.626539230346679688e-01,-2.087454646825790405e-01
5.254427343606948853e-02,-2.101541161537170410e-01,2.676353156566619873e-01,-3.089922666549682617e-02,-1.949190348386764526e-01,-1.606943309307098389e-01,1.000562831759452820e-01,8.322461694478988647e-02,1.602990329265594482e-01,8.322461694478988647e-02,1.000562831759452820e-01,-1.606943309307098389e-01,-1.949190348386764526e-01,-3.089922666549682617e-02,2.676353156566619873e-01,-2.101541161537170410e-01,5.254427343606948853e-02
-9.900165200233459473e-01
-9.403809159994125366e-02,-1.452228054404258728e-03,2.131279557943344116e-01,-2.638763189315795898e-01,-5.414922907948493958e-02,1.297241300344467163e-01,2.726429402828216553e-01,1.615079492330551147e-01,2.006393373012542725e-01,1.615079492330551147e-01,2.726429402828216553e-01,1.297241300344467163e-01,-5.414922907948493958e-02,-2.638763189315795898e-01,2.131279557943344116e-01,-1.452228054404258728e-03,-9.403809159994125366e-02
1.393461823463439941e-01,-2.568532526493072510e-01,1.897254735231399536e-01,8.282405138015747070e-02,-2.168983221054077148e-01,-1.722557097673416138e-01,6.053688004612922668e-02,1.253494918346405029e-01,1.604680567979812622e-01,1.253494918346405029e-01,6.053688004612922668e-02,-1.722557097673416138e-01,-2.168983221054077148e-01,8.282405138015747070e-02,1.897254735231399536e-01,-2.568532526493072510e-01,1.393461823463439941e-01
-1.102699279785156250e+00
1.637991517782211304e-02,-1.320735812187194824e-01,2.684007883071899414e-01,-2.200497239828109741e-01,-1.089407429099082947e-01,1.199216097593307495e-01,2.805560827255249023e-01,1.736306846141815186e-01,1.946660578250885010e-01,1.736306846141815186e-01,2.805560827255249023e-01,1.199216097593307495e-01,-1.089407429099082947e-01,-2.200497239828109741e-01,2.684007883071899414e-01,-1.320735812187194824e-01,1.637991517782211304e-02
1.490044146776199341e-01,-1.757594197988510132e-01,5.490694567561149597e-02,1.967978775501251221e-01,-2.404601573944091797e-01,-1.585131585597991943e-01,1.310342922806739807e-02,1.687477529048919678e-01,1.404603570699691772e-01,1.687477529048919678e-01,1.310342922806739807e-02,-1.585131585597991943e-01,-2.404601573944091797e-01,1.967978775501251221e-01,5.490694567561149597e-02,-1.757594197988510132e-01,1.490044146776199341e-01
-1.219347834587097168e+00
8.454887568950653076e-02,-1.830774694681167603e-01,2.431264072656631470e-01,-1.211225837469100952e-01,-1.863847225904464722e-01,1.301345527172088623e-01,2.583267390727996826e-01,2.069024294614791870e-01,1.685987263917922974e-01,2.069024294614791870e-01,2.583267390727996826e-01,1.301345527172088623e-01,-1.863847225904464722e-01,-1.211225837469100952e-01,2.431264072656631470e-01,-1.830774694681167603e-01,8.454887568950653076e-02
9.457752853631973267e-02,-7.252380251884460449e-02,-7.274504005908966064e-02,2.764474153518676758e-01,-2.351969480514526367e-01,-1.682495772838592529e-01,-2.547785267233848572e-02,1.877159029245376587e-01,1.346649229526519775e-01,1.877159029245376587e-01,-2.547785267233848572e-02,-1.682495772838592529e-01,-2.351969480514526367e-01,2.764474153518676758e-01,-7.274504005908966064e-02,-7.252380251884460449e-02,9.457752853631973267e-02
-1.339831829071044922e+00
1.053377017378807068e-01,-1.759479641914367676e-01,1.664305329322814941e-01,-3.230080241337418556e-03,-2.583782374858856201e-01,1.440485417842864990e-01,2.372353374958038330e-01,2.432012408971786499e-01,1.435444653034210205e-01,2.432012408971786499e-01,2.372353374958038330e-01,1.440485417842864990e-01,-2.583782374858856201e-01,-3.230080241337418556e-03,1.664305329322814941e-01,-1.759479641914367676e-01,1.053377017378807068e-01
3.683626651763916016e-02,2.325620874762535095e-02,-1.588157564401626587e-01,2.966908514499664307e-01,-1.852062791585922241e-01,-1.999119669198989868e-01,-3.913779929280281067e-02,1.801620125770568848e-01,1.518337726593017578e-01,1.801620125770568848e-01,-3.913779929280281067e-02,-1.999119669198989868e-01,-1.852062791585922241e-01,2.966908514499664307e-01,-1.588157564401626587e-01,2.325620874762535095e-02,3.683626651763916016e-02
-1.464033246040344238e+00
7.506771385669708252e-02,-1.281891167163848877e-01,8.933968842029571533e-02,9.801096469163894653e-02,-3.187557160854339600e-01,1.375396400690078735e-01,2.337127029895782471e-01,2.707576155662536621e-01,1.326115876436233521e-01,2.707576155662536621e-01,2.337127029895782471e-01,1.375396400690078735e-01,-3.187557160854339600e-01,9.801096469163894653e-02,8.933968842029571533e-02,-1.281891167163848877e-01,7.506771385669708252e-02
-2.042502723634243011e-02,6.741050630807876587e-02,-1.984286457300186157e-01,2.728136479854583740e-01,-1.044652387499809265e-01,-2.444478571414947510e-01,-2.949241548776626587e-02,1.545914858579635620e-01,1.797256469726562500e-01,1.545914858579635620e-01,-2.949241548776626587e-02,-2.444478571414947510e-01,-1.044652387499809265e-01,2.728136479854583740e-01,-1.984286457300186157e-01,6.741050630807876587e-02,-2.042502723634243011e-02
-1.591844081878662109e+00
4.814603924751281738e-02,-8.147752285003662109e-02,8.793498389422893524e-03,1.808011233806610107e-01,-3.333683013916015625e-01,1.016181409358978271e-01,2.326942086219787598e-01,2.736152410507202148e-01,1.373288035392761230e-01,2.736152410507202148e-01,2.326942086219787598e-01,1.016181409358978271e-01,-3.333683013916015625e-01,1.808011233806610107e-01,8.793498389422893524e-03,-8.147752285003662109e-02,4.814603924751281738e-02
-4.598310217261314392e-02,9.337529540061950684e-02,-1.946931034326553345e-01,2.149461358785629272e-01,-1.450288482010364532e-02,-2.952473759651184082e-01,-2.059303782880306244e-02,1.320684105157852173e-01,2.181703448295593262e-01,1.320684105157852173e-01,-2.059303782880306244e-02,-2.952473759651184082e-01,-1.450288482010364532e-02,2.149461358785629272e-01,-1.946931034326553345e-01,9.337529540061950684e-02,-4.598310217261314392e-02
-1.723165392875671387e+00
1.943318173289299011e-02,-3.372987732291221619e-02,-4.954884201288223267e-02,2.236454039812088013e-01,-3.217942416667938232e-01,5.537155643105506897e-02,2.550334930419921875e-01,2.673270702362060547e-01,1.564607024192810059e-01,2.673270702362060547e-01,2.550334930419921875e-01,5.537155643105506897e-02,-3.217942416667938232e-01,2.236454039812088013e-01,-4.954884201288223267e-02,-3.372987732291221619e-02,1.943318173289299011e-02
-5.408330634236335754e-02,9.432494640350341797e-02,-1.661769002676010132e-01,1.427688747644424438e-01,7.215836644172668457e-02,-3.329767584800720215e-01,-1.580068469047546387e-02,1.089335978031158447e-01,2.449849098920822144e-01,1.089335978031158447e-01,-1.580068469047546387e-02,-3.329767584800720215e-01,7.215836644172668457e-02,1.427688747644424438e-01,-1.661769002676010132e-01,9.432494640350341797e-02,-5.408330634236335754e-02
-1.857905864715576172e+00
1.541789679322391748e-04,1.880336669273674488e-03,-8.772996813058853149e-02,2.386600226163864136e-01,-2.851816415786743164e-01,-1.251379610039293766e-03,2.847618162631988525e-01,2.540447711944580078e-01,1.837501674890518188e-01,2.540447711944580078e-01,2.847618162631988525e-01,-1.251379610039293766e-03,-2.851816415786743164e-01,2.386600226163864136e-01,-8.772996813058853149e-02,1.880336669273674488e-03,1.541789679322391748e-04
-4.636713489890098572e-02,8.256502449512481689e-02,-1.261830627918243408e-01,7.022272050380706787e-02,1.456905156373977661e-01,-3.536199331283569336e-01,-2.121005766093730927e-02,9.670111536979675293e-02,2.619097828865051270e-01,9.670111536979675293e-02,-2.121005766093730927e-02,-3.536199331283569336e-01,1.456905156373977661e-01,7.022272050380706787e-02,-1.261830627918243408e-01,8.256502449512481689e-02,-4.636713489890098572e-02
-1.995981097221374512e+00
-1.877823472023010254e-02,2.095536142587661743e-02,-1.068991497159004211e-01,2.303245514631271362e-01,-2.368282228708267212e-01,-6.397061794996261597e-02,3.118989169597625732e-01,2.362614721059799194e-01,2.103970646858215332e-01,2.362614721059799194e-01,3.118989169597625732e-01,-6.397061794996261597e-02,-2.368282228708267212e-01,2.303245514631271362e-01,-1.068991497159004211e-01,2.095536142587661743e-02,-1.877823472023010254e-02
-3.194375336170196533e-02,6.009262800216674805e-02,-9.073206037282943726e-02,2.758129034191370010e-03,2.028092294931411743e-01,-3.547538518905639648e-01,-3.893540054559707642e-02,9.508125483989715576e-02,2.683599293231964111e-01,9.508125483989715576e-02,-3.893540054559707642e-02,-3.547538518905639648e-01,2.028092294931411743e-01,2.758129034191370010e-03,-9.073206037282943726e-02,6.009262800216674805e-02,-3.194375336170196533e-02
-2.137312412261962891e+00
-2.619775757193565369e-02,3.169484809041023254e-02,-1.097729131579399109e-01,2.095410674810409546e-01,-1.796406358480453491e-01,-1.235229074954986572e-01,3.364697098731994629e-01,2.229442745447158813e-01,2.358480542898178101e-01,2.229442745447158813e-01,3.364697098731994629e-01,-1.235229074954986572e-01,-1.796406358480453491e-01,2.095410674810409546e-01,-1.097729131579399109e-01,3.169484809041023254e-02,-2.619775757193565369e-02
-1.739657670259475708e-02,3.853170946240425110e-02,-5.114040523767471313e-02,-4.796492308378219604e-02,2.384229004383087158e-01,-3.428950011730194092e-01,-6.688199937343597412e-02,1.030752211809158325e-01,2.651838660240173340e-01,1.030752211809158325e-01,-6.688199937343597412e-02,-3.428950011730194092e-01,2.384229004383087158e-01,-4.796492308378219604e-02,-5.114040523767471313e-02,3.853170946240425110e-02,-1.739657670259475708e-02
-2.281826257705688477e+00
-2.222307398915290833e-02,3.475006669759750366e-02,-1.071683466434478760e-01,1.770107597112655640e-01,-1.194334775209426880e-01,-1.734625995159149170e-01,3.547050356864929199e-01,2.154193073511123657e-01,2.554411292076110840e-01,2.154193073511123657e-01,3.547050356864929199e-01,-1.734625995159149170e-01,-1.194334775209426880e-01,1.770107597112655640e-01,-1.071683466434478760e-01,3.475006669759750366e-02,-2.222307398915290833e-02
-1.167214359156787395e-03,2.311994507908821106e-02,-1.726067066192626953e-02,-8.689144998788833618e-02,2.561768889427185059e-01,-3.178956210613250732e-01,-1.019663885235786438e-01,1.172972843050956726e-01,2.554370164871215820e-01,1.172972843050956726e-01,-1.019663885235786438e-01,-3.178956210613250732e-01,2.561768889427185059e-01,-8.689144998788833618e-02,-1.726067066192626953e-02,2.311994507908821106e-02,-1.167214359156787395e-03
-2.429454565048217773e+00
-1.265745609998703003e-02,3.381955996155738831e-02,-9.800596535205841064e-02,1.409882605075836182e-01,-6.313107162714004517e-02,-2.154468595981597900e-01,3.632498085498809814e-01,2.139612436294555664e-01,2.696706056594848633e-01,2.139612436294555664e-01,3.632498085498809814e-01,-2.154468595981597900e-01,-6.313107162714004517e-02,1.409882605075836182e-01,-9.800596535205841064e-02,3.381955996155738831e-02,-1.265745609998703003e-02
1.037919335067272186e-02,1.269480586051940918e-02,1.009243633598089218e-02,-1.149250119924545288e-01,2.593866288661956787e-01,-2.820067703723907471e-01,-1.395085304975509644e-01,1.365921497344970703e-01,2.428532093763351440e-01,1.365921497344970703e-01,-1.395085304975509644e-01,-2.820067703723907471e-01,2.593866288661956787e-01,-1.149250119924545288e-01,1.009243633598089218e-02,1.269480586051940918e-02,1.037919335067272186e-02
-2.580132961273193359e+00
9.142961353063583374e-02,1.294360905885696411e-01,-1.429347246885299683e-01,-1.865003257989883423e-01,9.174499660730361938e-02,1.837252527475357056e-01,2.006163746118545532e-01,1.386037766933441162e-01,1.647818237543106079e-01,1.386037766933441162e-01,2.006163746118545532e-01,1.837252527475357056e-01,9.174499660730361938e-02,-1.865003257989883423e-01,-1.429347246885299683e-01,1.294360905885696411e-01,9.142961353063583374e-02
-2.064696103334426880e-01,1.819125711917877197e-01,8.152990788221359253e-02,-1.245395541191101074e-01,-2.067922055721282959e-01,-3.881067037582397461e-02,4.124806821346282959e-02,1.472522765398025513e-01,1.308941692113876343e-01,1.472522765398025513e-01,4.124806821346282959e-02,-3.881067037582397461e-02,-2.067922055721282959e-01,-1.245395541191101074e-01,8.152990788221359253e-02,1.819125711917877197e-01,-2.064696103334426880e-01
-3.271071612834930420e-01
-2.042878232896327972e-02,-1.944434940814971924e-01,-1.322262287139892578e-01,8.843078464269638062e-02,1.396252363920211792e-01,1.725426763296127319e-01,1.415346413850784302e-01,1.533711552619934082e-01,1.102440804243087769e-01,1.533711552619934082e-01,1.415346413850784302e-01,1.725426763296127319e-01,1.396252363920211792e-01,8.843078464269638062e-02,-1.322262287139892578e-01,-1.944434940814971924e-01,-2.042878232896327972e-02
1.297195851802825928e-01,4.882494360208511353e-02,-1.235298886895179749e-01,-2.003171592950820923e-01,-6.157080084085464478e-02,1.009295694530010223e-02,6.995098292827606201e-02,9.225231409072875977e-02,1.419692188501358032e-01,9.225231409072875977e-02,6.995098292827606201e-02,1.009295694530010223e-02,-6.157080084085464478e-02,-2.003171592950820923e-01,-1.235298886895179749e-01,4.882494360208511353e-02,1.297195851802825928e-01
-4.067060351371765137e-01
8.760901540517807007e-02,-1.489672213792800903e-01,-1.525537818670272827e-01,-6.068198010325431824e-03,1.323280781507492065e-01,1.642690449953079224e-01,1.704002320766448975e-01,1.278960704803466797e-01,1.236931309103965759e-01,1.278960704803466797e-01,1.704002320766448975e-01,1.642690449953079224e-01,1.323280781507492065e-01,-6.068198010325431824e-03,-1.525537818670272827e-01,-1.489672213792800903e-01,8.760901540517807007e-02
9.894897043704986572e-02,2.068710476160049438e-01,-8.936308324337005615e-02,-1.761949360370635986e-01,-1.201859861612319946e-01,3.251041471958160400e-02,3.941141441464424133e-02,1.436655223369598389e-01,1.404762119054794312e-01,1.436655223369598389e-01,3.941141441464424133e-02,3.251041471958160400e-02,-1.201859861612319946e-01,-1.761949360370635986e-01,-8.936308324337005615e-02,2.068710476160049438e-01,9.894897043704986572e-02
-4.918165504932403564e-01
1.616611331701278687e-01,8.858546614646911621e-03,-1.928243637084960938e-01,-5.397360399365425110e-02,1.128330603241920471e-01,1.997158229351043701e-01,1.452349126338958740e-01,1.401810944080352783e-01,1.118055731058120728e-01,1.401810944080352783e-01,1.452349126338958740e-01,1.997158229351043701e-01,1.128330603241920471e-01,-5.397360399365425110e-02,-1.928243637084960938e-01,8.858546614646911621e-03,1.616611331701278687e-01
3.351857885718345642e-02,1.858164668083190918e-01,1.875085569918155670e-02,-2.235457748174667358e-01,-1.263226866722106934e-01,-3.572848811745643616e-02,7.827573269605636597e-02,9.656966477632522583e-02,1.627135127782821655e-01,9.656966477632522583e-02,7.827573269605636597e-02,-3.572848811745643616e-02,-1.263226866722106934e-01,-2.235457748174667358e-01,1.875085569918155670e-02,1.858164668083190918e-01,3.351857885718345642e-02
-5.821056365966796875e-01
1.525687426328659058e-01,7.745346426963806152e-02,-1.482735127210617065e-01,-1.710311770439147949e-01,1.268247216939926147e-01,1.771038472652435303e-01,1.994562745094299316e-01,1.305495202541351318e-01,1.775680929422378540e-01,1.305495202541351318e-01,1.994562745094299316e-01,1.771038472652435303e-01,1.268247216939926147e-01,-1.710311770439147949e-01,-1.482735127210617065e-01,7.745346426963806152e-02,1.525687426328659058e-01
-1.204150542616844177e-01,2.181073427200317383e-01,9.326606243848800659e-02,-1.716554164886474609e-01,-1.967464536428451538e-01,-3.980815038084983826e-02,6.705041974782943726e-02,1.245136409997940063e-01,1.346799582242965698e-01,1.245136409997940063e-01,6.705041974782943726e-02,-3.980815038084983826e-02,-1.967464536428451538e-01,-1.716554164886474609e-01,9.326606243848800659e-02,2.181073427200317383e-01,-1.204150542616844177e-01
-6.772937774658203125e-01
-4.635894298553466797e-02,2.335268706083297729e-01,-1.386060565710067749e-01,-1.753732115030288696e-01,4.211549088358879089e-02,2.195660024881362915e-01,1.753404587507247925e-01,1.538499891757965088e-01,1.201467216014862061e-01,1.538499891757965088e-01,1.753404587507247925e-01,2.195660024881362915e-01,4.211549088358879089e-02,-1.753732115030288696e-01,-1.386060565710067749e-01,2.335268706083297729e-01,-4.635894298553466797e-02
-2.512927055358886719e-01,1.348721981048583984e-01,1.390301138162612915e-01,-8.094856142997741699e-02,-2.328861057758331299e-01,-5.195347964763641357e-02,5.278185009956359863e-02,1.670084297657012939e-01,1.323946118354797363e-01,1.670084297657012939e-01,5.278185009956359863e-02,-5.195347964763641357e-02,-2.328861057758331299e-01,-8.094856142997741699e-02,1.390301138162612915e-01,1.348721981048583984e-01,-2.512927055358886719e-01
-7.771421670913696289e-01
-2.048775553703308105e-01,2.706363201141357422e-01,-8.529432117938995361e-02,-1.910786777734756470e-01,-2.401911467313766479e-02,2.264026552438735962e-01,1.775552481412887573e-01,1.869692206382751465e-01,1.179447770118713379e-01,1.869692206382751465e-01,1.775552481412887573e-01,2.264026552438735962e-01,-2.401911467313766479e-02,-1.910786777734756470e-01,-8.529432117938995361e-02,2.706363201141357422e-01,-2.048775553703308105e-01
-1.304575353860855103e-01,-6.110430881381034851e-02,2.366648018360137939e-01,-6.162508577108383179e-02,-2.098876982927322388e-01,-1.335473507642745972e-01,6.957440823316574097e-02,1.228235289454460144e-01,1.651597619056701660e-01,1.228235289454460144e-01,6.957440823316574097e-02,-1.335473507642745972e-01,-2.098876982927322388e-01,-6.162508577108383179e-02,2.366648018360137939e-01,-6.110430881381034851e-02,-1.304575353860855103e-01
-8.814436793327331543e-01
-2.099411934614181519e-01,1.611416786909103394e-01,6.787273287773132324e-02,-2.434539347887039185e-01,-3.566507622599601746e-02,1.754532158374786377e-01,2.247362136840820312e-01,1.714587658643722534e-01,1.632518172264099121e-01,1.714587658643722534e-01,2.247362136840820312e-01,1.754532158374786377e-01,-3.566507622599601746e-02,-2.434539347887039185e-01,6.787273287773132324e-02,1.611416786909103394e-01,-2.099411934614181519e-01
3.953285887837409973e-02,-2.303889840841293335e-01,2.633236944675445557e-01,-2.355493418872356415e-02,-1.956349164247512817e-01,-1.736461520195007324e-01,8.525532484054565430e-02,9.071472287178039551e-02,1.704168617725372314e-01,9.071472287178039551e-02,8.525532484054565430e-02,-1.736461520195007324e-01,-1.956349164247512817e-01,-2.355493418872356415e-02,2.633236944675445557e-01,-2.303889840841293335e-01,3.953285887837409973e-02
-9.900165200233459473e-01
-9.911880642175674438e-02,-7.500490755774080753e-04,2.157252430915832520e-01,-2.606408298015594482e-01,-5.201206356287002563e-02,1.290154159069061279e-01,2.701133191585540771e-01,1.615543812513351440e-01,2.023194581270217896e-01,1.615543812513351440e-01,2.701133191585540771e-01,1.290154159069061279e-01,-5.201206356287002563e-02,-2.606408298015594482e-01,2.157252430915832520e-01,-7.500490755774080753e-04,-9.911880642175674438e-02
1.424474567174911499e-01,-2.597686350345611572e-01,1.874825656414031982e-01,8.289057761430740356e-02,-2.168046981096267700e-01,-1.725397706031799316e-01,6.140002608299255371e-02,1.266287863254547119e-01,1.608791500329971313e-01,1.266287863254547119e-01,6.140002608299255371e-02,-1.725397706031799316e-01,-2.168046981096267700e-01,8.289057761430740356e-02,1.874825656414031982e-01,-2.597686350345611572e-01,1.424474567174911499e-01
-1.102699279785156250e+00
1.305244956165552139e-02,-1.265759766101837158e-01,2.749244868755340576e-01,-2.170688062906265259e-01,-1.092359125614166260e-01,1.180778443813323975e-01,2.788749337196350098e-01,1.745957583189010620e-01,1.967719048261642456e-01,1.745957583189010620e-01,2.788749337196350098e-01,1.180778443813323975e-01,-1.092359125614166260e-01,-2.170688062906265259e-01,2.749244868755340576e-01,-1.265759766101837158e-01,1.305244956165552139e-02
1.495154500007629395e-01,-1.802026331424713135e-01,5.414867401123046875e-02,1.984165906906127930e-01,-2.413899153470993042e-01,-1.604307293891906738e-01,1.186707895249128342e-02,1.673565208911895752e-01,1.388566941022872925e-01,1.673565208911895752e-01,1.186707895249128342e-02,-1.604307293891906738e-01,-2.413899153470993042e-01,1.984165906906127930e-01,5.414867401123046875e-02,-1.802026331424713135e-01,1.495154500007629395e-01
-1.219347834587097168e+00
8.455853164196014404e-02,-1.796280741691589355e-01,2.456839829683303833e-01,-1.193620413541793823e-01,-1.861843317747116089e-01,1.289540976285934448e-01,2.574595212936401367e-01,2.088209241628646851e-01,1.726988703012466431e-01,2.088209241628646851e-01,2.574595212936401367e-01,1.289540976285934448e-01,-1.861843317747116089e-01,-1.193620413541793823e-01,2.456839829683303833e-01,-1.796280741691589355e-01,8.455853164196014404e-02
1.007469743490219116e-01,-6.986605376005172729e-02,-7.221842557191848755e-02,2.760784626007080078e-01,-2.364353686571121216e-01,-1.677606552839279175e-01,-2.305774204432964325e-02,1.889529824256896973e-01,1.344827413558959961e-01,1.889529824256896973e-01,-2.305774204432964325e-02,-1.677606552839279175e-01,-2.364353686571121216e-01,2.760784626007080078e-01,-7.221842557191848755e-02,-6.986605376005172729e-02,1.007469743490219116e-01
-1.339831829071044922e+00
9.310504049062728882e-02,-1.740918606519699097e-01,1.747229695320129395e-01,-1.239988341694697738e-04,-2.628200054168701172e-01,1.386667788028717041e-01,2.358037233352661133e-01,2.449150681495666504e-01,1.456591337919235229e-01,2.449150681495666504e-01,2.358037233352661133e-01,1.386667788028717041e-01,-2.628200054168701172e-01,-1.239988341694697738e-04,1.747229695320129395e-01,-1.740918606519699097e-01,9.310504049062728882e-02
3.560405969619750977e-02,1.462609693408012390e-02,-1.619320213794708252e-01,2.974053919315338135e-01,-1.853197515010833740e-01,-1.980534791946411133e-01,-3.410386666655540466e-02,1.819807142019271851e-01,1.511303186416625977e-01,1.819807142019271851e-01,-3.410386666655540466e-02,-1.980534791946411133e-01,-1.853197515010833740e-01,2.974053919315338135e-01,-1.619320213794708252e-01,1.462609693408012390e-02,3.560405969619750977e-02
-1.464033246040344238e+00
8.189225196838378906e-02,-1.336693167686462402e-01,8.268432319164276123e-02,1.046264693140983582e-01,-3.110519647598266602e-01,1.344069987535476685e-01,2.262893319129943848e-01,2.682090401649475098e-01,1.336408555507659912e-01,2.682090401649475098e-01,2.262893319129943848e-01,1.344069987535476685e-01,-3.110519647598266602e-01,1.046264693140983582e-01,8.268432319164276123e-02,-1.336693167686462402e-01,8.189225196838378906e-02
-8.213099092245101929e-03,7.830254733562469482e-02,-1.965997964143753052e-01,2.709636986255645752e-01,-1.049702242016792297e-01,-2.456679642200469971e-01,-3.077830746769905090e-02,1.589535474777221680e-01,1.837600916624069214e-01,1.589535474777221680e-01,-3.077830746769905090e-02,-2.456679642200469971e-01,-1.049702242016792297e-01,2.709636986255645752e-01,-1.965997964143753052e-01,7.830254733562469482e-02,-8.213099092245101929e-03
-1.591844081878662109e+00
4.437965527176856995e-02,-8.027151226997375488e-02,1.132958196103572845e-02,1.814279556274414062e-01,-3.348826169967651367e-01,1.013327464461326599e-01,2.340503185987472534e-01,2.755649089813232422e-01,1.389971673488616943e-01,2.755649089813232422e-01,2.340503185987472534e-01,1.013327464461326599e-01,-3.348826169967651367e-01,1.814279556274414062e-01,1.132958196103572845e-02,-8.027151226997375488e-02,4.437965527176856995e-02
-4.173267632722854614e-02,9.480839967727661133e-02,-1.940174400806427002e-01,2.146083414554595947e-01,-1.572203263640403748e-02,-2.954122722148895264e-01,-1.940105855464935303e-02,1.330941021442413330e-01,2.182316035032272339e-01,1.330941021442413330e-01,-1.940105855464935303e-02,-2.954122722148895264e-01,-1.572203263640403748e-02,2.146083414554595947e-01,-1.940174400806427002e-01,9.480839967727661133e-02,-4.173267632722854614e-02
-1.723165392875671387e+00
1.515000313520431519e-02,-3.694173693656921387e-02,-4.928277805447578430e-02,2.274136245250701904e-01,-3.195547461509704590e-01,5.653008073568344116e-02,2.557370960712432861e-01,2.678698599338531494e-01,1.568524241447448730e-01,2.678698599338531494e-01,2.557370960712432861e-01,5.653008073568344116e-02,-3.195547461509704590e-01,2.274136245250701904e-01,-4.928277805447578430e-02,-3.694173693656921387e-02,1.515000313520431519e-02
-4.458392038941383362e-02,9.734193980693817139e-02,-1.692042648792266846e-01,1.409963816404342651e-01,7.446305453777313232e-02,-3.311790227890014648e-01,-1.549827866256237030e-02,1.112470999360084534e-01,2.472992688417434692e-01,1.112470999360084534e-01,-1.549827866256237030e-02,-3.311790227890014648e-01,7.446305453777313232e-02,1.409963816404342651e-01,-1.692042648792266846e-01,9.734193980693817139e-02,-4.458392038941383362e-02
-1.857905864715576172e+00
-5.456613376736640930e-03,-5.517806275747716427e-04,-8.621400594711303711e-02,2.410256713628768921e-01,-2.863418757915496826e-01,-3.919373732060194016e-03,2.825833559036254883e-01,2.539839446544647217e-01,1.843333989381790161e-01,2.539839446544647217e-01,2.825833559036254883e-01,-3.919373732060194016e-03,-2.863418757915496826e-01,2.410256713628768921e-01,-8.621400594711303711e-02,-5.517806275747716427e-04,-5.456613376736640930e-03
-4.260129854083061218e-02,8.270511031150817871e-02,-1.274733394384384155e-01,6.935174763202667236e-02,1.448944061994552612e-01,-3.553189635276794434e-01,-2.182006090879440308e-02,1.005518138408660889e-01,2.654442787170410156e-01,1.005518138408660889e-01,-2.182006090879440308e-02,-3.553189635276794434e-01,1.448944061994552612e-01,6.935174763202667236e-02,-1.274733394384384155e-01,8.270511031150817871e-02,-4.260129854083061218e-02
-1.995981097221374512e+00
-1.802848465740680695e-02,2.481808699667453766e-02,-1.024170890450477600e-01,2.340704202651977539e-01,-2.364573627710342407e-01,-6.467895209789276123e-02,3.125232160091400146e-01,2.388467639684677124e-01,2.129752933979034424e-01,2.388467639684677124e-01,3.125232160091400146e-01,-6.467895209789276123e-02,-2.364573627710342407e-01,2.340704202651977539e-01,-1.024170890450477600e-01,2.481808699667453766e-02,-1.802848465740680695e-02
-3.179325535893440247e-02,6.179498136043548584e-02,-8.378542214632034302e-02,7.400908973067998886e-03,2.002289891242980957e-01,-3.591336309909820557e-01,-3.941688314080238342e-02,9.911213070154190063e-02,2.714529335498809814e-01,9.911213070154190063e-02,-3.941688314080238342e-02,-3.591336309909820557e-01,2.002289891242980957e-01,7.400908973067998886e-03,-8.378542214632034302e-02,6.179498136043548584e-02,-3.179325535893440247e-02
-2.137312412261962891e+00
-3.163075447082519531e-02,3.300915285944938660e-02,-1.034494638442993164e-01,2.136982083320617676e-01,-1.805523633956909180e-01,-1.262137740850448608e-01,3.362564742565155029e-01,2.255232036113739014e-01,2.374208718538284302e-01,2.255232036113739014e-01,3.362564742565155029e-01,-1.262137740850448608e-01,-1.805523633956909180e-01,2.136982083320617676e-01,-1.034494638442993164e-01,3.300915285944938660e-02,-3.163075447082519531e-02
-1.674915291368961334e-02,3.445224091410636902e-02,-4.910501092672348022e-02,-4.169424995779991150e-02,2.394015938043594360e-01,-3.471013605594635010e-01,-6.913256645202636719e-02,1.076707765460014343e-01,2.701386213302612305e-01,1.076707765460014343e-01,-6.913256645202636719e-02,-3.471013605594635010e-01,2.394015938043594360e-01,-4.169424995779991150e-02,-4.910501092672348022e-02,3.445224091410636902e-02,-1.674915291368961334e-02
-2.281826257705688477e+00
-2.868218161165714264e-02,3.551752120256423950e-02,-1.004966720938682556e-01,1.814978420734405518e-01,-1.221193820238113403e-01,-1.775816380977630615e-01,3.548846542835235596e-01,2.190583795309066772e-01,2.589079737663269043e-01,2.190583795309066772e-01,3.548846542835235596e-01,-1.775816380977630615e-01,-1.221193820238113403e-01,1.814978420734405518e-01,-1.004966720938682556e-01,3.551752120256423950e-02,-2.868218161165714264e-02
-4.767350037582218647e-04,1.876479759812355042e-02,-1.603122428059577942e-02,-8.028605580329895020e-02,2.585752010345458984e-01,-3.230244517326354980e-01,-1.067922189831733704e-01,1.227345094084739685e-01,2.630844116210937500e-01,1.227345094084739685e-01,-1.067922189831733704e-01,-3.230244517326354980e-01,2.585752010345458984e-01,-8.028605580329895020e-02,-1.603122428059577942e-02,1.876479759812355042e-02,-4.767350037582218647e-04
-2.429454565048217773e+00
-3.204971924424171448e-02,2.868473157286643982e-02,-8.545352518558502197e-02,1.516757309436798096e-01,-6.790367513895034790e-02,-2.243228852748870850e-01,3.627588152885437012e-01,2.185289263725280762e-01,2.738635241985321045e-01,2.185289263725280762e-01,3.627588152885437012e-01,-2.243228852748870850e-01,-6.790367513895034790e-02,1.516757309436798096e-01,-8.545352518558502197e-02,2.868473157286643982e-02,-3.204971924424171448e-02
1.048581022769212723e-02,-3.734236117452383041e-03,4.312009084969758987e-03,-1.036894991993904114e-01,2.669343650341033936e-01,-2.893717288970947266e-01,-1.495122462511062622e-01,1.423584669828414917e-01,2.541953325271606445e-01,1.423584669828414917e-01,-1.495122462511062622e-01,-2.893717288970947266e-01,2.669343650341033936e-01,-1.036894991993904114e-01,4.312009084969758987e-03,-3.734236117452383041e-03,1.048581022769212723e-02
-2.580132961273193359e+00
7.666178047657012939e-02,6.920628249645233154e-02,-3.134315088391304016e-02,-1.041013374924659729e-01,2.798686362802982330e-02,2.388573437929153442e-02,-1.095615774393081665e-01,5.165029168128967285e-01,2.267330735921859741e-01,5.165029168128967285e-01,-1.095615774393081665e-01,2.388573437929153442e-02,2.798686362802982330e-02,-1.041013374924659729e-01,-3.134315088391304016e-02,6.920628249645233154e-02,7.666178047657012939e-02
-9.547884762287139893e-02,6.264431029558181763e-02,4.333400353789329529e-02,1.686932705342769623e-02,-9.257851541042327881e-02,1.186107695102691650e-01,-2.745160162448883057e-01,-1.029941439628601074e-02,4.580447375774383545e-01,-1.029941439628601074e-02,-2.745160162448883057e-01,1.186107695102691650e-01,-9.257851541042327881e-02,1.686932705342769623e-02,4.333400353789329529e-02,6.264431029558181763e-02,-9.547884762287139893e-02
-0.000000000000000000e+00
