1.239913105964660645e-01,-1.055426746606826782e-01,-1.546023339033126831e-01,-1.056610513478517532e-02,5.045545101165771484e-02,1.049584746360778809e-01,1.145477443933486938e-01,1.132818236947059631e-01,5.148030444979667664e-02,7.646816223859786987e-02,7.628045231103897095e-02,7.646816223859786987e-02,5.148030444979667664e-02,1.132818236947059631e-01,1.145477443933486938e-01,1.049584746360778809e-01,5.045545101165771484e-02,-1.056610513478517532e-02,-1.546023339033126831e-01,-1.055426746606826782e-01,1.239913105964660645e-01
1.102194786071777344e-01,1.500140577554702759e-01,-1.405029650777578354e-02,-1.539806425571441650e-01,-9.917362034320831299e-02,-3.693019226193428040e-02,-2.905763918533921242e-03,2.301022037863731384e-02,7.842961698770523071e-02,5.722469091415405273e-02,6.218798458576202393e-02,5.722469091415405273e-02,7.842961698770523071e-02,2.301022037863731384e-02,-2.905763918533921242e-03,-3.693019226193428040e-02,-9.917362034320831299e-02,-1.539806425571441650e-01,-1.405029650777578354e-02,1.500140577554702759e-01,1.102194786071777344e-01
-3.248978871852159500e-03
-1.232130229473114014e-01,6.695953011512756348e-02,1.381780803203582764e-01,6.721767038106918335e-02,3.325242176651954651e-02,8.668755739927291870e-02,1.150736361742019653e-01,8.666924387216567993e-02,4.515076428651809692e-02,7.711874693632125854e-02,7.760517299175262451e-02,7.711874693632125854e-02,4.515076428651809692e-02,8.666924387216567993e-02,1.150736361742019653e-01,8.668755739927291870e-02,3.325242176651954651e-02,6.721767038106918335e-02,1.381780803203582764e-01,6.695953011512756348e-02,-1.232130229473114014e-01
-1.639689505100250244e-02,-1.569328904151916504e-01,-9.453845024108886719e-02,-2.533772774040699005e-02,-3.240814805030822754e-02,-4.150383174419403076e-02,2.214218862354755402e-02,4.689891263842582703e-02,4.255076497793197632e-02,5.104671791195869446e-02,7.132521271705627441e-02,5.104671791195869446e-02,4.255076497793197632e-02,4.689891263842582703e-02,2.214218862354755402e-02,-4.150383174419403076e-02,-3.240814805030822754e-02,-2.533772774040699005e-02,-9.453845024108886719e-02,-1.569328904151916504e-01,-1.639689505100250244e-02
-3.769710194319486618e-03
-8.955218642950057983e-02,-4.705153405666351318e-03,7.214432954788208008e-02,5.643228068947792053e-02,5.085068196058273315e-02,7.690446078777313232e-02,1.007844582200050354e-01,8.596135675907135010e-02,6.043429300189018250e-02,7.654535770416259766e-02,8.069396018981933594e-02,7.654535770416259766e-02,6.043429300189018250e-02,8.596135675907135010e-02,1.007844582200050354e-01,7.690446078777313232e-02,5.085068196058273315e-02,5.643228068947792053e-02,7.214432954788208008e-02,-4.705153405666351318e-03,-8.955218642950057983e-02
1.758099906146526337e-02,-2.087996453046798706e-01,-1.299061477184295654e-01,-2.373773977160453796e-02,-1.358538400381803513e-02,-4.207446053624153137e-02,3.242580592632293701e-02,4.504446312785148621e-02,4.570244252681732178e-02,4.662257805466651917e-02,8.106280863285064697e-02,4.662257805466651917e-02,4.570244252681732178e-02,4.504446312785148621e-02,3.242580592632293701e-02,-4.207446053624153137e-02,-1.358538400381803513e-02,-2.373773977160453796e-02,-1.299061477184295654e-01,-2.087996453046798706e-01,1.758099906146526337e-02
-4.315481521189212799e-03
-1.160307079553604126e-01,-8.152898401021957397e-02,2.732803486287593842e-02,7.303605973720550537e-02,6.828420609235763550e-02,7.622814923524856567e-02,8.258014172315597534e-02,8.874281495809555054e-02,6.690670549869537354e-02,8.033546060323715210e-02,7.615090161561965942e-02,8.033546060323715210e-02,6.690670549869537354e-02,8.874281495809555054e-02,8.258014172315597534e-02,7.622814923524856567e-02,6.828420609235763550e-02,7.303605973720550537e-02,2.732803486287593842e-02,-8.152898401021957397e-02,-1.160307079553604126e-01
2.797061949968338013e-02,-1.971831917762756348e-01,-1.217435300350189209e-01,-2.993171848356723785e-02,-2.121561020612716675e-02,-4.625073075294494629e-02,3.345287218689918518e-02,4.944266751408576965e-02,5.025047063827514648e-02,4.279670864343643188e-02,7.903821766376495361e-02,4.279670864343643188e-02,5.025047063827514648e-02,4.944266751408576965e-02,3.345287218689918518e-02,-4.625073075294494629e-02,-2.121561020612716675e-02,-2.993171848356723785e-02,-1.217435300350189209e-01,-1.971831917762756348e-01,2.797061949968338013e-02
-4.885198082774877548e-03
-1.172167509794235229e-01,-7.863974571228027344e-02,5.401276797056198120e-02,8.795791119337081909e-02,2.963764965534210205e-02,5.641954392194747925e-02,9.110879153013229370e-02,1.067819371819496155e-01,5.800733715295791626e-02,8.706316351890563965e-02,8.186439424753189087e-02,8.706316351890563965e-02,5.800733715295791626e-02,1.067819371819496155e-01,9.110879153013229370e-02,5.641954392194747925e-02,2.963764965534210205e-02,8.795791119337081909e-02,5.401276797056198120e-02,-7.863974571228027344e-02,-1.172167509794235229e-01
1.074901521205902100e-01,-1.580235958099365234e-01,-1.683943867683410645e-01,-5.834781005978584290e-02,-1.864325627684593201e-02,-2.405879832804203033e-02,8.274665102362632751e-03,5.244590714573860168e-02,5.394331738352775574e-02,4.960490390658378601e-02,5.903159081935882568e-02,4.960490390658378601e-02,5.394331738352775574e-02,5.244590714573860168e-02,8.274665102362632751e-03,-2.405879832804203033e-02,-1.864325627684593201e-02,-5.834781005978584290e-02,-1.683943867683410645e-01,-1.580235958099365234e-01,1.074901521205902100e-01
-5.477896425873041153e-03
-8.785362541675567627e-02,-1.939633637666702271e-01,-5.112037435173988342e-02,9.051314741373062134e-02,8.855862170457839966e-02,6.880199164152145386e-02,1.098863333463668823e-01,9.565491974353790283e-02,6.753986328840255737e-02,6.871546804904937744e-02,9.249077737331390381e-02,6.871546804904937744e-02,6.753986328840255737e-02,9.565491974353790283e-02,1.098863333463668823e-01,6.880199164152145386e-02,8.855862170457839966e-02,9.051314741373062134e-02,-5.112037435173988342e-02,-1.939633637666702271e-01,-8.785362541675567627e-02
8.912671357393264771e-02,-1.065978184342384338e-01,-1.445401459932327271e-01,-6.246948987245559692e-02,-4.882962256669998169e-02,-2.137051150202751160e-02,7.366836536675691605e-03,6.515999883413314819e-02,4.909613728523254395e-02,5.638660117983818054e-02,5.471901968121528625e-02,5.638660117983818054e-02,4.909613728523254395e-02,6.515999883413314819e-02,7.366836536675691605e-03,-2.137051150202751160e-02,-4.882962256669998169e-02,-6.246948987245559692e-02,-1.445401459932327271e-01,-1.065978184342384338e-01,8.912671357393264771e-02
-6.092720665037631989e-03
-3.672815486788749695e-02,-2.136336863040924072e-01,-9.588452428579330444e-02,8.203767985105514526e-02,8.715693652629852295e-02,7.155627757310867310e-02,1.148235648870468140e-01,1.048351824283599854e-01,6.618992984294891357e-02,6.573431938886642456e-02,8.904625475406646729e-02,6.573431938886642456e-02,6.618992984294891357e-02,1.048351824283599854e-01,1.148235648870468140e-01,7.155627757310867310e-02,8.715693652629852295e-02,8.203767985105514526e-02,-9.588452428579330444e-02,-2.136336863040924072e-01,-3.672815486788749695e-02
1.251639723777770996e-01,-6.958940625190734863e-02,-1.171421557664871216e-01,-9.260114282369613647e-02,-2.492273971438407898e-02,-4.235438257455825806e-02,-4.213364329189062119e-03,3.978604078292846680e-02,8.541615307331085205e-02,4.594706371426582336e-02,6.192382052540779114e-02,4.594706371426582336e-02,8.541615307331085205e-02,3.978604078292846680e-02,-4.213364329189062119e-03,-4.235438257455825806e-02,-2.492273971438407898e-02,-9.260114282369613647e-02,-1.171421557664871216e-01,-6.958940625190734863e-02,1.251639723777770996e-01
-6.728903856128454208e-03
1.181085687130689621e-02,-2.015052884817123413e-01,-1.284857541322708130e-01,6.965823471546173096e-02,8.706679195165634155e-02,7.769037783145904541e-02,9.796916693449020386e-02,1.086452677845954895e-01,6.710752844810485840e-02,7.192409783601760864e-02,7.885137200355529785e-02,7.192409783601760864e-02,6.710752844810485840e-02,1.086452677845954895e-01,9.796916693449020386e-02,7.769037783145904541e-02,8.706679195165634155e-02,6.965823471546173096e-02,-1.284857541322708130e-01,-2.015052884817123413e-01,1.181085687130689621e-02
1.369521766901016235e-01,1.700721681118011475e-02,-1.339293122291564941e-01,-1.017204374074935913e-01,-5.769756063818931580e-02,-1.475853659212589264e-02,-2.540983259677886963e-02,5.184178799390792847e-02,6.342200934886932373e-02,6.564538925886154175e-02,4.331943765282630920e-02,6.564538925886154175e-02,6.342200934886932373e-02,5.184178799390792847e-02,-2.540983259677886963e-02,-1.475853659212589264e-02,-5.769756063818931580e-02,-1.017204374074935913e-01,-1.339293122291564941e-01,1.700721681118011475e-02,1.369521766901016235e-01
-7.385753560811281204e-03
4.499014839529991150e-02,-2.055277675390243530e-01,-1.346349120140075684e-01,4.184230417013168335e-02,7.909657806158065796e-02,7.491810619831085205e-02,1.128852665424346924e-01,1.059231907129287720e-01,6.849399209022521973e-02,6.475648283958435059e-02,8.669898658990859985e-02,6.475648283958435059e-02,6.849399209022521973e-02,1.059231907129287720e-01,1.128852665424346924e-01,7.491810619831085205e-02,7.909657806158065796e-02,4.184230417013168335e-02,-1.346349120140075684e-01,-2.055277675390243530e-01,4.499014839529991150e-02
1.546436548233032227e-01,5.738599970936775208e-02,-7.793350517749786377e-02,-1.406374722719192505e-01,-6.705156713724136353e-02,-3.869110718369483948e-02,-2.242649905383586884e-03,2.645970880985260010e-02,7.865326851606369019e-02,4.871106520295143127e-02,6.788031756877899170e-02,4.871106520295143127e-02,7.865326851606369019e-02,2.645970880985260010e-02,-2.242649905383586884e-03,-3.869110718369483948e-02,-6.705156713724136353e-02,-1.406374722719192505e-01,-7.793350517749786377e-02,5.738599970936775208e-02,1.546436548233032227e-01
-8.062640205025672913e-03
8.756288141012191772e-02,-1.882554888725280762e-01,-1.491473615169525146e-01,3.936656285077333450e-03,7.479697465896606445e-02,7.964164763689041138e-02,1.209376156330108643e-01,1.043685376644134521e-01,7.397121936082839966e-02,6.573655456304550171e-02,9.163701534271240234e-02,6.573655456304550171e-02,7.397121936082839966e-02,1.043685376644134521e-01,1.209376156330108643e-01,7.964164763689041138e-02,7.479697465896606445e-02,3.936656285077333450e-03,-1.491473615169525146e-01,-1.882554888725280762e-01,8.756288141012191772e-02
1.208248585462570190e-01,1.471118181943893433e-01,-6.151033565402030945e-02,-1.387686878442764282e-01,-1.108584105968475342e-01,-1.336898654699325562e-02,-2.224150486290454865e-02,3.936307504773139954e-02,5.991911888122558594e-02,8.093149960041046143e-02,5.504475161433219910e-02,8.093149960041046143e-02,5.991911888122558594e-02,3.936307504773139954e-02,-2.224150486290454865e-02,-1.336898654699325562e-02,-1.108584105968475342e-01,-1.387686878442764282e-01,-6.151033565402030945e-02,1.471118181943893433e-01,1.208248585462570190e-01
-8.758988231420516968e-03
8.827809244394302368e-02,-1.349248886108398438e-01,-1.449118107557296753e-01,1.336647570133209229e-02,2.774527110159397125e-02,8.591552823781967163e-02,1.271706819534301758e-01,1.457612961530685425e-01,7.031999528408050537e-02,9.976018965244293213e-02,9.454316645860671997e-02,9.976018965244293213e-02,7.031999528408050537e-02,1.457612961530685425e-01,1.271706819534301758e-01,8.591552823781967163e-02,2.774527110159397125e-02,1.336647570133209229e-02,-1.449118107557296753e-01,-1.349248886108398438e-01,8.827809244394302368e-02
1.062858700752258301e-01,1.296292841434478760e-01,-2.276993356645107269e-02,-1.492220163345336914e-01,-1.161608323454856873e-01,-4.283516108989715576e-02,1.915228087455034256e-03,2.282910607755184174e-02,5.400646477937698364e-02,4.736855253577232361e-02,6.256513297557830811e-02,4.736855253577232361e-02,5.400646477937698364e-02,2.282910607755184174e-02,1.915228087455034256e-03,-4.283516108989715576e-02,-1.161608323454856873e-01,-1.492220163345336914e-01,-2.276993356645107269e-02,1.296292841434478760e-01,1.062858700752258301e-01
-9.474270045757293701e-03
1.550433635711669922e-01,-1.060219183564186096e-01,-1.504704505205154419e-01,-7.140372693538665771e-02,5.109560117125511169e-02,8.222796022891998291e-02,1.325671225786209106e-01,1.054162606596946716e-01,9.477805346250534058e-02,6.737951189279556274e-02,9.469830989837646484e-02,6.737951189279556274e-02,9.477805346250534058e-02,1.054162606596946716e-01,1.325671225786209106e-01,8.222796022891998291e-02,5.109560117125511169e-02,-7.140372693538665771e-02,-1.504704505205154419e-01,-1.060219183564186096e-01,1.550433635711669922e-01
8.231423795223236084e-02,1.790759563446044922e-01,1.354372873902320862e-02,-1.641999483108520508e-01,-1.146394908428192139e-01,-5.004411563277244568e-02,-1.212769187986850739e-02,1.925069466233253479e-02,8.846867829561233521e-02,6.286400556564331055e-02,6.740723550319671631e-02,6.286400556564331055e-02,8.846867829561233521e-02,1.925069466233253479e-02,-1.212769187986850739e-02,-5.004411563277244568e-02,-1.146394908428192139e-01,-1.641999483108520508e-01,1.354372873902320862e-02,1.790759563446044922e-01,8.231423795223236084e-02
-1.020799670368432999e-02
1.693254709243774414e-01,-4.208920523524284363e-02,-1.561069488525390625e-01,-1.067882925271987915e-01,3.022601827979087830e-02,9.728522598743438721e-02,1.292321383953094482e-01,1.093825846910476685e-01,9.641658514738082886e-02,7.975441217422485352e-02,9.236616641283035278e-02,7.975441217422485352e-02,9.641658514738082886e-02,1.093825846910476685e-01,1.292321383953094482e-01,9.728522598743438721e-02,3.022601827979087830e-02,-1.067882925271987915e-01,-1.561069488525390625e-01,-4.208920523524284363e-02,1.693254709243774414e-01
1.977890916168689728e-02,2.199945002794265747e-01,2.164026722311973572e-02,-1.387043297290802002e-01,-1.481501311063766479e-01,-4.568232223391532898e-02,-4.728420823812484741e-02,3.156600892543792725e-02,6.758277118206024170e-02,8.591130375862121582e-02,4.847949370741844177e-02,8.591130375862121582e-02,6.758277118206024170e-02,3.156600892543792725e-02,-4.728420823812484741e-02,-4.568232223391532898e-02,-1.481501311063766479e-01,-1.387043297290802002e-01,2.164026722311973572e-02,2.199945002794265747e-01,1.977890916168689728e-02
-1.095971744507551193e-02
1.547247171401977539e-01,5.290846899151802063e-02,-1.600068807601928711e-01,-1.288538873195648193e-01,-1.412509568035602570e-02,1.365532726049423218e-01,1.268016993999481201e-01,1.217243373394012451e-01,7.029955834150314331e-02,1.018051952123641968e-01,8.488041907548904419e-02,1.018051952123641968e-01,7.029955834150314331e-02,1.217243373394012451e-01,1.268016993999481201e-01,1.365532726049423218e-01,-1.412509568035602570e-02,-1.288538873195648193e-01,-1.600068807601928711e-01,5.290846899151802063e-02,1.547247171401977539e-01
-2.359844045713543892e-03,2.068883627653121948e-01,4.814151674509048462e-02,-1.323868483304977417e-01,-1.350056678056716919e-01,-8.196935802698135376e-02,-6.256191432476043701e-02,2.493756264448165894e-02,9.286546707153320312e-02,7.544229179620742798e-02,4.570809751749038696e-02,7.544229179620742798e-02,9.286546707153320312e-02,2.493756264448165894e-02,-6.256191432476043701e-02,-8.196935802698135376e-02,-1.350056678056716919e-01,-1.323868483304977417e-01,4.814151674509048462e-02,2.068883627653121948e-01,-2.359844045713543892e-03
-1.172901038080453873e-02
1.758072525262832642e-01,8.086987584829330444e-02,-1.367450505495071411e-01,-1.483491063117980957e-01,-1.094828173518180847e-02,1.014645025134086609e-01,1.184984445571899414e-01,1.277983188629150391e-01,1.137221902608871460e-01,9.452331066131591797e-02,7.800225168466567993e-02,9.452331066131591797e-02,1.137221902608871460e-01,1.277983188629150391e-01,1.184984445571899414e-01,1.014645025134086609e-01,-1.094828173518180847e-02,-1.483491063117980957e-01,-1.367450505495071411e-01,8.086987584829330444e-02,1.758072525262832642e-01
-3.984017297625541687e-02,1.784748584032058716e-01,1.125225946307182312e-01,-1.309485286474227905e-01,-1.365411579608917236e-01,-1.110909879207611084e-01,-3.492308035492897034e-02,-2.427655970677733421e-03,8.628623187541961670e-02,5.880681052803993225e-02,7.974121719598770142e-02,5.880681052803993225e-02,8.628623187541961670e-02,-2.427655970677733421e-03,-3.492308035492897034e-02,-1.110909879207611084e-01,-1.365411579608917236e-01,-1.309485286474227905e-01,1.125225946307182312e-01,1.784748584032058716e-01,-3.984017297625541687e-02
-1.251548528671264648e-02
1.846115142107009888e-01,9.425934404134750366e-02,-1.108219698071479797e-01,-1.910917013883590698e-01,-2.151546254754066467e-02,6.728402525186538696e-02,1.306970417499542236e-01,1.228697523474693298e-01,1.558611094951629639e-01,9.565180540084838867e-02,1.031625941395759583e-01,9.565180540084838867e-02,1.558611094951629639e-01,1.228697523474693298e-01,1.306970417499542236e-01,6.728402525186538696e-02,-2.151546254754066467e-02,-1.910917013883590698e-01,-1.108219698071479797e-01,9.425934404134750366e-02,1.846115142107009888e-01
-9.019658714532852173e-02,1.721110343933105469e-01,1.332488209009170532e-01,-7.522322237491607666e-02,-1.257759481668472290e-01,-1.009709164500236511e-01,-4.629905149340629578e-02,2.601113170385360718e-03,6.644048541784286499e-02,5.988607555627822876e-02,6.666076183319091797e-02,5.988607555627822876e-02,6.644048541784286499e-02,2.601113170385360718e-03,-4.629905149340629578e-02,-1.009709164500236511e-01,-1.257759481668472290e-01,-7.522322237491607666e-02,1.332488209009170532e-01,1.721110343933105469e-01,-9.019658714532852173e-02
-1.331877429038286209e-02
1.468382626771926880e-01,1.413671672344207764e-01,-9.081268310546875000e-02,-1.953110694885253906e-01,-3.840883821249008179e-02,7.498744875192642212e-02,1.268963217735290527e-01,1.323381960391998291e-01,1.594216525554656982e-01,1.052029505372047424e-01,9.718265384435653687e-02,1.052029505372047424e-01,1.594216525554656982e-01,1.323381960391998291e-01,1.268963217735290527e-01,7.498744875192642212e-02,-3.840883821249008179e-02,-1.953110694885253906e-01,-9.081268310546875000e-02,1.413671672344207764e-01,1.468382626771926880e-01
-1.568853706121444702e-01,1.615289747714996338e-01,1.343731433153152466e-01,-3.217135742306709290e-02,-1.603450924158096313e-01,-1.057215631008148193e-01,-7.243040204048156738e-02,1.560827065259218216e-02,3.918410092592239380e-02,8.541352301836013794e-02,6.441865861415863037e-02,8.541352301836013794e-02,3.918410092592239380e-02,1.560827065259218216e-02,-7.243040204048156738e-02,-1.057215631008148193e-01,-1.603450924158096313e-01,-3.217135742306709290e-02,1.343731433153152466e-01,1.615289747714996338e-01,-1.568853706121444702e-01
-1.413853280246257782e-02
8.059339225292205811e-02,1.973735541105270386e-01,-6.497269868850708008e-02,-1.655180752277374268e-01,-6.871928274631500244e-02,8.474176377058029175e-02,1.101828888058662415e-01,1.651774644851684570e-01,1.538606733083724976e-01,1.176582798361778259e-01,6.571181863546371460e-02,1.176582798361778259e-01,1.538606733083724976e-01,1.651774644851684570e-01,1.101828888058662415e-01,8.474176377058029175e-02,-6.871928274631500244e-02,-1.655180752277374268e-01,-6.497269868850708008e-02,1.973735541105270386e-01,8.059339225292205811e-02
-2.086453288793563843e-01,1.209096908569335938e-01,1.591503918170928955e-01,-1.629873178899288177e-02,-1.810533553361892700e-01,-1.073047742247581482e-01,-4.676005244255065918e-02,1.416685408912599087e-03,2.740959171205759048e-03,9.702182561159133911e-02,1.040921211242675781e-01,9.702182561159133911e-02,2.740959171205759048e-03,1.416685408912599087e-03,-4.676005244255065918e-02,-1.073047742247581482e-01,-1.810533553361892700e-01,-1.629873178899288177e-02,1.591503918170928955e-01,1.209096908569335938e-01,-2.086453288793563843e-01
-1.497443672269582748e-02
2.901220135390758514e-02,2.270092219114303589e-01,-5.873019248247146606e-02,-1.824449002742767334e-01,-1.121109053492546082e-01,7.375145703554153442e-02,9.231390058994293213e-02,1.635229438543319702e-01,1.531274169683456421e-01,1.502435356378555298e-01,8.692658692598342896e-02,1.502435356378555298e-01,1.531274169683456421e-01,1.635229438543319702e-01,9.231390058994293213e-02,7.375145703554153442e-02,-1.121109053492546082e-01,-1.824449002742767334e-01,-5.873019248247146606e-02,2.270092219114303589e-01,2.901220135390758514e-02
-1.694886833429336548e-01,6.099464744329452515e-02,1.844340860843658447e-01,1.643978804349899292e-02,-1.326471418142318726e-01,-1.504325568675994873e-01,-7.035879045724868774e-02,-6.125095766037702560e-03,5.162253603339195251e-02,8.345436304807662964e-02,1.051496341824531555e-01,8.345436304807662964e-02,5.162253603339195251e-02,-6.125095766037702560e-03,-7.035879045724868774e-02,-1.504325568675994873e-01,-1.326471418142318726e-01,1.643978804349899292e-02,1.844340860843658447e-01,6.099464744329452515e-02,-1.694886833429336548e-01
-1.582618057727813721e-02
-1.397594064474105835e-02,2.219429463148117065e-01,-1.035629655234515667e-03,-1.887841522693634033e-01,-1.141412630677223206e-01,6.265155225992202759e-02,1.179861500859260559e-01,1.579977720975875854e-01,1.616234183311462402e-01,1.383387148380279541e-01,1.027835234999656677e-01,1.383387148380279541e-01,1.616234183311462402e-01,1.579977720975875854e-01,1.179861500859260559e-01,6.265155225992202759e-02,-1.141412630677223206e-01,-1.887841522693634033e-01,-1.035629655234515667e-03,2.219429463148117065e-01,-1.397594064474105835e-02
-1.633712202310562134e-01,-1.088420581072568893e-02,2.059899717569351196e-01,3.239229321479797363e-02,-1.196151077747344971e-01,-1.826742291450500488e-01,-6.238702312111854553e-02,-1.730345189571380615e-02,6.049017608165740967e-02,7.052725553512573242e-02,1.247014775872230530e-01,7.052725553512573242e-02,6.049017608165740967e-02,-1.730345189571380615e-02,-6.238702312111854553e-02,-1.826742291450500488e-01,-1.196151077747344971e-01,3.239229321479797363e-02,2.059899717569351196e-01,-1.088420581072568893e-02,-1.633712202310562134e-01
-1.669347472488880157e-02
-4.537759348750114441e-02,1.945535987615585327e-01,5.669818446040153503e-02,-1.939571052789688110e-01,-1.090386658906936646e-01,3.028868138790130615e-02,1.317684948444366455e-01,1.419828087091445923e-01,1.808396577835083008e-01,1.282827109098434448e-01,1.271025538444519043e-01,1.282827109098434448e-01,1.808396577835083008e-01,1.419828087091445923e-01,1.317684948444366455e-01,3.028868138790130615e-02,-1.090386658906936646e-01,-1.939571052789688110e-01,5.669818446040153503e-02,1.945535987615585327e-01,-4.537759348750114441e-02
-1.520335525274276733e-01,-5.634692311286926270e-02,1.997515410184860229e-01,6.561018526554107666e-02,-1.145326346158981323e-01,-1.921885758638381958e-01,-7.552234083414077759e-02,-1.727918721735477448e-02,5.939233303070068359e-02,8.383589982986450195e-02,1.359301805496215820e-01,8.383589982986450195e-02,5.939233303070068359e-02,-1.727918721735477448e-02,-7.552234083414077759e-02,-1.921885758638381958e-01,-1.145326346158981323e-01,6.561018526554107666e-02,1.997515410184860229e-01,-5.634692311286926270e-02,-1.520335525274276733e-01
-1.757604628801345825e-02
-8.545599132776260376e-02,1.667398214340209961e-01,9.788142144680023193e-02,-1.949580907821655273e-01,-1.222454383969306946e-01,7.643865421414375305e-03,1.432003229856491089e-01,1.385031789541244507e-01,1.867629736661911011e-01,1.247587352991104126e-01,1.421508640050888062e-01,1.247587352991104126e-01,1.867629736661911011e-01,1.385031789541244507e-01,1.432003229856491089e-01,7.643865421414375305e-03,-1.222454383969306946e-01,-1.949580907821655273e-01,9.788142144680023193e-02,1.667398214340209961e-01,-8.545599132776260376e-02
-1.505533605813980103e-01,-8.586905151605606079e-02,1.759963035583496094e-01,1.166650652885437012e-01,-1.150341033935546875e-01,-1.807531267404556274e-01,-9.212430566549301147e-02,3.156704129651188850e-03,4.644775763154029846e-02,9.583348780870437622e-02,1.214782893657684326e-01,9.583348780870437622e-02,4.644775763154029846e-02,3.156704129651188850e-03,-9.212430566549301147e-02,-1.807531267404556274e-01,-1.150341033935546875e-01,1.166650652885437012e-01,1.759963035583496094e-01,-8.586905151605606079e-02,-1.505533605813980103e-01
-1.847363449633121490e-02
-1.344829052686691284e-01,1.582422107458114624e-01,1.298947185277938843e-01,-1.696027964353561401e-01,-1.488563120365142822e-01,-3.379735862836241722e-03,1.366537362337112427e-01,1.470645815134048462e-01,1.781079322099685669e-01,1.370636224746704102e-01,1.459304243326187134e-01,1.370636224746704102e-01,1.781079322099685669e-01,1.470645815134048462e-01,1.366537362337112427e-01,-3.379735862836241722e-03,-1.488563120365142822e-01,-1.696027964353561401e-01,1.298947185277938843e-01,1.582422107458114624e-01,-1.344829052686691284e-01
-1.455479860305786133e-01,-1.132901385426521301e-01,1.428935229778289795e-01,1.615636199712753296e-01,-1.103106215596199036e-01,-1.578495949506759644e-01,-1.036858931183815002e-01,1.355788018554449081e-02,1.893780566751956940e-02,1.136430054903030396e-01,1.153892576694488525e-01,1.136430054903030396e-01,1.893780566751956940e-02,1.355788018554449081e-02,-1.036858931183815002e-01,-1.578495949506759644e-01,-1.103106215596199036e-01,1.615636199712753296e-01,1.428935229778289795e-01,-1.132901385426521301e-01,-1.455479860305786133e-01
-1.938599348068237305e-02
-1.781680732965469360e-01,1.344957798719406128e-01,1.287030428647994995e-01,-1.209007054567337036e-01,-1.692109853029251099e-01,-1.252619735896587372e-02,1.073486059904098511e-01,1.679890304803848267e-01,1.724265217781066895e-01,1.537574082612991333e-01,1.294205188751220703e-01,1.537574082612991333e-01,1.724265217781066895e-01,1.679890304803848267e-01,1.073486059904098511e-01,-1.252619735896587372e-02,-1.692109853029251099e-01,-1.209007054567337036e-01,1.287030428647994995e-01,1.344957798719406128e-01,-1.781680732965469360e-01
-9.361519664525985718e-02,-1.452865004539489746e-01,1.080765128135681152e-01,1.896012872457504272e-01,-9.631887823343276978e-02,-1.680750548839569092e-01,-1.384589523077011108e-01,2.714233472943305969e-03,2.353604510426521301e-02,1.347196698188781738e-01,1.244159117341041565e-01,1.347196698188781738e-01,2.353604510426521301e-02,2.714233472943305969e-03,-1.384589523077011108e-01,-1.680750548839569092e-01,-9.631887823343276978e-02,1.896012872457504272e-01,1.080765128135681152e-01,-1.452865004539489746e-01,-9.361519664525985718e-02
-2.031288668513298035e-02
-2.127698361873626709e-01,1.083903163671493530e-01,1.328832656145095825e-01,-7.738552242517471313e-02,-1.898930072784423828e-01,-1.278858631849288940e-02,9.126421809196472168e-02,1.854469627141952515e-01,1.562647223472595215e-01,1.631330996751785278e-01,1.150190457701683044e-01,1.631330996751785278e-01,1.562647223472595215e-01,1.854469627141952515e-01,9.126421809196472168e-02,-1.278858631849288940e-02,-1.898930072784423828e-01,-7.738552242517471313e-02,1.328832656145095825e-01,1.083903163671493530e-01,-2.127698361873626709e-01
-2.761887572705745697e-02,-1.867470741271972656e-01,8.310903608798980713e-02,1.973953694105148315e-01,-6.633829325437545776e-02,-1.778661608695983887e-01,-1.489274054765701294e-01,-2.274126186966896057e-02,2.232939004898071289e-02,1.319764405488967896e-01,1.367629170417785645e-01,1.319764405488967896e-01,2.232939004898071289e-02,-2.274126186966896057e-02,-1.489274054765701294e-01,-1.778661608695983887e-01,-6.633829325437545776e-02,1.973953694105148315e-01,8.310903608798980713e-02,-1.867470741271972656e-01,-2.761887572705745697e-02
-2.125409059226512909e-02
-2.124198824167251587e-01,7.146185636520385742e-02,1.480730473995208740e-01,-4.279799759387969971e-02,-2.069866210222244263e-01,-2.330130711197853088e-02,8.990948647260665894e-02,2.019328176975250244e-01,1.564252078533172607e-01,1.734786033630371094e-01,1.159181073307991028e-01,1.734786033630371094e-01,1.564252078533172607e-01,2.019328176975250244e-01,8.990948647260665894e-02,-2.330130711197853088e-02,-2.069866210222244263e-01,-4.279799759387969971e-02,1.480730473995208740e-01,7.146185636520385742e-02,-2.124198824167251587e-01
4.249426722526550293e-02,-2.282480597496032715e-01,6.881900876760482788e-02,1.990738064050674438e-01,-2.311791107058525085e-02,-1.886063069105148315e-01,-1.415265798568725586e-01,-4.129328951239585876e-02,3.783985599875450134e-02,1.205081418156623840e-01,1.515309363603591919e-01,1.205081418156623840e-01,3.783985599875450134e-02,-4.129328951239585876e-02,-1.415265798568725586e-01,-1.886063069105148315e-01,-2.311791107058525085e-02,1.990738064050674438e-01,6.881900876760482788e-02,-2.282480597496032715e-01,4.249426722526550293e-02
-2.220939099788665771e-02
-2.031614184379577637e-01,-6.349594797939062119e-03,1.645230054855346680e-01,-1.659527420997619629e-02,-2.057628482580184937e-01,-4.132494330406188965e-02,9.079855680465698242e-02,1.921262741088867188e-01,1.552809327840805054e-01,1.756618022918701172e-01,1.321013569831848145e-01,1.756618022918701172e-01,1.552809327840805054e-01,1.921262741088867188e-01,9.079855680465698242e-02,-4.132494330406188965e-02,-2.057628482580184937e-01,-1.659527420997619629e-02,1.645230054855346680e-01,-6.349594797939062119e-03,-2.031614184379577637e-01
1.516251862049102783e-01,-2.380120158195495605e-01,4.653523862361907959e-02,1.626415848731994629e-01,-2.404955029487609863e-02,-2.188075631856918335e-01,-1.270040422677993774e-01,-4.470216110348701477e-02,5.074298381805419922e-02,1.048657149076461792e-01,1.608764082193374634e-01,1.048657149076461792e-01,5.074298381805419922e-02,-4.470216110348701477e-02,-1.270040422677993774e-01,-2.188075631856918335e-01,-2.404955029487609863e-02,1.626415848731994629e-01,4.653523862361907959e-02,-2.380120158195495605e-01,1.516251862049102783e-01
-2.317858114838600159e-02
-1.192259490489959717e-01,-4.597239568829536438e-02,1.993645429611206055e-01,-2.643582643941044807e-03,-2.045774310827255249e-01,-8.035955578088760376e-02,9.622815251350402832e-02,1.865033954381942749e-01,1.691999137401580811e-01,1.619092971086502075e-01,1.419844329357147217e-01,1.619092971086502075e-01,1.691999137401580811e-01,1.865033954381942749e-01,9.622815251350402832e-02,-8.035955578088760376e-02,-2.045774310827255249e-01,-2.643582643941044807e-03,1.993645429611206055e-01,-4.597239568829536438e-02,-1.192259490489959717e-01
1.699226945638656616e-01,-2.584778964519500732e-01,2.713537029922008514e-02,1.913674473762512207e-01,4.540672898292541504e-02,-2.070505023002624512e-01,-1.290660053491592407e-01,-6.324952840805053711e-02,6.704752892255783081e-02,1.012236624956130981e-01,1.721202135086059570e-01,1.012236624956130981e-01,6.704752892255783081e-02,-6.324952840805053711e-02,-1.290660053491592407e-01,-2.070505023002624512e-01,4.540672898292541504e-02,1.913674473762512207e-01,2.713537029922008514e-02,-2.584778964519500732e-01,1.699226945638656616e-01
-2.416146919131278992e-02
-4.704867675900459290e-02,-1.143902242183685303e-01,2.177253514528274536e-01,1.020433567464351654e-02,-1.857720613479614258e-01,-1.071569994091987610e-01,1.033084690570831299e-01,1.658943295478820801e-01,1.790184974670410156e-01,1.544852405786514282e-01,1.654253154993057251e-01,1.544852405786514282e-01,1.790184974670410156e-01,1.658943295478820801e-01,1.033084690570831299e-01,-1.071569994091987610e-01,-1.857720613479614258e-01,1.020433567464351654e-02,2.177253514528274536e-01,-1.143902242183685303e-01,-4.704867675900459290e-02
1.985802650451660156e-01,-2.385797202587127686e-01,-1.262176316231489182e-02,1.921524107456207275e-01,6.370808929204940796e-02,-2.063741683959960938e-01,-1.411433219909667969e-01,-7.184477895498275757e-02,6.213865056633949280e-02,1.038791835308074951e-01,1.750397533178329468e-01,1.038791835308074951e-01,6.213865056633949280e-02,-7.184477895498275757e-02,-1.411433219909667969e-01,-2.063741683959960938e-01,6.370808929204940796e-02,1.921524107456207275e-01,-1.262176316231489182e-02,-2.385797202587127686e-01,1.985802650451660156e-01
-2.515786141157150269e-02
1.525230589322745800e-03,-2.045985758304595947e-01,2.174200862646102905e-01,3.959019482135772705e-02,-1.568927466869354248e-01,-1.316946446895599365e-01,1.049805209040641785e-01,1.579465270042419434e-01,1.997917890548706055e-01,1.506122648715972900e-01,1.802247166633605957e-01,1.506122648715972900e-01,1.997917890548706055e-01,1.579465270042419434e-01,1.049805209040641785e-01,-1.316946446895599365e-01,-1.568927466869354248e-01,3.959019482135772705e-02,2.174200862646102905e-01,-2.045985758304595947e-01,1.525230589322745800e-03
2.178722172975540161e-01,-1.920017153024673462e-01,-7.413668930530548096e-02,1.807848960161209106e-01,6.208590790629386902e-02,-1.948979049921035767e-01,-1.535967141389846802e-01,-7.151661813259124756e-02,4.044020920991897583e-02,1.078042387962341309e-01,1.674727499485015869e-01,1.078042387962341309e-01,4.044020920991897583e-02,-7.151661813259124756e-02,-1.535967141389846802e-01,-1.948979049921035767e-01,6.208590790629386902e-02,1.807848960161209106e-01,-7.413668930530548096e-02,-1.920017153024673462e-01,2.178722172975540161e-01
-2.616758272051811218e-02
1.000670567154884338e-01,-2.091793268918991089e-01,2.192368507385253906e-01,5.017165467143058777e-02,-1.632511019706726074e-01,-1.583085954189300537e-01,1.102975010871887207e-01,1.593930125236511230e-01,2.057603150606155396e-01,1.437289714813232422e-01,1.853816956281661987e-01,1.437289714813232422e-01,2.057603150606155396e-01,1.593930125236511230e-01,1.102975010871887207e-01,-1.583085954189300537e-01,-1.632511019706726074e-01,5.017165467143058777e-02,2.192368507385253906e-01,-2.091793268918991089e-01,1.000670567154884338e-01
1.667370200157165527e-01,-1.275913715362548828e-01,-1.149997338652610779e-01,2.084730267524719238e-01,8.895015716552734375e-02,-1.692204177379608154e-01,-1.815978288650512695e-01,-6.762824207544326782e-02,3.885404393076896667e-02,1.205398440361022949e-01,1.523969918489456177e-01,1.205398440361022949e-01,3.885404393076896667e-02,-6.762824207544326782e-02,-1.815978288650512695e-01,-1.692204177379608154e-01,8.895015716552734375e-02,2.084730267524719238e-01,-1.149997338652610779e-01,-1.275913715362548828e-01,1.667370200157165527e-01
-2.719045430421829224e-02
1.490712314844131470e-01,-2.293446809053421021e-01,1.921883225440979004e-01,8.235716074705123901e-02,-1.576615422964096069e-01,-1.710335016250610352e-01,1.014715060591697693e-01,1.628861278295516968e-01,2.080817073583602905e-01,1.489940285682678223e-01,1.880149394273757935e-01,1.489940285682678223e-01,2.080817073583602905e-01,1.628861278295516968e-01,1.014715060591697693e-01,-1.710335016250610352e-01,-1.576615422964096069e-01,8.235716074705123901e-02,1.921883225440979004e-01,-2.293446809053421021e-01,1.490712314844131470e-01
1.242761239409446716e-01,-5.635213106870651245e-02,-1.674046367406845093e-01,2.095156759023666382e-01,9.249102324247360229e-02,-1.471809744834899902e-01,-2.041222602128982544e-01,-6.270399689674377441e-02,2.508996054530143738e-02,1.340060532093048096e-01,1.406801640987396240e-01,1.340060532093048096e-01,2.508996054530143738e-02,-6.270399689674377441e-02,-2.041222602128982544e-01,-1.471809744834899902e-01,9.249102324247360229e-02,2.095156759023666382e-01,-1.674046367406845093e-01,-5.635213106870651245e-02,1.242761239409446716e-01
-2.822631411254405975e-02
1.544515192508697510e-01,-2.508953511714935303e-01,1.427958756685256958e-01,1.286217421293258667e-01,-1.451314240694046021e-01,-1.691603809595108032e-01,8.836018294095993042e-02,1.723638772964477539e-01,2.059487849473953247e-01,1.598935872316360474e-01,1.842138767242431641e-01,1.598935872316360474e-01,2.059487849473953247e-01,1.723638772964477539e-01,8.836018294095993042e-02,-1.691603809595108032e-01,-1.451314240694046021e-01,1.286217421293258667e-01,1.427958756685256958e-01,-2.508953511714935303e-01,1.544515192508697510e-01
7.890103757381439209e-02,8.036907762289047241e-03,-2.190571129322052002e-01,1.977904140949249268e-01,9.378196299076080322e-02,-1.246215701103210449e-01,-2.188781052827835083e-01,-6.573149561882019043e-02,-8.176436494977679104e-06,1.485577523708343506e-01,1.399092972278594971e-01,1.485577523708343506e-01,-8.176436494977679104e-06,-6.573149561882019043e-02,-2.188781052827835083e-01,-1.246215701103210449e-01,9.378196299076080322e-02,1.977904140949249268e-01,-2.190571129322052002e-01,8.036907762289047241e-03,7.890103757381439209e-02
-2.927499823272228241e-02
1.790154874324798584e-01,-2.090379297733306885e-01,9.262707084417343140e-02,1.615829318761825562e-01,-1.560778468847274780e-01,-1.739015430212020874e-01,6.973467767238616943e-02,1.873407959938049316e-01,1.979649811983108521e-01,1.720582842826843262e-01,1.755465716123580933e-01,1.720582842826843262e-01,1.979649811983108521e-01,1.873407959938049316e-01,6.973467767238616943e-02,-1.739015430212020874e-01,-1.560778468847274780e-01,1.615829318761825562e-01,9.262707084417343140e-02,-2.090379297733306885e-01,1.790154874324798584e-01
1.901990361511707306e-02,8.028522878885269165e-02,-2.410714626312255859e-01,1.878042668104171753e-01,1.095514073967933655e-01,-1.098417043685913086e-01,-2.378485798835754395e-01,-6.547939777374267578e-02,4.248762968927621841e-03,1.522925943136215210e-01,1.284053772687911987e-01,1.522925943136215210e-01,4.248762968927621841e-03,-6.547939777374267578e-02,-2.378485798835754395e-01,-1.098417043685913086e-01,1.095514073967933655e-01,1.878042668104171753e-01,-2.410714626312255859e-01,8.028522878885269165e-02,1.901990361511707306e-02
-3.033635206520557404e-02
1.632509380578994751e-01,-1.735794991254806519e-01,3.321803361177444458e-02,2.029453814029693604e-01,-1.552504450082778931e-01,-1.706842482089996338e-01,5.015223845839500427e-02,2.030550539493560791e-01,1.904065608978271484e-01,1.857821047306060791e-01,1.650730073451995850e-01,1.857821047306060791e-01,1.904065608978271484e-01,2.030550539493560791e-01,5.015223845839500427e-02,-1.706842482089996338e-01,-1.552504450082778931e-01,2.029453814029693604e-01,3.321803361177444458e-02,-1.735794991254806519e-01,1.632509380578994751e-01
-3.150393068790435791e-02,1.294280588626861572e-01,-2.548173666000366211e-01,1.620854586362838745e-01,1.280067563056945801e-01,-9.441206604242324829e-02,-2.412415146827697754e-01,-7.225897908210754395e-02,1.205846550874412060e-03,1.556629091501235962e-01,1.318459659814834595e-01,1.556629091501235962e-01,1.205846550874412060e-03,-7.225897908210754395e-02,-2.412415146827697754e-01,-9.441206604242324829e-02,1.280067563056945801e-01,1.620854586362838745e-01,-2.548173666000366211e-01,1.294280588626861572e-01,-3.150393068790435791e-02
-3.141022846102714539e-02
1.403168290853500366e-01,-1.266219615936279297e-01,-2.816501632332801819e-02,2.352513223886489868e-01,-1.574802398681640625e-01,-1.769624799489974976e-01,2.184375748038291931e-02,2.136957645416259766e-01,1.850939542055130005e-01,2.014748007059097290e-01,1.580194532871246338e-01,2.014748007059097290e-01,1.850939542055130005e-01,2.136957645416259766e-01,2.184375748038291931e-02,-1.769624799489974976e-01,-1.574802398681640625e-01,2.352513223886489868e-01,-2.816501632332801819e-02,-1.266219615936279297e-01,1.403168290853500366e-01
-6.000726297497749329e-02,1.706768870353698730e-01,-2.507971823215484619e-01,1.238098219037055969e-01,1.487160623073577881e-01,-8.741621673107147217e-02,-2.383081465959548950e-01,-7.382754981517791748e-02,1.961625553667545319e-02,1.528370529413223267e-01,1.341651678085327148e-01,1.528370529413223267e-01,1.961625553667545319e-02,-7.382754981517791748e-02,-2.383081465959548950e-01,-8.741621673107147217e-02,1.487160623073577881e-01,1.238098219037055969e-01,-2.507971823215484619e-01,1.706768870353698730e-01,-6.000726297497749329e-02
-3.249647840857505798e-02
1.009013205766677856e-01,-7.718354463577270508e-02,-8.209086209535598755e-02,2.637126147747039795e-01,-1.455316543579101562e-01,-1.734734773635864258e-01,8.873104117810726166e-03,2.246037870645523071e-01,1.794456541538238525e-01,2.103962600231170654e-01,1.516848355531692505e-01,2.103962600231170654e-01,1.794456541538238525e-01,2.246037870645523071e-01,8.873104117810726166e-03,-1.734734773635864258e-01,-1.455316543579101562e-01,2.637126147747039795e-01,-8.209086209535598755e-02,-7.718354463577270508e-02,1.009013205766677856e-01
-9.448670595884323120e-02,1.837636828422546387e-01,-2.339437752962112427e-01,7.955066859722137451e-02,1.746224015951156616e-01,-8.246628195047378540e-02,-2.334530353546142578e-01,-9.218064695596694946e-02,2.268606238067150116e-02,1.456212103366851807e-01,1.450971812009811401e-01,1.456212103366851807e-01,2.268606238067150116e-02,-9.218064695596694946e-02,-2.334530353546142578e-01,-8.246628195047378540e-02,1.746224015951156616e-01,7.955066859722137451e-02,-2.339437752962112427e-01,1.837636828422546387e-01,-9.448670595884323120e-02
-3.359496593475341797e-02
6.198555231094360352e-02,-3.009557910263538361e-02,-1.312422156333923340e-01,2.776856720447540283e-01,-1.316917538642883301e-01,-1.801825165748596191e-01,-7.985721342265605927e-03,2.267014682292938232e-01,1.769579499959945679e-01,2.167609483003616333e-01,1.501737684011459351e-01,2.167609483003616333e-01,1.769579499959945679e-01,2.267014682292938232e-01,-7.985721342265605927e-03,-1.801825165748596191e-01,-1.316917538642883301e-01,2.776856720447540283e-01,-1.312422156333923340e-01,-3.009557910263538361e-02,6.198555231094360352e-02
-1.053073257207870483e-01,1.869983226060867310e-01,-2.044349014759063721e-01,2.885606884956359863e-02,2.004961371421813965e-01,-8.229681849479675293e-02,-2.263395041227340698e-01,-1.072650775313377380e-01,3.702775016427040100e-02,1.368121504783630371e-01,1.551693379878997803e-01,1.368121504783630371e-01,3.702775016427040100e-02,-1.072650775313377380e-01,-2.263395041227340698e-01,-8.229681849479675293e-02,2.004961371421813965e-01,2.885606884956359863e-02,-2.044349014759063721e-01,1.869983226060867310e-01,-1.053073257207870483e-01
-3.470556065440177917e-02
2.489506825804710388e-02,1.811286993324756622e-02,-1.661982536315917969e-01,2.795429825782775879e-01,-1.118542477488517761e-01,-1.885740011930465698e-01,-1.292417570948600769e-02,2.346366196870803833e-01,1.843018978834152222e-01,2.171948105096817017e-01,1.485635489225387573e-01,2.171948105096817017e-01,1.843018978834152222e-01,2.346366196870803833e-01,-1.292417570948600769e-02,-1.885740011930465698e-01,-1.118542477488517761e-01,2.795429825782775879e-01,-1.661982536315917969e-01,1.811286993324756622e-02,2.489506825804710388e-02
-1.210491359233856201e-01,1.751144826412200928e-01,-1.595861315727233887e-01,-1.892978139221668243e-02,2.295628935098648071e-01,-7.143651694059371948e-02,-2.099657803773880005e-01,-1.263517141342163086e-01,3.793739527463912964e-02,1.243584379553794861e-01,1.676060259342193604e-01,1.243584379553794861e-01,3.793739527463912964e-02,-1.263517141342163086e-01,-2.099657803773880005e-01,-7.143651694059371948e-02,2.295628935098648071e-01,-1.892978139221668243e-02,-1.595861315727233887e-01,1.751144826412200928e-01,-1.210491359233856201e-01
-3.582812100648880005e-02
-6.455878727138042450e-03,6.811694055795669556e-02,-1.842482686042785645e-01,2.736922502517700195e-01,-7.932464778423309326e-02,-1.997695565223693848e-01,-2.412741817533969879e-02,2.250572443008422852e-01,1.899290680885314941e-01,2.156283855438232422e-01,1.536174416542053223e-01,2.156283855438232422e-01,1.899290680885314941e-01,2.250572443008422852e-01,-2.412741817533969879e-02,-1.997695565223693848e-01,-7.932464778423309326e-02,2.736922502517700195e-01,-1.842482686042785645e-01,6.811694055795669556e-02,-6.455878727138042450e-03
-1.351877152919769287e-01,1.458488106727600098e-01,-1.113150566816329956e-01,-6.340510398149490356e-02,2.578774094581604004e-01,-6.039006635546684265e-02,-1.962884664535522461e-01,-1.402490288019180298e-01,4.903934523463249207e-02,1.144626811146736145e-01,1.769903153181076050e-01,1.144626811146736145e-01,4.903934523463249207e-02,-1.402490288019180298e-01,-1.962884664535522461e-01,-6.039006635546684265e-02,2.578774094581604004e-01,-6.340510398149490356e-02,-1.113150566816329956e-01,1.458488106727600098e-01,-1.351877152919769287e-01
-3.696253150701522827e-02
-3.637870028614997864e-02,8.097272366285324097e-02,-2.061700075864791870e-01,2.543578743934631348e-01,-4.531259089708328247e-02,-2.146046012639999390e-01,-2.634466812014579773e-02,2.145116180181503296e-01,1.967465132474899292e-01,2.125313878059387207e-01,1.656956970691680908e-01,2.125313878059387207e-01,1.967465132474899292e-01,2.145116180181503296e-01,-2.634466812014579773e-02,-2.146046012639999390e-01,-4.531259089708328247e-02,2.543578743934631348e-01,-2.061700075864791870e-01,8.097272366285324097e-02,-3.637870028614997864e-02
-9.886978566646575928e-02,1.247168332338333130e-01,-7.075902074575424194e-02,-1.157755404710769653e-01,2.698150277137756348e-01,-6.143143400549888611e-02,-1.976812630891799927e-01,-1.569443941116333008e-01,6.139338016510009766e-02,1.100100129842758179e-01,1.861454546451568604e-01,1.100100129842758179e-01,6.139338016510009766e-02,-1.569443941116333008e-01,-1.976812630891799927e-01,-6.143143400549888611e-02,2.698150277137756348e-01,-1.157755404710769653e-01,-7.075902074575424194e-02,1.247168332338333130e-01,-9.886978566646575928e-02
-3.810866177082061768e-02
-5.802579596638679504e-02,1.015792712569236755e-01,-2.069763839244842529e-01,2.269802540540695190e-01,-8.659975603222846985e-03,-2.322202175855636597e-01,-2.821733802556991577e-02,2.055561095476150513e-01,2.107029408216476440e-01,2.064362913370132446e-01,1.755889505147933960e-01,2.064362913370132446e-01,2.107029408216476440e-01,2.055561095476150513e-01,-2.821733802556991577e-02,-2.322202175855636597e-01,-8.659975603222846985e-03,2.269802540540695190e-01,-2.069763839244842529e-01,1.015792712569236755e-01,-5.802579596638679504e-02
-8.169466257095336914e-02,9.413623809814453125e-02,-2.418521605432033539e-02,-1.573891043663024902e-01,2.803359329700469971e-01,-4.676767438650131226e-02,-1.900803595781326294e-01,-1.674519181251525879e-01,6.481615453958511353e-02,1.045806407928466797e-01,1.911220103502273560e-01,1.045806407928466797e-01,6.481615453958511353e-02,-1.674519181251525879e-01,-1.900803595781326294e-01,-4.676767438650131226e-02,2.803359329700469971e-01,-1.573891043663024902e-01,-2.418521605432033539e-02,9.413623809814453125e-02,-8.169466257095336914e-02
-3.926640003919601440e-02
-7.147719711065292358e-02,1.122110113501548767e-01,-1.989568918943405151e-01,1.939386129379272461e-01,3.225319087505340576e-02,-2.483818084001541138e-01,-2.984172292053699493e-02,1.924568861722946167e-01,2.236322015523910522e-01,1.990889459848403931e-01,1.868538111448287964e-01,1.990889459848403931e-01,2.236322015523910522e-01,1.924568861722946167e-01,-2.984172292053699493e-02,-2.483818084001541138e-01,3.225319087505340576e-02,1.939386129379272461e-01,-1.989568918943405151e-01,1.122110113501548767e-01,-7.147719711065292358e-02
-6.113541498780250549e-02,6.120942533016204834e-02,1.846606098115444183e-02,-1.900170296430587769e-01,2.840079367160797119e-01,-3.068459779024124146e-02,-1.894004493951797485e-01,-1.763575226068496704e-01,6.584384292364120483e-02,1.025216430425643921e-01,1.929194778203964233e-01,1.025216430425643921e-01,6.584384292364120483e-02,-1.763575226068496704e-01,-1.894004493951797485e-01,-3.068459779024124146e-02,2.840079367160797119e-01,-1.900170296430587769e-01,1.846606098115444183e-02,6.120942533016204834e-02,-6.113541498780250549e-02
-4.043562710285186768e-02
-7.323402166366577148e-02,1.193377971649169922e-01,-1.898606419563293457e-01,1.504062116146087646e-01,7.617082446813583374e-02,-2.600153684616088867e-01,-3.599053248763084412e-02,1.765007525682449341e-01,2.395792901515960693e-01,1.929074674844741821e-01,1.965711116790771484e-01,1.929074674844741821e-01,2.395792901515960693e-01,1.765007525682449341e-01,-3.599053248763084412e-02,-2.600153684616088867e-01,7.617082446813583374e-02,1.504062116146087646e-01,-1.898606419563293457e-01,1.193377971649169922e-01,-7.323402166366577148e-02
-3.948211669921875000e-02,2.720623463392257690e-02,5.280875042080879211e-02,-2.173283100128173828e-01,2.778274416923522949e-01,-1.519764214754104614e-02,-1.967551112174987793e-01,-1.834553629159927368e-01,6.628601998090744019e-02,1.049063131213188171e-01,1.917902678251266479e-01,1.049063131213188171e-01,6.628601998090744019e-02,-1.834553629159927368e-01,-1.967551112174987793e-01,-1.519764214754104614e-02,2.778274416923522949e-01,-2.173283100128173828e-01,5.280875042080879211e-02,2.720623463392257690e-02,-3.948211669921875000e-02
-4.161622747778892517e-02
-7.497666031122207642e-02,1.132644191384315491e-01,-1.679039299488067627e-01,1.109599247574806213e-01,1.153776049613952637e-01,-2.729891538619995117e-01,-3.914476558566093445e-02,1.636428385972976685e-01,2.513584494590759277e-01,1.861480325460433960e-01,2.065187841653823853e-01,1.861480325460433960e-01,2.513584494590759277e-01,1.636428385972976685e-01,-3.914476558566093445e-02,-2.729891538619995117e-01,1.153776049613952637e-01,1.109599247574806213e-01,-1.679039299488067627e-01,1.132644191384315491e-01,-7.497666031122207642e-02
-1.471727434545755386e-02,-6.677020573988556862e-04,8.372863382101058960e-02,-2.330040037631988525e-01,2.678117156028747559e-01,1.013506017625331879e-02,-2.008857578039169312e-01,-1.850472092628479004e-01,6.270895153284072876e-02,1.093533262610435486e-01,1.882116645574569702e-01,1.093533262610435486e-01,6.270895153284072876e-02,-1.850472092628479004e-01,-2.008857578039169312e-01,1.013506017625331879e-02,2.678117156028747559e-01,-2.330040037631988525e-01,8.372863382101058960e-02,-6.677020573988556862e-04,-1.471727434545755386e-02
-4.280810058116912842e-02
-7.857492566108703613e-02,9.674365818500518799e-02,-1.357061713933944702e-01,7.675915211439132690e-02,1.503473967313766479e-01,-2.837519645690917969e-01,-4.024787247180938721e-02,1.532653272151947021e-01,2.581518888473510742e-01,1.802695244550704956e-01,2.170254886150360107e-01,1.802695244550704956e-01,2.581518888473510742e-01,1.532653272151947021e-01,-4.024787247180938721e-02,-2.837519645690917969e-01,1.503473967313766479e-01,7.675915211439132690e-02,-1.357061713933944702e-01,9.674365818500518799e-02,-7.857492566108703613e-02
4.932114854454994202e-03,-2.589555829763412476e-02,1.068887487053871155e-01,-2.417583465576171875e-01,2.506181001663208008e-01,4.198408126831054688e-02,-2.020058929920196533e-01,-1.824537217617034912e-01,5.450599640607833862e-02,1.162125691771507263e-01,1.840960234403610229e-01,1.162125691771507263e-01,5.450599640607833862e-02,-1.824537217617034912e-01,-2.020058929920196533e-01,4.198408126831054688e-02,2.506181001663208008e-01,-2.417583465576171875e-01,1.068887487053871155e-01,-2.589555829763412476e-02,4.932114854454994202e-03
-4.401113837957382202e-02
-6.053230538964271545e-02,9.489798545837402344e-02,-1.090364754199981689e-01,3.052411600947380066e-02,1.808445006608963013e-01,-2.902261316776275635e-01,-5.336793884634971619e-02,1.410823464393615723e-01,2.689864635467529297e-01,1.776973158121109009e-01,2.217131853103637695e-01,1.776973158121109009e-01,2.689864635467529297e-01,1.410823464393615723e-01,-5.336793884634971619e-02,-2.902261316776275635e-01,1.808445006608963013e-01,3.052411600947380066e-02,-1.090364754199981689e-01,9.489798545837402344e-02,-6.053230538964271545e-02
1.821638643741607666e-02,-4.188161343336105347e-02,1.300907284021377563e-01,-2.412814050912857056e-01,2.242242395877838135e-01,6.585790216922760010e-02,-2.157965600490570068e-01,-1.835928857326507568e-01,4.496903717517852783e-02,1.234027594327926636e-01,1.755404621362686157e-01,1.234027594327926636e-01,4.496903717517852783e-02,-1.835928857326507568e-01,-2.157965600490570068e-01,6.585790216922760010e-02,2.242242395877838135e-01,-2.412814050912857056e-01,1.300907284021377563e-01,-4.188161343336105347e-02,1.821638643741607666e-02
-4.522523283958435059e-02
-6.156206503510475159e-02,6.493714451789855957e-02,-7.775334268808364868e-02,2.652238763403147459e-04,2.100693285465240479e-01,-2.883906364440917969e-01,-5.759499222040176392e-02,1.360176056623458862e-01,2.724154591560363770e-01,1.762104183435440063e-01,2.276706695556640625e-01,1.762104183435440063e-01,2.724154591560363770e-01,1.360176056623458862e-01,-5.759499222040176392e-02,-2.883906364440917969e-01,2.100693285465240479e-01,2.652238763403147459e-04,-7.775334268808364868e-02,6.493714451789855957e-02,-6.156206503510475159e-02
3.914715349674224854e-02,-6.195431575179100037e-02,1.327669471502304077e-01,-2.372031360864639282e-01,1.991482377052307129e-01,1.016743853688240051e-01,-2.195096313953399658e-01,-1.777529269456863403e-01,3.522352874279022217e-02,1.332062482833862305e-01,1.688258349895477295e-01,1.332062482833862305e-01,3.522352874279022217e-02,-1.777529269456863403e-01,-2.195096313953399658e-01,1.016743853688240051e-01,1.991482377052307129e-01,-2.372031360864639282e-01,1.327669471502304077e-01,-6.195431575179100037e-02,3.914715349674224854e-02
-4.645029082894325256e-02
-4.913349822163581848e-02,4.529924318194389343e-02,-4.855914041399955750e-02,-3.262044116854667664e-02,2.328484803438186646e-01,-2.815746366977691650e-01,-6.758502870798110962e-02,1.304288655519485474e-01,2.739482522010803223e-01,1.772977858781814575e-01,2.306929230690002441e-01,1.772977858781814575e-01,2.739482522010803223e-01,1.304288655519485474e-01,-6.758502870798110962e-02,-2.815746366977691650e-01,2.328484803438186646e-01,-3.262044116854667664e-02,-4.855914041399955750e-02,4.529924318194389343e-02,-4.913349822163581848e-02
4.870981723070144653e-02,-7.528012990951538086e-02,1.362762451171875000e-01,-2.218614518642425537e-01,1.716482788324356079e-01,1.335980445146560669e-01,-2.299156486988067627e-01,-1.768043190240859985e-01,2.219099737703800201e-02,1.426350176334381104e-01,1.611856073141098022e-01,1.426350176334381104e-01,2.219099737703800201e-02,-1.768043190240859985e-01,-2.299156486988067627e-01,1.335980445146560669e-01,1.716482788324356079e-01,-2.218614518642425537e-01,1.362762451171875000e-01,-7.528012990951538086e-02,4.870981723070144653e-02
-4.768621549010276794e-02
-3.598037362098693848e-02,1.985678635537624359e-02,-3.180757537484169006e-02,-6.609585881233215332e-02,2.520406842231750488e-01,-2.699436843395233154e-01,-8.327201753854751587e-02,1.292608231306076050e-01,2.795874774456024170e-01,1.810967028141021729e-01,2.281899750232696533e-01,1.810967028141021729e-01,2.795874774456024170e-01,1.292608231306076050e-01,-8.327201753854751587e-02,-2.699436843395233154e-01,2.520406842231750488e-01,-6.609585881233215332e-02,-3.180757537484169006e-02,1.985678635537624359e-02,-3.598037362098693848e-02
7.448072731494903564e-02,-7.544477283954620361e-02,1.286670714616775513e-01,-2.157576382160186768e-01,1.293288767337799072e-01,1.573985815048217773e-01,-2.393027693033218384e-01,-1.701648682355880737e-01,1.837982423603534698e-02,1.528389453887939453e-01,1.518266052007675171e-01,1.528389453887939453e-01,1.837982423603534698e-02,-1.701648682355880737e-01,-2.393027693033218384e-01,1.573985815048217773e-01,1.293288767337799072e-01,-2.157576382160186768e-01,1.286670714616775513e-01,-7.544477283954620361e-02,7.448072731494903564e-02
-4.893290624022483826e-02
-2.377850934863090515e-02,7.635420188307762146e-03,3.730918047949671745e-03,-8.674086630344390869e-02,2.602780461311340332e-01,-2.590450048446655273e-01,-1.007721424102783203e-01,1.267942935228347778e-01,2.757580578327178955e-01,1.865302175283432007e-01,2.279325872659683228e-01,1.865302175283432007e-01,2.757580578327178955e-01,1.267942935228347778e-01,-1.007721424102783203e-01,-2.590450048446655273e-01,2.602780461311340332e-01,-8.674086630344390869e-02,3.730918047949671745e-03,7.635420188307762146e-03,-2.377850934863090515e-02
6.186298280954360962e-02,-8.414967358112335205e-02,1.274377107620239258e-01,-1.883277148008346558e-01,1.019981652498245239e-01,1.921662390232086182e-01,-2.423745691776275635e-01,-1.688910275697708130e-01,2.598140388727188110e-03,1.597914248704910278e-01,1.450109779834747314e-01,1.597914248704910278e-01,2.598140388727188110e-03,-1.688910275697708130e-01,-2.423745691776275635e-01,1.921662390232086182e-01,1.019981652498245239e-01,-1.883277148008346558e-01,1.274377107620239258e-01,-8.414967358112335205e-02,6.186298280954360962e-02
-5.019027367234230042e-02
-9.724030271172523499e-03,-9.773669764399528503e-03,2.394749224185943604e-02,-1.077151224017143250e-01,2.667066156864166260e-01,-2.411502301692962646e-01,-1.212565600872039795e-01,1.268965899944305420e-01,2.741538286209106445e-01,1.936032325029373169e-01,2.232498377561569214e-01,1.936032325029373169e-01,2.741538286209106445e-01,1.268965899944305420e-01,-1.212565600872039795e-01,-2.411502301692962646e-01,2.667066156864166260e-01,-1.077151224017143250e-01,2.394749224185943604e-02,-9.773669764399528503e-03,-9.724030271172523499e-03
6.570322811603546143e-02,-8.184812217950820923e-02,1.175938099622726440e-01,-1.669725179672241211e-01,6.587760150432586670e-02,2.165163606405258179e-01,-2.479429841041564941e-01,-1.666530817747116089e-01,-4.744363948702812195e-03,1.675232648849487305e-01,1.382982730865478516e-01,1.675232648849487305e-01,-4.744363948702812195e-03,-1.666530817747116089e-01,-2.479429841041564941e-01,2.165163606405258179e-01,6.587760150432586670e-02,-1.669725179672241211e-01,1.175938099622726440e-01,-8.184812217950820923e-02,6.570322811603546143e-02
-5.145822837948799133e-02
1.111820340156555176e-03,-2.511302568018436432e-02,4.612925276160240173e-02,-1.221675425767898560e-01,2.663328647613525391e-01,-2.171447873115539551e-01,-1.357716023921966553e-01,1.307672560214996338e-01,2.675839662551879883e-01,2.013917714357376099e-01,2.196986228227615356e-01,2.013917714357376099e-01,2.675839662551879883e-01,1.307672560214996338e-01,-1.357716023921966553e-01,-2.171447873115539551e-01,2.663328647613525391e-01,-1.221675425767898560e-01,4.612925276160240173e-02,-2.511302568018436432e-02,1.111820340156555176e-03
6.148586794734001160e-02,-7.972348481416702271e-02,1.057032346725463867e-01,-1.379303783178329468e-01,3.865522518754005432e-02,2.453798204660415649e-01,-2.493593692779541016e-01,-1.701999753713607788e-01,-1.832256093621253967e-02,1.727180331945419312e-01,1.345357894897460938e-01,1.727180331945419312e-01,-1.832256093621253967e-02,-1.701999753713607788e-01,-2.493593692779541016e-01,2.453798204660415649e-01,3.865522518754005432e-02,-1.379303783178329468e-01,1.057032346725463867e-01,-7.972348481416702271e-02,6.148586794734001160e-02
-5.273668467998504639e-02
1.354642491787672043e-02,-3.898701816797256470e-02,5.967142060399055481e-02,-1.339391767978668213e-01,2.621886432170867920e-01,-1.954387873411178589e-01,-1.608108580112457275e-01,1.326418668031692505e-01,2.645596563816070557e-01,2.108993679285049438e-01,2.122928947210311890e-01,2.108993679285049438e-01,2.645596563816070557e-01,1.326418668031692505e-01,-1.608108580112457275e-01,-1.954387873411178589e-01,2.621886432170867920e-01,-1.339391767978668213e-01,5.967142060399055481e-02,-3.898701816797256470e-02,1.354642491787672043e-02
6.135536730289459229e-02,-7.185901701450347900e-02,9.043521434068679810e-02,-1.169486790895462036e-01,2.242574701085686684e-03,2.629277110099792480e-01,-2.485795468091964722e-01,-1.694634854793548584e-01,-2.266313135623931885e-02,1.770713031291961670e-01,1.304191201925277710e-01,1.770713031291961670e-01,-2.266313135623931885e-02,-1.694634854793548584e-01,-2.485795468091964722e-01,2.629277110099792480e-01,2.242574701085686684e-03,-1.169486790895462036e-01,9.043521434068679810e-02,-7.185901701450347900e-02,6.135536730289459229e-02
-5.402555316686630249e-02
2.234950661659240723e-02,-5.164732038974761963e-02,7.043705880641937256e-02,-1.416407674551010132e-01,2.536703348159790039e-01,-1.688883900642395020e-01,-1.818946897983551025e-01,1.367040276527404785e-01,2.595802247524261475e-01,2.214106470346450806e-01,2.061548233032226562e-01,2.214106470346450806e-01,2.595802247524261475e-01,1.367040276527404785e-01,-1.818946897983551025e-01,-1.688883900642395020e-01,2.536703348159790039e-01,-1.416407674551010132e-01,7.043705880641937256e-02,-5.164732038974761963e-02,2.234950661659240723e-02
5.794343352317810059e-02,-6.269150972366333008e-02,7.416903972625732422e-02,-9.342774003744125366e-02,-2.881949022412300110e-02,2.792028188705444336e-01,-2.455366849899291992e-01,-1.721269190311431885e-01,-2.692717872560024261e-02,1.803858429193496704e-01,1.287364065647125244e-01,1.803858429193496704e-01,-2.692717872560024261e-02,-1.721269190311431885e-01,-2.455366849899291992e-01,2.792028188705444336e-01,-2.881949022412300110e-02,-9.342774003744125366e-02,7.416903972625732422e-02,-6.269150972366333008e-02,5.794343352317810059e-02
-5.532475188374519348e-02
2.953531593084335327e-02,-5.914075672626495361e-02,8.263546973466873169e-02,-1.436749696731567383e-01,2.415472418069839478e-01,-1.384229660034179688e-01,-1.987463533878326416e-01,1.425011157989501953e-01,2.531186640262603760e-01,2.324662059545516968e-01,2.015017271041870117e-01,2.324662059545516968e-01,2.531186640262603760e-01,1.425011157989501953e-01,-1.987463533878326416e-01,-1.384229660034179688e-01,2.415472418069839478e-01,-1.436749696731567383e-01,8.263546973466873169e-02,-5.914075672626495361e-02,2.953531593084335327e-02
4.763529449701309204e-02,-5.563870444893836975e-02,5.847861617803573608e-02,-6.435685604810714722e-02,-5.059186369180679321e-02,2.967085540294647217e-01,-2.392998933792114258e-01,-1.799833029508590698e-01,-3.448948264122009277e-02,1.815066635608673096e-01,1.300632059574127197e-01,1.815066635608673096e-01,-3.448948264122009277e-02,-1.799833029508590698e-01,-2.392998933792114258e-01,2.967085540294647217e-01,-5.059186369180679321e-02,-6.435685604810714722e-02,5.847861617803573608e-02,-5.563870444893836975e-02,4.763529449701309204e-02
-5.663419887423515320e-02
3.895510733127593994e-02,-6.758353114128112793e-02,8.501531183719635010e-02,-1.451293081045150757e-01,2.255785912275314331e-01,-1.124865040183067322e-01,-2.226686924695968628e-01,1.448625028133392334e-01,2.475955039262771606e-01,2.412851750850677490e-01,1.929402798414230347e-01,2.412851750850677490e-01,2.475955039262771606e-01,1.448625028133392334e-01,-2.226686924695968628e-01,-1.124865040183067322e-01,2.255785912275314331e-01,-1.451293081045150757e-01,8.501531183719635010e-02,-6.758353114128112793e-02,3.895510733127593994e-02
4.595260322093963623e-02,-4.230751097202301025e-02,4.182834923267364502e-02,-4.454593360424041748e-02,-7.888412475585937500e-02,3.040148615837097168e-01,-2.309354245662689209e-01,-1.855393350124359131e-01,-3.597037121653556824e-02,1.805846542119979858e-01,1.308973282575607300e-01,1.805846542119979858e-01,-3.597037121653556824e-02,-1.855393350124359131e-01,-2.309354245662689209e-01,3.040148615837097168e-01,-7.888412475585937500e-02,-4.454593360424041748e-02,4.182834923267364502e-02,-4.230751097202301025e-02,4.595260322093963623e-02
-5.795381590723991394e-02
4.395486041903495789e-02,-7.262755185365676880e-02,8.744581043720245361e-02,-1.412711888551712036e-01,2.097906917333602905e-01,-8.317629992961883545e-02,-2.439927011728286743e-01,1.465959399938583374e-01,2.423110455274581909e-01,2.507447898387908936e-01,1.860300153493881226e-01,2.507447898387908936e-01,2.423110455274581909e-01,1.465959399938583374e-01,-2.439927011728286743e-01,-8.317629992961883545e-02,2.097906917333602905e-01,-1.412711888551712036e-01,8.744581043720245361e-02,-7.262755185365676880e-02,4.395486041903495789e-02
3.889665380120277405e-02,-3.052304126322269440e-02,2.489134855568408966e-02,-2.490884251892566681e-02,-1.010943949222564697e-01,3.105298876762390137e-01,-2.191132903099060059e-01,-1.920896470546722412e-01,-3.471565246582031250e-02,1.785147339105606079e-01,1.325436383485794067e-01,1.785147339105606079e-01,-3.471565246582031250e-02,-1.920896470546722412e-01,-2.191132903099060059e-01,3.105298876762390137e-01,-1.010943949222564697e-01,-2.490884251892566681e-02,2.489134855568408966e-02,-3.052304126322269440e-02,3.889665380120277405e-02
-5.928352475166320801e-02
4.670792818069458008e-02,-7.720763236284255981e-02,8.651898056268692017e-02,-1.351282596588134766e-01,1.919466406106948853e-01,-5.356257036328315735e-02,-2.628799676895141602e-01,1.483661383390426636e-01,2.378548085689544678e-01,2.609933316707611084e-01,1.817053854465484619e-01,2.609933316707611084e-01,2.378548085689544678e-01,1.483661383390426636e-01,-2.628799676895141602e-01,-5.356257036328315735e-02,1.919466406106948853e-01,-1.351282596588134766e-01,8.651898056268692017e-02,-7.720763236284255981e-02,4.670792818069458008e-02
3.229366987943649292e-02,-1.921452768146991730e-02,9.348059073090553284e-03,-5.680660251528024673e-03,-1.207095831632614136e-01,3.113447129726409912e-01,-2.072367370128631592e-01,-2.017180323600769043e-01,-3.394342958927154541e-02,1.761529594659805298e-01,1.373787969350814819e-01,1.761529594659805298e-01,-3.394342958927154541e-02,-2.017180323600769043e-01,-2.072367370128631592e-01,3.113447129726409912e-01,-1.207095831632614136e-01,-5.680660251528024673e-03,9.348059073090553284e-03,-1.921452768146991730e-02,3.229366987943649292e-02
-6.062324717640876770e-02
5.168470740318298340e-02,-7.666708528995513916e-02,8.472347259521484375e-02,-1.272552162408828735e-01,1.726784408092498779e-01,-2.451318688690662384e-02,-2.804561257362365723e-01,1.488229781389236450e-01,2.330116629600524902e-01,2.667361199855804443e-01,1.738826036453247070e-01,2.667361199855804443e-01,2.330116629600524902e-01,1.488229781389236450e-01,-2.804561257362365723e-01,-2.451318688690662384e-02,1.726784408092498779e-01,-1.272552162408828735e-01,8.472347259521484375e-02,-7.666708528995513916e-02,5.168470740318298340e-02
2.539183944463729858e-02,-7.079009898006916046e-03,-4.970698617398738861e-03,1.106130145490169525e-02,-1.360507756471633911e-01,3.115696012973785400e-01,-1.914608478546142578e-01,-2.123015373945236206e-01,-3.257465735077857971e-02,1.709327399730682373e-01,1.416462510824203491e-01,1.709327399730682373e-01,-3.257465735077857971e-02,-2.123015373945236206e-01,-1.914608478546142578e-01,3.115696012973785400e-01,-1.360507756471633911e-01,1.106130145490169525e-02,-4.970698617398738861e-03,-7.079009898006916046e-03,2.539183944463729858e-02
-6.197291612625122070e-02
5.207493528723716736e-02,-7.694900780916213989e-02,8.067277073860168457e-02,-1.188134104013442993e-01,1.494825631380081177e-01,1.552649773657321930e-03,-2.954403460025787354e-01,1.496983617544174194e-01,2.303333282470703125e-01,2.755061686038970947e-01,1.718951463699340820e-01,2.755061686038970947e-01,2.303333282470703125e-01,1.496983617544174194e-01,-2.954403460025787354e-01,1.552649773657321930e-03,1.494825631380081177e-01,-1.188134104013442993e-01,8.067277073860168457e-02,-7.694900780916213989e-02,5.207493528723716736e-02
1.790470443665981293e-02,3.399862907826900482e-03,-1.731311157345771790e-02,2.743645943701267242e-02,-1.475784480571746826e-01,3.093799948692321777e-01,-1.725093424320220947e-01,-2.238597720861434937e-01,-3.158228844404220581e-02,1.667431294918060303e-01,1.496248096227645874e-01,1.667431294918060303e-01,-3.158228844404220581e-02,-2.238597720861434937e-01,-1.725093424320220947e-01,3.093799948692321777e-01,-1.475784480571746826e-01,2.743645943701267242e-02,-1.731311157345771790e-02,3.399862907826900482e-03,1.790470443665981293e-02
-6.333244591951370239e-02
5.161286145448684692e-02,-7.443736493587493896e-02,7.566069811582565308e-02,-1.083486527204513550e-01,1.291082650423049927e-01,2.948367409408092499e-02,-3.083424866199493408e-01,1.477929204702377319e-01,2.277276813983917236e-01,2.806889414787292480e-01,1.676078736782073975e-01,2.806889414787292480e-01,2.277276813983917236e-01,1.477929204702377319e-01,-3.083424866199493408e-01,2.948367409408092499e-02,1.291082650423049927e-01,-1.083486527204513550e-01,7.566069811582565308e-02,-7.443736493587493896e-02,5.161286145448684692e-02
1.180406101047992706e-02,1.396453473716974258e-02,-3.032655641436576843e-02,3.924373164772987366e-02,-1.568443179130554199e-01,3.037823140621185303e-01,-1.540838778018951416e-01,-2.362987846136093140e-01,-2.815143391489982605e-02,1.605946421623229980e-01,1.557570695877075195e-01,1.605946421623229980e-01,-2.815143391489982605e-02,-2.362987846136093140e-01,-1.540838778018951416e-01,3.037823140621185303e-01,-1.568443179130554199e-01,3.924373164772987366e-02,-3.032655641436576843e-02,1.396453473716974258e-02,1.180406101047992706e-02
-6.470178067684173584e-02
5.218418315052986145e-02,-7.122300565242767334e-02,6.863286346197128296e-02,-9.671664983034133911e-02,1.080257669091224670e-01,5.388541147112846375e-02,-3.204152584075927734e-01,1.444783210754394531e-01,2.264790683984756470e-01,2.858965396881103516e-01,1.658695042133331299e-01,2.858965396881103516e-01,2.264790683984756470e-01,1.444783210754394531e-01,-3.204152584075927734e-01,5.388541147112846375e-02,1.080257669091224670e-01,-9.671664983034133911e-02,6.863286346197128296e-02,-7.122300565242767334e-02,5.218418315052986145e-02
5.850944202393293381e-03,2.259871922433376312e-02,-4.113145917654037476e-02,5.003268644213676453e-02,-1.639444679021835327e-01,2.949196696281433105e-01,-1.335180252790451050e-01,-2.487999796867370605e-01,-2.544873580336570740e-02,1.548674404621124268e-01,1.643763184547424316e-01,1.548674404621124268e-01,-2.544873580336570740e-02,-2.487999796867370605e-01,-1.335180252790451050e-01,2.949196696281433105e-01,-1.639444679021835327e-01,5.003268644213676453e-02,-4.113145917654037476e-02,2.259871922433376312e-02,5.850944202393293381e-03
-6.608083844184875488e-02
5.061431974172592163e-02,-6.739343702793121338e-02,6.098489835858345032e-02,-8.382157236337661743e-02,8.811807632446289062e-02,7.703869044780731201e-02,-3.300032615661621094e-01,1.403911858797073364e-01,2.269643396139144897e-01,2.897813320159912109e-01,1.646518856287002563e-01,2.897813320159912109e-01,2.269643396139144897e-01,1.403911858797073364e-01,-3.300032615661621094e-01,7.703869044780731201e-02,8.811807632446289062e-02,-8.382157236337661743e-02,6.098489835858345032e-02,-6.739343702793121338e-02,5.061431974172592163e-02
-1.259302254766225815e-03,3.148883208632469177e-02,-4.843459278345108032e-02,5.928668007254600525e-02,-1.686642765998840332e-01,2.842495739459991455e-01,-1.112775206565856934e-01,-2.608274519443511963e-01,-2.190228179097175598e-02,1.486793905496597290e-01,1.729049533605575562e-01,1.486793905496597290e-01,-2.190228179097175598e-02,-2.608274519443511963e-01,-1.112775206565856934e-01,2.842495739459991455e-01,-1.686642765998840332e-01,5.928668007254600525e-02,-4.843459278345108032e-02,3.148883208632469177e-02,-1.259302254766225815e-03
-6.746955960988998413e-02
4.796497896313667297e-02,-6.181374564766883850e-02,5.223696306347846985e-02,-7.303399592638015747e-02,6.673557311296463013e-02,9.795489907264709473e-02,-3.374843895435333252e-01,1.348101347684860229e-01,2.286159843206405640e-01,2.923378944396972656e-01,1.639305800199508667e-01,2.923378944396972656e-01,2.286159843206405640e-01,1.348101347684860229e-01,-3.374843895435333252e-01,9.795489907264709473e-02,6.673557311296463013e-02,-7.303399592638015747e-02,5.223696306347846985e-02,-6.181374564766883850e-02,4.796497896313667297e-02
-6.624077446758747101e-03,3.874207660555839539e-02,-5.697891116142272949e-02,6.612163782119750977e-02,-1.688068062067031860e-01,2.727703750133514404e-01,-9.009924530982971191e-02,-2.738708853721618652e-01,-1.787374913692474365e-02,1.402918547391891479e-01,1.787973791360855103e-01,1.402918547391891479e-01,-1.787374913692474365e-02,-2.738708853721618652e-01,-9.009924530982971191e-02,2.727703750133514404e-01,-1.688068062067031860e-01,6.612163782119750977e-02,-5.697891116142272949e-02,3.874207660555839539e-02,-6.624077446758747101e-03
-6.886786967515945435e-02
4.484743624925613403e-02,-6.059305742383003235e-02,4.098429158329963684e-02,-5.813349783420562744e-02,5.145538598299026489e-02,1.191293150186538696e-01,-3.431645631790161133e-01,1.257029175758361816e-01,2.293167114257812500e-01,2.941103577613830566e-01,1.657847762107849121e-01,2.941103577613830566e-01,2.293167114257812500e-01,1.257029175758361816e-01,-3.431645631790161133e-01,1.191293150186538696e-01,5.145538598299026489e-02,-5.813349783420562744e-02,4.098429158329963684e-02,-6.059305742383003235e-02,4.484743624925613403e-02
-8.525162003934383392e-03,4.712395742535591125e-02,-6.448698788881301880e-02,6.828516721725463867e-02,-1.691255271434783936e-01,2.597274482250213623e-01,-6.632655113935470581e-02,-2.836646735668182373e-01,-1.078097056597471237e-02,1.350187808275222778e-01,1.865030825138092041e-01,1.350187808275222778e-01,-1.078097056597471237e-02,-2.836646735668182373e-01,-6.632655113935470581e-02,2.597274482250213623e-01,-1.691255271434783936e-01,6.828516721725463867e-02,-6.448698788881301880e-02,4.712395742535591125e-02,-8.525162003934383392e-03
-7.027571648359298706e-02
4.393241927027702332e-02,-5.031578615307807922e-02,3.474051877856254578e-02,-4.724531993269920349e-02,3.073745034635066986e-02,1.355645209550857544e-01,-3.452646434307098389e-01,1.186016201972961426e-01,2.332061529159545898e-01,2.957750260829925537e-01,1.689669489860534668e-01,2.957750260829925537e-01,2.332061529159545898e-01,1.186016201972961426e-01,-3.452646434307098389e-01,1.355645209550857544e-01,3.073745034635066986e-02,-4.724531993269920349e-02,3.474051877856254578e-02,-5.031578615307807922e-02,4.393241927027702332e-02
-1.492940820753574371e-02,5.069810524582862854e-02,-6.753963232040405273e-02,7.384965568780899048e-02,-1.669396609067916870e-01,2.433453053236007690e-01,-4.487025365233421326e-02,-2.982574999332427979e-01,-1.103985309600830078e-02,1.293943971395492554e-01,1.971027851104736328e-01,1.293943971395492554e-01,-1.103985309600830078e-02,-2.982574999332427979e-01,-4.487025365233421326e-02,2.433453053236007690e-01,-1.669396609067916870e-01,7.384965568780899048e-02,-6.753963232040405273e-02,5.069810524582862854e-02,-1.492940820753574371e-02
-7.169301807880401611e-02
3.932148963212966919e-02,-4.366477206349372864e-02,2.577504515647888184e-02,-3.532272204756736755e-02,1.376546267420053482e-02,1.499229371547698975e-01,-3.483071625232696533e-01,1.080318689346313477e-01,2.374857664108276367e-01,2.935500144958496094e-01,1.686873286962509155e-01,2.935500144958496094e-01,2.374857664108276367e-01,1.080318689346313477e-01,-3.483071625232696533e-01,1.499229371547698975e-01,1.376546267420053482e-02,-3.532272204756736755e-02,2.577504515647888184e-02,-4.366477206349372864e-02,3.932148963212966919e-02
-1.788076572120189667e-02,5.566357821226119995e-02,-7.150828093290328979e-02,7.444363832473754883e-02,-1.637510657310485840e-01,2.261446863412857056e-01,-2.376049384474754333e-02,-3.100413978099822998e-01,-8.389595896005630493e-03,1.201970055699348450e-01,2.017058879137039185e-01,1.201970055699348450e-01,-8.389595896005630493e-03,-3.100413978099822998e-01,-2.376049384474754333e-02,2.261446863412857056e-01,-1.637510657310485840e-01,7.444363832473754883e-02,-7.150828093290328979e-02,5.566357821226119995e-02,-1.788076572120189667e-02
-7.311972230672836304e-02
3.430628404021263123e-02,-3.856211528182029724e-02,1.470899395644664764e-02,-2.375346049666404724e-02,1.417798805050551891e-03,1.658517122268676758e-01,-3.485141992568969727e-01,9.428362548351287842e-02,2.404284775257110596e-01,2.902291715145111084e-01,1.700013577938079834e-01,2.902291715145111084e-01,2.404284775257110596e-01,9.428362548351287842e-02,-3.485141992568969727e-01,1.658517122268676758e-01,1.417798805050551891e-03,-2.375346049666404724e-02,1.470899395644664764e-02,-3.856211528182029724e-02,3.430628404021263123e-02
-2.209505438804626465e-02,6.033876165747642517e-02,-7.196082174777984619e-02,7.489976286888122559e-02,-1.586622148752212524e-01,2.096095532178878784e-01,-2.734333393163979053e-04,-3.185876905918121338e-01,-3.423508256673812866e-03,1.151941567659378052e-01,2.082629650831222534e-01,1.151941567659378052e-01,-3.423508256673812866e-03,-3.185876905918121338e-01,-2.734333393163979053e-04,2.096095532178878784e-01,-1.586622148752212524e-01,7.489976286888122559e-02,-7.196082174777984619e-02,6.033876165747642517e-02,-2.209505438804626465e-02
-7.455576956272125244e-02
3.227338939905166626e-02,-3.167729079723358154e-02,7.543905172497034073e-03,-1.199548970907926559e-02,-1.459960080683231354e-02,1.757569611072540283e-01,-3.446716666221618652e-01,8.399368822574615479e-02,2.471863776445388794e-01,2.934474647045135498e-01,1.811040192842483521e-01,2.934474647045135498e-01,2.471863776445388794e-01,8.399368822574615479e-02,-3.446716666221618652e-01,1.757569611072540283e-01,-1.459960080683231354e-02,-1.199548970907926559e-02,7.543905172497034073e-03,-3.167729079723358154e-02,3.227338939905166626e-02
-2.320653945207595825e-02,6.134358420968055725e-02,-7.507237792015075684e-02,7.433801144361495972e-02,-1.504330635070800781e-01,1.924301534891128540e-01,1.960842497646808624e-02,-3.305548727512359619e-01,-2.947445260360836983e-03,1.110518127679824829e-01,2.164494097232818604e-01,1.110518127679824829e-01,-2.947445260360836983e-03,-3.305548727512359619e-01,1.960842497646808624e-02,1.924301534891128540e-01,-1.504330635070800781e-01,7.433801144361495972e-02,-7.507237792015075684e-02,6.134358420968055725e-02,-2.320653945207595825e-02
-7.600108534097671509e-02
2.561479434370994568e-02,-2.515217475593090057e-02,-8.785270038060843945e-04,-3.089854959398508072e-03,-2.751354873180389404e-02,1.857843995094299316e-01,-3.416006267070770264e-01,6.962273269891738892e-02,2.521255016326904297e-01,2.854630351066589355e-01,1.787832826375961304e-01,2.854630351066589355e-01,2.521255016326904297e-01,6.962273269891738892e-02,-3.416006267070770264e-01,1.857843995094299316e-01,-2.751354873180389404e-02,-3.089854959398508072e-03,-8.785270038060843945e-04,-2.515217475593090057e-02,2.561479434370994568e-02
-2.355497889220714569e-02,6.472978740930557251e-02,-7.464678585529327393e-02,7.188346982002258301e-02,-1.421529054641723633e-01,1.771070659160614014e-01,4.383949562907218933e-02,-3.373886644840240479e-01,-1.500778249464929104e-03,1.044500842690467834e-01,2.209364622831344604e-01,1.044500842690467834e-01,-1.500778249464929104e-03,-3.373886644840240479e-01,4.383949562907218933e-02,1.771070659160614014e-01,-1.421529054641723633e-01,7.188346982002258301e-02,-7.464678585529327393e-02,6.472978740930557251e-02,-2.355497889220714569e-02
-7.745563238859176636e-02
1.419186033308506012e-02,-9.588772431015968323e-03,4.458106122910976410e-03,1.131961029022932053e-02,-4.055234044790267944e-02,1.901539564132690430e-01,-3.392428457736968994e-01,5.309120938181877136e-02,2.572912871837615967e-01,2.831484079360961914e-01,1.859346777200698853e-01,2.831484079360961914e-01,2.572912871837615967e-01,5.309120938181877136e-02,-3.392428457736968994e-01,1.901539564132690430e-01,-4.055234044790267944e-02,1.131961029022932053e-02,4.458106122910976410e-03,-9.588772431015968323e-03,1.419186033308506012e-02
-4.217141494154930115e-02,5.388105660676956177e-02,-6.993290036916732788e-02,7.884462177753448486e-02,-1.265269219875335693e-01,1.603238582611083984e-01,6.221684068441390991e-02,-3.468673825263977051e-01,-1.601911964826285839e-03,1.008559241890907288e-01,2.267761975526809692e-01,1.008559241890907288e-01,-1.601911964826285839e-03,-3.468673825263977051e-01,6.221684068441390991e-02,1.603238582611083984e-01,-1.265269219875335693e-01,7.884462177753448486e-02,-6.993290036916732788e-02,5.388105660676956177e-02,-4.217141494154930115e-02
-7.891933619976043701e-02
2.116102166473865509e-02,-1.064193807542324066e-02,-1.688284426927566528e-02,1.406401395797729492e-02,-4.925234615802764893e-02,1.995007842779159546e-01,-3.288808763027191162e-01,4.123907908797264099e-02,2.667455971240997314e-01,2.816413044929504395e-01,1.933561712503433228e-01,2.816413044929504395e-01,2.667455971240997314e-01,4.123907908797264099e-02,-3.288808763027191162e-01,1.995007842779159546e-01,-4.925234615802764893e-02,1.406401395797729492e-02,-1.688284426927566528e-02,-1.064193807542324066e-02,2.116102166473865509e-02
-2.682220749557018280e-02,6.475305557250976562e-02,-7.285579293966293335e-02,6.432461738586425781e-02,-1.266146600246429443e-01,1.397525668144226074e-01,8.244672417640686035e-02,-3.528342545032501221e-01,-1.645844895392656326e-03,9.828412532806396484e-02,2.326203137636184692e-01,9.828412532806396484e-02,-1.645844895392656326e-03,-3.528342545032501221e-01,8.244672417640686035e-02,1.397525668144226074e-01,-1.266146600246429443e-01,6.432461738586425781e-02,-7.285579293966293335e-02,6.475305557250976562e-02,-2.682220749557018280e-02
-8.039214462041854858e-02
1.577463373541831970e-02,-5.601121578365564346e-03,-2.229637652635574341e-02,2.402609772980213165e-02,-5.823505297303199768e-02,2.020618170499801636e-01,-3.210476040840148926e-01,2.659700997173786163e-02,2.738719880580902100e-01,2.780710756778717041e-01,2.004739940166473389e-01,2.780710756778717041e-01,2.738719880580902100e-01,2.659700997173786163e-02,-3.210476040840148926e-01,2.020618170499801636e-01,-5.823505297303199768e-02,2.402609772980213165e-02,-2.229637652635574341e-02,-5.601121578365564346e-03,1.577463373541831970e-02
-2.713136374950408936e-02,6.650656461715698242e-02,-6.735628098249435425e-02,6.139281392097473145e-02,-1.176843419671058655e-01,1.211688145995140076e-01,9.997561573982238770e-02,-3.595481216907501221e-01,-4.028839990496635437e-03,9.567989408969879150e-02,2.376726269721984863e-01,9.567989408969879150e-02,-4.028839990496635437e-03,-3.595481216907501221e-01,9.997561573982238770e-02,1.211688145995140076e-01,-1.176843419671058655e-01,6.139281392097473145e-02,-6.735628098249435425e-02,6.650656461715698242e-02,-2.713136374950408936e-02
-8.187400549650192261e-02
8.089500479400157928e-03,-3.780828265007585287e-04,-3.004643693566322327e-02,2.919792942702770233e-02,-6.358551234006881714e-02,2.083304673433303833e-01,-3.123869299888610840e-01,8.421048521995544434e-03,2.799431681632995605e-01,2.690708041191101074e-01,1.999154835939407349e-01,2.690708041191101074e-01,2.799431681632995605e-01,8.421048521995544434e-03,-3.123869299888610840e-01,2.083304673433303833e-01,-6.358551234006881714e-02,2.919792942702770233e-02,-3.004643693566322327e-02,-3.780828265007585287e-04,8.089500479400157928e-03
-3.165960684418678284e-02,6.458540260791778564e-02,-6.417208909988403320e-02,5.707439035177230835e-02,-1.061024069786071777e-01,1.059187054634094238e-01,1.184307709336280823e-01,-3.629804253578186035e-01,-4.598602186888456345e-03,9.114836901426315308e-02,2.377852499485015869e-01,9.114836901426315308e-02,-4.598602186888456345e-03,-3.629804253578186035e-01,1.184307709336280823e-01,1.059187054634094238e-01,-1.061024069786071777e-01,5.707439035177230835e-02,-6.417208909988403320e-02,6.458540260791778564e-02,-3.165960684418678284e-02
-8.336485922336578369e-02
1.222571451216936111e-02,5.453944206237792969e-03,-3.676215559244155884e-02,3.536548092961311340e-02,-7.277095317840576172e-02,2.055713385343551636e-01,-3.029710650444030762e-01,-7.570531684905290604e-03,2.869236767292022705e-01,2.693694531917572021e-01,2.137662768363952637e-01,2.693694531917572021e-01,2.869236767292022705e-01,-7.570531684905290604e-03,-3.029710650444030762e-01,2.055713385343551636e-01,-7.277095317840576172e-02,3.536548092961311340e-02,-3.676215559244155884e-02,5.453944206237792969e-03,1.222571451216936111e-02
-2.757045067846775055e-02,6.383639574050903320e-02,-6.152156367897987366e-02,5.134865269064903259e-02,-9.639527648687362671e-02,8.840847760438919067e-02,1.330415606498718262e-01,-3.677337467670440674e-01,-7.552370429039001465e-03,9.186060726642608643e-02,2.423175573348999023e-01,9.186060726642608643e-02,-7.552370429039001465e-03,-3.677337467670440674e-01,1.330415606498718262e-01,8.840847760438919067e-02,-9.639527648687362671e-02,5.134865269064903259e-02,-6.152156367897987366e-02,6.383639574050903320e-02,-2.757045067846775055e-02
-8.486464619636535645e-02
2.554799895733594894e-03,1.068283058702945709e-02,-4.109783843159675598e-02,4.011612758040428162e-02,-7.603586465120315552e-02,2.092990875244140625e-01,-2.897090911865234375e-01,-2.255466207861900330e-02,2.946348488330841064e-01,2.598900794982910156e-01,2.129321992397308350e-01,2.598900794982910156e-01,2.946348488330841064e-01,-2.255466207861900330e-02,-2.897090911865234375e-01,2.092990875244140625e-01,-7.603586465120315552e-02,4.011612758040428162e-02,-4.109783843159675598e-02,1.068283058702945709e-02,2.554799895733594894e-03
-2.804853208363056183e-02,6.163710728287696838e-02,-5.848786607384681702e-02,4.633831605315208435e-02,-8.296433836221694946e-02,7.649383693933486938e-02,1.505383253097534180e-01,-3.699190318584442139e-01,-1.227004732936620712e-02,8.779182285070419312e-02,2.418621182441711426e-01,8.779182285070419312e-02,-1.227004732936620712e-02,-3.699190318584442139e-01,1.505383253097534180e-01,7.649383693933486938e-02,-8.296433836221694946e-02,4.633831605315208435e-02,-5.848786607384681702e-02,6.163710728287696838e-02,-2.804853208363056183e-02
-8.637332916259765625e-02
1.454430981539189816e-03,1.539316680282354355e-02,-4.518654942512512207e-02,4.472612217068672180e-02,-8.249239623546600342e-02,2.045138478279113770e-01,-2.803124785423278809e-01,-3.963248059153556824e-02,3.032750487327575684e-01,2.601380050182342529e-01,2.248084843158721924e-01,2.601380050182342529e-01,3.032750487327575684e-01,-3.963248059153556824e-02,-2.803124785423278809e-01,2.045138478279113770e-01,-8.249239623546600342e-02,4.472612217068672180e-02,-4.518654942512512207e-02,1.539316680282354355e-02,1.454430981539189816e-03
-2.559874206781387329e-02,6.063338741660118103e-02,-5.166054144501686096e-02,4.109380394220352173e-02,-7.729701697826385498e-02,5.587303638458251953e-02,1.638076007366180420e-01,-3.697483241558074951e-01,-1.571468077600002289e-02,9.083935618400573730e-02,2.467543184757232666e-01,9.083935618400573730e-02,-1.571468077600002289e-02,-3.697483241558074951e-01,1.638076007366180420e-01,5.587303638458251953e-02,-7.729701697826385498e-02,4.109380394220352173e-02,-5.166054144501686096e-02,6.063338741660118103e-02,-2.559874206781387329e-02
-8.789084106683731079e-02
2.228773337265010923e-05,2.200870215892791748e-02,-4.827555269002914429e-02,4.894131049513816833e-02,-8.227033168077468872e-02,2.068186402320861816e-01,-2.653697133064270020e-01,-5.546091124415397644e-02,3.098630905151367188e-01,2.524598240852355957e-01,2.268603742122650146e-01,2.524598240852355957e-01,3.098630905151367188e-01,-5.546091124415397644e-02,-2.653697133064270020e-01,2.068186402320861816e-01,-8.227033168077468872e-02,4.894131049513816833e-02,-4.827555269002914429e-02,2.200870215892791748e-02,2.228773337265010923e-05
-2.820193953812122345e-02,5.787140130996704102e-02,-4.825503751635551453e-02,3.434616327285766602e-02,-6.469801068305969238e-02,4.499116167426109314e-02,1.773419231176376343e-01,-3.707426190376281738e-01,-2.066683955490589142e-02,8.841515332460403442e-02,2.437161803245544434e-01,8.841515332460403442e-02,-2.066683955490589142e-02,-3.707426190376281738e-01,1.773419231176376343e-01,4.499116167426109314e-02,-6.469801068305969238e-02,3.434616327285766602e-02,-4.825503751635551453e-02,5.787140130996704102e-02,-2.820193953812122345e-02
-8.941713720560073853e-02
-5.065293051302433014e-03,2.165107615292072296e-02,-5.445232987403869629e-02,5.173296853899955750e-02,-8.764723688364028931e-02,1.979271918535232544e-01,-2.559370994567871094e-01,-7.257690280675888062e-02,3.169609308242797852e-01,2.515095770359039307e-01,2.376664727926254272e-01,2.515095770359039307e-01,3.169609308242797852e-01,-7.257690280675888062e-02,-2.559370994567871094e-01,1.979271918535232544e-01,-8.764723688364028931e-02,5.173296853899955750e-02,-5.445232987403869629e-02,2.165107615292072296e-02,-5.065293051302433014e-03
-2.671757526695728302e-02,5.436925590038299561e-02,-4.468672350049018860e-02,2.635307796299457550e-02,-5.848080664873123169e-02,2.795679122209548950e-02,1.878643184900283813e-01,-3.697617948055267334e-01,-2.626749500632286072e-02,9.096534550189971924e-02,2.455517798662185669e-01,9.096534550189971924e-02,-2.626749500632286072e-02,-3.697617948055267334e-01,1.878643184900283813e-01,2.795679122209548950e-02,-5.848080664873123169e-02,2.635307796299457550e-02,-4.468672350049018860e-02,5.436925590038299561e-02,-2.671757526695728302e-02
-9.095217287540435791e-02
-5.984210409224033356e-03,3.031538426876068115e-02,-5.452631041407585144e-02,5.521098896861076355e-02,-8.251284807920455933e-02,2.013202011585235596e-01,-2.412149906158447266e-01,-9.051410108804702759e-02,3.220258057117462158e-01,2.413336634635925293e-01,2.352478951215744019e-01,2.413336634635925293e-01,3.220258057117462158e-01,-9.051410108804702759e-02,-2.412149906158447266e-01,2.013202011585235596e-01,-8.251284807920455933e-02,5.521098896861076355e-02,-5.452631041407585144e-02,3.031538426876068115e-02,-5.984210409224033356e-03
-2.349282614886760712e-02,5.154933780431747437e-02,-3.841210529208183289e-02,2.473341859877109528e-02,-4.556813091039657593e-02,1.545774471014738083e-02,1.992882788181304932e-01,-3.670964539051055908e-01,-3.354416787624359131e-02,9.087372571229934692e-02,2.446675300598144531e-01,9.087372571229934692e-02,-3.354416787624359131e-02,-3.670964539051055908e-01,1.992882788181304932e-01,1.545774471014738083e-02,-4.556813091039657593e-02,2.473341859877109528e-02,-3.841210529208183289e-02,5.154933780431747437e-02,-2.349282614886760712e-02
-9.249588847160339355e-02
-6.623212248086929321e-03,3.252454847097396851e-02,-5.621312931180000305e-02,5.517830327153205872e-02,-9.007664769887924194e-02,1.906477063894271851e-01,-2.282093018293380737e-01,-1.057456582784652710e-01,3.289630115032196045e-01,2.443986088037490845e-01,2.502356171607971191e-01,2.443986088037490845e-01,3.289630115032196045e-01,-1.057456582784652710e-01,-2.282093018293380737e-01,1.906477063894271851e-01,-9.007664769887924194e-02,5.517830327153205872e-02,-5.621312931180000305e-02,3.252454847097396851e-02,-6.623212248086929321e-03
-2.544118650257587433e-02,4.881609976291656494e-02,-3.602851927280426025e-02,1.492889784276485443e-02,-3.565219417214393616e-02,6.199685391038656235e-03,2.075483202934265137e-01,-3.658137023448944092e-01,-3.835717216134071350e-02,9.447070211172103882e-02,2.421512007713317871e-01,9.447070211172103882e-02,-3.835717216134071350e-02,-3.658137023448944092e-01,2.075483202934265137e-01,6.199685391038656235e-03,-3.565219417214393616e-02,1.492889784276485443e-02,-3.602851927280426025e-02,4.881609976291656494e-02,-2.544118650257587433e-02
-9.404823929071426392e-02
-1.255624927580356598e-02,3.375997394323348999e-02,-5.889552831649780273e-02,5.738179013133049011e-02,-8.618058264255523682e-02,1.895466744899749756e-01,-2.106109559535980225e-01,-1.181368082761764526e-01,3.352404832839965820e-01,2.372850775718688965e-01,2.509466707706451416e-01,2.372850775718688965e-01,3.352404832839965820e-01,-1.181368082761764526e-01,-2.106109559535980225e-01,1.895466744899749756e-01,-8.618058264255523682e-02,5.738179013133049011e-02,-5.889552831649780273e-02,3.375997394323348999e-02,-1.255624927580356598e-02
-2.088750153779983521e-02,4.729016125202178955e-02,-2.692329883575439453e-02,1.343733631074428558e-02,-2.646313048899173737e-02,-6.340154912322759628e-03,2.173089832067489624e-01,-3.619829118251800537e-01,-4.912325367331504822e-02,9.602332860231399536e-02,2.430060207843780518e-01,9.602332860231399536e-02,-4.912325367331504822e-02,-3.619829118251800537e-01,2.173089832067489624e-01,-6.340154912322759628e-03,-2.646313048899173737e-02,1.343733631074428558e-02,-2.692329883575439453e-02,4.729016125202178955e-02,-2.088750153779983521e-02
-9.560918062925338745e-02
-9.974182583391666412e-03,3.790158033370971680e-02,-5.832323431968688965e-02,6.076945737004280090e-02,-8.422055095434188843e-02,1.822034418582916260e-01,-1.979094892740249634e-01,-1.331439912319183350e-01,3.415261805057525635e-01,2.363239675760269165e-01,2.585405111312866211e-01,2.363239675760269165e-01,3.415261805057525635e-01,-1.331439912319183350e-01,-1.979094892740249634e-01,1.822034418582916260e-01,-8.422055095434188843e-02,6.076945737004280090e-02,-5.832323431968688965e-02,3.790158033370971680e-02,-9.974182583391666412e-03
-2.146233245730400085e-02,4.072932153940200806e-02,-2.584844082593917847e-02,5.214243195950984955e-03,-1.939428411424160004e-02,-1.664217188954353333e-02,2.263575643301010132e-01,-3.562581241130828857e-01,-5.694692954421043396e-02,9.967043995857238770e-02,2.419909089803695679e-01,9.967043995857238770e-02,-5.694692954421043396e-02,-3.562581241130828857e-01,2.263575643301010132e-01,-1.664217188954353333e-02,-1.939428411424160004e-02,5.214243195950984955e-03,-2.584844082593917847e-02,4.072932153940200806e-02,-2.146233245730400085e-02
-9.717866033315658569e-02
-1.252645067870616913e-02,3.897569701075553894e-02,-6.061795726418495178e-02,5.992734804749488831e-02,-8.277830481529235840e-02,1.750572472810745239e-01,-1.856330186128616333e-01,-1.475960910320281982e-01,3.483483195304870605e-01,2.334215193986892700e-01,2.617195844650268555e-01,2.334215193986892700e-01,3.483483195304870605e-01,-1.475960910320281982e-01,-1.856330186128616333e-01,1.750572472810745239e-01,-8.277830481529235840e-02,5.992734804749488831e-02,-6.061795726418495178e-02,3.897569701075553894e-02,-1.252645067870616913e-02
-1.784586906433105469e-02,4.086568951606750488e-02,-1.843474246561527252e-02,4.605160793289542198e-04,-1.225931011140346527e-02,-2.918129973113536835e-02,2.290444523096084595e-01,-3.522804081439971924e-01,-6.569635123014450073e-02,9.993866086006164551e-02,2.362875044345855713e-01,9.993866086006164551e-02,-6.569635123014450073e-02,-3.522804081439971924e-01,2.290444523096084595e-01,-2.918129973113536835e-02,-1.225931011140346527e-02,4.605160793289542198e-04,-1.843474246561527252e-02,4.086568951606750488e-02,-1.784586906433105469e-02
-9.875663369894027710e-02
-1.507342513650655746e-02,4.090978950262069702e-02,-6.161099299788475037e-02,5.908274278044700623e-02,-7.909742742776870728e-02,1.711535900831222534e-01,-1.706774085760116577e-01,-1.633841842412948608e-01,3.504667580127716064e-01,2.294543832540512085e-01,2.650699913501739502e-01,2.294543832540512085e-01,3.504667580127716064e-01,-1.633841842412948608e-01,-1.706774085760116577e-01,1.711535900831222534e-01,-7.909742742776870728e-02,5.908274278044700623e-02,-6.161099299788475037e-02,4.090978950262069702e-02,-1.507342513650655746e-02
-2.092413231730461121e-02,3.196056559681892395e-02,-1.653704605996608734e-02,-3.650979138910770416e-03,-3.039594041183590889e-03,-3.792740404605865479e-02,2.341804057359695435e-01,-3.458977639675140381e-01,-7.422003895044326782e-02,1.049782559275627136e-01,2.352161407470703125e-01,1.049782559275627136e-01,-7.422003895044326782e-02,-3.458977639675140381e-01,2.341804057359695435e-01,-3.792740404605865479e-02,-3.039594041183590889e-03,-3.650979138910770416e-03,-1.653704605996608734e-02,3.196056559681892395e-02,-2.092413231730461121e-02
-1.003430560231208801e-01
-1.384606026113033295e-02,4.521433264017105103e-02,-6.042239069938659668e-02,5.601950734853744507e-02,-8.163357526063919067e-02,1.606398224830627441e-01,-1.568199843168258667e-01,-1.754519194364547729e-01,3.552742004394531250e-01,2.289207577705383301e-01,2.708957195281982422e-01,2.289207577705383301e-01,3.552742004394531250e-01,-1.754519194364547729e-01,-1.568199843168258667e-01,1.606398224830627441e-01,-8.163357526063919067e-02,5.601950734853744507e-02,-6.042239069938659668e-02,4.521433264017105103e-02,-1.384606026113033295e-02
-1.341274101287126541e-02,3.002810478210449219e-02,-1.403959840536117554e-02,-1.099411584436893463e-02,3.001337638124823570e-03,-4.549918323755264282e-02,2.398059964179992676e-01,-3.384178280830383301e-01,-8.325330913066864014e-02,1.091693192720413208e-01,2.325373291969299316e-01,1.091693192720413208e-01,-8.325330913066864014e-02,-3.384178280830383301e-01,2.398059964179992676e-01,-4.549918323755264282e-02,3.001337638124823570e-03,-1.099411584436893463e-02,-1.403959840536117554e-02,3.002810478210449219e-02,-1.341274101287126541e-02
-1.019378826022148132e-01
-1.632241532206535339e-02,4.717501252889633179e-02,-5.710842832922935486e-02,5.910585448145866394e-02,-7.470302283763885498e-02,1.550299972295761108e-01,-1.427831798791885376e-01,-1.879552006721496582e-01,3.588780164718627930e-01,2.263697087764739990e-01,2.732159793376922607e-01,2.263697087764739990e-01,3.588780164718627930e-01,-1.879552006721496582e-01,-1.427831798791885376e-01,1.550299972295761108e-01,-7.470302283763885498e-02,5.910585448145866394e-02,-5.710842832922935486e-02,4.717501252889633179e-02,-1.632241532206535339e-02
-1.445998717099428177e-02,2.654250338673591614e-02,-7.286757696419954300e-03,-1.303040795028209686e-02,9.970841929316520691e-03,-5.418648198246955872e-02,2.434694319963455200e-01,-3.306031823158264160e-01,-9.379824995994567871e-02,1.128641217947006226e-01,2.303054481744766235e-01,1.128641217947006226e-01,-9.379824995994567871e-02,-3.306031823158264160e-01,2.434694319963455200e-01,-5.418648198246955872e-02,9.970841929316520691e-03,-1.303040795028209686e-02,-7.286757696419954300e-03,2.654250338673591614e-02,-1.445998717099428177e-02
-1.035410687327384949e-01
-3.284051641821861267e-02,4.885349050164222717e-02,-4.993899166584014893e-02,5.616953223943710327e-02,-7.663653790950775146e-02,1.451046466827392578e-01,-1.305670887231826782e-01,-2.016613036394119263e-01,3.615699112415313721e-01,2.247974723577499390e-01,2.751678824424743652e-01,2.247974723577499390e-01,3.615699112415313721e-01,-2.016613036394119263e-01,-1.305670887231826782e-01,1.451046466827392578e-01,-7.663653790950775146e-02,5.616953223943710327e-02,-4.993899166584014893e-02,4.885349050164222717e-02,-3.284051641821861267e-02
-1.803219877183437347e-02,1.521906536072492599e-02,-2.706105355173349380e-03,-1.015683263540267944e-02,2.395434305071830750e-02,-5.985460057854652405e-02,2.431750595569610596e-01,-3.239777088165283203e-01,-1.032851114869117737e-01,1.143025159835815430e-01,2.229157239198684692e-01,1.143025159835815430e-01,-1.032851114869117737e-01,-3.239777088165283203e-01,2.431750595569610596e-01,-5.985460057854652405e-02,2.395434305071830750e-02,-1.015683263540267944e-02,-2.706105355173349380e-03,1.521906536072492599e-02,-1.803219877183437347e-02
-1.051525771617889404e-01
-2.091786079108715057e-02,4.567318782210350037e-02,-5.925670266151428223e-02,5.315421894192695618e-02,-6.899754703044891357e-02,1.408338248729705811e-01,-1.154129132628440857e-01,-2.125933617353439331e-01,3.645250499248504639e-01,2.283342331647872925e-01,2.837571501731872559e-01,2.283342331647872925e-01,3.645250499248504639e-01,-2.125933617353439331e-01,-1.154129132628440857e-01,1.408338248729705811e-01,-6.899754703044891357e-02,5.315421894192695618e-02,-5.925670266151428223e-02,4.567318782210350037e-02,-2.091786079108715057e-02
-1.172624062746763229e-02,2.028999850153923035e-02,-2.386259613558650017e-03,-2.462877333164215088e-02,2.337626554071903229e-02,-6.439664959907531738e-02,2.473559081554412842e-01,-3.138587176799774170e-01,-1.107388660311698914e-01,1.227603256702423096e-01,2.215241342782974243e-01,1.227603256702423096e-01,-1.107388660311698914e-01,-3.138587176799774170e-01,2.473559081554412842e-01,-6.439664959907531738e-02,2.337626554071903229e-02,-2.462877333164215088e-02,-2.386259613558650017e-03,2.028999850153923035e-02,-1.172624062746763229e-02
-1.067723557353019714e-01
-2.070116065442562103e-02,4.715372622013092041e-02,-5.354323983192443848e-02,5.507558584213256836e-02,-6.598521769046783447e-02,1.311973184347152710e-01,-1.009405553340911865e-01,-2.207978069782257080e-01,3.668819367885589600e-01,2.287537306547164917e-01,2.874909043312072754e-01,2.287537306547164917e-01,3.668819367885589600e-01,-2.207978069782257080e-01,-1.009405553340911865e-01,1.311973184347152710e-01,-6.598521769046783447e-02,5.507558584213256836e-02,-5.354323983192443848e-02,4.715372622013092041e-02,-2.070116065442562103e-02
-1.330816559493541718e-02,1.545527391135692596e-02,3.292901441454887390e-03,-2.508810162544250488e-02,3.099536895751953125e-02,-6.835314631462097168e-02,2.490105628967285156e-01,-3.067524433135986328e-01,-1.244085803627967834e-01,1.274897009134292603e-01,2.208533734083175659e-01,1.274897009134292603e-01,-1.244085803627967834e-01,-3.067524433135986328e-01,2.490105628967285156e-01,-6.835314631462097168e-02,3.099536895751953125e-02,-2.508810162544250488e-02,3.292901441454887390e-03,1.545527391135692596e-02,-1.330816559493541718e-02
-1.084003672003746033e-01
-2.050976268947124481e-02,5.019911006093025208e-02,-5.226878076791763306e-02,5.257653072476387024e-02,-5.934958904981613159e-02,1.245039999485015869e-01,-9.191741049289703369e-02,-2.347692847251892090e-01,3.661052882671356201e-01,2.211553454399108887e-01,2.795593142509460449e-01,2.211553454399108887e-01,3.661052882671356201e-01,-2.347692847251892090e-01,-9.191741049289703369e-02,1.245039999485015869e-01,-5.934958904981613159e-02,5.257653072476387024e-02,-5.226878076791763306e-02,5.019911006093025208e-02,-2.050976268947124481e-02
-9.685031138360500336e-03,1.468709111213684082e-02,1.129225641489028931e-02,-2.712731249630451202e-02,3.173242881894111633e-02,-7.750493288040161133e-02,2.497235089540481567e-01,-2.957392632961273193e-01,-1.357705444097518921e-01,1.282977312803268433e-01,2.151738107204437256e-01,1.282977312803268433e-01,-1.357705444097518921e-01,-2.957392632961273193e-01,2.497235089540481567e-01,-7.750493288040161133e-02,3.173242881894111633e-02,-2.712731249630451202e-02,1.129225641489028931e-02,1.468709111213684082e-02,-9.685031138360500336e-03
-1.100365743041038513e-01
-2.499251998960971832e-02,4.450021311640739441e-02,-5.520896986126899719e-02,4.715671390295028687e-02,-5.743410810828208923e-02,1.166013032197952271e-01,-7.771422713994979858e-02,-2.432782351970672607e-01,3.675748109817504883e-01,2.254372835159301758e-01,2.859026193618774414e-01,2.254372835159301758e-01,3.675748109817504883e-01,-2.432782351970672607e-01,-7.771422713994979858e-02,1.166013032197952271e-01,-5.743410810828208923e-02,4.715671390295028687e-02,-5.520896986126899719e-02,4.450021311640739441e-02,-2.499251998960971832e-02
-1.010165642946958542e-02,8.846896700561046600e-03,1.081349514424800873e-02,-3.194361552596092224e-02,3.769049048423767090e-02,-8.094482123851776123e-02,2.475996315479278564e-01,-2.862630188465118408e-01,-1.440895050764083862e-01,1.341717392206192017e-01,2.104182094335556030e-01,1.341717392206192017e-01,-1.440895050764083862e-01,-2.862630188465118408e-01,2.475996315479278564e-01,-8.094482123851776123e-02,3.769049048423767090e-02,-3.194361552596092224e-02,1.081349514424800873e-02,8.846896700561046600e-03,-1.010165642946958542e-02
-1.116809248924255371e-01
-2.058194205164909363e-02,5.015200003981590271e-02,-5.060028284788131714e-02,4.512087255716323853e-02,-5.401400476694107056e-02,1.070005595684051514e-01,-6.770375370979309082e-02,-2.515909969806671143e-01,3.700715005397796631e-01,2.270874530076980591e-01,2.866320908069610596e-01,2.270874530076980591e-01,3.700715005397796631e-01,-2.515909969806671143e-01,-6.770375370979309082e-02,1.070005595684051514e-01,-5.401400476694107056e-02,4.512087255716323853e-02,-5.060028284788131714e-02,5.015200003981590271e-02,-2.058194205164909363e-02
-9.156766347587108612e-03,4.493921529501676559e-03,1.058430131524801254e-02,-3.706072270870208740e-02,4.099902138113975525e-02,-8.494611084461212158e-02,2.453740686178207397e-01,-2.771301567554473877e-01,-1.552224010229110718e-01,1.362832486629486084e-01,2.045286595821380615e-01,1.362832486629486084e-01,-1.552224010229110718e-01,-2.771301567554473877e-01,2.453740686178207397e-01,-8.494611084461212158e-02,4.099902138113975525e-02,-3.706072270870208740e-02,1.058430131524801254e-02,4.493921529501676559e-03,-9.156766347587108612e-03
-1.133333891630172729e-01
-2.198647521436214447e-02,4.774723201990127563e-02,-5.001642927527427673e-02,4.223003238439559937e-02,-4.890730232000350952e-02,1.021136790513992310e-01,-5.291985720396041870e-02,-2.592935860157012939e-01,3.687351644039154053e-01,2.296243607997894287e-01,2.900679111480712891e-01,2.296243607997894287e-01,3.687351644039154053e-01,-2.592935860157012939e-01,-5.291985720396041870e-02,1.021136790513992310e-01,-4.890730232000350952e-02,4.223003238439559937e-02,-5.001642927527427673e-02,4.774723201990127563e-02,-2.198647521436214447e-02
-3.222963074222207069e-03,5.266702733933925629e-03,1.836455054581165314e-02,-3.605860471725463867e-02,4.448530077934265137e-02,-8.919829130172729492e-02,2.458167672157287598e-01,-2.638693749904632568e-01,-1.637988537549972534e-01,1.457878947257995605e-01,2.055644840002059937e-01,1.457878947257995605e-01,-1.637988537549972534e-01,-2.638693749904632568e-01,2.458167672157287598e-01,-8.919829130172729492e-02,4.448530077934265137e-02,-3.605860471725463867e-02,1.836455054581165314e-02,5.266702733933925629e-03,-3.222963074222207069e-03
-1.149939149618148804e-01
-2.349519357085227966e-02,4.771675169467926025e-02,-4.630992189049720764e-02,3.944440186023712158e-02,-4.651991650462150574e-02,9.226024895906448364e-02,-4.270824417471885681e-02,-2.656744420528411865e-01,3.700965046882629395e-01,2.321594357490539551e-01,2.902975380420684814e-01,2.321594357490539551e-01,3.700965046882629395e-01,-2.656744420528411865e-01,-4.270824417471885681e-02,9.226024895906448364e-02,-4.651991650462150574e-02,3.944440186023712158e-02,-4.630992189049720764e-02,4.771675169467926025e-02,-2.349519357085227966e-02
-6.376544944941997528e-03,3.800147678703069687e-04,1.753346994519233704e-02,-4.141721129417419434e-02,4.878219589591026306e-02,-8.985478430986404419e-02,2.396805584430694580e-01,-2.587547600269317627e-01,-1.772971153259277344e-01,1.453007459640502930e-01,1.971211135387420654e-01,1.453007459640502930e-01,-1.772971153259277344e-01,-2.587547600269317627e-01,2.396805584430694580e-01,-8.985478430986404419e-02,4.878219589591026306e-02,-4.141721129417419434e-02,1.753346994519233704e-02,3.800147678703069687e-04,-6.376544944941997528e-03
-1.166624799370765686e-01
-2.327425405383110046e-02,4.682653397321701050e-02,-4.638289660215377808e-02,3.532131388783454895e-02,-4.209081456065177917e-02,8.494047075510025024e-02,-3.368623182177543640e-02,-2.760814130306243896e-01,3.650462031364440918e-01,2.303931117057800293e-01,2.874276936054229736e-01,2.303931117057800293e-01,3.650462031364440918e-01,-2.760814130306243896e-01,-3.368623182177543640e-02,8.494047075510025024e-02,-4.209081456065177917e-02,3.532131388783454895e-02,-4.638289660215377808e-02,4.682653397321701050e-02,-2.327425405383110046e-02
-6.491980981081724167e-03,-5.112602375447750092e-03,2.187946066260337830e-02,-4.022665694355964661e-02,4.997711628675460815e-02,-9.424000233411788940e-02,2.416507899761199951e-01,-2.421056032180786133e-01,-1.851728409528732300e-01,1.536275893449783325e-01,1.981491446495056152e-01,1.536275893449783325e-01,-1.851728409528732300e-01,-2.421056032180786133e-01,2.416507899761199951e-01,-9.424000233411788940e-02,4.997711628675460815e-02,-4.022665694355964661e-02,2.187946066260337830e-02,-5.112602375447750092e-03,-6.491980981081724167e-03
-1.183390393853187561e-01
-2.252160571515560150e-02,5.059918016195297241e-02,-3.999806568026542664e-02,3.308038786053657532e-02,-3.797997534275054932e-02,7.806438207626342773e-02,-2.251423150300979614e-02,-2.806705534458160400e-01,3.660668134689331055e-01,2.347434759140014648e-01,2.878424525260925293e-01,2.347434759140014648e-01,3.660668134689331055e-01,-2.806705534458160400e-01,-2.251423150300979614e-02,7.806438207626342773e-02,-3.797997534275054932e-02,3.308038786053657532e-02,-3.999806568026542664e-02,5.059918016195297241e-02,-2.252160571515560150e-02
-3.584837075322866440e-03,-4.260919988155364990e-03,2.264544181525707245e-02,-4.599604755640029907e-02,5.246821045875549316e-02,-9.386389702558517456e-02,2.364229708909988403e-01,-2.343899309635162354e-01,-1.964349746704101562e-01,1.539952605962753296e-01,1.897505521774291992e-01,1.539952605962753296e-01,-1.964349746704101562e-01,-2.343899309635162354e-01,2.364229708909988403e-01,-9.386389702558517456e-02,5.246821045875549316e-02,-4.599604755640029907e-02,2.264544181525707245e-02,-4.260919988155364990e-03,-3.584837075322866440e-03
-1.200235486030578613e-01
-2.431651577353477478e-02,4.457042738795280457e-02,-3.976318240165710449e-02,3.148239105939865112e-02,-3.362891823053359985e-02,7.002530246973037720e-02,-1.208884920924901962e-02,-2.850036323070526123e-01,3.649762868881225586e-01,2.404207140207290649e-01,2.911730408668518066e-01,2.404207140207290649e-01,3.649762868881225586e-01,-2.850036323070526123e-01,-1.208884920924901962e-02,7.002530246973037720e-02,-3.362891823053359985e-02,3.148239105939865112e-02,-3.976318240165710449e-02,4.457042738795280457e-02,-2.431651577353477478e-02
-1.792980823665857315e-03,-7.372793741524219513e-03,2.743497863411903381e-02,-4.382164403796195984e-02,5.628916993737220764e-02,-9.529739618301391602e-02,2.329796701669692993e-01,-2.224163562059402466e-01,-2.047865241765975952e-01,1.617629379034042358e-01,1.888121068477630615e-01,1.617629379034042358e-01,-2.047865241765975952e-01,-2.224163562059402466e-01,2.329796701669692993e-01,-9.529739618301391602e-02,5.628916993737220764e-02,-4.382164403796195984e-02,2.743497863411903381e-02,-7.372793741524219513e-03,-1.792980823665857315e-03
-1.217159777879714966e-01
-2.035436034202575684e-02,4.594351723790168762e-02,-3.895122930407524109e-02,2.735353074967861176e-02,-2.898456901311874390e-02,6.359017640352249146e-02,-1.948120188899338245e-03,-2.889554798603057861e-01,3.634291887283325195e-01,2.428913861513137817e-01,2.892297804355621338e-01,2.428913861513137817e-01,3.634291887283325195e-01,-2.889554798603057861e-01,-1.948120188899338245e-03,6.359017640352249146e-02,-2.898456901311874390e-02,2.735353074967861176e-02,-3.895122930407524109e-02,4.594351723790168762e-02,-2.035436034202575684e-02
-5.303929094225168228e-03,-1.118796132504940033e-02,2.816334366798400879e-02,-4.543885216116905212e-02,5.903284624218940735e-02,-9.454661607742309570e-02,2.298461496829986572e-01,-2.126683890819549561e-01,-2.171829193830490112e-01,1.626367717981338501e-01,1.841672509908676147e-01,1.626367717981338501e-01,-2.171829193830490112e-01,-2.126683890819549561e-01,2.298461496829986572e-01,-9.454661607742309570e-02,5.903284624218940735e-02,-4.543885216116905212e-02,2.816334366798400879e-02,-1.118796132504940033e-02,-5.303929094225168228e-03
-1.234162896871566772e-01
-2.277170494198799133e-02,4.489162564277648926e-02,-3.617081418633460999e-02,2.426302805542945862e-02,-2.417031116783618927e-02,5.858689919114112854e-02,8.520368486642837524e-03,-2.932762503623962402e-01,3.596670627593994141e-01,2.448881417512893677e-01,2.867726385593414307e-01,2.448881417512893677e-01,3.596670627593994141e-01,-2.932762503623962402e-01,8.520368486642837524e-03,5.858689919114112854e-02,-2.417031116783618927e-02,2.426302805542945862e-02,-3.617081418633460999e-02,4.489162564277648926e-02,-2.277170494198799133e-02
-7.960195071063935757e-04,-1.277957670390605927e-02,2.938504144549369812e-02,-4.784826189279556274e-02,5.643050745129585266e-02,-9.911636263132095337e-02,2.256301790475845337e-01,-1.996533274650573730e-01,-2.261244654655456543e-01,1.679234653711318970e-01,1.828175485134124756e-01,1.679234653711318970e-01,-2.261244654655456543e-01,-1.996533274650573730e-01,2.256301790475845337e-01,-9.911636263132095337e-02,5.643050745129585266e-02,-4.784826189279556274e-02,2.938504144549369812e-02,-1.277957670390605927e-02,-7.960195071063935757e-04
-1.251244395971298218e-01
-2.792309783399105072e-02,4.597390070557594299e-02,-2.813273482024669647e-02,2.231274545192718506e-02,-2.309363894164562225e-02,4.863214865326881409e-02,1.498948130756616592e-02,-2.972216606140136719e-01,3.574495315551757812e-01,2.486048787832260132e-01,2.845131754875183105e-01,2.486048787832260132e-01,3.574495315551757812e-01,-2.972216606140136719e-01,1.498948130756616592e-02,4.863214865326881409e-02,-2.309363894164562225e-02,2.231274545192718506e-02,-2.813273482024669647e-02,4.597390070557594299e-02,-2.792309783399105072e-02
-1.507569977547973394e-04,-1.943799108266830444e-02,2.990189567208290100e-02,-4.604038596153259277e-02,5.970543250441551208e-02,-1.009263321757316589e-01,2.171618342399597168e-01,-1.911412775516510010e-01,-2.368534207344055176e-01,1.680729091167449951e-01,1.766171902418136597e-01,1.680729091167449951e-01,-2.368534207344055176e-01,-1.911412775516510010e-01,2.171618342399597168e-01,-1.009263321757316589e-01,5.970543250441551208e-02,-4.604038596153259277e-02,2.990189567208290100e-02,-1.943799108266830444e-02,-1.507569977547973394e-04
-1.268403977155685425e-01
-2.578710019588470459e-02,4.197015613317489624e-02,-3.181612119078636169e-02,1.781458407640457153e-02,-1.606545783579349518e-02,4.594384133815765381e-02,2.424329146742820740e-02,-3.017888367176055908e-01,3.530036211013793945e-01,2.536001801490783691e-01,2.845775485038757324e-01,2.536001801490783691e-01,3.530036211013793945e-01,-3.017888367176055908e-01,2.424329146742820740e-02,4.594384133815765381e-02,-1.606545783579349518e-02,1.781458407640457153e-02,-3.181612119078636169e-02,4.197015613317489624e-02,-2.578710019588470459e-02
4.711863584816455841e-03,-1.667643338441848755e-02,3.251116350293159485e-02,-4.645781219005584717e-02,6.206637993454933167e-02,-9.746088832616806030e-02,2.168170362710952759e-01,-1.764206737279891968e-01,-2.433924973011016846e-01,1.751445978879928589e-01,1.760771274566650391e-01,1.751445978879928589e-01,-2.433924973011016846e-01,-1.764206737279891968e-01,2.168170362710952759e-01,-9.746088832616806030e-02,6.206637993454933167e-02,-4.645781219005584717e-02,3.251116350293159485e-02,-1.667643338441848755e-02,4.711863584816455841e-03
-1.285641342401504517e-01
-2.342119254171848297e-02,4.600476101040840149e-02,-2.625218220055103302e-02,1.334566716104745865e-02,-1.433984190225601196e-02,3.873636573553085327e-02,2.970565482974052429e-02,-3.070342540740966797e-01,3.485906422138214111e-01,2.570741474628448486e-01,2.811354398727416992e-01,2.570741474628448486e-01,3.485906422138214111e-01,-3.070342540740966797e-01,2.970565482974052429e-02,3.873636573553085327e-02,-1.433984190225601196e-02,1.334566716104745865e-02,-2.625218220055103302e-02,4.600476101040840149e-02,-2.342119254171848297e-02
-8.251522667706012726e-04,-1.833048090338706970e-02,3.327714279294013977e-02,-4.899108409881591797e-02,6.301969289779663086e-02,-9.462240338325500488e-02,2.116715461015701294e-01,-1.667058020830154419e-01,-2.523370087146759033e-01,1.761748641729354858e-01,1.697214990854263306e-01,1.761748641729354858e-01,-2.523370087146759033e-01,-1.667058020830154419e-01,2.116715461015701294e-01,-9.462240338325500488e-02,6.301969289779663086e-02,-4.899108409881591797e-02,3.327714279294013977e-02,-1.833048090338706970e-02,-8.251522667706012726e-04
-1.302956044673919678e-01
-1.521003432571887970e-02,3.743708878755569458e-02,-3.488957881927490234e-02,7.640957366675138474e-03,-8.519321680068969727e-03,3.622769191861152649e-02,4.134825989603996277e-02,-3.073881268501281738e-01,3.434168696403503418e-01,2.640502452850341797e-01,2.839192152023315430e-01,2.640502452850341797e-01,3.434168696403503418e-01,-3.073881268501281738e-01,4.134825989603996277e-02,3.622769191861152649e-02,-8.519321680068969727e-03,7.640957366675138474e-03,-3.488957881927490234e-02,3.743708878755569458e-02,-1.521003432571887970e-02
6.527148652821779251e-03,-7.222884800285100937e-03,3.714112192392349243e-02,-5.957136303186416626e-02,5.050686374306678772e-02,-9.960576146841049194e-02,2.049971818923950195e-01,-1.563134044408798218e-01,-2.603353559970855713e-01,1.824357956647872925e-01,1.697433739900588989e-01,1.824357956647872925e-01,-2.603353559970855713e-01,-1.563134044408798218e-01,2.049971818923950195e-01,-9.960576146841049194e-02,5.050686374306678772e-02,-5.957136303186416626e-02,3.714112192392349243e-02,-7.222884800285100937e-03,6.527148652821779251e-03
-1.320347785949707031e-01
-2.268468774855136871e-02,3.642458841204643250e-02,-2.555798366665840149e-02,1.045501697808504105e-02,-6.611207034438848495e-03,2.423767559230327606e-02,4.491774365305900574e-02,-3.079468905925750732e-01,3.395247459411621094e-01,2.664371132850646973e-01,2.790073156356811523e-01,2.664371132850646973e-01,3.395247459411621094e-01,-3.079468905925750732e-01,4.491774365305900574e-02,2.423767559230327606e-02,-6.611207034438848495e-03,1.045501697808504105e-02,-2.555798366665840149e-02,3.642458841204643250e-02,-2.268468774855136871e-02
1.375759951770305634e-03,-1.866490766406059265e-02,3.822641819715499878e-02,-5.072464793920516968e-02,5.933460965752601624e-02,-9.514684975147247314e-02,2.010755836963653564e-01,-1.465901434421539307e-01,-2.722840905189514160e-01,1.825078576803207397e-01,1.679332554340362549e-01,1.825078576803207397e-01,-2.722840905189514160e-01,-1.465901434421539307e-01,2.010755836963653564e-01,-9.514684975147247314e-02,5.933460965752601624e-02,-5.072464793920516968e-02,3.822641819715499878e-02,-1.866490766406059265e-02,1.375759951770305634e-03
-1.337816268205642700e-01
-2.321482636034488678e-02,3.433687239885330200e-02,-2.521477453410625458e-02,6.272236350923776627e-03,-3.535942872986197472e-03,1.812109351158142090e-02,4.978831484913825989e-02,-3.103495538234710693e-01,3.340624272823333740e-01,2.684443593025207520e-01,2.730097174644470215e-01,2.684443593025207520e-01,3.340624272823333740e-01,-3.103495538234710693e-01,4.978831484913825989e-02,1.812109351158142090e-02,-3.535942872986197472e-03,6.272236350923776627e-03,-2.521477453410625458e-02,3.433687239885330200e-02,-2.321482636034488678e-02
2.452318556606769562e-03,-2.317510917782783508e-02,3.842255100607872009e-02,-4.862045496702194214e-02,5.876943469047546387e-02,-9.590934962034225464e-02,1.979385167360305786e-01,-1.323173195123672485e-01,-2.796623706817626953e-01,1.846157759428024292e-01,1.664459556341171265e-01,1.846157759428024292e-01,-2.796623706817626953e-01,-1.323173195123672485e-01,1.979385167360305786e-01,-9.590934962034225464e-02,5.876943469047546387e-02,-4.862045496702194214e-02,3.842255100607872009e-02,-2.317510917782783508e-02,2.452318556606769562e-03
-1.355361044406890869e-01
-1.991722173988819122e-02,3.994633257389068604e-02,-1.962383650243282318e-02,3.244142513722181320e-03,2.382077975198626518e-03,1.572616957128047943e-02,5.403707176446914673e-02,-3.139488101005554199e-01,3.296081721782684326e-01,2.722562551498413086e-01,2.672868967056274414e-01,2.722562551498413086e-01,3.296081721782684326e-01,-3.139488101005554199e-01,5.403707176446914673e-02,1.572616957128047943e-02,2.382077975198626518e-03,3.244142513722181320e-03,-1.962383650243282318e-02,3.994633257389068604e-02,-1.991722173988819122e-02
3.662838833406567574e-03,-2.361527457833290100e-02,4.017694294452667236e-02,-4.597300663590431213e-02,6.156451255083084106e-02,-9.448590874671936035e-02,1.899603605270385742e-01,-1.218459233641624451e-01,-2.858897745609283447e-01,1.848016530275344849e-01,1.598444432020187378e-01,1.848016530275344849e-01,-2.858897745609283447e-01,-1.218459233641624451e-01,1.899603605270385742e-01,-9.448590874671936035e-02,6.156451255083084106e-02,-4.597300663590431213e-02,4.017694294452667236e-02,-2.361527457833290100e-02,3.662838833406567574e-03
-1.372981965541839600e-01
-2.263185381889343262e-02,3.521032631397247314e-02,-1.745969429612159729e-02,1.157405204139649868e-03,3.707934869453310966e-03,9.541014209389686584e-03,6.173650920391082764e-02,-3.130757808685302734e-01,3.248492181301116943e-01,2.834109663963317871e-01,2.726303637027740479e-01,2.834109663963317871e-01,3.248492181301116943e-01,-3.130757808685302734e-01,6.173650920391082764e-02,9.541014209389686584e-03,3.707934869453310966e-03,1.157405204139649868e-03,-1.745969429612159729e-02,3.521032631397247314e-02,-2.263185381889343262e-02
5.877580028027296066e-03,-2.462821081280708313e-02,4.017893970012664795e-02,-4.688121378421783447e-02,5.989456549286842346e-02,-9.461481869220733643e-02,1.809378564357757568e-01,-1.135997995734214783e-01,-2.931092083454132080e-01,1.891660988330841064e-01,1.591230630874633789e-01,1.891660988330841064e-01,-2.931092083454132080e-01,-1.135997995734214783e-01,1.809378564357757568e-01,-9.461481869220733643e-02,5.989456549286842346e-02,-4.688121378421783447e-02,4.017893970012664795e-02,-2.462821081280708313e-02,5.877580028027296066e-03
-1.390678435564041138e-01
-2.274619787931442261e-02,3.390578553080558777e-02,-1.512263808399438858e-02,-2.274985192343592644e-03,4.663154017180204391e-03,3.484108252450823784e-03,6.786239147186279297e-02,-3.108193278312683105e-01,3.205442428588867188e-01,2.874953448772430420e-01,2.680480480194091797e-01,2.874953448772430420e-01,3.205442428588867188e-01,-3.108193278312683105e-01,6.786239147186279297e-02,3.484108252450823784e-03,4.663154017180204391e-03,-2.274985192343592644e-03,-1.512263808399438858e-02,3.390578553080558777e-02,-2.274619787931442261e-02
7.425338495522737503e-03,-2.864184789359569550e-02,3.851628303527832031e-02,-4.550521075725555420e-02,5.954312533140182495e-02,-9.418243914842605591e-02,1.745987981557846069e-01,-1.033429279923439026e-01,-3.017795383930206299e-01,1.896089762449264526e-01,1.577174961566925049e-01,1.896089762449264526e-01,-3.017795383930206299e-01,-1.033429279923439026e-01,1.745987981557846069e-01,-9.418243914842605591e-02,5.954312533140182495e-02,-4.550521075725555420e-02,3.851628303527832031e-02,-2.864184789359569550e-02,7.425338495522737503e-03
-1.408450454473495483e-01
-2.479211986064910889e-02,3.309037163853645325e-02,-1.125600188970565796e-02,-4.608955699950456619e-03,6.523571442812681198e-03,-1.312345033511519432e-03,7.335436344146728516e-02,-3.107021749019622803e-01,3.131944537162780762e-01,2.911406755447387695e-01,2.638663947582244873e-01,2.911406755447387695e-01,3.131944537162780762e-01,-3.107021749019622803e-01,7.335436344146728516e-02,-1.312345033511519432e-03,6.523571442812681198e-03,-4.608955699950456619e-03,-1.125600188970565796e-02,3.309037163853645325e-02,-2.479211986064910889e-02
7.897777482867240906e-03,-2.928809449076652527e-02,3.996859490871429443e-02,-4.466563090682029724e-02,5.737423896789550781e-02,-9.322188794612884521e-02,1.700146347284317017e-01,-9.199282526969909668e-02,-3.085901141166687012e-01,1.920465081930160522e-01,1.577514857053756714e-01,1.920465081930160522e-01,-3.085901141166687012e-01,-9.199282526969909668e-02,1.700146347284317017e-01,-9.322188794612884521e-02,5.737423896789550781e-02,-4.466563090682029724e-02,3.996859490871429443e-02,-2.928809449076652527e-02,7.897777482867240906e-03
-1.426297426223754883e-01
-1.957651786506175995e-02,3.366863355040550232e-02,-1.257011014968156815e-02,-9.612546302378177643e-03,1.098766922950744629e-02,-3.948314581066370010e-03,7.574157416820526123e-02,-3.127872347831726074e-01,3.065184056758880615e-01,2.945112287998199463e-01,2.577703595161437988e-01,2.945112287998199463e-01,3.065184056758880615e-01,-3.127872347831726074e-01,7.574157416820526123e-02,-3.948314581066370010e-03,1.098766922950744629e-02,-9.612546302378177643e-03,-1.257011014968156815e-02,3.366863355040550232e-02,-1.957651786506175995e-02
9.468659758567810059e-03,-2.651917934417724609e-02,4.101666808128356934e-02,-4.532342404127120972e-02,5.651905387639999390e-02,-8.992912620306015015e-02,1.642913818359375000e-01,-8.278414607048034668e-02,-3.155490159988403320e-01,1.911828815937042236e-01,1.538857668638229370e-01,1.911828815937042236e-01,-3.155490159988403320e-01,-8.278414607048034668e-02,1.642913818359375000e-01,-8.992912620306015015e-02,5.651905387639999390e-02,-4.532342404127120972e-02,4.101666808128356934e-02,-2.651917934417724609e-02,9.468659758567810059e-03
-1.444219201803207397e-01
-1.984872110188007355e-02,2.930212952196598053e-02,-1.307935640215873718e-02,-1.065104827284812927e-02,1.638988219201564789e-02,-6.145781837403774261e-03,8.058994263410568237e-02,-3.123469352722167969e-01,2.994409799575805664e-01,3.012785315513610840e-01,2.567358016967773438e-01,3.012785315513610840e-01,2.994409799575805664e-01,-3.123469352722167969e-01,8.058994263410568237e-02,-6.145781837403774261e-03,1.638988219201564789e-02,-1.065104827284812927e-02,-1.307935640215873718e-02,2.930212952196598053e-02,-1.984872110188007355e-02
7.755566388368606567e-03,-2.615821920335292816e-02,4.247923940420150757e-02,-4.610563069581985474e-02,5.256594717502593994e-02,-8.911435306072235107e-02,1.594538092613220215e-01,-7.115963846445083618e-02,-3.202010095119476318e-01,1.941282898187637329e-01,1.533931195735931396e-01,1.941282898187637329e-01,-3.202010095119476318e-01,-7.115963846445083618e-02,1.594538092613220215e-01,-8.911435306072235107e-02,5.256594717502593994e-02,-4.610563069581985474e-02,4.247923940420150757e-02,-2.615821920335292816e-02,7.755566388368606567e-03
-1.462215334177017212e-01
-1.683975383639335632e-02,2.960267104208469391e-02,-1.163445692509412766e-02,-1.349252928048372269e-02,1.933536492288112640e-02,-9.693976491689682007e-03,8.413220196962356567e-02,-3.106245398521423340e-01,2.945904135704040527e-01,3.079071044921875000e-01,2.539337873458862305e-01,3.079071044921875000e-01,2.945904135704040527e-01,-3.106245398521423340e-01,8.413220196962356567e-02,-9.693976491689682007e-03,1.933536492288112640e-02,-1.349252928048372269e-02,-1.163445692509412766e-02,2.960267104208469391e-02,-1.683975383639335632e-02
9.464671835303306580e-03,-2.813756093382835388e-02,3.951501101255416870e-02,-4.467325285077095032e-02,5.579141899943351746e-02,-8.403068780899047852e-02,1.525133550167083740e-01,-6.344297528266906738e-02,-3.267335891723632812e-01,1.934737563133239746e-01,1.508475393056869507e-01,1.934737563133239746e-01,-3.267335891723632812e-01,-6.344297528266906738e-02,1.525133550167083740e-01,-8.403068780899047852e-02,5.579141899943351746e-02,-4.467325285077095032e-02,3.951501101255416870e-02,-2.813756093382835388e-02,9.464671835303306580e-03
-1.480285674333572388e-01
-1.852220110595226288e-02,2.843561768531799316e-02,-7.087233010679483414e-03,-1.408415846526622772e-02,2.060202881693840027e-02,-1.443258859217166901e-02,8.822283148765563965e-02,-3.090505897998809814e-01,2.868446409702301025e-01,3.140272796154022217e-01,2.522504627704620361e-01,3.140272796154022217e-01,2.868446409702301025e-01,-3.090505897998809814e-01,8.822283148765563965e-02,-1.443258859217166901e-02,2.060202881693840027e-02,-1.408415846526622772e-02,-7.087233010679483414e-03,2.843561768531799316e-02,-1.852220110595226288e-02
1.004004571586847305e-02,-3.202334791421890259e-02,3.796828538179397583e-02,-4.289023950695991516e-02,5.484935641288757324e-02,-8.243694156408309937e-02,1.458481997251510620e-01,-5.425264686346054077e-02,-3.320955336093902588e-01,1.962246149778366089e-01,1.521554589271545410e-01,1.962246149778366089e-01,-3.320955336093902588e-01,-5.425264686346054077e-02,1.458481997251510620e-01,-8.243694156408309937e-02,5.484935641288757324e-02,-4.289023950695991516e-02,3.796828538179397583e-02,-3.202334791421890259e-02,1.004004571586847305e-02
-1.498429775238037109e-01
-2.035777550190687180e-03,2.853295393288135529e-02,-1.931198313832283020e-02,-2.504490129649639130e-02,2.576897665858268738e-02,-1.080976147204637527e-02,9.475852549076080322e-02,-3.070136904716491699e-01,2.791197299957275391e-01,3.159716129302978516e-01,2.447696328163146973e-01,3.159716129302978516e-01,2.791197299957275391e-01,-3.070136904716491699e-01,9.475852549076080322e-02,-1.080976147204637527e-02,2.576897665858268738e-02,-2.504490129649639130e-02,-1.931198313832283020e-02,2.853295393288135529e-02,-2.035777550190687180e-03
1.326852571219205856e-02,-1.601691357791423798e-02,4.297591745853424072e-02,-5.374675989151000977e-02,3.787304088473320007e-02,-8.438358455896377563e-02,1.448138505220413208e-01,-4.135924205183982849e-02,-3.370348215103149414e-01,1.958847045898437500e-01,1.516050547361373901e-01,1.958847045898437500e-01,-3.370348215103149414e-01,-4.135924205183982849e-02,1.448138505220413208e-01,-8.438358455896377563e-02,3.787304088473320007e-02,-5.374675989151000977e-02,4.297591745853424072e-02,-1.601691357791423798e-02,1.326852571219205856e-02
-1.516647487878799438e-01
-1.658421754837036133e-02,2.948921546339988708e-02,-2.531102858483791351e-03,-1.926194690167903900e-02,2.527280710637569427e-02,-1.954924874007701874e-02,9.415984898805618286e-02,-3.065228164196014404e-01,2.718875706195831299e-01,3.223450779914855957e-01,2.422878891229629517e-01,3.223450779914855957e-01,2.718875706195831299e-01,-3.065228164196014404e-01,9.415984898805618286e-02,-1.954924874007701874e-02,2.527280710637569427e-02,-1.926194690167903900e-02,-2.531102858483791351e-03,2.948921546339988708e-02,-1.658421754837036133e-02
7.696927990764379501e-03,-3.227160498499870300e-02,3.910691291093826294e-02,-4.138842970132827759e-02,4.970951750874519348e-02,-7.945222407579421997e-02,1.342747807502746582e-01,-3.612363338470458984e-02,-3.437331914901733398e-01,1.946403831243515015e-01,1.502211540937423706e-01,1.946403831243515015e-01,-3.437331914901733398e-01,-3.612363338470458984e-02,1.342747807502746582e-01,-7.945222407579421997e-02,4.970951750874519348e-02,-4.138842970132827759e-02,3.910691291093826294e-02,-3.227160498499870300e-02,7.696927990764379501e-03
-1.534938365221023560e-01
-1.577959582209587097e-02,2.697858773171901703e-02,-3.095626598224043846e-03,-2.197803743183612823e-02,2.729794196784496307e-02,-2.302388101816177368e-02,9.598106890916824341e-02,-3.046259284019470215e-01,2.654147446155548096e-01,3.297641575336456299e-01,2.409673482179641724e-01,3.297641575336456299e-01,2.654147446155548096e-01,-3.046259284019470215e-01,9.598106890916824341e-02,-2.302388101816177368e-02,2.729794196784496307e-02,-2.197803743183612823e-02,-3.095626598224043846e-03,2.697858773171901703e-02,-1.577959582209587097e-02
7.414875086396932602e-03,-3.146601095795631409e-02,3.844740614295005798e-02,-4.171375930309295654e-02,4.838900640606880188e-02,-7.552874088287353516e-02,1.288117766380310059e-01,-2.800130285322666168e-02,-3.484634459018707275e-01,1.952385604381561279e-01,1.502731740474700928e-01,1.952385604381561279e-01,-3.484634459018707275e-01,-2.800130285322666168e-02,1.288117766380310059e-01,-7.552874088287353516e-02,4.838900640606880188e-02,-4.171375930309295654e-02,3.844740614295005798e-02,-3.146601095795631409e-02,7.414875086396932602e-03
-1.553302258253097534e-01
-1.449172385036945343e-02,2.531693503260612488e-02,-1.916795619763433933e-03,-2.357037737965583801e-02,2.932869642972946167e-02,-2.636979892849922180e-02,9.795539081096649170e-02,-3.020472526550292969e-01,2.587600052356719971e-01,3.361427485942840576e-01,2.385319620370864868e-01,3.361427485942840576e-01,2.587600052356719971e-01,-3.020472526550292969e-01,9.795539081096649170e-02,-2.636979892849922180e-02,2.932869642972946167e-02,-2.357037737965583801e-02,-1.916795619763433933e-03,2.531693503260612488e-02,-1.449172385036945343e-02
8.339295163750648499e-03,-3.259655833244323730e-02,3.703209012746810913e-02,-4.025562480092048645e-02,4.743545129895210266e-02,-7.316528260707855225e-02,1.227534636855125427e-01,-1.989803835749626160e-02,-3.534699380397796631e-01,1.952146291732788086e-01,1.512144356966018677e-01,1.952146291732788086e-01,-3.534699380397796631e-01,-1.989803835749626160e-02,1.227534636855125427e-01,-7.316528260707855225e-02,4.743545129895210266e-02,-4.025562480092048645e-02,3.703209012746810913e-02,-3.259655833244323730e-02,8.339295163750648499e-03
-1.571738719940185547e-01
-1.503414753824472427e-02,2.312480285763740540e-02,-5.636271671392023563e-04,-2.460178919136524200e-02,3.203630819916725159e-02,-2.843267470598220825e-02,1.001437976956367493e-01,-2.991102337837219238e-01,2.524416744709014893e-01,3.432714641094207764e-01,2.366010099649429321e-01,3.432714641094207764e-01,2.524416744709014893e-01,-2.991102337837219238e-01,1.001437976956367493e-01,-2.843267470598220825e-02,3.203630819916725159e-02,-2.460178919136524200e-02,-5.636271671392023563e-04,2.312480285763740540e-02,-1.503414753824472427e-02
8.806731551885604858e-03,-3.185200691223144531e-02,3.786545619368553162e-02,-3.823879361152648926e-02,4.617875069379806519e-02,-7.078092545270919800e-02,1.169324293732643127e-01,-1.157362665981054306e-02,-3.573461771011352539e-01,1.949100196361541748e-01,1.514050066471099854e-01,1.949100196361541748e-01,-3.573461771011352539e-01,-1.157362665981054306e-02,1.169324293732643127e-01,-7.078092545270919800e-02,4.617875069379806519e-02,-3.823879361152648926e-02,3.786545619368553162e-02,-3.185200691223144531e-02,8.806731551885604858e-03
-1.590247601270675659e-01
-1.335325557738542557e-02,2.137450501322746277e-02,-5.109705380164086819e-04,-2.759470418095588684e-02,3.235595300793647766e-02,-3.189594671130180359e-02,1.020762175321578979e-01,-2.960917353630065918e-01,2.448426932096481323e-01,3.496143519878387451e-01,2.346015274524688721e-01,3.496143519878387451e-01,2.448426932096481323e-01,-2.960917353630065918e-01,1.020762175321578979e-01,-3.189594671130180359e-02,3.235595300793647766e-02,-2.759470418095588684e-02,-5.109705380164086819e-04,2.137450501322746277e-02,-1.335325557738542557e-02
1.116753276437520981e-02,-3.116433881223201752e-02,3.664235398173332214e-02,-3.611652925610542297e-02,4.789980128407478333e-02,-6.530880928039550781e-02,1.118104532361030579e-01,-3.938490059226751328e-03,-3.607740998268127441e-01,1.956751495599746704e-01,1.524495184421539307e-01,1.956751495599746704e-01,-3.607740998268127441e-01,-3.938490059226751328e-03,1.118104532361030579e-01,-6.530880928039550781e-02,4.789980128407478333e-02,-3.611652925610542297e-02,3.664235398173332214e-02,-3.116433881223201752e-02,1.116753276437520981e-02
-1.608828604221343994e-01
-1.433045230805873871e-02,1.934166997671127319e-02,9.251119918189942837e-04,-2.811385132372379303e-02,3.464826568961143494e-02,-3.379672765731811523e-02,1.038127392530441284e-01,-2.926287949085235596e-01,2.373987287282943726e-01,3.535542190074920654e-01,2.295909374952316284e-01,3.535542190074920654e-01,2.373987287282943726e-01,-2.926287949085235596e-01,1.038127392530441284e-01,-3.379672765731811523e-02,3.464826568961143494e-02,-2.811385132372379303e-02,9.251119918189942837e-04,1.934166997671127319e-02,-1.433045230805873871e-02
9.094220586121082306e-03,-3.199887648224830627e-02,3.633055835962295532e-02,-3.615329414606094360e-02,4.326588287949562073e-02,-6.450057774782180786e-02,1.066549867391586304e-01,3.877423936501145363e-03,-3.657555580139160156e-01,1.932972669601440430e-01,1.532119512557983398e-01,1.932972669601440430e-01,-3.657555580139160156e-01,3.877423936501145363e-03,1.066549867391586304e-01,-6.450057774782180786e-02,4.326588287949562073e-02,-3.615329414606094360e-02,3.633055835962295532e-02,-3.199887648224830627e-02,9.094220586121082306e-03
-1.627481281757354736e-01
-1.340995449572801590e-02,1.823102869093418121e-02,3.016238799318671227e-03,-2.975360862910747528e-02,3.502237051725387573e-02,-3.759438544511795044e-02,1.046281158924102783e-01,-2.890478372573852539e-01,2.306089848279953003e-01,3.591543138027191162e-01,2.261440455913543701e-01,3.591543138027191162e-01,2.306089848279953003e-01,-2.890478372573852539e-01,1.046281158924102783e-01,-3.759438544511795044e-02,3.502237051725387573e-02,-2.975360862910747528e-02,3.016238799318671227e-03,1.823102869093418121e-02,-1.340995449572801590e-02
1.122399978339672089e-02,-3.291551396250724792e-02,3.575028106570243835e-02,-3.181042894721031189e-02,4.468794539570808411e-02,-6.158749014139175415e-02,9.992552548646926880e-02,1.089274883270263672e-02,-3.688434064388275146e-01,1.925714612007141113e-01,1.539256721735000610e-01,1.925714612007141113e-01,-3.688434064388275146e-01,1.089274883270263672e-02,9.992552548646926880e-02,-6.158749014139175415e-02,4.468794539570808411e-02,-3.181042894721031189e-02,3.575028106570243835e-02,-3.291551396250724792e-02,1.122399978339672089e-02
-1.646205633878707886e-01
-1.727977651171386242e-03,1.865476369857788086e-02,-4.614647477865219116e-03,-3.569536283612251282e-02,4.040833190083503723e-02,-3.286416828632354736e-02,1.083135008811950684e-01,-2.867096066474914551e-01,2.218771278858184814e-01,3.639070093631744385e-01,2.225299030542373657e-01,3.639070093631744385e-01,2.218771278858184814e-01,-2.867096066474914551e-01,1.083135008811950684e-01,-3.286416828632354736e-02,4.040833190083503723e-02,-3.569536283612251282e-02,-4.614647477865219116e-03,1.865476369857788086e-02,-1.727977651171386242e-03
1.031987555325031281e-02,-2.229073084890842438e-02,3.938605263829231262e-02,-3.988768160343170166e-02,2.851546183228492737e-02,-6.484883278608322144e-02,9.707458317279815674e-02,2.067979052662849426e-02,-3.714178502559661865e-01,1.909969151020050049e-01,1.549671888351440430e-01,1.909969151020050049e-01,-3.714178502559661865e-01,2.067979052662849426e-02,9.707458317279815674e-02,-6.484883278608322144e-02,2.851546183228492737e-02,-3.988768160343170166e-02,3.938605263829231262e-02,-2.229073084890842438e-02,1.031987555325031281e-02
-1.665001064538955688e-01
-1.140056643635034561e-02,1.761712320148944855e-02,7.899105548858642578e-03,-3.100939095020294189e-02,3.801592066884040833e-02,-4.121782630681991577e-02,1.066495403647422791e-01,-2.829058766365051270e-01,2.145174592733383179e-01,3.691718876361846924e-01,2.193387448787689209e-01,3.691718876361846924e-01,2.145174592733383179e-01,-2.829058766365051270e-01,1.066495403647422791e-01,-4.121782630681991577e-02,3.801592066884040833e-02,-3.100939095020294189e-02,7.899105548858642578e-03,1.761712320148944855e-02,-1.140056643635034561e-02
1.295714359730482101e-02,-3.312153369188308716e-02,3.370329365134239197e-02,-2.938061393797397614e-02,4.100521653890609741e-02,-5.726721882820129395e-02,8.867804706096649170e-02,2.505736052989959717e-02,-3.747687339782714844e-01,1.904016584157943726e-01,1.565656960010528564e-01,1.904016584157943726e-01,-3.747687339782714844e-01,2.505736052989959717e-02,8.867804706096649170e-02,-5.726721882820129395e-02,4.100521653890609741e-02,-2.938061393797397614e-02,3.370329365134239197e-02,-3.312153369188308716e-02,1.295714359730482101e-02
-1.683867722749710083e-01
-1.544498372822999954e-02,1.429504808038473129e-02,8.205648511648178101e-03,-3.115694783627986908e-02,4.180534556508064270e-02,-4.035234451293945312e-02,1.081158891320228577e-01,-2.781763374805450439e-01,2.088619172573089600e-01,3.747010529041290283e-01,2.153600305318832397e-01,3.747010529041290283e-01,2.088619172573089600e-01,-2.781763374805450439e-01,1.081158891320228577e-01,-4.035234451293945312e-02,4.180534556508064270e-02,-3.115694783627986908e-02,8.205648511648178101e-03,1.429504808038473129e-02,-1.544498372822999954e-02
1.172287017107009888e-02,-3.389387577772140503e-02,3.214772418141365051e-02,-3.013184294104576111e-02,3.645979985594749451e-02,-5.615803226828575134e-02,8.346308022737503052e-02,3.185939416289329529e-02,-3.781011402606964111e-01,1.863280683755874634e-01,1.563300788402557373e-01,1.863280683755874634e-01,-3.781011402606964111e-01,3.185939416289329529e-02,8.346308022737503052e-02,-5.615803226828575134e-02,3.645979985594749451e-02,-3.013184294104576111e-02,3.214772418141365051e-02,-3.389387577772140503e-02,1.172287017107009888e-02
-1.702805012464523315e-01
-1.685553044080734253e-02,1.285265013575553894e-02,1.082125119864940643e-02,-3.087536990642547607e-02,4.331986233592033386e-02,-4.207197204232215881e-02,1.083367541432380676e-01,-2.749226987361907959e-01,2.014679312705993652e-01,3.810813426971435547e-01,2.136172503232955933e-01,3.810813426971435547e-01,2.014679312705993652e-01,-2.749226987361907959e-01,1.083367541432380676e-01,-4.207197204232215881e-02,4.331986233592033386e-02,-3.087536990642547607e-02,1.082125119864940643e-02,1.285265013575553894e-02,-1.685553044080734253e-02
1.174393668770790100e-02,-3.508912399411201477e-02,3.019495867192745209e-02,-2.858676016330718994e-02,3.597113490104675293e-02,-5.310541018843650818e-02,7.748345285654067993e-02,3.759323433041572571e-02,-3.805084228515625000e-01,1.849820166826248169e-01,1.578923165798187256e-01,1.849820166826248169e-01,-3.805084228515625000e-01,3.759323433041572571e-02,7.748345285654067993e-02,-5.310541018843650818e-02,3.597113490104675293e-02,-2.858676016330718994e-02,3.019495867192745209e-02,-3.508912399411201477e-02,1.174393668770790100e-02
-1.721812635660171509e-01
9.407430887222290039e-03,1.540674082934856415e-02,-8.539604954421520233e-03,-4.358280822634696960e-02,5.033761262893676758e-02,-3.323419019579887390e-02,1.111909225583076477e-01,-2.734011709690093994e-01,1.925614029169082642e-01,3.854136168956756592e-01,2.098627984523773193e-01,3.854136168956756592e-01,1.925614029169082642e-01,-2.734011709690093994e-01,1.111909225583076477e-01,-3.323419019579887390e-02,5.033761262893676758e-02,-4.358280822634696960e-02,-8.539604954421520233e-03,1.540674082934856415e-02,9.407430887222290039e-03
1.074167620390653610e-02,-1.239996962249279022e-02,3.850732371211051941e-02,-4.191309213638305664e-02,1.657227985560894012e-02,-5.180198699235916138e-02,8.067587763071060181e-02,4.880616068840026855e-02,-3.809354901313781738e-01,1.838797628879547119e-01,1.594075113534927368e-01,1.838797628879547119e-01,-3.809354901313781738e-01,4.880616068840026855e-02,8.067587763071060181e-02,-5.180198699235916138e-02,1.657227985560894012e-02,-4.191309213638305664e-02,3.850732371211051941e-02,-1.239996962249279022e-02,1.074167620390653610e-02
-1.740890592336654663e-01
-1.726413704454898834e-02,9.273624047636985779e-03,1.367991697043180466e-02,-3.094118833541870117e-02,4.526612535119056702e-02,-4.648621007800102234e-02,1.073859483003616333e-01,-2.679196894168853760e-01,1.865070313215255737e-01,3.927182257175445557e-01,2.094359248876571655e-01,3.927182257175445557e-01,1.865070313215255737e-01,-2.679196894168853760e-01,1.073859483003616333e-01,-4.648621007800102234e-02,4.526612535119056702e-02,-3.094118833541870117e-02,1.367991697043180466e-02,9.273624047636985779e-03,-1.726413704454898834e-02
1.001079380512237549e-02,-3.696293011307716370e-02,2.765168435871601105e-02,-2.516850270330905914e-02,3.376917541027069092e-02,-4.754981026053428650e-02,6.692309677600860596e-02,4.890374466776847839e-02,-3.855132758617401123e-01,1.817389726638793945e-01,1.627069860696792603e-01,1.817389726638793945e-01,-3.855132758617401123e-01,4.890374466776847839e-02,6.692309677600860596e-02,-4.754981026053428650e-02,3.376917541027069092e-02,-2.516850270330905914e-02,2.765168435871601105e-02,-3.696293011307716370e-02,1.001079380512237549e-02
-1.760038435459136963e-01
-1.673640310764312744e-02,8.507507853209972382e-03,1.511480379849672318e-02,-3.256892785429954529e-02,4.461282119154930115e-02,-4.932168871164321899e-02,1.065216958522796631e-01,-2.641405165195465088e-01,1.791470646858215332e-01,3.976633250713348389e-01,2.064245492219924927e-01,3.976633250713348389e-01,1.791470646858215332e-01,-2.641405165195465088e-01,1.065216958522796631e-01,-4.932168871164321899e-02,4.461282119154930115e-02,-3.256892785429954529e-02,1.511480379849672318e-02,8.507507853209972382e-03,-1.673640310764312744e-02
1.249513030052185059e-02,-3.674665838479995728e-02,2.697977423667907715e-02,-2.176256850361824036e-02,3.461530804634094238e-02,-4.418446868658065796e-02,6.188883632421493530e-02,5.480010807514190674e-02,-3.867500424385070801e-01,1.801163256168365479e-01,1.649281233549118042e-01,1.801163256168365479e-01,-3.867500424385070801e-01,5.480010807514190674e-02,6.188883632421493530e-02,-4.418446868658065796e-02,3.461530804634094238e-02,-2.176256850361824036e-02,2.697977423667907715e-02,-3.674665838479995728e-02,1.249513030052185059e-02
-1.779256016016006470e-01
-1.731708273291587830e-02,7.728993892669677734e-03,1.788407191634178162e-02,-3.264588117599487305e-02,4.383763298392295837e-02,-5.284050852060317993e-02,1.053222492337226868e-01,-2.598306238651275635e-01,1.722284704446792603e-01,4.033921360969543457e-01,2.045605927705764771e-01,4.033921360969543457e-01,1.722284704446792603e-01,-2.598306238651275635e-01,1.053222492337226868e-01,-5.284050852060317993e-02,4.383763298392295837e-02,-3.264588117599487305e-02,1.788407191634178162e-02,7.728993892669677734e-03,-1.731708273291587830e-02
1.457777060568332672e-02,-3.672617301344871521e-02,2.620748803019523621e-02,-1.849159598350524902e-02,3.554954007267951965e-02,-4.035726189613342285e-02,5.741055682301521301e-02,6.035820394754409790e-02,-3.877729475498199463e-01,1.780242323875427246e-01,1.670914441347122192e-01,1.780242323875427246e-01,-3.877729475498199463e-01,6.035820394754409790e-02,5.741055682301521301e-02,-4.035726189613342285e-02,3.554954007267951965e-02,-1.849159598350524902e-02,2.620748803019523621e-02,-3.672617301344871521e-02,1.457777060568332672e-02
-1.798543035984039307e-01
7.430706638842821121e-03,1.096246950328350067e-02,-2.213223604485392570e-03,-4.455198720097541809e-02,5.337793752551078796e-02,-3.908588737249374390e-02,1.095699667930603027e-01,-2.584332525730133057e-01,1.623495221138000488e-01,4.068873524665832520e-01,2.009031921625137329e-01,4.068873524665832520e-01,1.623495221138000488e-01,-2.584332525730133057e-01,1.095699667930603027e-01,-3.908588737249374390e-02,5.337793752551078796e-02,-4.455198720097541809e-02,-2.213223604485392570e-03,1.096246950328350067e-02,7.430706638842821121e-03
1.147236581891775131e-02,-1.349420193582773209e-02,3.480258211493492126e-02,-3.461987525224685669e-02,1.203528046607971191e-02,-3.984344750642776489e-02,6.313218921422958374e-02,7.095830887556076050e-02,-3.890075385570526123e-01,1.746930181980133057e-01,1.694321930408477783e-01,1.746930181980133057e-01,-3.890075385570526123e-01,7.095830887556076050e-02,6.313218921422958374e-02,-3.984344750642776489e-02,1.203528046607971191e-02,-3.461987525224685669e-02,3.480258211493492126e-02,-1.349420193582773209e-02,1.147236581891775131e-02
-1.817899197340011597e-01
9.885657578706741333e-03,9.963891468942165375e-03,-3.734303638339042664e-03,-4.647872969508171082e-02,5.469383671879768372e-02,-3.801975771784782410e-02,1.106592342257499695e-01,-2.539886236190795898e-01,1.541371792554855347e-01,4.104649722576141357e-01,1.972811967134475708e-01,4.104649722576141357e-01,1.541371792554855347e-01,-2.539886236190795898e-01,1.106592342257499695e-01,-3.801975771784782410e-02,5.469383671879768372e-02,-4.647872969508171082e-02,-3.734303638339042664e-03,9.963891468942165375e-03,9.885657578706741333e-03
1.084943022578954697e-02,-9.663816541433334351e-03,3.677013143897056580e-02,-3.438360989093780518e-02,7.827499881386756897e-03,-3.753412514925003052e-02,6.076678633689880371e-02,7.720017433166503906e-02,-3.903194963932037354e-01,1.722065210342407227e-01,1.725717484951019287e-01,1.722065210342407227e-01,-3.903194963932037354e-01,7.720017433166503906e-02,6.076678633689880371e-02,-3.753412514925003052e-02,7.827499881386756897e-03,-3.438360989093780518e-02,3.677013143897056580e-02,-9.663816541433334351e-03,1.084943022578954697e-02
-1.837324351072311401e-01
-1.688380539417266846e-02,3.968769218772649765e-03,1.851498149335384369e-02,-3.435350582003593445e-02,4.800619930028915405e-02,-5.202639102935791016e-02,1.058252900838851929e-01,-2.470369040966033936e-01,1.499516963958740234e-01,4.169685840606689453e-01,1.960884034633636475e-01,4.169685840606689453e-01,1.499516963958740234e-01,-2.470369040966033936e-01,1.058252900838851929e-01,-5.202639102935791016e-02,4.800619930028915405e-02,-3.435350582003593445e-02,1.851498149335384369e-02,3.968769218772649765e-03,-1.688380539417266846e-02
1.282292790710926056e-02,-3.275308758020401001e-02,2.658573165535926819e-02,-1.592020876705646515e-02,2.736794948577880859e-02,-3.266747295856475830e-02,4.688680171966552734e-02,7.537065446376800537e-02,-3.943707942962646484e-01,1.675653308629989624e-01,1.751141399145126343e-01,1.675653308629989624e-01,-3.943707942962646484e-01,7.537065446376800537e-02,4.688680171966552734e-02,-3.266747295856475830e-02,2.736794948577880859e-02,-1.592020876705646515e-02,2.658573165535926819e-02,-3.275308758020401001e-02,1.282292790710926056e-02
-1.856818199157714844e-01
-1.376099884510040283e-02,4.044802393764257431e-03,1.744544133543968201e-02,-3.506544977426528931e-02,5.062277987599372864e-02,-5.030003190040588379e-02,1.053762659430503845e-01,-2.434746772050857544e-01,1.429915726184844971e-01,4.219912290573120117e-01,1.940884888172149658e-01,4.219912290573120117e-01,1.429915726184844971e-01,-2.434746772050857544e-01,1.053762659430503845e-01,-5.030003190040588379e-02,5.062277987599372864e-02,-3.506544977426528931e-02,1.744544133543968201e-02,4.044802393764257431e-03,-1.376099884510040283e-02
1.216230075806379318e-02,-2.855346351861953735e-02,2.818027883768081665e-02,-1.682546548545360565e-02,2.196164429187774658e-02,-3.118092007935047150e-02,4.451851919293403625e-02,8.163806051015853882e-02,-3.946698009967803955e-01,1.647775620222091675e-01,1.779213994741439819e-01,1.647775620222091675e-01,-3.946698009967803955e-01,8.163806051015853882e-02,4.451851919293403625e-02,-3.118092007935047150e-02,2.196164429187774658e-02,-1.682546548545360565e-02,2.818027883768081665e-02,-2.855346351861953735e-02,1.216230075806379318e-02
-1.876380443572998047e-01
4.549617879092693329e-03,8.341297507286071777e-03,4.293136298656463623e-03,-4.576952755451202393e-02,5.363965407013893127e-02,-4.295364394783973694e-02,1.078656464815139771e-01,-2.405892759561538696e-01,1.342263966798782349e-01,4.253669679164886475e-01,1.911185979843139648e-01,4.253669679164886475e-01,1.342263966798782349e-01,-2.405892759561538696e-01,1.078656464815139771e-01,-4.295364394783973694e-02,5.363965407013893127e-02,-4.576952755451202393e-02,4.293136298656463623e-03,8.341297507286071777e-03,4.549617879092693329e-03
8.855019696056842804e-03,-1.339117810130119324e-02,3.518935292959213257e-02,-2.523809298872947693e-02,5.511889699846506119e-03,-3.225232288241386414e-02,4.627051576972007751e-02,9.003958106040954590e-02,-3.942746520042419434e-01,1.617220193147659302e-01,1.808022260665893555e-01,1.617220193147659302e-01,-3.942746520042419434e-01,9.003958106040954590e-02,4.627051576972007751e-02,-3.225232288241386414e-02,5.511889699846506119e-03,-2.523809298872947693e-02,3.518935292959213257e-02,-1.339117810130119324e-02,8.855019696056842804e-03
-1.896010935306549072e-01
-1.161400973796844482e-02,3.773909993469715118e-03,1.710657961666584015e-02,-3.993469104170799255e-02,4.800143837928771973e-02,-5.249772220849990845e-02,1.041366308927536011e-01,-2.344686239957809448e-01,1.295346170663833618e-01,4.316645860671997070e-01,1.906339824199676514e-01,4.316645860671997070e-01,1.295346170663833618e-01,-2.344686239957809448e-01,1.041366308927536011e-01,-5.249772220849990845e-02,4.800143837928771973e-02,-3.993469104170799255e-02,1.710657961666584015e-02,3.773909993469715118e-03,-1.161400973796844482e-02
1.321860682219266891e-02,-2.766515687108039856e-02,2.623130567371845245e-02,-1.317465864121913910e-02,2.098336629569530487e-02,-2.549690753221511841e-02,3.584763035178184509e-02,8.935149759054183960e-02,-3.960553109645843506e-01,1.590517163276672363e-01,1.843130588531494141e-01,1.590517163276672363e-01,-3.960553109645843506e-01,8.935149759054183960e-02,3.584763035178184509e-02,-2.549690753221511841e-02,2.098336629569530487e-02,-1.317465864121913910e-02,2.623130567371845245e-02,-2.766515687108039856e-02,1.321860682219266891e-02
-1.915709525346755981e-01
-1.072460040450096130e-02,3.538039280101656914e-03,1.679627597332000732e-02,-3.908982127904891968e-02,5.158246681094169617e-02,-4.951222985982894897e-02,1.033044308423995972e-01,-2.316238731145858765e-01,1.221613660454750061e-01,4.362923204898834229e-01,1.890091747045516968e-01,4.362923204898834229e-01,1.221613660454750061e-01,-2.316238731145858765e-01,1.033044308423995972e-01,-4.951222985982894897e-02,5.158246681094169617e-02,-3.908982127904891968e-02,1.679627597332000732e-02,3.538039280101656914e-03,-1.072460040450096130e-02
1.025779079645872116e-02,-2.607930451631546021e-02,2.649914473295211792e-02,-1.402564719319343567e-02,1.611015200614929199e-02,-2.442523464560508728e-02,3.267714008688926697e-02,9.365419298410415649e-02,-3.969640135765075684e-01,1.556938588619232178e-01,1.879850476980209351e-01,1.556938588619232178e-01,-3.969640135765075684e-01,9.365419298410415649e-02,3.267714008688926697e-02,-2.442523464560508728e-02,1.611015200614929199e-02,-1.402564719319343567e-02,2.649914473295211792e-02,-2.607930451631546021e-02,1.025779079645872116e-02
-1.935475617647171021e-01
-9.949057362973690033e-03,3.528389614075422287e-03,1.806760951876640320e-02,-3.979706019163131714e-02,5.034757778048515320e-02,-5.104816704988479614e-02,1.018464937806129456e-01,-2.276080995798110962e-01,1.151718422770500183e-01,4.414148628711700439e-01,1.884402185678482056e-01,4.414148628711700439e-01,1.151718422770500183e-01,-2.276080995798110962e-01,1.018464937806129456e-01,-5.104816704988479614e-02,5.034757778048515320e-02,-3.979706019163131714e-02,1.806760951876640320e-02,3.528389614075422287e-03,-9.949057362973690033e-03
1.116152200847864151e-02,-2.685711719095706940e-02,2.359442599117755890e-02,-1.340520847588777542e-02,1.514480262994766235e-02,-2.227820269763469696e-02,2.738801203668117523e-02,9.647947549819946289e-02,-3.970843553543090820e-01,1.534193158149719238e-01,1.917621493339538574e-01,1.534193158149719238e-01,-3.970843553543090820e-01,9.647947549819946289e-02,2.738801203668117523e-02,-2.227820269763469696e-02,1.514480262994766235e-02,-1.340520847588777542e-02,2.359442599117755890e-02,-2.685711719095706940e-02,1.116152200847864151e-02
-1.955309510231018066e-01
-7.948582060635089874e-03,2.575951861217617989e-03,1.691462099552154541e-02,-4.088593274354934692e-02,5.057837069034576416e-02,-5.120342597365379333e-02,1.003657281398773193e-01,-2.232555896043777466e-01,1.089583709836006165e-01,4.457935392856597900e-01,1.867484003305435181e-01,4.457935392856597900e-01,1.089583709836006165e-01,-2.232555896043777466e-01,1.003657281398773193e-01,-5.120342597365379333e-02,5.057837069034576416e-02,-4.088593274354934692e-02,1.691462099552154541e-02,2.575951861217617989e-03,-7.948582060635089874e-03
1.147536747157573700e-02,-2.564083226025104523e-02,2.277835644781589508e-02,-1.313982810825109482e-02,1.233804970979690552e-02,-2.111627534031867981e-02,2.339640073478221893e-02,1.002605780959129333e-01,-3.969149589538574219e-01,1.499325484037399292e-01,1.947636455297470093e-01,1.499325484037399292e-01,-3.969149589538574219e-01,1.002605780959129333e-01,2.339640073478221893e-02,-2.111627534031867981e-02,1.233804970979690552e-02,-1.313982810825109482e-02,2.277835644781589508e-02,-2.564083226025104523e-02,1.147536747157573700e-02
-1.975210458040237427e-01
-7.471510674804449081e-03,1.693518366664648056e-03,1.677200384438037872e-02,-4.187088459730148315e-02,5.015236139297485352e-02,-5.165947228670120239e-02,9.900048375129699707e-02,-2.189205437898635864e-01,1.027230471372604370e-01,4.504674077033996582e-01,1.856470853090286255e-01,4.504674077033996582e-01,1.027230471372604370e-01,-2.189205437898635864e-01,9.900048375129699707e-02,-5.165947228670120239e-02,5.015236139297485352e-02,-4.187088459730148315e-02,1.677200384438037872e-02,1.693518366664648056e-03,-7.471510674804449081e-03
1.216686237603425980e-02,-2.423298545181751251e-02,2.212841063737869263e-02,-1.244983635842800140e-02,1.031775586307048798e-02,-1.934003084897994995e-02,1.986787468194961548e-02,1.040261760354042053e-01,-3.962983191013336182e-01,1.466189920902252197e-01,1.977737247943878174e-01,1.466189920902252197e-01,-3.962983191013336182e-01,1.040261760354042053e-01,1.986787468194961548e-02,-1.934003084897994995e-02,1.031775586307048798e-02,-1.244983635842800140e-02,2.212841063737869263e-02,-2.423298545181751251e-02,1.216686237603425980e-02
-1.995178610086441040e-01
-6.488182116299867630e-03,1.605960773304104805e-03,1.694460399448871613e-02,-4.252702742815017700e-02,4.998731613159179688e-02,-5.176765471696853638e-02,9.741158783435821533e-02,-2.152195572853088379e-01,9.583602845668792725e-02,4.547236561775207520e-01,1.846200376749038696e-01,4.547236561775207520e-01,9.583602845668792725e-02,-2.152195572853088379e-01,9.741158783435821533e-02,-5.176765471696853638e-02,4.998731613159179688e-02,-4.252702742815017700e-02,1.694460399448871613e-02,1.605960773304104805e-03,-6.488182116299867630e-03
1.204666122794151306e-02,-2.235796116292476654e-02,2.245569229125976562e-02,-1.118321437388658524e-02,8.924476802349090576e-03,-1.689036935567855835e-02,1.655610091984272003e-02,1.066566407680511475e-01,-3.965739905834197998e-01,1.431940048933029175e-01,2.018029093742370605e-01,1.431940048933029175e-01,-3.965739905834197998e-01,1.066566407680511475e-01,1.655610091984272003e-02,-1.689036935567855835e-02,8.924476802349090576e-03,-1.118321437388658524e-02,2.245569229125976562e-02,-2.235796116292476654e-02,1.204666122794151306e-02
-2.015213519334793091e-01
4.941500257700681686e-03,6.325949449092149734e-03,1.048719976097345352e-02,-4.685966670513153076e-02,5.420143902301788330e-02,-4.432265087962150574e-02,9.856602549552917480e-02,-2.129537314176559448e-01,8.711893856525421143e-02,4.574034810066223145e-01,1.825823336839675903e-01,4.574034810066223145e-01,8.711893856525421143e-02,-2.129537314176559448e-01,9.856602549552917480e-02,-4.432265087962150574e-02,5.420143902301788330e-02,-4.685966670513153076e-02,1.048719976097345352e-02,6.325949449092149734e-03,4.941500257700681686e-03
5.777320824563503265e-03,-1.384332496672868729e-02,2.785150893032550812e-02,-1.502103451639413834e-02,-1.717485953122377396e-03,-1.680514588952064514e-02,1.751244626939296722e-02,1.120405942201614380e-01,-3.963701725006103516e-01,1.388847976922988892e-01,2.055498510599136353e-01,1.388847976922988892e-01,-3.963701725006103516e-01,1.120405942201614380e-01,1.751244626939296722e-02,-1.680514588952064514e-02,-1.717485953122377396e-03,-1.502103451639413834e-02,2.785150893032550812e-02,-1.384332496672868729e-02,5.777320824563503265e-03
-2.035315036773681641e-01
-5.146814044564962387e-03,1.426524715498089790e-03,1.720232516527175903e-02,-4.405030608177185059e-02,4.959584027528762817e-02,-4.989936202764511108e-02,9.678981453180313110e-02,-2.062398195266723633e-01,8.238635212182998657e-02,4.625254869461059570e-01,1.826152205467224121e-01,4.625254869461059570e-01,8.238635212182998657e-02,-2.062398195266723633e-01,9.678981453180313110e-02,-4.989936202764511108e-02,4.959584027528762817e-02,-4.405030608177185059e-02,1.720232516527175903e-02,1.426524715498089790e-03,-5.146814044564962387e-03
1.184958498924970627e-02,-2.248653583228588104e-02,1.955977268517017365e-02,-8.482835255563259125e-03,8.414514362812042236e-03,-1.097033824771642685e-02,1.042446214705705643e-02,1.124903708696365356e-01,-3.952694833278656006e-01,1.370079666376113892e-01,2.095141410827636719e-01,1.370079666376113892e-01,-3.952694833278656006e-01,1.124903708696365356e-01,1.042446214705705643e-02,-1.097033824771642685e-02,8.414514362812042236e-03,-8.482835255563259125e-03,1.955977268517017365e-02,-2.248653583228588104e-02,1.184958498924970627e-02
-2.055483013391494751e-01
-4.058267455548048019e-03,1.372006023302674294e-03,1.748581603169441223e-02,-4.220495000481605530e-02,5.220244079828262329e-02,-4.816204309463500977e-02,9.473474323749542236e-02,-2.028058618307113647e-01,7.563731074333190918e-02,4.648910760879516602e-01,1.799589395523071289e-01,4.648910760879516602e-01,7.563731074333190918e-02,-2.028058618307113647e-01,9.473474323749542236e-02,-4.816204309463500977e-02,5.220244079828262329e-02,-4.220495000481605530e-02,1.748581603169441223e-02,1.372006023302674294e-03,-4.058267455548048019e-03
7.565846201032400131e-03,-2.110856212675571442e-02,2.088939398527145386e-02,-8.196393959224224091e-03,4.900424741208553314e-03,-8.764127269387245178e-03,9.793659672141075134e-03,1.159865111112594604e-01,-3.960334062576293945e-01,1.309522837400436401e-01,2.125738710165023804e-01,1.309522837400436401e-01,-3.960334062576293945e-01,1.159865111112594604e-01,9.793659672141075134e-03,-8.764127269387245178e-03,4.900424741208553314e-03,-8.196393959224224091e-03,2.088939398527145386e-02,-2.110856212675571442e-02,7.565846201032400131e-03
-2.075717151165008545e-01
-5.373439751565456390e-03,1.652322243899106979e-04,1.794001646339893341e-02,-4.304389655590057373e-02,5.043531209230422974e-02,-4.912690818309783936e-02,9.381514787673950195e-02,-1.967948824167251587e-01,7.105559855699539185e-02,4.692134559154510498e-01,1.793889403343200684e-01,4.692134559154510498e-01,7.105559855699539185e-02,-1.967948824167251587e-01,9.381514787673950195e-02,-4.912690818309783936e-02,5.043531209230422974e-02,-4.304389655590057373e-02,1.794001646339893341e-02,1.652322243899106979e-04,-5.373439751565456390e-03
8.761213161051273346e-03,-2.286953479051589966e-02,1.668012887239456177e-02,-8.041164837777614594e-03,4.643662367016077042e-03,-6.981146987527608871e-03,4.653262905776500702e-03,1.172960028052330017e-01,-3.950999081134796143e-01,1.270863860845565796e-01,2.155680209398269653e-01,1.270863860845565796e-01,-3.950999081134796143e-01,1.172960028052330017e-01,4.653262905776500702e-03,-6.981146987527608871e-03,4.643662367016077042e-03,-8.041164837777614594e-03,1.668012887239456177e-02,-2.286953479051589966e-02,8.761213161051273346e-03
-2.096017152070999146e-01
8.105782791972160339e-03,6.174017209559679031e-03,1.102245319634675980e-02,-4.859692603349685669e-02,5.316010862588882446e-02,-4.285942018032073975e-02,9.394586831331253052e-02,-1.948250383138656616e-01,6.289799511432647705e-02,4.716456234455108643e-01,1.779166311025619507e-01,4.716456234455108643e-01,6.289799511432647705e-02,-1.948250383138656616e-01,9.394586831331253052e-02,-4.285942018032073975e-02,5.316010862588882446e-02,-4.859692603349685669e-02,1.102245319634675980e-02,6.174017209559679031e-03,8.105782791972160339e-03
2.351217437535524368e-03,-1.283658575266599655e-02,2.301960624754428864e-02,-1.291555166244506836e-02,-7.860098965466022491e-03,-8.450148627161979675e-03,5.971145350486040115e-03,1.227107271552085876e-01,-3.936561644077301025e-01,1.227107718586921692e-01,2.190430760383605957e-01,1.227107718586921692e-01,-3.936561644077301025e-01,1.227107271552085876e-01,5.971145350486040115e-03,-8.450148627161979675e-03,-7.860098965466022491e-03,-1.291555166244506836e-02,2.301960624754428864e-02,-1.283658575266599655e-02,2.351217437535524368e-03
-2.116383016109466553e-01
-6.277551874518394470e-03,-7.496526231989264488e-04,2.060361765325069427e-02,-4.053544998168945312e-02,5.103834345936775208e-02,-4.880351200699806213e-02,8.995709568262100220e-02,-1.887458115816116333e-01,5.929121002554893494e-02,4.758854210376739502e-01,1.773242801427841187e-01,4.758854210376739502e-01,5.929121002554893494e-02,-1.887458115816116333e-01,8.995709568262100220e-02,-4.880351200699806213e-02,5.103834345936775208e-02,-4.053544998168945312e-02,2.060361765325069427e-02,-7.496526231989264488e-04,-6.277551874518394470e-03
6.208529695868492126e-03,-2.133185602724552155e-02,1.691739447414875031e-02,-5.783459171652793884e-03,6.020578439347445965e-04,-4.699625074863433838e-03,-6.953753181733191013e-04,1.223931834101676941e-01,-3.936404883861541748e-01,1.182047799229621887e-01,2.226661890745162964e-01,1.182047799229621887e-01,-3.936404883861541748e-01,1.223931834101676941e-01,-6.953753181733191013e-04,-4.699625074863433838e-03,6.020578439347445965e-04,-5.783459171652793884e-03,1.691739447414875031e-02,-2.133185602724552155e-02,6.208529695868492126e-03
-2.136814445257186890e-01
-8.268493227660655975e-03,-1.405837945640087128e-03,2.293497696518898010e-02,-3.871380537748336792e-02,5.071070790290832520e-02,-4.961906000971794128e-02,8.755227923393249512e-02,-1.848881691694259644e-01,5.327585339546203613e-02,4.788303971290588379e-01,1.763169616460800171e-01,4.788303971290588379e-01,5.327585339546203613e-02,-1.848881691694259644e-01,8.755227923393249512e-02,-4.961906000971794128e-02,5.071070790290832520e-02,-3.871380537748336792e-02,2.293497696518898010e-02,-1.405837945640087128e-03,-8.268493227660655975e-03
5.688452627509832382e-03,-2.259142510592937469e-02,1.539364922791719437e-02,-4.161597229540348053e-03,1.787311048246920109e-04,-2.939913887530565262e-03,-4.062292631715536118e-03,1.234605237841606140e-01,-3.936126828193664551e-01,1.134414598345756531e-01,2.266138046979904175e-01,1.134414598345756531e-01,-3.936126828193664551e-01,1.234605237841606140e-01,-4.062292631715536118e-03,-2.939913887530565262e-03,1.787311048246920109e-04,-4.161597229540348053e-03,1.539364922791719437e-02,-2.259142510592937469e-02,5.688452627509832382e-03
-2.157311141490936279e-01
-8.015455678105354309e-03,-1.969185657799243927e-03,2.468610554933547974e-02,-4.001536592841148376e-02,4.611745476722717285e-02,-5.355370417237281799e-02,8.521738648414611816e-02,-1.802310049533843994e-01,4.741841927170753479e-02,4.824678301811218262e-01,1.766355335712432861e-01,4.824678301811218262e-01,4.741841927170753479e-02,-1.802310049533843994e-01,8.521738648414611816e-02,-5.355370417237281799e-02,4.611745476722717285e-02,-4.001536592841148376e-02,2.468610554933547974e-02,-1.969185657799243927e-03,-8.015455678105354309e-03
1.084848400205373764e-02,-2.397611923515796661e-02,1.182113494724035263e-02,-4.763797332998365164e-04,4.349080380052328110e-03,-1.689635828370228410e-04,-9.614346548914909363e-03,1.245976313948631287e-01,-3.905748128890991211e-01,1.124517917633056641e-01,2.311580181121826172e-01,1.124517917633056641e-01,-3.905748128890991211e-01,1.245976313948631287e-01,-9.614346548914909363e-03,-1.689635828370228410e-04,4.349080380052328110e-03,-4.763797332998365164e-04,1.182113494724035263e-02,-2.397611923515796661e-02,1.084848400205373764e-02
-2.177872955799102783e-01
2.055832184851169586e-02,7.058907765895128250e-03,2.138621639460325241e-03,-5.362359061837196350e-02,5.699845030903816223e-02,-3.472119942307472229e-02,8.772074431180953979e-02,-1.823357194662094116e-01,3.597155958414077759e-02,4.825326502323150635e-01,1.741219162940979004e-01,4.825326502323150635e-01,3.597155958414077759e-02,-1.823357194662094116e-01,8.772074431180953979e-02,-3.472119942307472229e-02,5.699845030903816223e-02,-5.362359061837196350e-02,2.138621639460325241e-03,7.058907765895128250e-03,2.055832184851169586e-02
8.623732719570398331e-04,1.229057554155588150e-03,2.370501123368740082e-02,-1.909539662301540375e-02,-2.201716601848602295e-02,3.233446914236992598e-04,1.668380573391914368e-03,1.342257261276245117e-01,-3.883069455623626709e-01,1.073262244462966919e-01,2.340089827775955200e-01,1.073262244462966919e-01,-3.883069455623626709e-01,1.342257261276245117e-01,1.668380573391914368e-03,3.233446914236992598e-04,-2.201716601848602295e-02,-1.909539662301540375e-02,2.370501123368740082e-02,1.229057554155588150e-03,8.623732719570398331e-04
-2.198499590158462524e-01
-9.652277454733848572e-03,-4.442133009433746338e-03,2.387622743844985962e-02,-3.750669956207275391e-02,4.931362718343734741e-02,-4.887311533093452454e-02,8.307257294654846191e-02,-1.721085458993911743e-01,3.585013002157211304e-02,4.876603186130523682e-01,1.747927814722061157e-01,4.876603186130523682e-01,3.585013002157211304e-02,-1.721085458993911743e-01,8.307257294654846191e-02,-4.887311533093452454e-02,4.931362718343734741e-02,-3.750669956207275391e-02,2.387622743844985962e-02,-4.442133009433746338e-03,-9.652277454733848572e-03
7.856445387005805969e-03,-1.999198086559772491e-02,1.279396191239356995e-02,-1.493820571340620518e-03,-2.362436614930629730e-03,3.076239256188273430e-03,-1.066929474472999573e-02,1.301963180303573608e-01,-3.889230489730834961e-01,1.024639010429382324e-01,2.387777119874954224e-01,1.024639010429382324e-01,-3.889230489730834961e-01,1.301963180303573608e-01,-1.066929474472999573e-02,3.076239256188273430e-03,-2.362436614930629730e-03,-1.493820571340620518e-03,1.279396191239356995e-02,-1.999198086559772491e-02,7.856445387005805969e-03
-2.219191044569015503e-01
-1.138255652040243149e-02,-5.596406757831573486e-03,2.414575405418872833e-02,-3.738354519009590149e-02,4.844683781266212463e-02,-4.870189726352691650e-02,8.201575279235839844e-02,-1.664946526288986206e-01,3.148371726274490356e-02,4.901429116725921631e-01,1.736907362937927246e-01,4.901429116725921631e-01,3.148371726274490356e-02,-1.664946526288986206e-01,8.201575279235839844e-02,-4.870189726352691650e-02,4.844683781266212463e-02,-3.738354519009590149e-02,2.414575405418872833e-02,-5.596406757831573486e-03,-1.138255652040243149e-02
8.876038715243339539e-03,-1.958752050995826721e-02,1.144672930240631104e-02,-7.914529996924102306e-04,-3.136662766337394714e-03,4.990776069462299347e-03,-1.233971863985061646e-02,1.329959034919738770e-01,-3.865855038166046143e-01,9.791712462902069092e-02,2.417937517166137695e-01,9.791712462902069092e-02,-3.865855038166046143e-01,1.329959034919738770e-01,-1.233971863985061646e-02,4.990776069462299347e-03,-3.136662766337394714e-03,-7.914529996924102306e-04,1.144672930240631104e-02,-1.958752050995826721e-02,8.876038715243339539e-03
-2.239947021007537842e-01
-7.632332853972911835e-03,-3.756711026653647423e-03,2.284013107419013977e-02,-3.774188458919525146e-02,4.972998052835464478e-02,-4.672816023230552673e-02,7.920576632022857666e-02,-1.640142947435379028e-01,2.586743980646133423e-02,4.923445880413055420e-01,1.727283596992492676e-01,4.923445880413055420e-01,2.586743980646133423e-02,-1.640142947435379028e-01,7.920576632022857666e-02,-4.672816023230552673e-02,4.972998052835464478e-02,-3.774188458919525146e-02,2.284013107419013977e-02,-3.756711026653647423e-03,-7.632332853972911835e-03
5.923579446971416473e-03,-1.733795367181301117e-02,1.299193967133760452e-02,-9.145948570221662521e-05,-5.212844349443912506e-03,6.627368740737438202e-03,-1.362685393542051315e-02,1.344189494848251343e-01,-3.859558403491973877e-01,9.178910404443740845e-02,2.445778548717498779e-01,9.178910404443740845e-02,-3.859558403491973877e-01,1.344189494848251343e-01,-1.362685393542051315e-02,6.627368740737438202e-03,-5.212844349443912506e-03,-9.145948570221662521e-05,1.299193967133760452e-02,-1.733795367181301117e-02,5.923579446971416473e-03
-2.260767221450805664e-01
-8.375383913516998291e-03,-4.081948660314083099e-03,2.431581914424896240e-02,-3.877037391066551208e-02,4.594269767403602600e-02,-4.896689951419830322e-02,7.764753699302673340e-02,-1.587346941232681274e-01,2.161699905991554260e-02,4.960573315620422363e-01,1.738231480121612549e-01,4.960573315620422363e-01,2.161699905991554260e-02,-1.587346941232681274e-01,7.764753699302673340e-02,-4.896689951419830322e-02,4.594269767403602600e-02,-3.877037391066551208e-02,2.431581914424896240e-02,-4.081948660314083099e-03,-8.375383913516998291e-03
1.009781751781702042e-02,-1.999319903552532196e-02,8.208041079342365265e-03,2.042676554992794991e-03,-2.720254473388195038e-03,7.363054901361465454e-03,-2.032443508505821228e-02,1.341542303562164307e-01,-3.828213810920715332e-01,8.938504755496978760e-02,2.480588257312774658e-01,8.938504755496978760e-02,-3.828213810920715332e-01,1.341542303562164307e-01,-2.032443508505821228e-02,7.363054901361465454e-03,-2.720254473388195038e-03,2.042676554992794991e-03,8.208041079342365265e-03,-1.999319903552532196e-02,1.009781751781702042e-02
-2.281651645898818970e-01
2.266432158648967743e-02,7.217952515929937363e-03,1.219298457726836205e-03,-5.351232737302780151e-02,5.691896751523017883e-02,-2.928260527551174164e-02,7.979775965213775635e-02,-1.619216799736022949e-01,1.036494784057140350e-02,4.956119358539581299e-01,1.719790846109390259e-01,4.956119358539581299e-01,1.036494784057140350e-02,-1.619216799736022949e-01,7.979775965213775635e-02,-2.928260527551174164e-02,5.691896751523017883e-02,-5.351232737302780151e-02,1.219298457726836205e-03,7.217952515929937363e-03,2.266432158648967743e-02
-9.177663596346974373e-04,6.174802314490079880e-03,2.207885310053825378e-02,-1.506547164171934128e-02,-2.760588005185127258e-02,8.239610120654106140e-03,-8.656546473503112793e-03,1.434133648872375488e-01,-3.794118165969848633e-01,8.434507250785827637e-02,2.500563263893127441e-01,8.434507250785827637e-02,-3.794118165969848633e-01,1.434133648872375488e-01,-8.656546473503112793e-03,8.239610120654106140e-03,-2.760588005185127258e-02,-1.506547164171934128e-02,2.207885310053825378e-02,6.174802314490079880e-03,-9.177663596346974373e-04
-2.302599847316741943e-01
-7.724587805569171906e-03,-5.288273096084594727e-03,2.338972687721252441e-02,-3.845753893256187439e-02,4.573233425617218018e-02,-4.613722488284111023e-02,7.552106678485870361e-02,-1.500136703252792358e-01,1.229703985154628754e-02,5.019512176513671875e-01,1.748773753643035889e-01,5.019512176513671875e-01,1.229703985154628754e-02,-1.500136703252792358e-01,7.552106678485870361e-02,-4.613722488284111023e-02,4.573233425617218018e-02,-3.845753893256187439e-02,2.338972687721252441e-02,-5.288273096084594727e-03,-7.724587805569171906e-03
9.720548987388610840e-03,-1.927444711327552795e-02,7.088222540915012360e-03,4.517765715718269348e-03,-4.152973182499408722e-03,8.940398693084716797e-03,-2.645546011626720428e-02,1.360925287008285522e-01,-3.785252273082733154e-01,8.156976103782653809e-02,2.554785013198852539e-01,8.156976103782653809e-02,-3.785252273082733154e-01,1.360925287008285522e-01,-2.645546011626720428e-02,8.940398693084716797e-03,-4.152973182499408722e-03,4.517765715718269348e-03,7.088222540915012360e-03,-1.927444711327552795e-02,9.720548987388610840e-03
-2.323611825704574585e-01
-4.004583228379487991e-03,-3.247368382290005684e-03,2.281113900244235992e-02,-3.681983053684234619e-02,4.869922623038291931e-02,-4.292969778180122375e-02,7.291629910469055176e-02,-1.479254066944122314e-01,6.356759462505578995e-03,5.027344226837158203e-01,1.734140664339065552e-01,5.027344226837158203e-01,6.356759462505578995e-03,-1.479254066944122314e-01,7.291629910469055176e-02,-4.292969778180122375e-02,4.869922623038291931e-02,-3.681983053684234619e-02,2.281113900244235992e-02,-3.247368382290005684e-03,-4.004583228379487991e-03
4.650122486054897308e-03,-1.652855426073074341e-02,1.080790348351001740e-02,6.257107481360435486e-03,-5.889446008950471878e-03,1.166065037250518799e-02,-2.486287057399749756e-02,1.384519487619400024e-01,-3.777618110179901123e-01,7.476107776165008545e-02,2.582215666770935059e-01,7.476107776165008545e-02,-3.777618110179901123e-01,1.384519487619400024e-01,-2.486287057399749756e-02,1.166065037250518799e-02,-5.889446008950471878e-03,6.257107481360435486e-03,1.080790348351001740e-02,-1.652855426073074341e-02,4.650122486054897308e-03
-2.344687432050704956e-01
-5.951598286628723145e-03,-5.299587734043598175e-03,2.361188642680644989e-02,-3.806623071432113647e-02,4.401133209466934204e-02,-4.586848244071006775e-02,7.171332836151123047e-02,-1.417457312345504761e-01,2.681103069335222244e-03,5.049968361854553223e-01,1.735574156045913696e-01,5.049968361854553223e-01,2.681103069335222244e-03,-1.417457312345504761e-01,7.171332836151123047e-02,-4.586848244071006775e-02,4.401133209466934204e-02,-3.806623071432113647e-02,2.361188642680644989e-02,-5.299587734043598175e-03,-5.951598286628723145e-03
9.550767950713634491e-03,-1.716455072164535522e-02,7.508362643420696259e-03,8.100929670035839081e-03,-3.960610833019018173e-03,1.290350221097469330e-02,-2.900071628391742706e-02,1.391968578100204468e-01,-3.742326796054840088e-01,7.204537093639373779e-02,2.617797255516052246e-01,7.204537093639373779e-02,-3.742326796054840088e-01,1.391968578100204468e-01,-2.900071628391742706e-02,1.290350221097469330e-02,-3.960610833019018173e-03,8.100929670035839081e-03,7.508362643420696259e-03,-1.716455072164535522e-02,9.550767950713634491e-03
-2.365826219320297241e-01
2.064943872392177582e-02,5.527518223971128464e-03,2.121988451108336449e-03,-5.299751460552215576e-02,5.303141474723815918e-02,-2.712562680244445801e-02,7.430964708328247070e-02,-1.449984312057495117e-01,-8.997736498713493347e-03,5.033259987831115723e-01,1.715770661830902100e-01,5.033259987831115723e-01,-8.997736498713493347e-03,-1.449984312057495117e-01,7.430964708328247070e-02,-2.712562680244445801e-02,5.303141474723815918e-02,-5.299751460552215576e-02,2.121988451108336449e-03,5.527518223971128464e-03,2.064943872392177582e-02
-2.363407751545310020e-03,6.908259820193052292e-03,2.043196931481361389e-02,-9.468656964600086212e-03,-2.970576100051403046e-02,1.285223755985498428e-02,-1.691133342683315277e-02,1.474556922912597656e-01,-3.716155290603637695e-01,6.624954193830490112e-02,2.643347382545471191e-01,6.624954193830490112e-02,-3.716155290603637695e-01,1.474556922912597656e-01,-1.691133342683315277e-02,1.285223755985498428e-02,-2.970576100051403046e-02,-9.468656964600086212e-03,2.043196931481361389e-02,6.908259820193052292e-03,-2.363407751545310020e-03
-2.387028187513351440e-01
-3.865233622491359711e-03,-3.750892123207449913e-03,2.267255075275897980e-02,-3.760298714041709900e-02,4.518357664346694946e-02,-4.170478135347366333e-02,6.800822913646697998e-02,-1.363124996423721313e-01,-8.276962675154209137e-03,5.078765749931335449e-01,1.734716594219207764e-01,5.078765749931335449e-01,-8.276962675154209137e-03,-1.363124996423721313e-01,6.800822913646697998e-02,-4.170478135347366333e-02,4.518357664346694946e-02,-3.760298714041709900e-02,2.267255075275897980e-02,-3.750892123207449913e-03,-3.865233622491359711e-03
4.916732199490070343e-03,-1.359998248517513275e-02,8.313183672726154327e-03,6.901825312525033951e-03,-9.175647981464862823e-03,1.543442439287900925e-02,-2.999223396182060242e-02,1.418367773294448853e-01,-3.707590401172637939e-01,6.253983080387115479e-02,2.695007324218750000e-01,6.253983080387115479e-02,-3.707590401172637939e-01,1.418367773294448853e-01,-2.999223396182060242e-02,1.543442439287900925e-02,-9.175647981464862823e-03,6.901825312525033951e-03,8.313183672726154327e-03,-1.359998248517513275e-02,4.916732199490070343e-03
-2.408293187618255615e-01
-4.496684123296290636e-04,-2.065996639430522919e-03,2.207259461283683777e-02,-3.746676817536354065e-02,4.581826180219650269e-02,-4.034478217363357544e-02,6.482943892478942871e-02,-1.348474621772766113e-01,-1.445435639470815659e-02,5.082092285156250000e-01,1.726014167070388794e-01,5.082092285156250000e-01,-1.445435639470815659e-02,-1.348474621772766113e-01,6.482943892478942871e-02,-4.034478217363357544e-02,4.581826180219650269e-02,-3.746676817536354065e-02,2.207259461283683777e-02,-2.065996639430522919e-03,-4.496684123296290636e-04
3.925270866602659225e-03,-1.114021055400371552e-02,8.084787055850028992e-03,5.196318030357360840e-03,-1.239456888288259506e-02,1.667280681431293488e-02,-2.944668196141719818e-02,1.443407684564590454e-01,-3.678213059902191162e-01,5.802084133028984070e-02,2.724953293800354004e-01,5.802084133028984070e-02,-3.678213059902191162e-01,1.443407684564590454e-01,-2.944668196141719818e-02,1.667280681431293488e-02,-1.239456888288259506e-02,5.196318030357360840e-03,8.084787055850028992e-03,-1.114021055400371552e-02,3.925270866602659225e-03
-2.429620921611785889e-01
-2.596414647996425629e-03,-3.920612391084432602e-03,2.188977040350437164e-02,-3.706666082143783569e-02,4.477852582931518555e-02,-4.010730236768722534e-02,6.345627456903457642e-02,-1.298940032720565796e-01,-1.792743988335132599e-02,5.096499919891357422e-01,1.725156456232070923e-01,5.096499919891357422e-01,-1.792743988335132599e-02,-1.298940032720565796e-01,6.345627456903457642e-02,-4.010730236768722534e-02,4.477852582931518555e-02,-3.706666082143783569e-02,2.188977040350437164e-02,-3.920612391084432602e-03,-2.596414647996425629e-03
4.459111019968986511e-03,-1.114959269762039185e-02,6.046102847903966904e-03,4.876476246863603592e-03,-1.320519391447305679e-02,1.784456521272659302e-02,-3.134905174374580383e-02,1.446984261274337769e-01,-3.656238317489624023e-01,5.334823578596115112e-02,2.760399580001831055e-01,5.334823578596115112e-02,-3.656238317489624023e-01,1.446984261274337769e-01,-3.134905174374580383e-02,1.784456521272659302e-02,-1.320519391447305679e-02,4.876476246863603592e-03,6.046102847903966904e-03,-1.114959269762039185e-02,4.459111019968986511e-03
-2.451011240482330322e-01
-2.190495608374476433e-03,-4.938507452607154846e-03,1.970385946333408356e-02,-3.886580094695091248e-02,4.334596544504165649e-02,-3.901530802249908447e-02,6.258533895015716553e-02,-1.255303770303726196e-01,-2.179744280874729156e-02,5.114189982414245605e-01,1.732295751571655273e-01,5.114189982414245605e-01,-2.179744280874729156e-02,-1.255303770303726196e-01,6.258533895015716553e-02,-3.901530802249908447e-02,4.334596544504165649e-02,-3.886580094695091248e-02,1.970385946333408356e-02,-4.938507452607154846e-03,-2.190495608374476433e-03
5.317159462720155716e-03,-1.074678078293800354e-02,3.782839747145771980e-03,3.749152412638068199e-03,-1.521745510399341583e-02,1.760225184261798859e-02,-3.428595885634422302e-02,1.442771255970001221e-01,-3.636910617351531982e-01,4.905414581298828125e-02,2.801205515861511230e-01,4.905414581298828125e-02,-3.636910617351531982e-01,1.442771255970001221e-01,-3.428595885634422302e-02,1.760225184261798859e-02,-1.521745510399341583e-02,3.749152412638068199e-03,3.782839747145771980e-03,-1.074678078293800354e-02,5.317159462720155716e-03
-2.472463995218276978e-01
-1.553009846247732639e-03,-4.001106135547161102e-03,2.036390826106071472e-02,-3.729359805583953857e-02,4.403430595993995667e-02,-3.796331584453582764e-02,5.968782678246498108e-02,-1.226490736007690430e-01,-2.538493461906909943e-02,5.135325193405151367e-01,1.741574704647064209e-01,5.135325193405151367e-01,-2.538493461906909943e-02,-1.226490736007690430e-01,5.968782678246498108e-02,-3.796331584453582764e-02,4.403430595993995667e-02,-3.729359805583953857e-02,2.036390826106071472e-02,-4.001106135547161102e-03,-1.553009846247732639e-03
3.301319666206836700e-03,-9.107159450650215149e-03,4.866593517363071442e-03,4.958556499332189560e-03,-1.535946037620306015e-02,1.945402845740318298e-02,-3.557725995779037476e-02,1.438285559415817261e-01,-3.627524971961975098e-01,4.311216250061988831e-02,2.835632264614105225e-01,4.311216250061988831e-02,-3.627524971961975098e-01,1.438285559415817261e-01,-3.557725995779037476e-02,1.945402845740318298e-02,-1.535946037620306015e-02,4.958556499332189560e-03,4.866593517363071442e-03,-9.107159450650215149e-03,3.301319666206836700e-03
-2.493978887796401978e-01
-2.802416682243347168e-03,-4.544137045741081238e-03,2.040164917707443237e-02,-3.727977722883224487e-02,4.282547533512115479e-02,-3.706241026520729065e-02,5.861245095729827881e-02,-1.186630278825759888e-01,-2.907471358776092529e-02,5.159549713134765625e-01,1.759842336177825928e-01,5.159549713134765625e-01,-2.907471358776092529e-02,-1.186630278825759888e-01,5.861245095729827881e-02,-3.706241026520729065e-02,4.282547533512115479e-02,-3.727977722883224487e-02,2.040164917707443237e-02,-4.544137045741081238e-03,-2.802416682243347168e-03
4.243511240929365158e-03,-7.843841798603534698e-03,4.666503518819808960e-03,6.121573038399219513e-03,-1.495557837188243866e-02,2.080528624355792999e-02,-3.785523399710655212e-02,1.431348621845245361e-01,-3.607740998268127441e-01,3.942098841071128845e-02,2.881320416927337646e-01,3.942098841071128845e-02,-3.607740998268127441e-01,1.431348621845245361e-01,-3.785523399710655212e-02,2.080528624355792999e-02,-1.495557837188243866e-02,6.121573038399219513e-03,4.666503518819808960e-03,-7.843841798603534698e-03,4.243511240929365158e-03
-2.515555918216705322e-01
-2.306235954165458679e-03,-3.738805418834090233e-03,2.012976445257663727e-02,-3.801262006163597107e-02,4.158941283822059631e-02,-3.556433320045471191e-02,5.775788053870201111e-02,-1.152294650673866272e-01,-3.339090943336486816e-02,5.178731679916381836e-01,1.776475310325622559e-01,5.178731679916381836e-01,-3.339090943336486816e-02,-1.152294650673866272e-01,5.775788053870201111e-02,-3.556433320045471191e-02,4.158941283822059631e-02,-3.801262006163597107e-02,2.012976445257663727e-02,-3.738805418834090233e-03,-2.306235954165458679e-03
3.670691046863794327e-03,-7.621100172400474548e-03,4.195538349449634552e-03,7.654163055121898651e-03,-1.377539616078138351e-02,2.311607636511325836e-02,-3.895512595772743225e-02,1.431534886360168457e-01,-3.584834039211273193e-01,3.527734801173210144e-02,2.918972969055175781e-01,3.527734801173210144e-02,-3.584834039211273193e-01,1.431534886360168457e-01,-3.895512595772743225e-02,2.311607636511325836e-02,-1.377539616078138351e-02,7.654163055121898651e-03,4.195538349449634552e-03,-7.621100172400474548e-03,3.670691046863794327e-03
-2.537194788455963135e-01
-2.995192538946866989e-03,-5.310693290084600449e-03,1.869987696409225464e-02,-3.854091092944145203e-02,4.046566411852836609e-02,-3.468539193272590637e-02,5.664502456784248352e-02,-1.109676510095596313e-01,-3.654423356056213379e-02,5.199310183525085449e-01,1.791087985038757324e-01,5.199310183525085449e-01,-3.654423356056213379e-02,-1.109676510095596313e-01,5.664502456784248352e-02,-3.468539193272590637e-02,4.046566411852836609e-02,-3.854091092944145203e-02,1.869987696409225464e-02,-5.310693290084600449e-03,-2.995192538946866989e-03
4.755159839987754822e-03,-7.878486067056655884e-03,2.428144682198762894e-03,7.929959334433078766e-03,-1.405057217925786972e-02,2.414811961352825165e-02,-4.001119360327720642e-02,1.441817879676818848e-01,-3.550030291080474854e-01,3.218969702720642090e-02,2.958995699882507324e-01,3.218969702720642090e-02,-3.550030291080474854e-01,1.441817879676818848e-01,-4.001119360327720642e-02,2.414811961352825165e-02,-1.405057217925786972e-02,7.929959334433078766e-03,2.428144682198762894e-03,-7.878486067056655884e-03,4.755159839987754822e-03
-2.558895349502563477e-01
3.143813461065292358e-03,-5.662970361299812794e-04,1.776065491139888763e-02,-3.909111022949218750e-02,4.153934493660926819e-02,-3.255748748779296875e-02,5.266861617565155029e-02,-1.114810556173324585e-01,-4.295751452445983887e-02,5.198448300361633301e-01,1.792566627264022827e-01,5.198448300361633301e-01,-4.295751452445983887e-02,-1.114810556173324585e-01,5.266861617565155029e-02,-3.255748748779296875e-02,4.153934493660926819e-02,-3.909111022949218750e-02,1.776065491139888763e-02,-5.662970361299812794e-04,3.143813461065292358e-03
2.556850631663110107e-05,-5.333192180842161179e-03,5.183994304388761520e-03,8.221676573157310486e-03,-1.620414853096008301e-02,2.595296502113342285e-02,-3.836463019251823425e-02,1.449726223945617676e-01,-3.537577092647552490e-01,2.622007392346858978e-02,2.991599440574645996e-01,2.622007392346858978e-02,-3.537577092647552490e-01,1.449726223945617676e-01,-3.836463019251823425e-02,2.595296502113342285e-02,-1.620414853096008301e-02,8.221676573157310486e-03,5.183994304388761520e-03,-5.333192180842161179e-03,2.556850631663110107e-05
-2.580657303333282471e-01
-9.854250820353627205e-04,-4.056038800626993179e-03,1.769202388823032379e-02,-3.837914392352104187e-02,4.011465609073638916e-02,-3.257978707551956177e-02,5.162174999713897705e-02,-1.066347882151603699e-01,-4.547046497464179993e-02,5.217754244804382324e-01,1.809110641479492188e-01,5.217754244804382324e-01,-4.547046497464179993e-02,-1.066347882151603699e-01,5.162174999713897705e-02,-3.257978707551956177e-02,4.011465609073638916e-02,-3.837914392352104187e-02,1.769202388823032379e-02,-4.056038800626993179e-03,-9.854250820353627205e-04
3.531140275299549103e-03,-6.285896524786949158e-03,1.436383929103612900e-03,7.837909273803234100e-03,-1.626950874924659729e-02,2.582810446619987488e-02,-4.166001081466674805e-02,1.447360962629318237e-01,-3.502438664436340332e-01,2.291793003678321838e-02,3.026262521743774414e-01,2.291793003678321838e-02,-3.502438664436340332e-01,1.447360962629318237e-01,-4.166001081466674805e-02,2.582810446619987488e-02,-1.626950874924659729e-02,7.837909273803234100e-03,1.436383929103612900e-03,-6.285896524786949158e-03,3.531140275299549103e-03
-2.602480649948120117e-01
-3.612285014241933823e-03,-5.304809659719467163e-03,1.896010898053646088e-02,-3.676142171025276184e-02,3.894772008061408997e-02,-3.287109732627868652e-02,5.001789703965187073e-02,-1.022298559546470642e-01,-4.841714352369308472e-02,5.227017998695373535e-01,1.817695200443267822e-01,5.227017998695373535e-01,-4.841714352369308472e-02,-1.022298559546470642e-01,5.001789703965187073e-02,-3.287109732627868652e-02,3.894772008061408997e-02,-3.676142171025276184e-02,1.896010898053646088e-02,-5.304809659719467163e-03,-3.612285014241933823e-03
3.714736318215727806e-03,-7.211998105049133301e-03,-1.055197441019117832e-03,7.181462831795215607e-03,-1.739002019166946411e-02,2.575021237134933472e-02,-4.402801021933555603e-02,1.438874453306198120e-01,-3.480812311172485352e-01,2.021180465817451477e-02,3.058234751224517822e-01,2.021180465817451477e-02,-3.480812311172485352e-01,1.438874453306198120e-01,-4.402801021933555603e-02,2.575021237134933472e-02,-1.739002019166946411e-02,7.181462831795215607e-03,-1.055197441019117832e-03,-7.211998105049133301e-03,3.714736318215727806e-03
-2.624365389347076416e-01
-4.119043238461017609e-03,-4.667274188250303268e-03,2.039323560893535614e-02,-3.510117158293724060e-02,3.831786289811134338e-02,-3.277505561709403992e-02,4.786953330039978027e-02,-9.851454198360443115e-02,-5.146688967943191528e-02,5.231235027313232422e-01,1.821466982364654541e-01,5.231235027313232422e-01,-5.146688967943191528e-02,-9.851454198360443115e-02,4.786953330039978027e-02,-3.277505561709403992e-02,3.831786289811134338e-02,-3.510117158293724060e-02,2.039323560893535614e-02,-4.667274188250303268e-03,-4.119043238461017609e-03
1.844995189458131790e-03,-6.954404059797525406e-03,-1.592538435943424702e-03,7.117185741662979126e-03,-1.818995177745819092e-02,2.673268876969814301e-02,-4.513037949800491333e-02,1.426096707582473755e-01,-3.470904827117919922e-01,1.380967441946268082e-02,3.083552122116088867e-01,1.380967441946268082e-02,-3.470904827117919922e-01,1.426096707582473755e-01,-4.513037949800491333e-02,2.673268876969814301e-02,-1.818995177745819092e-02,7.117185741662979126e-03,-1.592538435943424702e-03,-6.954404059797525406e-03,1.844995189458131790e-03
-2.646310925483703613e-01
-5.605938844382762909e-03,-4.749980755150318146e-03,2.177893184125423431e-02,-3.369126468896865845e-02,3.720307350158691406e-02,-3.302118927240371704e-02,4.594227671623229980e-02,-9.429701417684555054e-02,-5.361273139715194702e-02,5.245746970176696777e-01,1.834827363491058350e-01,5.245746970176696777e-01,-5.361273139715194702e-02,-9.429701417684555054e-02,4.594227671623229980e-02,-3.302118927240371704e-02,3.720307350158691406e-02,-3.369126468896865845e-02,2.177893184125423431e-02,-4.749980755150318146e-03,-5.605938844382762909e-03
2.506614197045564651e-03,-7.371281273663043976e-03,-2.328042639419436455e-03,9.063940495252609253e-03,-1.688835024833679199e-02,2.748328261077404022e-02,-4.760596901178359985e-02,1.414550840854644775e-01,-3.447583317756652832e-01,8.782214485108852386e-03,3.108544349670410156e-01,8.782214485108852386e-03,-3.447583317756652832e-01,1.414550840854644775e-01,-4.760596901178359985e-02,2.748328261077404022e-02,-1.688835024833679199e-02,9.063940495252609253e-03,-2.328042639419436455e-03,-7.371281273663043976e-03,2.506614197045564651e-03
-2.668317258358001709e-01
2.099009603261947632e-02,5.289186257869005203e-03,-5.752114811912178993e-04,-4.931123927235603333e-02,4.682286083698272705e-02,-1.319949422031641006e-02,4.871244356036186218e-02,-1.001103445887565613e-01,-6.622526049613952637e-02,5.220513343811035156e-01,1.838528215885162354e-01,5.220513343811035156e-01,-6.622526049613952637e-02,-1.001103445887565613e-01,4.871244356036186218e-02,-1.319949422031641006e-02,4.682286083698272705e-02,-4.931123927235603333e-02,-5.752114811912178993e-04,5.289186257869005203e-03,2.099009603261947632e-02
-2.804373390972614288e-03,1.541381049901247025e-02,7.716412190347909927e-03,-8.991915732622146606e-03,-4.087989404797554016e-02,2.729913592338562012e-02,-3.501309081912040710e-02,1.510069072246551514e-01,-3.381674289703369141e-01,5.839258432388305664e-03,3.113010525703430176e-01,5.839258432388305664e-03,-3.381674289703369141e-01,1.510069072246551514e-01,-3.501309081912040710e-02,2.729913592338562012e-02,-4.087989404797554016e-02,-8.991915732622146606e-03,7.716412190347909927e-03,1.541381049901247025e-02,-2.804373390972614288e-03
-2.690384387969970703e-01
-7.031294051557779312e-03,-6.934384815394878387e-03,2.215251699090003967e-02,-3.168292716145515442e-02,3.604772314429283142e-02,-3.112295642495155334e-02,4.446604475378990173e-02,-8.649383485317230225e-02,-6.001190468668937683e-02,5.266433358192443848e-01,1.869425326585769653e-01,5.266433358192443848e-01,-6.001190468668937683e-02,-8.649383485317230225e-02,4.446604475378990173e-02,-3.112295642495155334e-02,3.604772314429283142e-02,-3.168292716145515442e-02,2.215251699090003967e-02,-6.934384815394878387e-03,-7.031294051557779312e-03
3.356872126460075378e-03,-7.844219915568828583e-03,-2.956003881990909576e-03,1.299565751105546951e-02,-1.516278740018606186e-02,2.808445133268833160e-02,-5.130404233932495117e-02,1.418169736862182617e-01,-3.373114466667175293e-01,2.533309161663055420e-03,3.178696632385253906e-01,2.533309161663055420e-03,-3.373114466667175293e-01,1.418169736862182617e-01,-5.130404233932495117e-02,2.808445133268833160e-02,-1.516278740018606186e-02,1.299565751105546951e-02,-2.956003881990909576e-03,-7.844219915568828583e-03,3.356872126460075378e-03
-2.712512016296386719e-01
-2.249467419460415840e-03,-4.265418741852045059e-03,2.118462324142456055e-02,-3.160551190376281738e-02,3.710913285613059998e-02,-2.882556058466434479e-02,4.191670194268226624e-02,-8.572117239236831665e-02,-6.544550508260726929e-02,5.249445438385009766e-01,1.863507926464080811e-01,5.249445438385009766e-01,-6.544550508260726929e-02,-8.572117239236831665e-02,4.191670194268226624e-02,-2.882556058466434479e-02,3.710913285613059998e-02,-3.160551190376281738e-02,2.118462324142456055e-02,-4.265418741852045059e-03,-2.249467419460415840e-03
3.070603415835648775e-04,-5.773657467216253281e-03,-9.466006304137408733e-04,1.373416930437088013e-02,-1.536279078572988510e-02,3.087181411683559418e-02,-4.902351275086402893e-02,1.425838768482208252e-01,-3.351869881153106689e-01,-2.658508252352476120e-03,3.209739625453948975e-01,-2.658508252352476120e-03,-3.351869881153106689e-01,1.425838768482208252e-01,-4.902351275086402893e-02,3.087181411683559418e-02,-1.536279078572988510e-02,1.373416930437088013e-02,-9.466006304137408733e-04,-5.773657467216253281e-03,3.070603415835648775e-04
-2.734699845314025879e-01
-6.158568896353244781e-03,-7.385313510894775391e-03,2.151790075004100800e-02,-3.129503875970840454e-02,3.418771177530288696e-02,-3.004867583513259888e-02,4.145303741097450256e-02,-8.025349676609039307e-02,-6.758731603622436523e-02,5.251122117042541504e-01,1.872710883617401123e-01,5.251122117042541504e-01,-6.758731603622436523e-02,-8.025349676609039307e-02,4.145303741097450256e-02,-3.004867583513259888e-02,3.418771177530288696e-02,-3.129503875970840454e-02,2.151790075004100800e-02,-7.385313510894775391e-03,-6.158568896353244781e-03
4.366816021502017975e-03,-7.367699872702360153e-03,-5.004672333598136902e-03,1.250814739614725113e-02,-1.681435666978359222e-02,2.952744625508785248e-02,-5.119616910815238953e-02,1.428403854370117188e-01,-3.311758339405059814e-01,-5.297849420458078384e-03,3.250416815280914307e-01,-5.297849420458078384e-03,-3.311758339405059814e-01,1.428403854370117188e-01,-5.119616910815238953e-02,2.952744625508785248e-02,-1.681435666978359222e-02,1.250814739614725113e-02,-5.004672333598136902e-03,-7.367699872702360153e-03,4.366816021502017975e-03
-2.756947875022888184e-01
-2.797251800075173378e-03,-3.520007478073239326e-03,2.260134927928447723e-02,-2.962365746498107910e-02,3.569126129150390625e-02,-2.828786522150039673e-02,3.754405304789543152e-02,-8.060596883296966553e-02,-7.272639125585556030e-02,5.242839455604553223e-01,1.878033876419067383e-01,5.242839455604553223e-01,-7.272639125585556030e-02,-8.060596883296966553e-02,3.754405304789543152e-02,-2.828786522150039673e-02,3.569126129150390625e-02,-2.962365746498107910e-02,2.260134927928447723e-02,-3.520007478073239326e-03,-2.797251800075173378e-03
2.667502558324486017e-04,-4.084581509232521057e-03,-6.069702212698757648e-04,1.464412640780210495e-02,-1.570246927440166473e-02,3.429201617836952209e-02,-4.725342616438865662e-02,1.429143548011779785e-01,-3.306294679641723633e-01,-1.180593390017747879e-02,3.285762369632720947e-01,-1.180593390017747879e-02,-3.306294679641723633e-01,1.429143548011779785e-01,-4.725342616438865662e-02,3.429201617836952209e-02,-1.570246927440166473e-02,1.464412640780210495e-02,-6.069702212698757648e-04,-4.084581509232521057e-03,2.667502558324486017e-04
-2.779256105422973633e-01
-6.372145842760801315e-03,-4.630797542631626129e-03,2.410792559385299683e-02,-2.829588763415813446e-02,3.395077586174011230e-02,-2.919433452188968658e-02,3.556774184107780457e-02,-7.677540183067321777e-02,-7.455786317586898804e-02,5.255078077316284180e-01,1.899867504835128784e-01,5.255078077316284180e-01,-7.455786317586898804e-02,-7.677540183067321777e-02,3.556774184107780457e-02,-2.919433452188968658e-02,3.395077586174011230e-02,-2.829588763415813446e-02,2.410792559385299683e-02,-4.630797542631626129e-03,-6.372145842760801315e-03
3.836073679849505424e-03,-6.404764018952846527e-03,-4.545906092971563339e-03,1.508530974388122559e-02,-1.503720693290233612e-02,3.272416815161705017e-02,-5.194214731454849243e-02,1.413897573947906494e-01,-3.268021345138549805e-01,-1.552685722708702087e-02,3.305530548095703125e-01,-1.552685722708702087e-02,-3.268021345138549805e-01,1.413897573947906494e-01,-5.194214731454849243e-02,3.272416815161705017e-02,-1.503720693290233612e-02,1.508530974388122559e-02,-4.545906092971563339e-03,-6.404764018952846527e-03,3.836073679849505424e-03
-2.801623940467834473e-01
1.898705400526523590e-02,5.204784218221902847e-03,3.270234446972608566e-04,-4.476039484143257141e-02,4.450800269842147827e-02,-8.285987190902233124e-03,3.794585913419723511e-02,-8.373568207025527954e-02,-8.679420500993728638e-02,5.221514105796813965e-01,1.900421828031539917e-01,5.221514105796813965e-01,-8.679420500993728638e-02,-8.373568207025527954e-02,3.794585913419723511e-02,-8.285987190902233124e-03,4.450800269842147827e-02,-4.476039484143257141e-02,3.270234446972608566e-04,5.204784218221902847e-03,1.898705400526523590e-02
-2.481008232280146331e-05,1.811282709240913391e-02,6.053540855646133423e-03,-4.450529348105192184e-03,-3.996302559971809387e-02,3.323626145720481873e-02,-3.773206472396850586e-02,1.501536369323730469e-01,-3.217011690139770508e-01,-2.067628875374794006e-02,3.296385407447814941e-01,-2.067628875374794006e-02,-3.217011690139770508e-01,1.501536369323730469e-01,-3.773206472396850586e-02,3.323626145720481873e-02,-3.996302559971809387e-02,-4.450529348105192184e-03,6.053540855646133423e-03,1.811282709240913391e-02,-2.481008232280146331e-05
-2.824051678180694580e-01
-9.694499894976615906e-03,-6.393058225512504578e-03,2.262439206242561340e-02,-2.810221351683139801e-02,3.228647634387016296e-02,-2.806480042636394501e-02,3.293183818459510803e-02,-6.852272152900695801e-02,-7.684921473264694214e-02,5.276792049407958984e-01,1.935912370681762695e-01,5.276792049407958984e-01,-7.684921473264694214e-02,-6.852272152900695801e-02,3.293183818459510803e-02,-2.806480042636394501e-02,3.228647634387016296e-02,-2.810221351683139801e-02,2.262439206242561340e-02,-6.393058225512504578e-03,-9.694499894976615906e-03
4.621340427547693253e-03,-3.509693779051303864e-03,-3.667049109935760498e-03,1.575126126408576965e-02,-1.626076549291610718e-02,3.328132256865501404e-02,-5.380489677190780640e-02,1.393811702728271484e-01,-3.227731883525848389e-01,-2.675234340131282806e-02,3.349304497241973877e-01,-2.675234340131282806e-02,-3.227731883525848389e-01,1.393811702728271484e-01,-5.380489677190780640e-02,3.328132256865501404e-02,-1.626076549291610718e-02,1.575126126408576965e-02,-3.667049109935760498e-03,-3.509693779051303864e-03,4.621340427547693253e-03
-2.846538722515106201e-01
-9.006618522107601166e-03,-5.122726783156394958e-03,2.249499782919883728e-02,-2.800433151423931122e-02,3.165506199002265930e-02,-2.714375406503677368e-02,3.115109354257583618e-02,-6.573293358087539673e-02,-7.890404760837554932e-02,5.285242795944213867e-01,1.956553459167480469e-01,5.285242795944213867e-01,-7.890404760837554932e-02,-6.573293358087539673e-02,3.115109354257583618e-02,-2.714375406503677368e-02,3.165506199002265930e-02,-2.800433151423931122e-02,2.249499782919883728e-02,-5.122726783156394958e-03,-9.006618522107601166e-03
1.541390898637473583e-03,-3.680988447740674019e-03,-3.118542721495032310e-03,1.676629111170768738e-02,-1.586351171135902405e-02,3.486847132444381714e-02,-5.306487902998924255e-02,1.389422118663787842e-01,-3.207454979419708252e-01,-3.206006810069084167e-02,3.376042246818542480e-01,-3.206006810069084167e-02,-3.207454979419708252e-01,1.389422118663787842e-01,-5.306487902998924255e-02,3.486847132444381714e-02,-1.586351171135902405e-02,1.676629111170768738e-02,-3.118542721495032310e-03,-3.680988447740674019e-03,1.541390898637473583e-03
-2.869085371494293213e-01
1.539492234587669373e-02,5.774908233433961868e-03,1.702764187939465046e-03,-4.380231723189353943e-02,4.029348865151405334e-02,-7.875378243625164032e-03,3.339348360896110535e-02,-7.367480546236038208e-02,-9.195053577423095703e-02,5.257447957992553711e-01,1.974908262491226196e-01,5.257447957992553711e-01,-9.195053577423095703e-02,-7.367480546236038208e-02,3.339348360896110535e-02,-7.875378243625164032e-03,4.029348865151405334e-02,-4.380231723189353943e-02,1.702764187939465046e-03,5.774908233433961868e-03,1.539492234587669373e-02
-3.635092172771692276e-03,1.557910256087779999e-02,3.665714524686336517e-03,-2.203084994107484818e-03,-3.890762478113174438e-02,3.490351885557174683e-02,-4.054581001400947571e-02,1.472814083099365234e-01,-3.144651651382446289e-01,-3.390788659453392029e-02,3.389994502067565918e-01,-3.390788659453392029e-02,-3.144651651382446289e-01,1.472814083099365234e-01,-4.054581001400947571e-02,3.490351885557174683e-02,-3.890762478113174438e-02,-2.203084994107484818e-03,3.665714524686336517e-03,1.557910256087779999e-02,-3.635092172771692276e-03
-2.891691029071807861e-01
-1.099380198866128922e-02,-4.479120019823312759e-03,2.464098297059535980e-02,-2.672348730266094208e-02,2.815711498260498047e-02,-2.802867628633975983e-02,2.736143395304679871e-02,-6.060879677534103394e-02,-8.425679057836532593e-02,5.295461416244506836e-01,2.004000246524810791e-01,5.295461416244506836e-01,-8.425679057836532593e-02,-6.060879677534103394e-02,2.736143395304679871e-02,-2.802867628633975983e-02,2.815711498260498047e-02,-2.672348730266094208e-02,2.464098297059535980e-02,-4.479120019823312759e-03,-1.099380198866128922e-02
-1.167466325568966568e-04,-8.531983010470867157e-03,-8.498391136527061462e-03,1.775499247014522552e-02,-1.407169457525014877e-02,3.505356982350349426e-02,-5.742546170949935913e-02,1.359431892633438110e-01,-3.152838945388793945e-01,-3.915408626198768616e-02,3.447383046150207520e-01,-3.915408626198768616e-02,-3.152838945388793945e-01,1.359431892633438110e-01,-5.742546170949935913e-02,3.505356982350349426e-02,-1.407169457525014877e-02,1.775499247014522552e-02,-8.498391136527061462e-03,-8.531983010470867157e-03,-1.167466325568966568e-04
-2.914355695247650146e-01
-1.145156659185886383e-02,-4.172945860773324966e-03,2.412446774542331696e-02,-2.652028203010559082e-02,2.806071937084197998e-02,-2.644931897521018982e-02,2.609798684716224670e-02,-5.846938863396644592e-02,-8.724953234195709229e-02,5.293204188346862793e-01,2.021868675947189331e-01,5.293204188346862793e-01,-8.724953234195709229e-02,-5.846938863396644592e-02,2.609798684716224670e-02,-2.644931897521018982e-02,2.806071937084197998e-02,-2.652028203010559082e-02,2.412446774542331696e-02,-4.172945860773324966e-03,-1.145156659185886383e-02
-1.700408058241009712e-03,-8.198566734790802002e-03,-7.829658687114715576e-03,1.867579482495784760e-02,-1.428067125380039215e-02,3.536270931363105774e-02,-5.781891569495201111e-02,1.350353658199310303e-01,-3.131221234798431396e-01,-4.346762597560882568e-02,3.481318354606628418e-01,-4.346762597560882568e-02,-3.131221234798431396e-01,1.350353658199310303e-01,-5.781891569495201111e-02,3.536270931363105774e-02,-1.428067125380039215e-02,1.867579482495784760e-02,-7.829658687114715576e-03,-8.198566734790802002e-03,-1.700408058241009712e-03
-2.937079370021820068e-01
9.681144729256629944e-03,6.968174595385789871e-03,7.412249688059091568e-03,-3.922184556722640991e-02,3.633915260434150696e-02,-9.599501267075538635e-03,2.683380432426929474e-02,-6.664697080850601196e-02,-9.958496689796447754e-02,5.261896252632141113e-01,2.036841064691543579e-01,5.261896252632141113e-01,-9.958496689796447754e-02,-6.664697080850601196e-02,2.683380432426929474e-02,-9.599501267075538635e-03,3.633915260434150696e-02,-3.922184556722640991e-02,7.412249688059091568e-03,6.968174595385789871e-03,9.681144729256629944e-03
-7.243667263537645340e-03,9.823034517467021942e-03,9.160561603493988514e-04,3.739192616194486618e-03,-3.429265692830085754e-02,3.549757227301597595e-02,-4.622913151979446411e-02,1.417720168828964233e-01,-3.083298802375793457e-01,-4.650926589965820312e-02,3.495551943778991699e-01,-4.650926589965820312e-02,-3.083298802375793457e-01,1.417720168828964233e-01,-4.622913151979446411e-02,3.549757227301597595e-02,-3.429265692830085754e-02,3.739192616194486618e-03,9.160561603493988514e-04,9.823034517467021942e-03,-7.243667263537645340e-03
-2.959862053394317627e-01
-1.307562831789255142e-02,-4.515743348747491837e-03,2.445953525602817535e-02,-2.606321685016155243e-02,2.548820897936820984e-02,-2.673022262752056122e-02,2.241371572017669678e-02,-5.411900952458381653e-02,-9.264757484197616577e-02,5.293014049530029297e-01,2.064318209886550903e-01,5.293014049530029297e-01,-9.264757484197616577e-02,-5.411900952458381653e-02,2.241371572017669678e-02,-2.673022262752056122e-02,2.548820897936820984e-02,-2.606321685016155243e-02,2.445953525602817535e-02,-4.515743348747491837e-03,-1.307562831789255142e-02
2.270984929054975510e-03,-8.298086933791637421e-03,-1.125457603484392166e-02,1.824280619621276855e-02,-1.519345771521329880e-02,3.366076573729515076e-02,-6.125547364354133606e-02,1.341090351343154907e-01,-3.054818212985992432e-01,-4.874082654714584351e-02,3.543642759323120117e-01,-4.874082654714584351e-02,-3.054818212985992432e-01,1.341090351343154907e-01,-6.125547364354133606e-02,3.366076573729515076e-02,-1.519345771521329880e-02,1.824280619621276855e-02,-1.125457603484392166e-02,-8.298086933791637421e-03,2.270984929054975510e-03
-2.982703149318695068e-01
9.155648760497570038e-03,5.770832765847444534e-03,3.392899641767144203e-03,-4.049630463123321533e-02,3.704898431897163391e-02,-4.675820935517549515e-03,2.524791471660137177e-02,-6.288141757249832153e-02,-1.058560907840728760e-01,5.254960656166076660e-01,2.076393514871597290e-01,5.254960656166076660e-01,-1.058560907840728760e-01,-6.288141757249832153e-02,2.524791471660137177e-02,-4.675820935517549515e-03,3.704898431897163391e-02,-4.049630463123321533e-02,3.392899641767144203e-03,5.770832765847444534e-03,9.155648760497570038e-03
-4.235488362610340118e-03,1.426283828914165497e-02,4.296862753108143806e-04,4.119657678529620171e-04,-3.882991895079612732e-02,3.564767912030220032e-02,-4.401001706719398499e-02,1.434272080659866333e-01,-3.012284934520721436e-01,-5.319949984550476074e-02,3.556053638458251953e-01,-5.319949984550476074e-02,-3.012284934520721436e-01,1.434272080659866333e-01,-4.401001706719398499e-02,3.564767912030220032e-02,-3.882991895079612732e-02,4.119657678529620171e-04,4.296862753108143806e-04,1.426283828914165497e-02,-4.235488362610340118e-03
-3.005602359771728516e-01
-8.940509520471096039e-03,-2.069435315206646919e-03,1.815588399767875671e-02,-2.857368998229503632e-02,2.911110967397689819e-02,-1.787421293556690216e-02,2.104460820555686951e-02,-5.208064243197441101e-02,-9.931872785091400146e-02,5.281090140342712402e-01,2.098758220672607422e-01,5.281090140342712402e-01,-9.931872785091400146e-02,-5.208064243197441101e-02,2.104460820555686951e-02,-1.787421293556690216e-02,2.911110967397689819e-02,-2.857368998229503632e-02,1.815588399767875671e-02,-2.069435315206646919e-03,-8.940509520471096039e-03
-5.702539347112178802e-04,-1.146415364928543568e-03,-6.462288554757833481e-03,1.656606607139110565e-02,-1.895981468260288239e-02,3.719848766922950745e-02,-5.445859953761100769e-02,1.365329772233963013e-01,-3.000836670398712158e-01,-5.724349990487098694e-02,3.603310883045196533e-01,-5.724349990487098694e-02,-3.000836670398712158e-01,1.365329772233963013e-01,-5.445859953761100769e-02,3.719848766922950745e-02,-1.895981468260288239e-02,1.656606607139110565e-02,-6.462288554757833481e-03,-1.146415364928543568e-03,-5.702539347112178802e-04
-3.028560280799865723e-01
-9.222632274031639099e-03,-2.326551591977477074e-03,1.648023910820484161e-02,-2.952556870877742767e-02,2.861612476408481598e-02,-1.585430651903152466e-02,2.118451520800590515e-02,-4.888246953487396240e-02,-1.012293770909309387e-01,5.279815196990966797e-01,2.120914161205291748e-01,5.279815196990966797e-01,-1.012293770909309387e-01,-4.888246953487396240e-02,2.118451520800590515e-02,-1.585430651903152466e-02,2.861612476408481598e-02,-2.952556870877742767e-02,1.648023910820484161e-02,-2.326551591977477074e-03,-9.222632274031639099e-03
2.074885414913296700e-03,-3.567658422980457544e-04,-7.890654727816581726e-03,1.521427370607852936e-02,-2.130856364965438843e-02,3.538039326667785645e-02,-5.523893237113952637e-02,1.374587416648864746e-01,-2.954369783401489258e-01,-5.968611687421798706e-02,3.629419207572937012e-01,-5.968611687421798706e-02,-2.954369783401489258e-01,1.374587416648864746e-01,-5.523893237113952637e-02,3.538039326667785645e-02,-2.130856364965438843e-02,1.521427370607852936e-02,-7.890654727816581726e-03,-3.567658422980457544e-04,2.074885414913296700e-03
-3.051576316356658936e-01
9.328059968538582325e-04,6.015589460730552673e-03,1.209016237407922745e-02,-3.418766334652900696e-02,3.063496761023998260e-02,-9.216072969138622284e-03,2.083440124988555908e-02,-5.084903538227081299e-02,-1.085183322429656982e-01,5.241163372993469238e-01,2.119862139225006104e-01,5.241163372993469238e-01,-1.085183322429656982e-01,-5.084903538227081299e-02,2.083440124988555908e-02,-9.216072969138622284e-03,3.063496761023998260e-02,-3.418766334652900696e-02,1.209016237407922745e-02,6.015589460730552673e-03,9.328059968538582325e-04
-2.894488628953695297e-03,5.497159436345100403e-03,-3.073165426030755043e-03,1.197474543005228043e-02,-2.817247062921524048e-02,3.524624556303024292e-02,-5.090686306357383728e-02,1.392815411090850830e-01,-2.926704883575439453e-01,-6.429619342088699341e-02,3.647280931472778320e-01,-6.429619342088699341e-02,-2.926704883575439453e-01,1.392815411090850830e-01,-5.090686306357383728e-02,3.524624556303024292e-02,-2.817247062921524048e-02,1.197474543005228043e-02,-3.073165426030755043e-03,5.497159436345100403e-03,-2.894488628953695297e-03
-3.074650168418884277e-01
-1.018729712814092636e-02,-1.910778926685452461e-03,1.577237993478775024e-02,-2.981343865394592285e-02,2.634121850132942200e-02,-1.477721799165010452e-02,1.986071281135082245e-02,-4.212382435798645020e-02,-1.047579646110534668e-01,5.253487229347229004e-01,2.140119075775146484e-01,5.253487229347229004e-01,-1.047579646110534668e-01,-4.212382435798645020e-02,1.986071281135082245e-02,-1.477721799165010452e-02,2.634121850132942200e-02,-2.981343865394592285e-02,1.577237993478775024e-02,-1.910778926685452461e-03,-1.018729712814092636e-02
1.843556412495672703e-03,-2.980099234264343977e-04,-8.888581767678260803e-03,1.540052331984043121e-02,-2.296447008848190308e-02,3.361821919679641724e-02,-5.713587626814842224e-02,1.361629813909530640e-01,-2.895431816577911377e-01,-6.799728423357009888e-02,3.672515451908111572e-01,-6.799728423357009888e-02,-2.895431816577911377e-01,1.361629813909530640e-01,-5.713587626814842224e-02,3.361821919679641724e-02,-2.296447008848190308e-02,1.540052331984043121e-02,-8.888581767678260803e-03,-2.980099234264343977e-04,1.843556412495672703e-03
-3.097782135009765625e-01
-9.672639891505241394e-03,-5.736520979553461075e-04,1.592225208878517151e-02,-2.850325219333171844e-02,2.695137076079845428e-02,-1.450613699853420258e-02,1.671555452048778534e-02,-4.054313898086547852e-02,-1.061143726110458374e-01,5.245677828788757324e-01,2.152021527290344238e-01,5.245677828788757324e-01,-1.061143726110458374e-01,-4.054313898086547852e-02,1.671555452048778534e-02,-1.450613699853420258e-02,2.695137076079845428e-02,-2.850325219333171844e-02,1.592225208878517151e-02,-5.736520979553461075e-04,-9.672639891505241394e-03
-1.583520323038101196e-03,8.704072097316384315e-04,-6.998188327997922897e-03,1.719781383872032166e-02,-2.140577882528305054e-02,3.603524342179298401e-02,-5.567207932472229004e-02,1.354188621044158936e-01,-2.880007326602935791e-01,-7.434757053852081299e-02,3.682408630847930908e-01,-7.434757053852081299e-02,-2.880007326602935791e-01,1.354188621044158936e-01,-5.567207932472229004e-02,3.603524342179298401e-02,-2.140577882528305054e-02,1.719781383872032166e-02,-6.998188327997922897e-03,8.704072097316384315e-04,-1.583520323038101196e-03
-3.120971620082855225e-01
-8.126401342451572418e-03,2.139486838132143021e-03,1.550523471087217331e-02,-2.857478708028793335e-02,2.788486145436763763e-02,-1.258119661360979080e-02,1.420425064861774445e-02,-4.066216945648193359e-02,-1.091835498809814453e-01,5.238479375839233398e-01,2.171924263238906860e-01,5.238479375839233398e-01,-1.091835498809814453e-01,-4.066216945648193359e-02,1.420425064861774445e-02,-1.258119661360979080e-02,2.788486145436763763e-02,-2.857478708028793335e-02,1.550523471087217331e-02,2.139486838132143021e-03,-8.126401342451572418e-03
-5.115748383104801178e-03,2.677028998732566833e-03,-5.376040469855070114e-03,1.685780473053455353e-02,-2.283509075641632080e-02,3.673848509788513184e-02,-5.453636124730110168e-02,1.342522054910659790e-01,-2.869446575641632080e-01,-7.968097180128097534e-02,3.708200752735137939e-01,-7.968097180128097534e-02,-2.869446575641632080e-01,1.342522054910659790e-01,-5.453636124730110168e-02,3.673848509788513184e-02,-2.283509075641632080e-02,1.685780473053455353e-02,-5.376040469855070114e-03,2.677028998732566833e-03,-5.115748383104801178e-03
-3.144218921661376953e-01
-1.104191131889820099e-02,3.062536474317312241e-03,1.594378426671028137e-02,-3.025845251977443695e-02,2.630712278187274933e-02,-9.514106437563896179e-03,1.587135531008243561e-02,-4.099482297897338867e-02,-1.151560172438621521e-01,5.245689153671264648e-01,2.224259227514266968e-01,5.245689153671264648e-01,-1.151560172438621521e-01,-4.099482297897338867e-02,1.587135531008243561e-02,-9.514106437563896179e-03,2.630712278187274933e-02,-3.025845251977443695e-02,1.594378426671028137e-02,3.062536474317312241e-03,-1.104191131889820099e-02
5.856093019247055054e-03,9.734940831549465656e-04,-1.066995691508054733e-02,1.520312856882810593e-02,-2.495445311069488525e-02,3.259857743978500366e-02,-5.667350068688392639e-02,1.380272656679153442e-01,-2.769274413585662842e-01,-6.833209097385406494e-02,3.828427493572235107e-01,-6.833209097385406494e-02,-2.769274413585662842e-01,1.380272656679153442e-01,-5.667350068688392639e-02,3.259857743978500366e-02,-2.495445311069488525e-02,1.520312856882810593e-02,-1.066995691508054733e-02,9.734940831549465656e-04,5.856093019247055054e-03
-3.167523443698883057e-01
-9.379781782627105713e-03,7.031281478703022003e-03,1.462051738053560257e-02,-3.143516927957534790e-02,2.695652656257152557e-02,-7.608925923705101013e-03,1.330763567239046097e-02,-3.901692479848861694e-02,-1.152866631746292114e-01,5.238977670669555664e-01,2.236083298921585083e-01,5.238977670669555664e-01,-1.152866631746292114e-01,-3.901692479848861694e-02,1.330763567239046097e-02,-7.608925923705101013e-03,2.695652656257152557e-02,-3.143516927957534790e-02,1.462051738053560257e-02,7.031281478703022003e-03,-9.379781782627105713e-03
-6.053628865629434586e-03,4.745067562907934189e-03,-4.053899087011814117e-03,1.694797351956367493e-02,-2.644448727369308472e-02,3.389131277799606323e-02,-5.418936535716056824e-02,1.367839872837066650e-01,-2.775179743766784668e-01,-8.181027323007583618e-02,3.778757750988006592e-01,-8.181027323007583618e-02,-2.775179743766784668e-01,1.367839872837066650e-01,-5.418936535716056824e-02,3.389131277799606323e-02,-2.644448727369308472e-02,1.694797351956367493e-02,-4.053899087011814117e-03,4.745067562907934189e-03,-6.053628865629434586e-03
-3.190885186195373535e-01
-8.180788718163967133e-03,9.766035713255405426e-03,1.256603933870792389e-02,-3.436432778835296631e-02,2.595993690192699432e-02,-5.167794879525899887e-03,1.282666530460119247e-02,-3.861352428793907166e-02,-1.196823045611381531e-01,5.213443040847778320e-01,2.245971709489822388e-01,5.213443040847778320e-01,-1.196823045611381531e-01,-3.861352428793907166e-02,1.282666530460119247e-02,-5.167794879525899887e-03,2.595993690192699432e-02,-3.436432778835296631e-02,1.256603933870792389e-02,9.766035713255405426e-03,-8.180788718163967133e-03
-7.490446325391530991e-03,4.301743116229772568e-03,-4.608494695276021957e-03,1.585039496421813965e-02,-3.001627512276172638e-02,3.089350834488868713e-02,-5.417035147547721863e-02,1.389421969652175903e-01,-2.720882594585418701e-01,-8.266297727823257446e-02,3.806462287902832031e-01,-8.266297727823257446e-02,-2.720882594585418701e-01,1.389421969652175903e-01,-5.417035147547721863e-02,3.089350834488868713e-02,-3.001627512276172638e-02,1.585039496421813965e-02,-4.608494695276021957e-03,4.301743116229772568e-03,-7.490446325391530991e-03
-3.214304149150848389e-01
-3.868325846269726753e-03,1.406530104577541351e-02,9.124171920120716095e-03,-3.839492052793502808e-02,2.606805227696895599e-02,-5.846529384143650532e-04,1.369440648704767227e-02,-3.782830759882926941e-02,-1.245857328176498413e-01,5.170151591300964355e-01,2.238097339868545532e-01,5.170151591300964355e-01,-1.245857328176498413e-01,-3.782830759882926941e-02,1.369440648704767227e-02,-5.846529384143650532e-04,2.606805227696895599e-02,-3.839492052793502808e-02,9.124171920120716095e-03,1.406530104577541351e-02,-3.868325846269726753e-03
-1.276390440762042999e-02,5.092937033623456955e-03,-2.166513120755553246e-03,1.569707132875919342e-02,-3.338575363159179688e-02,2.991620637476444244e-02,-5.121764540672302246e-02,1.414046585559844971e-01,-2.684881091117858887e-01,-8.582960814237594604e-02,3.834317326545715332e-01,-8.582960814237594604e-02,-2.684881091117858887e-01,1.414046585559844971e-01,-5.121764540672302246e-02,2.991620637476444244e-02,-3.338575363159179688e-02,1.569707132875919342e-02,-2.166513120755553246e-03,5.092937033623456955e-03,-1.276390440762042999e-02
-3.237780332565307617e-01
9.284615516662597656e-03,2.767845988273620605e-02,6.559271831065416336e-03,-4.500716552138328552e-02,2.613551914691925049e-02,5.926117766648530960e-03,1.446568872779607773e-02,-3.997485712170600891e-02,-1.334097683429718018e-01,5.102922916412353516e-01,2.218588143587112427e-01,5.102922916412353516e-01,-1.334097683429718018e-01,-3.997485712170600891e-02,1.446568872779607773e-02,5.926117766648530960e-03,2.613551914691925049e-02,-4.500716552138328552e-02,6.559271831065416336e-03,2.767845988273620605e-02,9.284615516662597656e-03
-2.714473567903041840e-02,6.666582077741622925e-03,4.609340336173772812e-03,1.410930044949054718e-02,-4.218285530805587769e-02,2.729515172541141510e-02,-4.560364037752151489e-02,1.441510170698165894e-01,-2.671164870262145996e-01,-9.013023227453231812e-02,3.887176513671875000e-01,-9.013023227453231812e-02,-2.671164870262145996e-01,1.441510170698165894e-01,-4.560364037752151489e-02,2.729515172541141510e-02,-4.218285530805587769e-02,1.410930044949054718e-02,4.609340336173772812e-03,6.666582077741622925e-03,-2.714473567903041840e-02
-3.261313140392303467e-01
1.721537485718727112e-02,3.241594880819320679e-02,3.029658459126949310e-03,-5.137260630726814270e-02,2.335088141262531281e-02,1.223279908299446106e-02,2.041860669851303101e-02,-3.783875331282615662e-02,-1.401908695697784424e-01,5.072653293609619141e-01,2.244649231433868408e-01,5.072653293609619141e-01,-1.401908695697784424e-01,-3.783875331282615662e-02,2.041860669851303101e-02,1.223279908299446106e-02,2.335088141262531281e-02,-5.137260630726814270e-02,3.029658459126949310e-03,3.241594880819320679e-02,1.721537485718727112e-02
-3.560965508222579956e-02,4.122167825698852539e-03,7.535506971180438995e-03,1.484374701976776123e-02,-4.669781401753425598e-02,2.468622848391532898e-02,-4.313428699970245361e-02,1.432611495256423950e-01,-2.685988247394561768e-01,-9.036197513341903687e-02,4.051097333431243896e-01,-9.036197513341903687e-02,-2.685988247394561768e-01,1.432611495256423950e-01,-4.313428699970245361e-02,2.468622848391532898e-02,-4.669781401753425598e-02,1.484374701976776123e-02,7.535506971180438995e-03,4.122167825698852539e-03,-3.560965508222579956e-02
-3.284902870655059814e-01
-2.147300541400909424e-02,-6.375846266746520996e-02,1.007547951303422451e-03,4.838377237319946289e-02,-4.573251586407423019e-03,-1.717513240873813629e-02,-5.003100261092185974e-02,8.132085949182510376e-02,-7.265418022871017456e-02,2.400820106267929077e-01,6.642218828201293945e-01,2.400820106267929077e-01,-7.265418022871017456e-02,8.132085949182510376e-02,-5.003100261092185974e-02,-1.717513240873813629e-02,-4.573251586407423019e-03,4.838377237319946289e-02,1.007547951303422451e-03,-6.375846266746520996e-02,-2.147300541400909424e-02
7.492320239543914795e-02,-1.111297588795423508e-02,-4.073874652385711670e-02,1.913329586386680603e-02,3.181957453489303589e-02,1.363794226199388504e-02,-1.263705827295780182e-02,-2.349284477531909943e-03,-1.477723941206932068e-02,-2.511964142322540283e-01,5.577276945114135742e-01,-2.511964142322540283e-01,-1.477723941206932068e-02,-2.349284477531909943e-03,-1.263705827295780182e-02,1.363794226199388504e-02,3.181957453489303589e-02,1.913329586386680603e-02,-4.073874652385711670e-02,-1.111297588795423508e-02,7.492320239543914795e-02
-0.000000000000000000e+00
