-7.896815240383148193e-02,1.471737474203109741e-01,4.256180301308631897e-02,-8.237867057323455811e-02,2.501251921057701111e-02,2.352992445230484009e-02,2.501251921057701111e-02,-8.237867057323455811e-02,4.256180301308631897e-02,1.471737474203109741e-01,-7.896815240383148193e-02
-2.646368145942687988e-01,2.086030244827270508e-01,5.257482081651687622e-02,-1.183995306491851807e-01,2.978904405608773232e-03,1.304440796375274658e-01,2.978904405608773232e-03,-1.183995306491851807e-01,5.257482081651687622e-02,2.086030244827270508e-01,-2.646368145942687988e-01
-3.248978871852159500e-03
1.836160421371459961e-01,1.340141445398330688e-01,-4.512847214937210083e-02,3.962248936295509338e-02,1.449956744909286499e-01,9.978047758340835571e-02,1.449956744909286499e-01,3.962248936295509338e-02,-4.512847214937210083e-02,1.340141445398330688e-01,1.836160421371459961e-01
-1.656890064477920532e-01,6.436717510223388672e-02,1.259056925773620605e-01,1.723514199256896973e-01,1.369546912610530853e-02,-3.761276975274085999e-02,1.369546912610530853e-02,1.723514199256896973e-01,1.259056925773620605e-01,6.436717510223388672e-02,-1.656890064477920532e-01
-3.769710194319486618e-03
2.055414915084838867e-01,6.238461285829544067e-02,-1.225505694746971130e-01,1.915320754051208496e-02,1.281392276287078857e-01,1.103285253047943115e-01,1.281392276287078857e-01,1.915320754051208496e-02,-1.225505694746971130e-01,6.238461285829544067e-02,2.055414915084838867e-01
-9.095183759927749634e-02,1.257840394973754883e-01,1.024529114365577698e-01,1.287764608860015869e-01,4.658142104744911194e-02,2.626403048634529114e-02,4.658142104744911194e-02,1.287764608860015869e-01,1.024529114365577698e-01,1.257840394973754883e-01,-9.095183759927749634e-02
-4.315481521189212799e-03
1.616398394107818604e-01,1.230286732316017151e-01,-6.701581180095672607e-02,6.692247465252876282e-03,1.622289866209030151e-01,1.535873413085937500e-01,1.622289866209030151e-01,6.692247465252876282e-03,-6.701581180095672607e-02,1.230286732316017151e-01,1.616398394107818604e-01
-1.438412964344024658e-01,1.914440095424652100e-01,1.433574259281158447e-01,4.885029792785644531e-02,2.815955132246017456e-02,4.689290374517440796e-02,2.815955132246017456e-02,4.885029792785644531e-02,1.433574259281158447e-01,1.914440095424652100e-01,-1.438412964344024658e-01
-4.885198082774877548e-03
1.603869497776031494e-01,1.262522190809249878e-01,-6.722851842641830444e-02,2.044290304183959961e-03,1.534481197595596313e-01,1.430227309465408325e-01,1.534481197595596313e-01,2.044290304183959961e-03,-6.722851842641830444e-02,1.262522190809249878e-01,1.603869497776031494e-01
-1.488490998744964600e-01,2.337699234485626221e-01,1.538033485412597656e-01,6.709462963044643402e-03,3.673458844423294067e-02,6.038244441151618958e-02,3.673458844423294067e-02,6.709462963044643402e-03,1.538033485412597656e-01,2.337699234485626221e-01,-1.488490998744964600e-01
-5.477896425873041153e-03
1.423320025205612183e-01,1.998568624258041382e-01,1.147939544171094894e-02,5.174389109015464783e-02,1.326441913843154907e-01,1.320888549089431763e-01,1.326441913843154907e-01,5.174389109015464783e-02,1.147939544171094894e-02,1.998568624258041382e-01,1.423320025205612183e-01
-1.852223873138427734e-01,2.867689728736877441e-01,1.658379286527633667e-01,-3.140185028314590454e-02,4.119709879159927368e-02,7.159113883972167969e-02,4.119709879159927368e-02,-3.140185028314590454e-02,1.658379286527633667e-01,2.867689728736877441e-01,-1.852223873138427734e-01
-6.092720665037631989e-03
1.594592630863189697e-01,1.903531551361083984e-01,9.933960437774658203e-02,1.251313984394073486e-01,2.587192691862583160e-02,-2.612755447626113892e-02,2.587192691862583160e-02,1.251313984394073486e-01,9.933960437774658203e-02,1.903531551361083984e-01,1.594592630863189697e-01
-2.789644598960876465e-01,2.637532651424407959e-01,1.263054013252258301e-01,1.031235698610544205e-02,7.633858919143676758e-02,1.388571709394454956e-01,7.633858919143676758e-02,1.031235698610544205e-02,1.263054013252258301e-01,2.637532651424407959e-01,-2.789644598960876465e-01
-6.728903856128454208e-03
1.486677378416061401e-01,1.388455778360366821e-01,-1.030868962407112122e-01,-1.328944321721792221e-02,1.448876559734344482e-01,1.460909545421600342e-01,1.448876559734344482e-01,-1.328944321721792221e-02,-1.030868962407112122e-01,1.388455778360366821e-01,1.486677378416061401e-01
-2.185898125171661377e-01,1.613275855779647827e-01,2.277749031782150269e-01,9.790190309286117554e-02,8.271578699350357056e-03,-2.481240779161453247e-02,8.271578699350357056e-03,9.790190309286117554e-02,2.277749031782150269e-01,1.613275855779647827e-01,-2.185898125171661377e-01
-7.385753560811281204e-03
1.211432442069053650e-01,1.069442853331565857e-01,-1.350035071372985840e-01,-1.035318970680236816e-01,3.616537153720855713e-02,6.668586283922195435e-02,3.616537153720855713e-02,-1.035318970680236816e-01,-1.350035071372985840e-01,1.069442853331565857e-01,1.211432442069053650e-01
-2.873056828975677490e-01,1.341107785701751709e-01,1.617860198020935059e-01,7.740598917007446289e-02,-4.631626978516578674e-02,-3.763113170862197876e-02,-4.631626978516578674e-02,7.740598917007446289e-02,1.617860198020935059e-01,1.341107785701751709e-01,-2.873056828975677490e-01
-8.062640205025672913e-03
2.603805810213088989e-02,3.104379773139953613e-01,1.615075320005416870e-01,8.790001273155212402e-03,-5.820157378911972046e-02,-7.733277231454849243e-02,-5.820157378911972046e-02,8.790001273155212402e-03,1.615075320005416870e-01,3.104379773139953613e-01,2.603805810213088989e-02
-2.675818800926208496e-01,1.830901354551315308e-01,1.066402792930603027e-01,-2.327833883464336395e-02,1.122727394104003906e-01,1.825451105833053589e-01,1.122727394104003906e-01,-2.327833883464336395e-02,1.066402792930603027e-01,1.830901354551315308e-01,-2.675818800926208496e-01
-8.758988231420516968e-03
9.766031056642532349e-02,2.348604202270507812e-01,8.754378557205200195e-02,6.252125650644302368e-02,4.631227627396583557e-02,-2.294441312551498413e-02,4.631227627396583557e-02,6.252125650644302368e-02,8.754378557205200195e-02,2.348604202270507812e-01,9.766031056642532349e-02
-4.837450385093688965e-01,5.345649551600217819e-03,2.703768610954284668e-01,1.856243014335632324e-01,3.755486756563186646e-02,1.753339916467666626e-02,3.755486756563186646e-02,1.856243014335632324e-01,2.703768610954284668e-01,5.345649551600217819e-03,-4.837450385093688965e-01
-9.474270045757293701e-03
4.373950883746147156e-02,3.872157633304595947e-01,1.164032071828842163e-01,8.060232736170291901e-03,8.779542148113250732e-02,1.209096983075141907e-01,8.779542148113250732e-02,8.060232736170291901e-03,1.164032071828842163e-01,3.872157633304595947e-01,4.373950883746147156e-02
-3.651269376277923584e-01,6.882180273532867432e-02,2.215268760919570923e-01,1.153701022267341614e-01,3.472604602575302124e-02,6.115555390715599060e-02,3.472604602575302124e-02,1.153701022267341614e-01,2.215268760919570923e-01,6.882180273532867432e-02,-3.651269376277923584e-01
-1.020799670368432999e-02
2.904863841831684113e-02,2.330869436264038086e-01,3.404032066464424133e-02,-9.191895835101604462e-03,5.189000070095062256e-02,5.735281482338905334e-02,5.189000070095062256e-02,-9.191895835101604462e-03,3.404032066464424133e-02,2.330869436264038086e-01,2.904863841831684113e-02
-3.743960559368133545e-01,2.118808217346668243e-02,2.699051499366760254e-01,1.126217916607856750e-01,1.703887060284614563e-02,-2.069872058928012848e-02,1.703887060284614563e-02,1.126217916607856750e-01,2.699051499366760254e-01,2.118808217346668243e-02,-3.743960559368133545e-01
-1.095971744507551193e-02
3.995494171977043152e-02,4.433898031711578369e-01,1.689683198928833008e-01,-4.986206069588661194e-02,7.819494605064392090e-02,8.622228354215621948e-02,7.819494605064392090e-02,-4.986206069588661194e-02,1.689683198928833008e-01,4.433898031711578369e-01,3.995494171977043152e-02
-3.144290447235107422e-01,-8.290822803974151611e-02,1.342743728309869766e-02,-1.949196867644786835e-02,1.353610455989837646e-01,2.085527926683425903e-01,1.353610455989837646e-01,-1.949196867644786835e-02,1.342743728309869766e-02,-8.290822803974151611e-02,-3.144290447235107422e-01
-1.172901038080453873e-02
1.056738910847343504e-04,4.281013309955596924e-01,1.800924539566040039e-01,1.294974889606237411e-02,1.118155941367149353e-01,1.152602955698966980e-01,1.118155941367149353e-01,1.294974889606237411e-02,1.800924539566040039e-01,4.281013309955596924e-01,1.056738910847343504e-04
-3.458539545536041260e-01,7.288084831088781357e-03,1.808489710092544556e-01,7.961381971836090088e-02,3.729527816176414490e-02,9.363317489624023438e-02,3.729527816176414490e-02,7.961381971836090088e-02,1.808489710092544556e-01,7.288084831088781357e-03,-3.458539545536041260e-01
-1.251548528671264648e-02
-7.476992160081863403e-02,4.712472259998321533e-01,1.771424412727355957e-01,-8.847385644912719727e-03,4.237422719597816467e-02,1.098082140088081360e-01,4.237422719597816467e-02,-8.847385644912719727e-03,1.771424412727355957e-01,4.712472259998321533e-01,-7.476992160081863403e-02
-3.320510983467102051e-01,-1.213696524500846863e-01,9.755226969718933105e-02,6.458491832017898560e-02,8.811673521995544434e-02,1.417446434497833252e-01,8.811673521995544434e-02,6.458491832017898560e-02,9.755226969718933105e-02,-1.213696524500846863e-01,-3.320510983467102051e-01
-1.331877429038286209e-02
-1.079082638025283813e-01,4.521293640136718750e-01,1.875197738409042358e-01,-6.419304758310317993e-03,1.135078966617584229e-01,1.678858697414398193e-01,1.135078966617584229e-01,-6.419304758310317993e-03,1.875197738409042358e-01,4.521293640136718750e-01,-1.079082638025283813e-01
-2.312156707048416138e-01,-8.498601615428924561e-02,4.984147474169731140e-02,-5.691945925354957581e-02,8.707733452320098877e-02,1.346387416124343872e-01,8.707733452320098877e-02,-5.691945925354957581e-02,4.984147474169731140e-02,-8.498601615428924561e-02,-2.312156707048416138e-01
-1.413853280246257782e-02
-8.353696763515472412e-02,4.703388214111328125e-01,1.892649084329605103e-01,-3.888732567429542542e-02,1.064422801136970520e-01,1.470326334238052368e-01,1.064422801136970520e-01,-3.888732567429542542e-02,1.892649084329605103e-01,4.703388214111328125e-01,-8.353696763515472412e-02
-2.790397405624389648e-01,-2.274437397718429565e-01,-2.369648590683937073e-02,-2.413994818925857544e-02,1.535293459892272949e-01,2.102702707052230835e-01,1.535293459892272949e-01,-2.413994818925857544e-02,-2.369648590683937073e-02,-2.274437397718429565e-01,-2.790397405624389648e-01
-1.497443672269582748e-02
-1.060017570853233337e-01,4.369555711746215820e-01,1.955067366361618042e-01,-5.538509413599967957e-02,9.846482425928115845e-02,1.232003197073936462e-01,9.846482425928115845e-02,-5.538509413599967957e-02,1.955067366361618042e-01,4.369555711746215820e-01,-1.060017570853233337e-01
-2.914348542690277100e-01,-2.206168770790100098e-01,6.004695314913988113e-03,2.180357091128826141e-02,1.040838733315467834e-01,1.770213544368743896e-01,1.040838733315467834e-01,2.180357091128826141e-02,6.004695314913988113e-03,-2.206168770790100098e-01,-2.914348542690277100e-01
-1.582618057727813721e-02
-1.777358949184417725e-01,3.920634090900421143e-01,1.925269663333892822e-01,-1.437792554497718811e-02,5.605502054095268250e-02,8.616428822278976440e-02,5.605502054095268250e-02,-1.437792554497718811e-02,1.925269663333892822e-01,3.920634090900421143e-01,-1.777358949184417725e-01
-3.076714873313903809e-01,-2.348123341798782349e-01,5.047609657049179077e-02,1.017988100647926331e-01,7.562205940485000610e-02,1.463630348443984985e-01,7.562205940485000610e-02,1.017988100647926331e-01,5.047609657049179077e-02,-2.348123341798782349e-01,-3.076714873313903809e-01
-1.669347472488880157e-02
-2.398988604545593262e-01,3.720520436763763428e-01,2.267209291458129883e-01,9.189055114984512329e-02,7.994625717401504517e-02,1.081603690981864929e-01,7.994625717401504517e-02,9.189055114984512329e-02,2.267209291458129883e-01,3.720520436763763428e-01,-2.398988604545593262e-01
-2.506435811519622803e-01,-1.781410723924636841e-01,1.761356741189956665e-01,1.220270320773124695e-01,-2.323565632104873657e-02,1.198633201420307159e-02,-2.323565632104873657e-02,1.220270320773124695e-01,1.761356741189956665e-01,-1.781410723924636841e-01,-2.506435811519622803e-01
-1.757604628801345825e-02
-3.213805556297302246e-01,3.394858539104461670e-01,2.519325017929077148e-01,1.585093438625335693e-01,3.625205904245376587e-02,5.751831829547882080e-02,3.625205904245376587e-02,1.585093438625335693e-01,2.519325017929077148e-01,3.394858539104461670e-01,-3.213805556297302246e-01
-3.035237789154052734e-01,-2.890535295009613037e-01,1.421944200992584229e-01,1.478070914745330811e-01,5.221702530980110168e-02,5.897651240229606628e-02,5.221702530980110168e-02,1.478070914745330811e-01,1.421944200992584229e-01,-2.890535295009613037e-01,-3.035237789154052734e-01
-1.847363449633121490e-02
-3.159741461277008057e-01,2.995857596397399902e-01,2.106195539236068726e-01,7.744806259870529175e-02,3.320304676890373230e-02,7.761763781309127808e-02,3.320304676890373230e-02,7.744806259870529175e-02,2.106195539236068726e-01,2.995857596397399902e-01,-3.159741461277008057e-01
-2.389068305492401123e-01,-3.403843045234680176e-01,7.366583496332168579e-02,1.296840310096740723e-01,1.067597791552543640e-01,9.005344659090042114e-02,1.067597791552543640e-01,1.296840310096740723e-01,7.366583496332168579e-02,-3.403843045234680176e-01,-2.389068305492401123e-01
-1.938599348068237305e-02
-2.874854803085327148e-01,3.409844040870666504e-01,2.256558984518051147e-01,3.294049948453903198e-02,9.653539955615997314e-02,1.394828408956527710e-01,9.653539955615997314e-02,3.294049948453903198e-02,2.256558984518051147e-01,3.409844040870666504e-01,-2.874854803085327148e-01
-1.792855262756347656e-01,-3.518220484256744385e-01,3.837108984589576721e-02,8.411261439323425293e-02,9.377865493297576904e-02,8.044869452714920044e-02,9.377865493297576904e-02,8.411261439323425293e-02,3.837108984589576721e-02,-3.518220484256744385e-01,-1.792855262756347656e-01
-2.031288668513298035e-02
-1.988827884197235107e-01,4.047547578811645508e-01,1.891616284847259521e-01,-4.046668112277984619e-02,1.603628396987915039e-01,2.087891250848770142e-01,1.603628396987915039e-01,-4.046668112277984619e-02,1.891616284847259521e-01,4.047547578811645508e-01,-1.988827884197235107e-01
-1.740994155406951904e-01,-3.168182969093322754e-01,-4.495872557163238525e-02,-2.851797326002269983e-04,9.930013865232467651e-02,1.406552195549011230e-01,9.930013865232467651e-02,-2.851797326002269983e-04,-4.495872557163238525e-02,-3.168182969093322754e-01,-1.740994155406951904e-01
-2.125409059226512909e-02
-2.693331241607666016e-01,3.218346834182739258e-01,2.285421639680862427e-01,7.430129218846559525e-03,1.246056631207466125e-01,1.339595168828964233e-01,1.246056631207466125e-01,7.430129218846559525e-03,2.285421639680862427e-01,3.218346834182739258e-01,-2.693331241607666016e-01
-1.953261494636535645e-01,-3.575724065303802490e-01,-9.728629142045974731e-03,8.437793701887130737e-02,7.047436386346817017e-02,1.053693816065788269e-01,7.047436386346817017e-02,8.437793701887130737e-02,-9.728629142045974731e-03,-3.575724065303802490e-01,-1.953261494636535645e-01
-2.220939099788665771e-02
-2.411538809537887573e-01,2.138210088014602661e-01,1.067714691162109375e-01,-5.291283130645751953e-02,1.379183530807495117e-01,2.049495726823806763e-01,1.379183530807495117e-01,-5.291283130645751953e-02,1.067714691162109375e-01,2.138210088014602661e-01,-2.411538809537887573e-01
-1.609654426574707031e-01,-3.340905904769897461e-01,-1.250029504299163818e-01,6.871350109577178955e-02,1.682217717170715332e-01,2.671741843223571777e-01,1.682217717170715332e-01,6.871350109577178955e-02,-1.250029504299163818e-01,-3.340905904769897461e-01,-1.609654426574707031e-01
-2.317858114838600159e-02
-3.493657112121582031e-01,2.648005783557891846e-01,2.794251739978790283e-01,1.270930916070938110e-01,1.043769046664237976e-01,9.336362779140472412e-02,1.043769046664237976e-01,1.270930916070938110e-01,2.794251739978790283e-01,2.648005783557891846e-01,-3.493657112121582031e-01
-2.116721123456954956e-01,-3.482524454593658447e-01,7.930219173431396484e-03,1.487611085176467896e-01,3.432092815637588501e-02,9.669588506221771240e-02,3.432092815637588501e-02,1.487611085176467896e-01,7.930219173431396484e-03,-3.482524454593658447e-01,-2.116721123456954956e-01
-2.416146919131278992e-02
-3.271159827709197998e-01,3.160495460033416748e-01,2.701354622840881348e-01,1.338232457637786865e-01,9.755017608404159546e-02,1.164631545543670654e-01,9.755017608404159546e-02,1.338232457637786865e-01,2.701354622840881348e-01,3.160495460033416748e-01,-3.271159827709197998e-01
-1.515798717737197876e-01,-3.157489597797393799e-01,9.968482889235019684e-03,9.326618909835815430e-02,-5.695517733693122864e-02,9.044998325407505035e-03,-5.695517733693122864e-02,9.326618909835815430e-02,9.968482889235019684e-03,-3.157489597797393799e-01,-1.515798717737197876e-01
-2.515786141157150269e-02
-4.089405834674835205e-01,1.475573182106018066e-01,2.291528731584548950e-01,1.788229644298553467e-01,5.918571725487709045e-02,6.949383020401000977e-02,5.918571725487709045e-02,1.788229644298553467e-01,2.291528731584548950e-01,1.475573182106018066e-01,-4.089405834674835205e-01
-1.640367358922958374e-01,-3.363162875175476074e-01,-1.888175494968891144e-02,9.914585947990417480e-02,3.813356533646583557e-02,9.804739803075790405e-02,3.813356533646583557e-02,9.914585947990417480e-02,-1.888175494968891144e-02,-3.363162875175476074e-01,-1.640367358922958374e-01
-2.616758272051811218e-02
-4.082656502723693848e-01,1.634923666715621948e-01,2.482044100761413574e-01,2.033470571041107178e-01,6.146507710218429565e-02,7.757005095481872559e-02,6.146507710218429565e-02,2.033470571041107178e-01,2.482044100761413574e-01,1.634923666715621948e-01,-4.082656502723693848e-01
-1.339010149240493774e-01,-3.554454445838928223e-01,-9.335246868431568146e-03,7.253073900938034058e-02,2.339359931647777557e-02,6.178488582372665405e-02,2.339359931647777557e-02,7.253073900938034058e-02,-9.335246868431568146e-03,-3.554454445838928223e-01,-1.339010149240493774e-01
-2.719045430421829224e-02
-3.661790490150451660e-01,2.113233655691146851e-01,2.114995419979095459e-01,1.569021195173263550e-01,1.026004478335380554e-01,1.556975096464157104e-01,1.026004478335380554e-01,1.569021195173263550e-01,2.114995419979095459e-01,2.113233655691146851e-01,-3.661790490150451660e-01
-1.385505795478820801e-01,-4.430855810642242432e-01,-3.410781919956207275e-02,8.210497349500656128e-02,6.471733748912811279e-02,7.313442230224609375e-02,6.471733748912811279e-02,8.210497349500656128e-02,-3.410781919956207275e-02,-4.430855810642242432e-01,-1.385505795478820801e-01
-2.822631411254405975e-02
-3.894712030887603760e-01,1.326129436492919922e-01,2.414419949054718018e-01,1.864563375711441040e-01,9.641080349683761597e-02,1.150841787457466125e-01,9.641080349683761597e-02,1.864563375711441040e-01,2.414419949054718018e-01,1.326129436492919922e-01,-3.894712030887603760e-01
-9.014971554279327393e-02,-4.305976927280426025e-01,-2.171700075268745422e-02,6.754177063703536987e-02,7.388386130332946777e-02,6.208153814077377319e-02,7.388386130332946777e-02,6.754177063703536987e-02,-2.171700075268745422e-02,-4.305976927280426025e-01,-9.014971554279327393e-02
-2.927499823272228241e-02
-3.852088749408721924e-01,9.558640420436859131e-02,2.682797014713287354e-01,1.909286975860595703e-01,1.035698279738426208e-01,9.565179049968719482e-02,1.035698279738426208e-01,1.909286975860595703e-01,2.682797014713287354e-01,9.558640420436859131e-02,-3.852088749408721924e-01
-4.959347099065780640e-02,-4.292773902416229248e-01,-2.145327813923358917e-02,5.912389233708381653e-02,7.778888940811157227e-02,5.481316149234771729e-02,7.778888940811157227e-02,5.912389233708381653e-02,-2.145327813923358917e-02,-4.292773902416229248e-01,-4.959347099065780640e-02
-3.033635206520557404e-02
-3.789768517017364502e-01,4.942984133958816528e-02,3.008120357990264893e-01,1.987651437520980835e-01,1.009939461946487427e-01,5.632541701197624207e-02,1.009939461946487427e-01,1.987651437520980835e-01,3.008120357990264893e-01,4.942984133958816528e-02,-3.789768517017364502e-01
-7.306984625756740570e-03,-3.990630805492401123e-01,-2.697892859578132629e-02,1.918212696909904480e-02,5.410321429371833801e-02,4.191293194890022278e-02,5.410321429371833801e-02,1.918212696909904480e-02,-2.697892859578132629e-02,-3.990630805492401123e-01,-7.306984625756740570e-03
-3.141022846102714539e-02
-3.309165835380554199e-01,5.470098555088043213e-02,2.329066544771194458e-01,1.221164837479591370e-01,1.591273844242095947e-01,1.438919454813003540e-01,1.591273844242095947e-01,1.221164837479591370e-01,2.329066544771194458e-01,5.470098555088043213e-02,-3.309165835380554199e-01
-4.262797161936759949e-02,-4.744654893875122070e-01,-5.803908035159111023e-02,7.292810827493667603e-02,8.159487694501876831e-02,6.372214108705520630e-02,8.159487694501876831e-02,7.292810827493667603e-02,-5.803908035159111023e-02,-4.744654893875122070e-01,-4.262797161936759949e-02
-3.249647840857505798e-02
-3.468720614910125732e-01,-1.965006580576300621e-03,2.775131762027740479e-01,1.556710004806518555e-01,1.471553891897201538e-01,8.993451297283172607e-02,1.471553891897201538e-01,1.556710004806518555e-01,2.775131762027740479e-01,-1.965006580576300621e-03,-3.468720614910125732e-01
-1.064904220402240753e-02,-4.318720400333404541e-01,-6.492468714714050293e-02,6.326133012771606445e-02,6.765992939472198486e-02,7.160961627960205078e-02,6.765992939472198486e-02,6.326133012771606445e-02,-6.492468714714050293e-02,-4.318720400333404541e-01,-1.064904220402240753e-02
-3.359496593475341797e-02
-3.452258408069610596e-01,-1.609100215137004852e-02,3.368703424930572510e-01,1.897471845149993896e-01,1.283143162727355957e-01,3.932939469814300537e-02,1.283143162727355957e-01,1.897471845149993896e-01,3.368703424930572510e-01,-1.609100215137004852e-02,-3.452258408069610596e-01
3.125378116965293884e-02,-3.710369765758514404e-01,-8.051407337188720703e-02,-1.501867920160293579e-02,-1.148163224570453167e-03,5.341235920786857605e-02,-1.148163224570453167e-03,-1.501867920160293579e-02,-8.051407337188720703e-02,-3.710369765758514404e-01,3.125378116965293884e-02
-3.470556065440177917e-02
-3.027348518371582031e-01,-3.322791308164596558e-02,2.166130840778350830e-01,1.081210672855377197e-01,1.839686632156372070e-01,1.531533151865005493e-01,1.839686632156372070e-01,1.081210672855377197e-01,2.166130840778350830e-01,-3.322791308164596558e-02,-3.027348518371582031e-01
-2.826961129903793335e-02,-4.418598711490631104e-01,-1.000147685408592224e-01,1.093391329050064087e-01,5.943482741713523865e-02,9.896127879619598389e-02,5.943482741713523865e-02,1.093391329050064087e-01,-1.000147685408592224e-01,-4.418598711490631104e-01,-2.826961129903793335e-02
-3.582812100648880005e-02
-3.228496313095092773e-01,-5.715226754546165466e-02,2.429285943508148193e-01,1.522729396820068359e-01,1.788259595632553101e-01,1.326431483030319214e-01,1.788259595632553101e-01,1.522729396820068359e-01,2.429285943508148193e-01,-5.715226754546165466e-02,-3.228496313095092773e-01
-2.993681281805038452e-02,-4.322681128978729248e-01,-1.229986995458602905e-01,4.661236703395843506e-02,-3.916023764759302139e-03,8.466566354036331177e-02,-3.916023764759302139e-03,4.661236703395843506e-02,-1.229986995458602905e-01,-4.322681128978729248e-01,-2.993681281805038452e-02
-3.696253150701522827e-02
-3.253077268600463867e-01,-7.097163051366806030e-02,2.019635885953903198e-01,1.461437791585922241e-01,1.868673563003540039e-01,1.647714674472808838e-01,1.868673563003540039e-01,1.461437791585922241e-01,2.019635885953903198e-01,-7.097163051366806030e-02,-3.253077268600463867e-01
-4.910729825496673584e-02,-4.272775650024414062e-01,-1.235190778970718384e-01,9.288854897022247314e-02,3.123939409852027893e-02,1.266128718852996826e-01,3.123939409852027893e-02,9.288854897022247314e-02,-1.235190778970718384e-01,-4.272775650024414062e-01,-4.910729825496673584e-02
-3.810866177082061768e-02
-3.073304891586303711e-01,-4.652148112654685974e-02,1.981761157512664795e-01,1.573558449745178223e-01,1.965408772230148315e-01,1.997611224651336670e-01,1.965408772230148315e-01,1.573558449745178223e-01,1.981761157512664795e-01,-4.652148112654685974e-02,-3.073304891586303711e-01
-4.258995503187179565e-02,-4.362011253833770752e-01,-1.318383514881134033e-01,9.162572771310806274e-02,-1.631335908314213157e-04,1.110665574669837952e-01,-1.631335908314213157e-04,9.162572771310806274e-02,-1.318383514881134033e-01,-4.362011253833770752e-01,-4.258995503187179565e-02
-3.926640003919601440e-02
-3.091043829917907715e-01,-9.627210348844528198e-02,1.029091402888298035e-01,1.285390406847000122e-01,2.059092074632644653e-01,2.481791824102401733e-01,2.059092074632644653e-01,1.285390406847000122e-01,1.029091402888298035e-01,-9.627210348844528198e-02,-3.091043829917907715e-01
-8.153007924556732178e-02,-4.145733416080474854e-01,-1.066620871424674988e-01,1.272754520177841187e-01,2.941871434450149536e-02,1.342212557792663574e-01,2.941871434450149536e-02,1.272754520177841187e-01,-1.066620871424674988e-01,-4.145733416080474854e-01,-8.153007924556732178e-02
-4.043562710285186768e-02
-3.187937140464782715e-01,-7.393088191747665405e-02,1.444181799888610840e-01,1.735979318618774414e-01,1.764423400163650513e-01,2.162843942642211914e-01,1.764423400163650513e-01,1.735979318618774414e-01,1.444181799888610840e-01,-7.393088191747665405e-02,-3.187937140464782715e-01
-4.740384221076965332e-02,-4.184664487838745117e-01,-1.240317970514297485e-01,7.779809087514877319e-02,1.900520059280097485e-03,1.255918145179748535e-01,1.900520059280097485e-03,7.779809087514877319e-02,-1.240317970514297485e-01,-4.184664487838745117e-01,-4.740384221076965332e-02
-4.161622747778892517e-02
-3.027496933937072754e-01,-5.071678385138511658e-02,1.507984399795532227e-01,1.810436844825744629e-01,1.646677851676940918e-01,2.256112396717071533e-01,1.646677851676940918e-01,1.810436844825744629e-01,1.507984399795532227e-01,-5.071678385138511658e-02,-3.027496933937072754e-01
-1.891875639557838440e-02,-4.326680004596710205e-01,-1.324668377637863159e-01,5.388555675745010376e-02,-3.549464792013168335e-02,8.371337503194808960e-02,-3.549464792013168335e-02,5.388555675745010376e-02,-1.324668377637863159e-01,-4.326680004596710205e-01,-1.891875639557838440e-02
-4.280810058116912842e-02
-3.333445787429809570e-01,-1.304927915334701538e-01,7.728435844182968140e-02,1.748046278953552246e-01,1.767997443675994873e-01,2.627991437911987305e-01,1.767997443675994873e-01,1.748046278953552246e-01,7.728435844182968140e-02,-1.304927915334701538e-01,-3.333445787429809570e-01
-2.699039876461029053e-02,-4.079770743846893311e-01,-1.129171028733253479e-01,8.359001576900482178e-02,1.941636949777603149e-02,1.087781786918640137e-01,1.941636949777603149e-02,8.359001576900482178e-02,-1.129171028733253479e-01,-4.079770743846893311e-01,-2.699039876461029053e-02
-4.401113837957382202e-02
-3.467047810554504395e-01,-1.524837464094161987e-01,5.867972597479820251e-02,2.011189311742782593e-01,1.444809883832931519e-01,2.163306921720504761e-01,1.444809883832931519e-01,2.011189311742782593e-01,5.867972597479820251e-02,-1.524837464094161987e-01,-3.467047810554504395e-01
7.205402851104736328e-02,-3.013052046298980713e-01,-1.280007660388946533e-01,1.311714947223663330e-01,1.444771885871887207e-01,1.692197769880294800e-01,1.444771885871887207e-01,1.311714947223663330e-01,-1.280007660388946533e-01,-3.013052046298980713e-01,7.205402851104736328e-02
-4.522523283958435059e-02
-3.567392528057098389e-01,-1.678135097026824951e-01,7.325767725706100464e-02,1.984050124883651733e-01,1.438293159008026123e-01,2.311269342899322510e-01,1.438293159008026123e-01,1.984050124883651733e-01,7.325767725706100464e-02,-1.678135097026824951e-01,-3.567392528057098389e-01
4.230837151408195496e-02,-3.768968880176544189e-01,-1.159681975841522217e-01,6.807235628366470337e-02,7.008817791938781738e-02,1.142306104302406311e-01,7.008817791938781738e-02,6.807235628366470337e-02,-1.159681975841522217e-01,-3.768968880176544189e-01,4.230837151408195496e-02
-4.645029082894325256e-02
-3.334453105926513672e-01,-1.453008800745010376e-01,1.368514746427536011e-01,2.315403521060943604e-01,1.353150606155395508e-01,2.133124768733978271e-01,1.353150606155395508e-01,2.315403521060943604e-01,1.368514746427536011e-01,-1.453008800745010376e-01,-3.334453105926513672e-01
9.486924111843109131e-02,-4.053829312324523926e-01,-1.333100497722625732e-01,2.705549448728561401e-02,3.131114691495895386e-02,7.033275067806243896e-02,3.131114691495895386e-02,2.705549448728561401e-02,-1.333100497722625732e-01,-4.053829312324523926e-01,9.486924111843109131e-02
-4.768621549010276794e-02
-3.668490052223205566e-01,-2.021604478359222412e-01,9.624286741018295288e-02,2.307053506374359131e-01,1.263041198253631592e-01,1.884514689445495605e-01,1.263041198253631592e-01,2.307053506374359131e-01,9.624286741018295288e-02,-2.021604478359222412e-01,-3.668490052223205566e-01
1.512778103351593018e-01,-3.559044897556304932e-01,-1.443228125572204590e-01,2.783917821943759918e-02,9.861198812723159790e-02,1.012612506747245789e-01,9.861198812723159790e-02,2.783917821943759918e-02,-1.443228125572204590e-01,-3.559044897556304932e-01,1.512778103351593018e-01
-4.893290624022483826e-02
-3.275567889213562012e-01,-1.960680931806564331e-01,8.382803946733474731e-02,2.314985096454620361e-01,1.224303096532821655e-01,1.641734540462493896e-01,1.224303096532821655e-01,2.314985096454620361e-01,8.382803946733474731e-02,-1.960680931806564331e-01,-3.275567889213562012e-01
2.084685862064361572e-01,-3.186588287353515625e-01,-1.455913484096527100e-01,4.517200216650962830e-02,1.372185498476028442e-01,9.665337204933166504e-02,1.372185498476028442e-01,4.517200216650962830e-02,-1.455913484096527100e-01,-3.186588287353515625e-01,2.084685862064361572e-01
-5.019027367234230042e-02
-2.964694499969482422e-01,-1.994951963424682617e-01,1.776005327701568604e-01,2.452740073204040527e-01,1.220155581831932068e-01,1.666790395975112915e-01,1.220155581831932068e-01,2.452740073204040527e-01,1.776005327701568604e-01,-1.994951963424682617e-01,-2.964694499969482422e-01
2.061224877834320068e-01,-3.940774798393249512e-01,-1.545837670564651489e-01,-4.365344345569610596e-02,3.153484687209129333e-02,2.607946470379829407e-02,3.153484687209129333e-02,-4.365344345569610596e-02,-1.545837670564651489e-01,-3.940774798393249512e-01,2.061224877834320068e-01
-5.145822837948799133e-02
-3.098332285881042480e-01,-2.553891241550445557e-01,1.098320335149765015e-01,2.227400243282318115e-01,1.244353130459785461e-01,1.474701017141342163e-01,1.244353130459785461e-01,2.227400243282318115e-01,1.098320335149765015e-01,-2.553891241550445557e-01,-3.098332285881042480e-01
2.405162304639816284e-01,-3.445331156253814697e-01,-1.561094373464584351e-01,-1.637033559381961823e-02,1.083510220050811768e-01,6.487129628658294678e-02,1.083510220050811768e-01,-1.637033559381961823e-02,-1.561094373464584351e-01,-3.445331156253814697e-01,2.405162304639816284e-01
-5.273668467998504639e-02
-1.852266788482666016e-01,-2.079944461584091187e-01,2.254905104637145996e-01,2.353195995092391968e-01,1.010786369442939758e-01,1.112018674612045288e-01,1.010786369442939758e-01,2.353195995092391968e-01,2.254905104637145996e-01,-2.079944461584091187e-01,-1.852266788482666016e-01
2.703856527805328369e-01,-3.591147661209106445e-01,-1.651182770729064941e-01,-8.697388321161270142e-02,6.760201882570981979e-03,-6.016093306243419647e-03,6.760201882570981979e-03,-8.697388321161270142e-02,-1.651182770729064941e-01,-3.591147661209106445e-01,2.703856527805328369e-01
-5.402555316686630249e-02
-2.708983719348907471e-01,-3.035359084606170654e-01,1.278712302446365356e-01,2.100807726383209229e-01,1.426932662725448608e-01,1.415952891111373901e-01,1.426932662725448608e-01,2.100807726383209229e-01,1.278712302446365356e-01,-3.035359084606170654e-01,-2.708983719348907471e-01
2.682224214076995850e-01,-3.405588865280151367e-01,-1.621986329555511475e-01,-4.237414523959159851e-02,9.424605220556259155e-02,4.412142559885978699e-02,9.424605220556259155e-02,-4.237414523959159851e-02,-1.621986329555511475e-01,-3.405588865280151367e-01,2.682224214076995850e-01
-5.532475188374519348e-02
-1.846818029880523682e-01,-2.831620872020721436e-01,2.164796292781829834e-01,2.180634737014770508e-01,1.273487061262130737e-01,1.096286252140998840e-01,1.273487061262130737e-01,2.180634737014770508e-01,2.164796292781829834e-01,-2.831620872020721436e-01,-1.846818029880523682e-01
3.015873730182647705e-01,-3.456381857395172119e-01,-2.001391202211380005e-01,-1.151663959026336670e-01,3.606125712394714355e-02,1.596411131322383881e-02,3.606125712394714355e-02,-1.151663959026336670e-01,-2.001391202211380005e-01,-3.456381857395172119e-01,3.015873730182647705e-01
-5.663419887423515320e-02
-1.495157480239868164e-01,-3.133043646812438965e-01,2.044698297977447510e-01,2.125611901283264160e-01,1.506064981222152710e-01,1.201458126306533813e-01,1.506064981222152710e-01,2.125611901283264160e-01,2.044698297977447510e-01,-3.133043646812438965e-01,-1.495157480239868164e-01
2.896822392940521240e-01,-3.403645157814025879e-01,-1.988066434860229492e-01,-9.110560268163681030e-02,4.175805300474166870e-02,9.441420435905456543e-03,4.175805300474166870e-02,-9.110560268163681030e-02,-1.988066434860229492e-01,-3.403645157814025879e-01,2.896822392940521240e-01
-5.795381590723991394e-02
-7.404449582099914551e-02,-3.023932874202728271e-01,2.600878179073333740e-01,2.310528159141540527e-01,1.716276258230209351e-01,1.304827630519866943e-01,1.716276258230209351e-01,2.310528159141540527e-01,2.600878179073333740e-01,-3.023932874202728271e-01,-7.404449582099914551e-02
2.954580187797546387e-01,-3.306663334369659424e-01,-2.048131376504898071e-01,-1.009289622306823730e-01,1.454248372465372086e-02,1.362209790386259556e-03,1.454248372465372086e-02,-1.009289622306823730e-01,-2.048131376504898071e-01,-3.306663334369659424e-01,2.954580187797546387e-01
-5.928352475166320801e-02
-5.522665381431579590e-02,-3.192152976989746094e-01,2.780476212501525879e-01,2.213645726442337036e-01,1.787378340959548950e-01,1.284809559583663940e-01,1.787378340959548950e-01,2.213645726442337036e-01,2.780476212501525879e-01,-3.192152976989746094e-01,-5.522665381431579590e-02
2.946821749210357666e-01,-3.040651381015777588e-01,-2.273076474666595459e-01,-1.419388949871063232e-01,1.320341881364583969e-02,3.424167260527610779e-02,1.320341881364583969e-02,-1.419388949871063232e-01,-2.273076474666595459e-01,-3.040651381015777588e-01,2.946821749210357666e-01
-6.062324717640876770e-02
-1.978973858058452606e-02,-3.367868661880493164e-01,2.842952609062194824e-01,2.123686373233795166e-01,1.889705657958984375e-01,1.301663368940353394e-01,1.889705657958984375e-01,2.123686373233795166e-01,2.842952609062194824e-01,-3.367868661880493164e-01,-1.978973858058452606e-02
2.951106429100036621e-01,-2.850657999515533447e-01,-2.485526949167251587e-01,-1.513057053089141846e-01,1.009595952928066254e-02,4.929333180189132690e-02,1.009595952928066254e-02,-1.513057053089141846e-01,-2.485526949167251587e-01,-2.850657999515533447e-01,2.951106429100036621e-01
-6.197291612625122070e-02
-3.781029721722006798e-03,-3.531876802444458008e-01,2.803075611591339111e-01,1.952595710754394531e-01,1.938569396734237671e-01,1.302540451288223267e-01,1.938569396734237671e-01,1.952595710754394531e-01,2.803075611591339111e-01,-3.531876802444458008e-01,-3.781029721722006798e-03
2.815400063991546631e-01,-2.575371861457824707e-01,-2.658382952213287354e-01,-1.612078994512557983e-01,1.373712811619043350e-02,6.547890603542327881e-02,1.373712811619043350e-02,-1.612078994512557983e-01,-2.658382952213287354e-01,-2.575371861457824707e-01,2.815400063991546631e-01
-6.333244591951370239e-02
3.241402283310890198e-02,-3.665485680103302002e-01,2.764040231704711914e-01,1.944795399904251099e-01,2.165648490190505981e-01,1.452685594558715820e-01,2.165648490190505981e-01,1.944795399904251099e-01,2.764040231704711914e-01,-3.665485680103302002e-01,3.241402283310890198e-02
2.721759676933288574e-01,-2.382038533687591553e-01,-2.804604470729827881e-01,-1.496689766645431519e-01,1.802672259509563446e-02,8.282975852489471436e-02,1.802672259509563446e-02,-1.496689766645431519e-01,-2.804604470729827881e-01,-2.382038533687591553e-01,2.721759676933288574e-01
-6.470178067684173584e-02
7.071540504693984985e-02,-3.722651004791259766e-01,2.790131866931915283e-01,1.865618824958801270e-01,2.254855483770370483e-01,1.534963846206665039e-01,2.254855483770370483e-01,1.865618824958801270e-01,2.790131866931915283e-01,-3.722651004791259766e-01,7.071540504693984985e-02
2.709496617317199707e-01,-1.940503418445587158e-01,-2.933194041252136230e-01,-1.448211669921875000e-01,3.136003389954566956e-02,1.126374974846839905e-01,3.136003389954566956e-02,-1.448211669921875000e-01,-2.933194041252136230e-01,-1.940503418445587158e-01,2.709496617317199707e-01
-6.608083844184875488e-02
8.950698375701904297e-02,-3.937122821807861328e-01,2.483397275209426880e-01,1.803035885095596313e-01,2.261485904455184937e-01,1.488839387893676758e-01,2.261485904455184937e-01,1.803035885095596313e-01,2.483397275209426880e-01,-3.937122821807861328e-01,8.950698375701904297e-02
2.611492276191711426e-01,-1.664949059486389160e-01,-3.042738139629364014e-01,-1.163711175322532654e-01,3.859054297208786011e-02,1.113360449671745300e-01,3.859054297208786011e-02,-1.163711175322532654e-01,-3.042738139629364014e-01,-1.664949059486389160e-01,2.611492276191711426e-01
-6.746955960988998413e-02
1.191431507468223572e-01,-3.900156021118164062e-01,2.484050691127777100e-01,1.660444885492324829e-01,2.227096110582351685e-01,1.522372364997863770e-01,2.227096110582351685e-01,1.660444885492324829e-01,2.484050691127777100e-01,-3.900156021118164062e-01,1.191431507468223572e-01
2.510139048099517822e-01,-1.244282647967338562e-01,-3.190989494323730469e-01,-1.222388297319412231e-01,6.256124377250671387e-02,1.555534601211547852e-01,6.256124377250671387e-02,-1.222388297319412231e-01,-3.190989494323730469e-01,-1.244282647967338562e-01,2.510139048099517822e-01
-6.886786967515945435e-02
1.640717387199401855e-01,-3.917837142944335938e-01,2.277575135231018066e-01,1.742855012416839600e-01,2.305096089839935303e-01,1.572130620479583740e-01,2.305096089839935303e-01,1.742855012416839600e-01,2.277575135231018066e-01,-3.917837142944335938e-01,1.640717387199401855e-01
2.309203296899795532e-01,-8.304282277822494507e-02,-3.057931661605834961e-01,-6.945672631263732910e-02,7.086649537086486816e-02,1.526060551404953003e-01,7.086649537086486816e-02,-6.945672631263732910e-02,-3.057931661605834961e-01,-8.304282277822494507e-02,2.309203296899795532e-01
-7.027571648359298706e-02
1.997016072273254395e-01,-3.779932558536529541e-01,2.391128689050674438e-01,1.717800498008728027e-01,2.281145751476287842e-01,1.691054701805114746e-01,2.281145751476287842e-01,1.717800498008728027e-01,2.391128689050674438e-01,-3.779932558536529541e-01,1.997016072273254395e-01
2.285728901624679565e-01,-4.228280112147331238e-02,-3.205345273017883301e-01,-7.229771465063095093e-02,9.418163448572158813e-02,2.004866600036621094e-01,9.418163448572158813e-02,-7.229771465063095093e-02,-3.205345273017883301e-01,-4.228280112147331238e-02,2.285728901624679565e-01
-7.169301807880401611e-02
2.315553426742553711e-01,-3.756627142429351807e-01,2.243864685297012329e-01,1.773109436035156250e-01,2.328191697597503662e-01,1.827051937580108643e-01,2.328191697597503662e-01,1.773109436035156250e-01,2.243864685297012329e-01,-3.756627142429351807e-01,2.315553426742553711e-01
2.195342332124710083e-01,-6.145254243165254593e-03,-3.240431547164916992e-01,-4.111270233988761902e-02,1.149545833468437195e-01,2.186636626720428467e-01,1.149545833468437195e-01,-4.111270233988761902e-02,-3.240431547164916992e-01,-6.145254243165254593e-03,2.195342332124710083e-01
-7.311972230672836304e-02
1.846475899219512939e-01,-4.309738576412200928e-01,1.694474518299102783e-01,1.787266433238983154e-01,2.409450262784957886e-01,1.931487172842025757e-01,2.409450262784957886e-01,1.787266433238983154e-01,1.694474518299102783e-01,-4.309738576412200928e-01,1.846475899219512939e-01
1.918822675943374634e-01,-5.777434911578893661e-03,-3.397271633148193359e-01,-2.293212525546550751e-02,7.899159938097000122e-02,1.744666248559951782e-01,7.899159938097000122e-02,-2.293212525546550751e-02,-3.397271633148193359e-01,-5.777434911578893661e-03,1.918822675943374634e-01
-7.455576956272125244e-02
2.531918287277221680e-01,-4.246569573879241943e-01,1.358872950077056885e-01,2.102721631526947021e-01,2.487404793500900269e-01,1.849100589752197266e-01,2.487404793500900269e-01,2.102721631526947021e-01,1.358872950077056885e-01,-4.246569573879241943e-01,2.531918287277221680e-01
1.731542944908142090e-01,4.840351268649101257e-02,-3.267983496189117432e-01,1.275095716118812561e-02,1.385321617126464844e-01,2.435817569494247437e-01,1.385321617126464844e-01,1.275095716118812561e-02,-3.267983496189117432e-01,4.840351268649101257e-02,1.731542944908142090e-01
-7.600108534097671509e-02
3.760996460914611816e-01,-3.292537033557891846e-01,1.386770308017730713e-01,1.863246262073516846e-01,2.221828997135162354e-01,1.629765629768371582e-01,2.221828997135162354e-01,1.863246262073516846e-01,1.386770308017730713e-01,-3.292537033557891846e-01,3.760996460914611816e-01
1.698581725358963013e-01,1.706114858388900757e-01,-2.586817443370819092e-01,9.132683277130126953e-02,2.149480283260345459e-01,3.266812860965728760e-01,2.149480283260345459e-01,9.132683277130126953e-02,-2.586817443370819092e-01,1.706114858388900757e-01,1.698581725358963013e-01
-7.745563238859176636e-02
4.271785914897918701e-01,-2.781984806060791016e-01,1.423174589872360229e-01,1.823218911886215210e-01,1.877028793096542358e-01,1.259972304105758667e-01,1.877028793096542358e-01,1.823218911886215210e-01,1.423174589872360229e-01,-2.781984806060791016e-01,4.271785914897918701e-01
1.366375684738159180e-01,2.018142938613891602e-01,-2.374760955572128296e-01,1.239020079374313354e-01,2.101924866437911987e-01,3.229525089263916016e-01,2.101924866437911987e-01,1.239020079374313354e-01,-2.374760955572128296e-01,2.018142938613891602e-01,1.366375684738159180e-01
-7.891933619976043701e-02
3.850814104080200195e-01,-3.575949668884277344e-01,7.819782942533493042e-02,2.009916454553604126e-01,2.204104065895080566e-01,1.810990869998931885e-01,2.204104065895080566e-01,2.009916454553604126e-01,7.819782942533493042e-02,-3.575949668884277344e-01,3.850814104080200195e-01
1.129065752029418945e-01,2.124102413654327393e-01,-2.594002783298492432e-01,1.215806677937507629e-01,2.205566018819808960e-01,3.170775473117828369e-01,2.205566018819808960e-01,1.215806677937507629e-01,-2.594002783298492432e-01,2.124102413654327393e-01,1.129065752029418945e-01
-8.039214462041854858e-02
2.813543379306793213e-01,-4.444350600242614746e-01,3.454253450036048889e-02,2.287391871213912964e-01,2.588529586791992188e-01,2.399087995290756226e-01,2.588529586791992188e-01,2.287391871213912964e-01,3.454253450036048889e-02,-4.444350600242614746e-01,2.813543379306793213e-01
1.029553040862083435e-01,1.792249977588653564e-01,-3.166286349296569824e-01,7.295980304479598999e-02,1.535978317260742188e-01,2.429658770561218262e-01,1.535978317260742188e-01,7.295980304479598999e-02,-3.166286349296569824e-01,1.792249977588653564e-01,1.029553040862083435e-01
-8.187400549650192261e-02
4.551639556884765625e-01,-1.155784800648689270e-01,2.534435689449310303e-01,2.544044852256774902e-01,7.317442446947097778e-02,1.009837538003921509e-02,7.317442446947097778e-02,2.544044852256774902e-01,2.534435689449310303e-01,-1.155784800648689270e-01,4.551639556884765625e-01
5.299317836761474609e-02,3.320340216159820557e-01,-8.880523592233657837e-02,2.373586595058441162e-01,1.349170506000518799e-01,2.318668067455291748e-01,1.349170506000518799e-01,2.373586595058441162e-01,-8.880523592233657837e-02,3.320340216159820557e-01,5.299317836761474609e-02
-8.336485922336578369e-02
4.597264230251312256e-01,-8.733421564102172852e-02,2.563592493534088135e-01,2.542815804481506348e-01,3.279313072562217712e-02,-1.681517437100410461e-02,3.279313072562217712e-02,2.542815804481506348e-01,2.563592493534088135e-01,-8.733421564102172852e-02,4.597264230251312256e-01
7.484828121960163116e-03,3.481932878494262695e-01,-8.579748868942260742e-02,2.522566914558410645e-01,1.400904953479766846e-01,2.300701737403869629e-01,1.400904953479766846e-01,2.522566914558410645e-01,-8.579748868942260742e-02,3.481932878494262695e-01,7.484828121960163116e-03
-8.486464619636535645e-02
4.603614807128906250e-01,-5.120279639959335327e-02,2.587776482105255127e-01,2.469767183065414429e-01,-1.629126071929931641e-02,-4.555783420801162720e-02,-1.629126071929931641e-02,2.469767183065414429e-01,2.587776482105255127e-01,-5.120279639959335327e-02,4.603614807128906250e-01
-2.338353358209133148e-02,3.636264801025390625e-01,-7.979366928339004517e-02,2.545846700668334961e-01,1.371454149484634399e-01,2.214690595865249634e-01,1.371454149484634399e-01,2.545846700668334961e-01,-7.979366928339004517e-02,3.636264801025390625e-01,-2.338353358209133148e-02
-8.637332916259765625e-02
4.819836616516113281e-01,-1.403868347406387329e-01,1.062107980251312256e-01,2.217193841934204102e-01,1.038161739706993103e-01,9.351564198732376099e-02,1.038161739706993103e-01,2.217193841934204102e-01,1.062107980251312256e-01,-1.403868347406387329e-01,4.819836616516113281e-01
7.487077731639146805e-03,3.408047854900360107e-01,-1.920322626829147339e-01,1.681131124496459961e-01,1.643511056900024414e-01,2.667216956615447998e-01,1.643511056900024414e-01,1.681131124496459961e-01,-1.920322626829147339e-01,3.408047854900360107e-01,7.487077731639146805e-03
-8.789084106683731079e-02
4.485501646995544434e-01,-3.987788036465644836e-02,2.012371420860290527e-01,2.711208462715148926e-01,-8.090651035308837891e-02,-7.243385910987854004e-02,-8.090651035308837891e-02,2.711208462715148926e-01,2.012371420860290527e-01,-3.987788036465644836e-02,4.485501646995544434e-01
-1.426243931055068970e-01,2.825762331485748291e-01,-1.567658931016921997e-01,2.066818773746490479e-01,1.122080758213996887e-01,1.843689084053039551e-01,1.122080758213996887e-01,2.066818773746490479e-01,-1.567658931016921997e-01,2.825762331485748291e-01,-1.426243931055068970e-01
-8.941713720560073853e-02
4.484021961688995361e-01,4.377854522317647934e-03,2.393716871738433838e-01,2.803700566291809082e-01,-7.311549782752990723e-02,-6.901538372039794922e-02,-7.311549782752990723e-02,2.803700566291809082e-01,2.393716871738433838e-01,4.377854522317647934e-03,4.484021961688995361e-01
-1.102418601512908936e-01,3.414017856121063232e-01,-1.010284125804901123e-01,2.629695236682891846e-01,1.276095956563949585e-01,1.976636499166488647e-01,1.276095956563949585e-01,2.629695236682891846e-01,-1.010284125804901123e-01,3.414017856121063232e-01,-1.102418601512908936e-01
-9.095217287540435791e-02
4.619831740856170654e-01,-1.338619142770767212e-01,1.316986605525016785e-02,2.289995849132537842e-01,1.220458894968032837e-01,1.525216847658157349e-01,1.220458894968032837e-01,2.289995849132537842e-01,1.316986605525016785e-02,-1.338619142770767212e-01,4.619831740856170654e-01
-4.759158194065093994e-02,3.589337170124053955e-01,-2.251933217048645020e-01,1.382043957710266113e-01,1.912780106067657471e-01,2.764396965503692627e-01,1.912780106067657471e-01,1.382043957710266113e-01,-2.251933217048645020e-01,3.589337170124053955e-01,-4.759158194065093994e-02
-9.249588847160339355e-02
4.463940560817718506e-01,-1.543171256780624390e-01,-3.178226202726364136e-02,2.430381327867507935e-01,1.387227922677993774e-01,1.836865693330764771e-01,1.387227922677993774e-01,2.430381327867507935e-01,-3.178226202726364136e-02,-1.543171256780624390e-01,4.463940560817718506e-01
-7.599184662103652954e-02,3.612956702709197998e-01,-2.402991950511932373e-01,1.229670047760009766e-01,2.121303379535675049e-01,2.743160724639892578e-01,2.121303379535675049e-01,1.229670047760009766e-01,-2.402991950511932373e-01,3.612956702709197998e-01,-7.599184662103652954e-02
-9.404823929071426392e-02
3.774768114089965820e-01,-2.324817925691604614e-01,-1.010495200753211975e-01,2.744826078414916992e-01,1.918959617614746094e-01,2.501095235347747803e-01,1.918959617614746094e-01,2.744826078414916992e-01,-1.010495200753211975e-01,-2.324817925691604614e-01,3.774768114089965820e-01
-7.735920697450637817e-02,3.555818498134613037e-01,-2.717928886413574219e-01,8.140267431735992432e-02,2.114018201828002930e-01,2.417482286691665649e-01,2.114018201828002930e-01,8.140267431735992432e-02,-2.717928886413574219e-01,3.555818498134613037e-01,-7.735920697450637817e-02
-9.560918062925338745e-02
4.560351669788360596e-01,2.978289499878883362e-02,9.246958047151565552e-02,2.664179801940917969e-01,1.215462945401668549e-02,6.197818368673324585e-02,1.215462945401668549e-02,2.664179801940917969e-01,9.246958047151565552e-02,2.978289499878883362e-02,4.560351669788360596e-01
-1.014309078454971313e-01,3.994773626327514648e-01,-1.729562878608703613e-01,1.508670896291732788e-01,1.847194135189056396e-01,2.490564584732055664e-01,1.847194135189056396e-01,1.508670896291732788e-01,-1.729562878608703613e-01,3.994773626327514648e-01,-1.014309078454971313e-01
-9.717866033315658569e-02
4.602136909961700439e-01,-3.687799908220767975e-03,1.978815533220767975e-02,2.574500143527984619e-01,5.834842845797538757e-02,1.189969405531883240e-01,5.834842845797538757e-02,2.574500143527984619e-01,1.978815533220767975e-02,-3.687799908220767975e-03,4.602136909961700439e-01
-1.090540662407875061e-01,3.988143205642700195e-01,-1.907397657632827759e-01,1.266817599534988403e-01,1.975121051073074341e-01,2.457678616046905518e-01,1.975121051073074341e-01,1.266817599534988403e-01,-1.907397657632827759e-01,3.988143205642700195e-01,-1.090540662407875061e-01
-9.875663369894027710e-02
3.635699748992919922e-01,-1.819829940795898438e-01,-1.372663974761962891e-01,3.041842281818389893e-01,1.860754340887069702e-01,2.587625682353973389e-01,1.860754340887069702e-01,3.041842281818389893e-01,-1.372663974761962891e-01,-1.819829940795898438e-01,3.635699748992919922e-01
-1.345302909612655640e-01,3.814819753170013428e-01,-2.403564155101776123e-01,6.927593797445297241e-02,2.213390171527862549e-01,1.907528787851333618e-01,2.213390171527862549e-01,6.927593797445297241e-02,-2.403564155101776123e-01,3.814819753170013428e-01,-1.345302909612655640e-01
-1.003430560231208801e-01
2.871298789978027344e-01,-2.508182227611541748e-01,-1.958400160074234009e-01,3.015964925289154053e-01,2.161249518394470215e-01,3.081218600273132324e-01,2.161249518394470215e-01,3.015964925289154053e-01,-1.958400160074234009e-01,-2.508182227611541748e-01,2.871298789978027344e-01
-6.353446096181869507e-02,3.646747767925262451e-01,-3.001388609409332275e-01,-1.130903419107198715e-02,1.639801859855651855e-01,1.567739695310592651e-01,1.639801859855651855e-01,-1.130903419107198715e-02,-3.001388609409332275e-01,3.646747767925262451e-01,-6.353446096181869507e-02
-1.019378826022148132e-01
3.521143794059753418e-01,-1.401313841342926025e-01,-1.517782658338546753e-01,3.190104961395263672e-01,1.852337121963500977e-01,2.664130032062530518e-01,1.852337121963500977e-01,3.190104961395263672e-01,-1.517782658338546753e-01,-1.401313841342926025e-01,3.521143794059753418e-01
-1.540223211050033569e-01,3.927513659000396729e-01,-2.239519208669662476e-01,5.210795253515243530e-02,2.312014698982238770e-01,1.659265160560607910e-01,2.312014698982238770e-01,5.210795253515243530e-02,-2.239519208669662476e-01,3.927513659000396729e-01,-1.540223211050033569e-01
-1.035410687327384949e-01
2.762893438339233398e-01,-2.156778126955032349e-01,-2.029557526111602783e-01,3.342413604259490967e-01,2.187046259641647339e-01,3.070835769176483154e-01,2.187046259641647339e-01,3.342413604259490967e-01,-2.029557526111602783e-01,-2.156778126955032349e-01,2.762893438339233398e-01
-1.003227755427360535e-01,3.944695889949798584e-01,-2.519854903221130371e-01,-1.141805853694677353e-02,1.392665952444076538e-01,6.134692952036857605e-02,1.392665952444076538e-01,-1.141805853694677353e-02,-2.519854903221130371e-01,3.944695889949798584e-01,-1.003227755427360535e-01
-1.051525771617889404e-01
3.093127310276031494e-01,-1.478776931762695312e-01,-1.797201633453369141e-01,3.509771525859832764e-01,2.028978019952774048e-01,2.842050492763519287e-01,2.028978019952774048e-01,3.509771525859832764e-01,-1.797201633453369141e-01,-1.478776931762695312e-01,3.093127310276031494e-01
-1.552757620811462402e-01,4.062645137310028076e-01,-2.083967775106430054e-01,1.852067932486534119e-02,1.989751011133193970e-01,7.354357093572616577e-02,1.989751011133193970e-01,1.852067932486534119e-02,-2.083967775106430054e-01,4.062645137310028076e-01,-1.552757620811462402e-01
-1.067723557353019714e-01
4.207731783390045166e-02,-3.611556887626647949e-01,-3.109506070613861084e-01,2.812932431697845459e-01,1.661660820245742798e-01,2.702695727348327637e-01,1.661660820245742798e-01,2.812932431697845459e-01,-3.109506070613861084e-01,-3.611556887626647949e-01,4.207731783390045166e-02
1.372886169701814651e-02,3.599624931812286377e-01,-2.815710902214050293e-01,-8.605053275823593140e-02,2.795915119349956512e-03,-6.759876012802124023e-02,2.795915119349956512e-03,-8.605053275823593140e-02,-2.815710902214050293e-01,3.599624931812286377e-01,1.372886169701814651e-02
-1.084003672003746033e-01
1.213402673602104187e-01,-2.948924005031585693e-01,-2.653408348560333252e-01,3.381032645702362061e-01,2.054491937160491943e-01,3.017006814479827881e-01,2.054491937160491943e-01,3.381032645702362061e-01,-2.653408348560333252e-01,-2.948924005031585693e-01,1.213402673602104187e-01
-3.052375465631484985e-02,3.903671503067016602e-01,-2.526767551898956299e-01,-8.031561225652694702e-02,-1.314668543636798859e-02,-1.212526112794876099e-01,-1.314668543636798859e-02,-8.031561225652694702e-02,-2.526767551898956299e-01,3.903671503067016602e-01,-3.052375465631484985e-02
-1.100365743041038513e-01
2.001861780881881714e-01,-2.027141451835632324e-01,-2.430163621902465820e-01,3.579680323600769043e-01,2.221900671720504761e-01,3.124332129955291748e-01,2.221900671720504761e-01,3.579680323600769043e-01,-2.430163621902465820e-01,-2.027141451835632324e-01,2.001861780881881714e-01
-8.271703124046325684e-02,4.011232256889343262e-01,-2.339584827423095703e-01,-8.000572025775909424e-02,4.770819097757339478e-02,-7.725153863430023193e-02,4.770819097757339478e-02,-8.000572025775909424e-02,-2.339584827423095703e-01,4.011232256889343262e-01,-8.271703124046325684e-02
-1.116809248924255371e-01
3.136221766471862793e-01,-3.592427447438240051e-02,-1.791262030601501465e-01,3.634383678436279297e-01,1.873746514320373535e-01,2.683895528316497803e-01,1.873746514320373535e-01,3.634383678436279297e-01,-1.791262030601501465e-01,-3.592427447438240051e-02,3.136221766471862793e-01
-1.991323381662368774e-01,3.978950381278991699e-01,-1.758467704057693481e-01,-1.915185898542404175e-02,2.447262555360794067e-01,7.074525952339172363e-02,2.447262555360794067e-01,-1.915185898542404175e-02,-1.758467704057693481e-01,3.978950381278991699e-01,-1.991323381662368774e-01
-1.133333891630172729e-01
3.063171505928039551e-01,-2.427265420556068420e-02,-1.902003139257431030e-01,3.635647296905517578e-01,1.931461691856384277e-01,2.731622457504272461e-01,1.931461691856384277e-01,3.635647296905517578e-01,-1.902003139257431030e-01,-2.427265420556068420e-02,3.063171505928039551e-01
-2.011584341526031494e-01,3.960940241813659668e-01,-1.727021932601928711e-01,-3.880961984395980835e-02,2.393002361059188843e-01,6.151681393384933472e-02,2.393002361059188843e-01,-3.880961984395980835e-02,-1.727021932601928711e-01,3.960940241813659668e-01,-2.011584341526031494e-01
-1.149939149618148804e-01
1.907623559236526489e-01,-1.618742495775222778e-01,-2.653869390487670898e-01,3.600438237190246582e-01,2.265235781669616699e-01,3.118603825569152832e-01,2.265235781669616699e-01,3.600438237190246582e-01,-2.653869390487670898e-01,-1.618742495775222778e-01,1.907623559236526489e-01
-8.384402841329574585e-02,3.997295200824737549e-01,-2.137865871191024780e-01,-1.212226152420043945e-01,4.810221120715141296e-02,-1.012731716036796570e-01,4.810221120715141296e-02,-1.212226152420043945e-01,-2.137865871191024780e-01,3.997295200824737549e-01,-8.384402841329574585e-02
-1.166624799370765686e-01
1.451809704303741455e-01,-1.940327882766723633e-01,-2.967758178710937500e-01,3.374037146568298340e-01,2.209543287754058838e-01,3.130898475646972656e-01,2.209543287754058838e-01,3.374037146568298340e-01,-2.967758178710937500e-01,-1.940327882766723633e-01,1.451809704303741455e-01
-3.654494509100914001e-02,3.826686441898345947e-01,-2.322349250316619873e-01,-1.542316824197769165e-01,3.159971162676811218e-02,-1.065078899264335632e-01,3.159971162676811218e-02,-1.542316824197769165e-01,-2.322349250316619873e-01,3.826686441898345947e-01,-3.654494509100914001e-02
-1.183390393853187561e-01
1.742498427629470825e-01,-1.489016711711883545e-01,-2.829802930355072021e-01,3.501203060150146484e-01,2.305463552474975586e-01,3.148591816425323486e-01,2.305463552474975586e-01,3.501203060150146484e-01,-2.829802930355072021e-01,-1.489016711711883545e-01,1.742498427629470825e-01
-6.288316100835800171e-02,3.873352110385894775e-01,-2.131121158599853516e-01,-1.551537364721298218e-01,4.801849648356437683e-02,-1.102257072925567627e-01,4.801849648356437683e-02,-1.551537364721298218e-01,-2.131121158599853516e-01,3.873352110385894775e-01,-6.288316100835800171e-02
-1.200235486030578613e-01
7.108329981565475464e-02,-2.336084246635437012e-01,-3.348809480667114258e-01,3.154040873050689697e-01,2.060823142528533936e-01,2.961861491203308105e-01,2.060823142528533936e-01,3.154040873050689697e-01,-3.348809480667114258e-01,-2.336084246635437012e-01,7.108329981565475464e-02
1.018677838146686554e-02,3.695315122604370117e-01,-2.211842983961105347e-01,-1.766912937164306641e-01,2.049231342971324921e-02,-1.405512243509292603e-01,2.049231342971324921e-02,-1.766912937164306641e-01,-2.211842983961105347e-01,3.695315122604370117e-01,1.018677838146686554e-02
-1.217159777879714966e-01
1.908176392316818237e-01,-1.022659465670585632e-01,-2.856354713439941406e-01,3.446083068847656250e-01,2.405250668525695801e-01,3.192962110042572021e-01,2.405250668525695801e-01,3.446083068847656250e-01,-2.856354713439941406e-01,-1.022659465670585632e-01,1.908176392316818237e-01
-6.754899024963378906e-02,3.803103864192962646e-01,-1.988693475723266602e-01,-1.760841012001037598e-01,7.071056962013244629e-02,-9.974579513072967529e-02,7.071056962013244629e-02,-1.760841012001037598e-01,-1.988693475723266602e-01,3.803103864192962646e-01,-6.754899024963378906e-02
-1.234162896871566772e-01
1.577122807502746582e-01,-1.263907402753829956e-01,-2.982673645019531250e-01,3.457025885581970215e-01,2.415485829114913940e-01,3.142262101173400879e-01,2.415485829114913940e-01,3.457025885581970215e-01,-2.982673645019531250e-01,-1.263907402753829956e-01,1.577122807502746582e-01
-4.716966301202774048e-02,3.829845488071441650e-01,-1.885014474391937256e-01,-1.880945414304733276e-01,4.208140447735786438e-02,-1.417803019285202026e-01,4.208140447735786438e-02,-1.880945414304733276e-01,-1.885014474391937256e-01,3.829845488071441650e-01,-4.716966301202774048e-02
-1.251244395971298218e-01
1.897332519292831421e-01,-7.863116264343261719e-02,-3.003220856189727783e-01,3.270912766456604004e-01,2.511936426162719727e-01,3.280405104160308838e-01,2.511936426162719727e-01,3.270912766456604004e-01,-3.003220856189727783e-01,-7.863116264343261719e-02,1.897332519292831421e-01
-4.649389162659645081e-02,3.667609989643096924e-01,-1.966707110404968262e-01,-2.065053284168243408e-01,8.146786689758300781e-02,-9.026607125997543335e-02,8.146786689758300781e-02,-2.065053284168243408e-01,-1.966707110404968262e-01,3.667609989643096924e-01,-4.649389162659645081e-02
-1.268403977155685425e-01
2.418475300073623657e-01,2.364431740716099739e-03,-2.711557149887084961e-01,3.410546183586120605e-01,2.528186440467834473e-01,3.124094307422637939e-01,2.528186440467834473e-01,3.410546183586120605e-01,-2.711557149887084961e-01,2.364431740716099739e-03,2.418475300073623657e-01
-1.235117986798286438e-01,3.703949153423309326e-01,-1.524161547422409058e-01,-1.827557086944580078e-01,1.456412225961685181e-01,-5.340559408068656921e-02,1.456412225961685181e-01,-1.827557086944580078e-01,-1.524161547422409058e-01,3.703949153423309326e-01,-1.235117986798286438e-01
-1.285641342401504517e-01
1.847503036260604858e-01,-6.081954017281532288e-02,-3.046170473098754883e-01,3.207378089427947998e-01,2.616215348243713379e-01,3.284586668014526367e-01,2.616215348243713379e-01,3.207378089427947998e-01,-3.046170473098754883e-01,-6.081954017281532288e-02,1.847503036260604858e-01
-3.602584451436996460e-02,3.589224219322204590e-01,-1.821957230567932129e-01,-2.262289077043533325e-01,8.260653913021087646e-02,-1.051396876573562622e-01,8.260653913021087646e-02,-2.262289077043533325e-01,-1.821957230567932129e-01,3.589224219322204590e-01,-3.602584451436996460e-02
-1.302956044673919678e-01
2.381027340888977051e-01,2.463839016854763031e-02,-2.721039354801177979e-01,3.287078440189361572e-01,2.634464800357818604e-01,3.155004978179931641e-01,2.634464800357818604e-01,3.287078440189361572e-01,-2.721039354801177979e-01,2.463839016854763031e-02,2.381027340888977051e-01
-1.059037819504737854e-01,3.552415668964385986e-01,-1.431451439857482910e-01,-2.000518590211868286e-01,1.536531448364257812e-01,-6.221197918057441711e-02,1.536531448364257812e-01,-2.000518590211868286e-01,-1.431451439857482910e-01,3.552415668964385986e-01,-1.059037819504737854e-01
-1.320347785949707031e-01
1.784248501062393188e-01,-4.635506495833396912e-02,-3.051936328411102295e-01,3.231051266193389893e-01,2.730927467346191406e-01,3.214520514011383057e-01,2.730927467346191406e-01,3.231051266193389893e-01,-3.051936328411102295e-01,-4.635506495833396912e-02,1.784248501062393188e-01
-4.214981570839881897e-02,3.587396740913391113e-01,-1.548806875944137573e-01,-2.385401278734207153e-01,8.024939149618148804e-02,-1.301140636205673218e-01,8.024939149618148804e-02,-2.385401278734207153e-01,-1.548806875944137573e-01,3.587396740913391113e-01,-4.214981570839881897e-02
-1.337816268205642700e-01
1.846965402364730835e-01,-2.525884471833705902e-02,-2.968312501907348633e-01,3.203526735305786133e-01,2.804999947547912598e-01,3.237031102180480957e-01,2.804999947547912598e-01,3.203526735305786133e-01,-2.968312501907348633e-01,-2.525884471833705902e-02,1.846965402364730835e-01
-3.791889920830726624e-02,3.507361412048339844e-01,-1.480790823698043823e-01,-2.436586767435073853e-01,8.654257655143737793e-02,-1.278741955757141113e-01,8.654257655143737793e-02,-2.436586767435073853e-01,-1.480790823698043823e-01,3.507361412048339844e-01,-3.791889920830726624e-02
-1.355361044406890869e-01
1.484134793281555176e-01,-5.593451857566833496e-02,-3.106273114681243896e-01,3.103243410587310791e-01,2.801336348056793213e-01,3.182543814182281494e-01,2.801336348056793213e-01,3.103243410587310791e-01,-3.106273114681243896e-01,-5.593451857566833496e-02,1.484134793281555176e-01
-4.544915631413459778e-03,3.462121486663818359e-01,-1.470711827278137207e-01,-2.587288618087768555e-01,6.538815051317214966e-02,-1.597632020711898804e-01,6.538815051317214966e-02,-2.587288618087768555e-01,-1.470711827278137207e-01,3.462121486663818359e-01,-4.544915631413459778e-03
-1.372981965541839600e-01
1.507303714752197266e-01,-4.000702872872352600e-02,-3.074835836887359619e-01,3.055618405342102051e-01,2.864446043968200684e-01,3.176953494548797607e-01,2.864446043968200684e-01,3.055618405342102051e-01,-3.074835836887359619e-01,-4.000702872872352600e-02,1.507303714752197266e-01
-6.093543488532304764e-03,3.429807126522064209e-01,-1.344402283430099487e-01,-2.607352137565612793e-01,6.658376753330230713e-02,-1.670662611722946167e-01,6.658376753330230713e-02,-2.607352137565612793e-01,-1.344402283430099487e-01,3.429807126522064209e-01,-6.093543488532304764e-03
-1.390678435564041138e-01
1.493717730045318604e-01,-3.710543364286422729e-02,-3.092274963855743408e-01,2.948194444179534912e-01,2.924754619598388672e-01,3.203619122505187988e-01,2.924754619598388672e-01,2.948194444179534912e-01,-3.092274963855743408e-01,-3.710543364286422729e-02,1.493717730045318604e-01
1.246720831841230392e-02,3.292626440525054932e-01,-1.384290158748626709e-01,-2.709998190402984619e-01,7.109399139881134033e-02,-1.628252118825912476e-01,7.109399139881134033e-02,-2.709998190402984619e-01,-1.384290158748626709e-01,3.292626440525054932e-01,1.246720831841230392e-02
-1.408450454473495483e-01
1.133266538381576538e-01,-7.800091058015823364e-02,-3.253995478153228760e-01,2.871026098728179932e-01,2.907098829746246338e-01,3.099606633186340332e-01,2.907098829746246338e-01,2.871026098728179932e-01,-3.253995478153228760e-01,-7.800091058015823364e-02,1.133266538381576538e-01
5.193985626101493835e-02,3.220931887626647949e-01,-1.402399092912673950e-01,-2.862344980239868164e-01,6.235675886273384094e-02,-1.775159984827041626e-01,6.235675886273384094e-02,-2.862344980239868164e-01,-1.402399092912673950e-01,3.220931887626647949e-01,5.193985626101493835e-02
-1.426297426223754883e-01
1.047255173325538635e-01,-7.868608087301254272e-02,-3.243465125560760498e-01,2.836388051509857178e-01,2.944373488426208496e-01,3.041287958621978760e-01,2.944373488426208496e-01,2.836388051509857178e-01,-3.243465125560760498e-01,-7.868608087301254272e-02,1.047255173325538635e-01
6.713771820068359375e-02,3.184449374675750732e-01,-1.292051374912261963e-01,-2.904124557971954346e-01,5.542997643351554871e-02,-1.819185465574264526e-01,5.542997643351554871e-02,-2.904124557971954346e-01,-1.292051374912261963e-01,3.184449374675750732e-01,6.713771820068359375e-02
-1.444219201803207397e-01
2.363198846578598022e-01,1.216670200228691101e-01,-2.594689726829528809e-01,2.794456779956817627e-01,3.043646216392517090e-01,2.954615354537963867e-01,3.043646216392517090e-01,2.794456779956817627e-01,-2.594689726829528809e-01,1.216670200228691101e-01,2.363198846578598022e-01
-1.006697490811347961e-01,2.939488887786865234e-01,-7.374623417854309082e-02,-2.275758236646652222e-01,1.831202507019042969e-01,-7.316835224628448486e-02,1.831202507019042969e-01,-2.275758236646652222e-01,-7.374623417854309082e-02,2.939488887786865234e-01,-1.006697490811347961e-01
-1.462215334177017212e-01
1.732651442289352417e-01,1.259582117199897766e-02,-2.943212687969207764e-01,2.828800380229949951e-01,3.165588676929473877e-01,3.035600483417510986e-01,3.165588676929473877e-01,2.828800380229949951e-01,-2.943212687969207764e-01,1.259582117199897766e-02,1.732651442289352417e-01
1.469034701585769653e-02,3.043473660945892334e-01,-1.096438243985176086e-01,-2.867598533630371094e-01,9.404406696557998657e-02,-1.692680567502975464e-01,9.404406696557998657e-02,-2.867598533630371094e-01,-1.096438243985176086e-01,3.043473660945892334e-01,1.469034701585769653e-02
-1.480285674333572388e-01
1.080828234553337097e-01,-6.581219285726547241e-02,-3.166577517986297607e-01,2.965132594108581543e-01,3.161318004131317139e-01,2.705437242984771729e-01,3.161318004131317139e-01,2.965132594108581543e-01,-3.166577517986297607e-01,-6.581219285726547241e-02,1.080828234553337097e-01
6.559702754020690918e-02,3.042913973331451416e-01,-1.149405837059020996e-01,-3.115593791007995605e-01,6.426868587732315063e-02,-2.036697417497634888e-01,6.426868587732315063e-02,-3.115593791007995605e-01,-1.149405837059020996e-01,3.042913973331451416e-01,6.559702754020690918e-02
-1.498429775238037109e-01
1.723868995904922485e-01,3.839933127164840698e-02,-2.874491810798645020e-01,2.869101762771606445e-01,3.285068273544311523e-01,2.758805155754089355e-01,3.285068273544311523e-01,2.869101762771606445e-01,-2.874491810798645020e-01,3.839933127164840698e-02,1.723868995904922485e-01
-1.134454179555177689e-02,3.111514151096343994e-01,-7.977198809385299683e-02,-2.910064458847045898e-01,1.085729375481605530e-01,-1.803411990404129028e-01,1.085729375481605530e-01,-2.910064458847045898e-01,-7.977198809385299683e-02,3.111514151096343994e-01,-1.134454179555177689e-02
-1.516647487878799438e-01
1.235097944736480713e-01,-3.853283822536468506e-02,-3.044846355915069580e-01,2.859798073768615723e-01,3.274674117565155029e-01,2.696960866451263428e-01,3.274674117565155029e-01,2.859798073768615723e-01,-3.044846355915069580e-01,-3.853283822536468506e-02,1.235097944736480713e-01
5.153628066182136536e-02,3.018689751625061035e-01,-9.372708946466445923e-02,-3.184166550636291504e-01,7.448751479387283325e-02,-2.030468881130218506e-01,7.448751479387283325e-02,-3.184166550636291504e-01,-9.372708946466445923e-02,3.018689751625061035e-01,5.153628066182136536e-02
-1.534938365221023560e-01
1.158513799309730530e-01,-2.650313638150691986e-02,-2.986681163311004639e-01,2.838276326656341553e-01,3.334062099456787109e-01,2.585307061672210693e-01,3.334062099456787109e-01,2.838276326656341553e-01,-2.986681163311004639e-01,-2.650313638150691986e-02,1.158513799309730530e-01
4.416989907622337341e-02,3.028146326541900635e-01,-7.889757305383682251e-02,-3.179275393486022949e-01,7.168615609407424927e-02,-2.149117439985275269e-01,7.168615609407424927e-02,-3.179275393486022949e-01,-7.889757305383682251e-02,3.028146326541900635e-01,4.416989907622337341e-02
-1.553302258253097534e-01
1.225213110446929932e-01,-1.891662366688251495e-02,-2.996097505092620850e-01,2.715648710727691650e-01,3.362659215927124023e-01,2.554935216903686523e-01,3.362659215927124023e-01,2.715648710727691650e-01,-2.996097505092620850e-01,-1.891662366688251495e-02,1.225213110446929932e-01
5.260710418224334717e-02,2.913272380828857422e-01,-7.186802476644515991e-02,-3.191518783569335938e-01,7.862327992916107178e-02,-2.020022720098495483e-01,7.862327992916107178e-02,-3.191518783569335938e-01,-7.186802476644515991e-02,2.913272380828857422e-01,5.260710418224334717e-02
-1.571738719940185547e-01
1.455178409814834595e-01,2.095436910167336464e-03,-2.866199910640716553e-01,2.751817107200622559e-01,3.432002365589141846e-01,2.498782426118850708e-01,3.432002365589141846e-01,2.751817107200622559e-01,-2.866199910640716553e-01,2.095436910167336464e-03,1.455178409814834595e-01
3.638238832354545593e-02,2.776811718940734863e-01,-6.616702675819396973e-02,-3.257287442684173584e-01,8.390316367149353027e-02,-1.828112006187438965e-01,8.390316367149353027e-02,-3.257287442684173584e-01,-6.616702675819396973e-02,2.776811718940734863e-01,3.638238832354545593e-02
-1.590247601270675659e-01
9.547101706266403198e-02,-4.616689309477806091e-02,-2.929691374301910400e-01,2.718169391155242920e-01,3.401030600070953369e-01,2.367940843105316162e-01,3.401030600070953369e-01,2.718169391155242920e-01,-2.929691374301910400e-01,-4.616689309477806091e-02,9.547101706266403198e-02
5.938603729009628296e-02,2.835122346878051758e-01,-6.591524183750152588e-02,-3.332692682743072510e-01,6.335930526256561279e-02,-2.367787808179855347e-01,6.335930526256561279e-02,-3.332692682743072510e-01,-6.591524183750152588e-02,2.835122346878051758e-01,5.938603729009628296e-02
-1.608828604221343994e-01
9.452493488788604736e-02,-4.115184769034385681e-02,-2.941272258758544922e-01,2.632422745227813721e-01,3.470356762409210205e-01,2.305044382810592651e-01,3.470356762409210205e-01,2.632422745227813721e-01,-2.941272258758544922e-01,-4.115184769034385681e-02,9.452493488788604736e-02
6.390510499477386475e-02,2.855964899063110352e-01,-6.370005756616592407e-02,-3.415473699569702148e-01,7.101458311080932617e-02,-2.385033816099166870e-01,7.101458311080932617e-02,-3.415473699569702148e-01,-6.370005756616592407e-02,2.855964899063110352e-01,6.390510499477386475e-02
-1.627481281757354736e-01
4.009064659476280212e-02,-1.052886843681335449e-01,-3.161376416683197021e-01,2.525869607925415039e-01,3.434534668922424316e-01,2.146909385919570923e-01,3.434534668922424316e-01,2.525869607925415039e-01,-3.161376416683197021e-01,-1.052886843681335449e-01,4.009064659476280212e-02
1.163276880979537964e-01,2.635982036590576172e-01,-6.637321412563323975e-02,-3.504945337772369385e-01,6.390984356403350830e-02,-2.187981009483337402e-01,6.390984356403350830e-02,-3.504945337772369385e-01,-6.637321412563323975e-02,2.635982036590576172e-01,1.163276880979537964e-01
-1.646205633878707886e-01
1.473289877176284790e-01,3.427328541874885559e-02,-2.540648877620697021e-01,2.617055773735046387e-01,3.688931167125701904e-01,2.362172007560729980e-01,3.688931167125701904e-01,2.617055773735046387e-01,-2.540648877620697021e-01,3.427328541874885559e-02,1.473289877176284790e-01
2.267905138432979584e-02,2.722199857234954834e-01,-3.515712171792984009e-02,-3.272880911827087402e-01,1.005236878991127014e-01,-1.959873437881469727e-01,1.005236878991127014e-01,-3.272880911827087402e-01,-3.515712171792984009e-02,2.722199857234954834e-01,2.267905138432979584e-02
-1.665001064538955688e-01
1.556152012199163437e-02,-1.318840384483337402e-01,-3.275197446346282959e-01,2.282469421625137329e-01,3.404829502105712891e-01,1.968412548303604126e-01,3.404829502105712891e-01,2.282469421625137329e-01,-3.275197446346282959e-01,-1.318840384483337402e-01,1.556152012199163437e-02
1.389521360397338867e-01,2.483879476785659790e-01,-5.660645663738250732e-02,-3.615394532680511475e-01,5.828477814793586731e-02,-2.206924408674240112e-01,5.828477814793586731e-02,-3.615394532680511475e-01,-5.660645663738250732e-02,2.483879476785659790e-01,1.389521360397338867e-01
-1.683867722749710083e-01
1.364293545484542847e-01,2.193634770810604095e-02,-2.558483481407165527e-01,2.461067438125610352e-01,3.747242987155914307e-01,2.247887551784515381e-01,3.747242987155914307e-01,2.461067438125610352e-01,-2.558483481407165527e-01,2.193634770810604095e-02,1.364293545484542847e-01
2.499060519039630890e-02,2.693142294883728027e-01,-2.715220861136913300e-02,-3.452389240264892578e-01,9.007494151592254639e-02,-1.993317157030105591e-01,9.007494151592254639e-02,-3.452389240264892578e-01,-2.715220861136913300e-02,2.693142294883728027e-01,2.499060519039630890e-02
-1.702805012464523315e-01
8.990672230720520020e-02,-5.523636564612388611e-02,-2.753238677978515625e-01,2.382274717092514038e-01,3.733124434947967529e-01,2.156331092119216919e-01,3.733124434947967529e-01,2.382274717092514038e-01,-2.753238677978515625e-01,-5.523636564612388611e-02,8.990672230720520020e-02
1.029329225420951843e-01,2.481261789798736572e-01,-4.460287094116210938e-02,-3.555560410022735596e-01,6.643823534250259399e-02,-2.207606136798858643e-01,6.643823534250259399e-02,-3.555560410022735596e-01,-4.460287094116210938e-02,2.481261789798736572e-01,1.029329225420951843e-01
-1.721812635660171509e-01
2.581888064742088318e-02,-1.315878480672836304e-01,-3.149691820144653320e-01,2.198806703090667725e-01,3.581144511699676514e-01,1.806805729866027832e-01,3.581144511699676514e-01,2.198806703090667725e-01,-3.149691820144653320e-01,-1.315878480672836304e-01,2.581888064742088318e-02
1.417403519153594971e-01,2.401695400476455688e-01,-3.622892126441001892e-02,-3.677295148372650146e-01,5.190125480294227600e-02,-2.232725322246551514e-01,5.190125480294227600e-02,-3.677295148372650146e-01,-3.622892126441001892e-02,2.401695400476455688e-01,1.417403519153594971e-01
-1.740890592336654663e-01
4.538522288203239441e-02,-1.040270552039146423e-01,-2.886289954185485840e-01,2.103151082992553711e-01,3.738824129104614258e-01,2.059619873762130737e-01,3.738824129104614258e-01,2.103151082992553711e-01,-2.886289954185485840e-01,-1.040270552039146423e-01,4.538522288203239441e-02
1.525510698556900024e-01,2.349441498517990112e-01,-4.895584657788276672e-02,-3.685364127159118652e-01,5.996681377291679382e-02,-2.255469411611557007e-01,5.996681377291679382e-02,-3.685364127159118652e-01,-4.895584657788276672e-02,2.349441498517990112e-01,1.525510698556900024e-01
-1.760038435459136963e-01
7.693793624639511108e-02,-8.039929717779159546e-02,-2.795341312885284424e-01,2.262492328882217407e-01,3.845528662204742432e-01,1.901752501726150513e-01,3.845528662204742432e-01,2.262492328882217407e-01,-2.795341312885284424e-01,-8.039929717779159546e-02,7.693793624639511108e-02
1.069484949111938477e-01,2.518440485000610352e-01,-2.252210490405559540e-02,-3.726346194744110107e-01,5.065315589308738708e-02,-2.226761132478713989e-01,5.065315589308738708e-02,-3.726346194744110107e-01,-2.252210490405559540e-02,2.518440485000610352e-01,1.069484949111938477e-01
-1.779256016016006470e-01
-8.340845815837383270e-03,-1.490690708160400391e-01,-3.040847480297088623e-01,1.801830232143402100e-01,3.673323690891265869e-01,1.831695586442947388e-01,3.673323690891265869e-01,1.801830232143402100e-01,-3.040847480297088623e-01,-1.490690708160400391e-01,-8.340845815837383270e-03
1.866130828857421875e-01,2.196630686521530151e-01,-3.676112741231918335e-02,-3.738055825233459473e-01,5.134174227714538574e-02,-2.209535092115402222e-01,5.134174227714538574e-02,-3.738055825233459473e-01,-3.676112741231918335e-02,2.196630686521530151e-01,1.866130828857421875e-01
-1.798543035984039307e-01
1.634676307439804077e-01,3.673753887414932251e-02,-2.297223508358001709e-01,2.242088317871093750e-01,4.123160243034362793e-01,2.051023840904235840e-01,4.123160243034362793e-01,2.242088317871093750e-01,-2.297223508358001709e-01,3.673753887414932251e-02,1.634676307439804077e-01
3.113485686480998993e-02,2.441102564334869385e-01,4.460251424461603165e-03,-3.533673286437988281e-01,9.128150343894958496e-02,-1.835846751928329468e-01,9.128150343894958496e-02,-3.533673286437988281e-01,4.460251424461603165e-03,2.441102564334869385e-01,3.113485686480998993e-02
-1.817899197340011597e-01
-3.173594176769256592e-02,-1.766842454671859741e-01,-3.093427419662475586e-01,1.704617142677307129e-01,3.738423585891723633e-01,1.653218269348144531e-01,3.738423585891723633e-01,1.704617142677307129e-01,-3.093427419662475586e-01,-1.766842454671859741e-01,-3.173594176769256592e-02
2.116235643625259399e-01,1.936654746532440186e-01,-2.816530689597129822e-02,-3.737961053848266602e-01,4.623521864414215088e-02,-2.111922800540924072e-01,4.623521864414215088e-02,-3.737961053848266602e-01,-2.816530689597129822e-02,1.936654746532440186e-01,2.116235643625259399e-01
-1.837324351072311401e-01
3.944994509220123291e-02,-1.274819970130920410e-01,-2.891339361667633057e-01,1.771220862865447998e-01,3.941400647163391113e-01,1.776283681392669678e-01,3.941400647163391113e-01,1.771220862865447998e-01,-2.891339361667633057e-01,-1.274819970130920410e-01,3.944994509220123291e-02
1.731698811054229736e-01,2.166394889354705811e-01,-2.595329657196998596e-02,-3.839355409145355225e-01,4.792812839150428772e-02,-2.117677330970764160e-01,4.792812839150428772e-02,-3.839355409145355225e-01,-2.595329657196998596e-02,2.166394889354705811e-01,1.731698811054229736e-01
-1.856818199157714844e-01
2.497612498700618744e-02,-1.398040205240249634e-01,-2.814796268939971924e-01,1.715044677257537842e-01,3.968362808227539062e-01,1.761031001806259155e-01,3.968362808227539062e-01,1.715044677257537842e-01,-2.814796268939971924e-01,-1.398040205240249634e-01,2.497612498700618744e-02
1.933086365461349487e-01,2.120778858661651611e-01,-2.501212991774082184e-02,-3.812870979309082031e-01,4.038100689649581909e-02,-2.205806076526641846e-01,4.038100689649581909e-02,-3.812870979309082031e-01,-2.501212991774082184e-02,2.120778858661651611e-01,1.933086365461349487e-01
-1.876380443572998047e-01
-2.064606733620166779e-02,-1.718099117279052734e-01,-2.976592183113098145e-01,1.453099846839904785e-01,3.900403678417205811e-01,1.660283654928207397e-01,3.900403678417205811e-01,1.453099846839904785e-01,-2.976592183113098145e-01,-1.718099117279052734e-01,-2.064606733620166779e-02
2.260128110647201538e-01,1.858544498682022095e-01,-2.759672142565250397e-02,-3.852360546588897705e-01,4.404124245047569275e-02,-1.939731240272521973e-01,4.404124245047569275e-02,-3.852360546588897705e-01,-2.759672142565250397e-02,1.858544498682022095e-01,2.260128110647201538e-01
-1.896010935306549072e-01
8.365888893604278564e-02,-9.810347110033035278e-02,-2.561796307563781738e-01,1.837592720985412598e-01,4.229410588741302490e-01,1.790551245212554932e-01,4.229410588741302490e-01,1.837592720985412598e-01,-2.561796307563781738e-01,-9.810347110033035278e-02,8.365888893604278564e-02
1.579710394144058228e-01,2.141777127981185913e-01,-1.340455003082752228e-02,-3.842107653617858887e-01,4.134276881814002991e-02,-2.028538435697555542e-01,4.134276881814002991e-02,-3.842107653617858887e-01,-1.340455003082752228e-02,2.141777127981185913e-01,1.579710394144058228e-01
-1.915709525346755981e-01
-1.815365254878997803e-02,-1.818809658288955688e-01,-2.894260883331298828e-01,1.424661278724670410e-01,4.020711779594421387e-01,1.591145694255828857e-01,4.020711779594421387e-01,1.424661278724670410e-01,-2.894260883331298828e-01,-1.818809658288955688e-01,-1.815365254878997803e-02
2.336231023073196411e-01,1.760854274034500122e-01,-2.250114642083644867e-02,-3.856879770755767822e-01,4.047834128141403198e-02,-1.854941695928573608e-01,4.047834128141403198e-02,-3.856879770755767822e-01,-2.250114642083644867e-02,1.760854274034500122e-01,2.336231023073196411e-01
-1.935475617647171021e-01
2.754999324679374695e-02,-1.483629643917083740e-01,-2.778583168983459473e-01,1.380417644977569580e-01,4.135961234569549561e-01,1.664527952671051025e-01,4.135961234569549561e-01,1.380417644977569580e-01,-2.778583168983459473e-01,-1.483629643917083740e-01,2.754999324679374695e-02
2.146160006523132324e-01,1.925917565822601318e-01,-2.151217311620712280e-02,-3.936547935009002686e-01,3.724666312336921692e-02,-1.892408579587936401e-01,3.724666312336921692e-02,-3.936547935009002686e-01,-2.151217311620712280e-02,1.925917565822601318e-01,2.146160006523132324e-01
-1.955309510231018066e-01
2.350472211837768555e-01,9.704781323671340942e-02,-1.948647648096084595e-01,1.793024688959121704e-01,4.548296034336090088e-01,1.822912991046905518e-01,4.548296034336090088e-01,1.793024688959121704e-01,-1.948647648096084595e-01,9.704781323671340942e-02,2.350472211837768555e-01
-1.365004666149616241e-02,1.978340148925781250e-01,4.609915241599082947e-02,-3.489604592323303223e-01,1.288204491138458252e-01,-6.882654875516891479e-02,1.288204491138458252e-01,-3.489604592323303223e-01,4.609915241599082947e-02,1.978340148925781250e-01,-1.365004666149616241e-02
-1.975210458040237427e-01
8.551517128944396973e-02,-1.078931316733360291e-01,-2.455194741487503052e-01,1.505124568939208984e-01,4.401401281356811523e-01,1.774349659681320190e-01,4.401401281356811523e-01,1.505124568939208984e-01,-2.455194741487503052e-01,-1.078931316733360291e-01,8.551517128944396973e-02
1.895980536937713623e-01,1.954552531242370605e-01,-1.424894016236066818e-02,-3.883184790611267090e-01,3.252109885215759277e-02,-1.927876025438308716e-01,3.252109885215759277e-02,-3.883184790611267090e-01,-1.424894016236066818e-02,1.954552531242370605e-01,1.895980536937713623e-01
-1.995178610086441040e-01
4.561306908726692200e-03,-1.808069795370101929e-01,-2.818596661090850830e-01,1.181514337658882141e-01,4.203814864158630371e-01,1.489885002374649048e-01,4.203814864158630371e-01,1.181514337658882141e-01,-2.818596661090850830e-01,-1.808069795370101929e-01,4.561306908726692200e-03
2.364768832921981812e-01,1.726202666759490967e-01,-1.163104083389043808e-02,-3.940005898475646973e-01,2.812555246055126190e-02,-1.688865125179290771e-01,2.812555246055126190e-02,-3.940005898475646973e-01,-1.163104083389043808e-02,1.726202666759490967e-01,2.364768832921981812e-01
-2.015213519334793091e-01
7.177901268005371094e-02,-1.359405815601348877e-01,-2.602631151676177979e-01,1.365996748208999634e-01,4.413298070430755615e-01,1.562915593385696411e-01,4.413298070430755615e-01,1.365996748208999634e-01,-2.602631151676177979e-01,-1.359405815601348877e-01,7.177901268005371094e-02
1.944451779127120972e-01,1.922151893377304077e-01,-5.301584023982286453e-03,-4.011853933334350586e-01,2.244323119521141052e-02,-1.680496633052825928e-01,2.244323119521141052e-02,-4.011853933334350586e-01,-5.301584023982286453e-03,1.922151893377304077e-01,1.944451779127120972e-01
-2.035315036773681641e-01
1.242766976356506348e-01,-8.368802815675735474e-02,-2.356131672859191895e-01,1.449778825044631958e-01,4.605423808097839355e-01,1.689357608556747437e-01,4.605423808097839355e-01,1.449778825044631958e-01,-2.356131672859191895e-01,-8.368802815675735474e-02,1.242766976356506348e-01
1.570129245519638062e-01,1.978380680084228516e-01,2.618043683469295502e-03,-3.968326747417449951e-01,3.000611811876296997e-02,-1.601997166872024536e-01,3.000611811876296997e-02,-3.968326747417449951e-01,2.618043683469295502e-03,1.978380680084228516e-01,1.570129245519638062e-01
-2.055483013391494751e-01
2.293649911880493164e-01,5.089292675256729126e-02,-1.939814537763595581e-01,1.536465287208557129e-01,4.799886941909790039e-01,1.767578572034835815e-01,4.799886941909790039e-01,1.536465287208557129e-01,-1.939814537763595581e-01,5.089292675256729126e-02,2.293649911880493164e-01
3.560968860983848572e-02,1.901835203170776367e-01,4.162313789129257202e-02,-3.688307106494903564e-01,9.119752794504165649e-02,-7.575149089097976685e-02,9.119752794504165649e-02,-3.688307106494903564e-01,4.162313789129257202e-02,1.901835203170776367e-01,3.560968860983848572e-02
-2.075717151165008545e-01
1.773187518119812012e-01,-3.149454295635223389e-02,-2.149012982845306396e-01,1.421078443527221680e-01,4.789151847362518311e-01,1.738322377204895020e-01,4.789151847362518311e-01,1.421078443527221680e-01,-2.149012982845306396e-01,-3.149454295635223389e-02,1.773187518119812012e-01
1.151608377695083618e-01,1.920115798711776733e-01,1.633340865373611450e-02,-3.899404704570770264e-01,4.508588835597038269e-02,-1.258555799722671509e-01,4.508588835597038269e-02,-3.899404704570770264e-01,1.633340865373611450e-02,1.920115798711776733e-01,1.151608377695083618e-01
-2.096017152070999146e-01
1.198283955454826355e-01,-1.042449250817298889e-01,-2.385643273591995239e-01,1.170308813452720642e-01,4.672204256057739258e-01,1.629380285739898682e-01,4.672204256057739258e-01,1.170308813452720642e-01,-2.385643273591995239e-01,-1.042449250817298889e-01,1.198283955454826355e-01
1.797368079423904419e-01,1.814515441656112671e-01,-2.026750007644295692e-03,-4.021095335483551025e-01,2.280982583761215210e-02,-1.401663273572921753e-01,2.280982583761215210e-02,-4.021095335483551025e-01,-2.026750007644295692e-03,1.814515441656112671e-01,1.797368079423904419e-01
-2.116383016109466553e-01
1.810259371995925903e-01,-4.129280894994735718e-02,-2.077483683824539185e-01,1.399034708738327026e-01,4.876461327075958252e-01,1.683467924594879150e-01,4.876461327075958252e-01,1.399034708738327026e-01,-2.077483683824539185e-01,-4.129280894994735718e-02,1.810259371995925903e-01
1.197462975978851318e-01,1.893995255231857300e-01,2.072848565876483917e-02,-3.920938968658447266e-01,3.628940880298614502e-02,-1.112391278147697449e-01,3.628940880298614502e-02,-3.920938968658447266e-01,2.072848565876483917e-02,1.893995255231857300e-01,1.197462975978851318e-01
-2.136814445257186890e-01
8.246231824159622192e-02,-1.412068307399749756e-01,-2.340222150087356567e-01,9.401321411132812500e-02,4.652493596076965332e-01,1.629553884267807007e-01,4.652493596076965332e-01,9.401321411132812500e-02,-2.340222150087356567e-01,-1.412068307399749756e-01,8.246231824159622192e-02
2.304416894912719727e-01,1.650931984186172485e-01,-1.366907451301813126e-02,-3.979239463806152344e-01,1.307355333119630814e-02,-1.411347687244415283e-01,1.307355333119630814e-02,-3.979239463806152344e-01,-1.366907451301813126e-02,1.650931984186172485e-01,2.304416894912719727e-01
-2.157311141490936279e-01
2.191923707723617554e-01,1.324860029853880405e-03,-1.906343251466751099e-01,1.303463578224182129e-01,5.001073479652404785e-01,1.723109036684036255e-01,5.001073479652404785e-01,1.303463578224182129e-01,-1.906343251466751099e-01,1.324860029853880405e-03,2.191923707723617554e-01
8.545188605785369873e-02,1.822893619537353516e-01,3.415768221020698547e-02,-3.811256289482116699e-01,5.272430554032325745e-02,-7.441135495901107788e-02,5.272430554032325745e-02,-3.811256289482116699e-01,3.415768221020698547e-02,1.822893619537353516e-01,8.545188605785369873e-02
-2.177872955799102783e-01
8.429254591464996338e-02,-1.469136625528335571e-01,-2.301510274410247803e-01,8.120036870241165161e-02,4.710316061973571777e-01,1.610048264265060425e-01,4.710316061973571777e-01,8.120036870241165161e-02,-2.301510274410247803e-01,-1.469136625528335571e-01,8.429254591464996338e-02
2.362712174654006958e-01,1.604676097631454468e-01,-1.185194775462150574e-02,-3.966392278671264648e-01,7.000498939305543900e-03,-1.320931762456893921e-01,7.000498939305543900e-03,-3.966392278671264648e-01,-1.185194775462150574e-02,1.604676097631454468e-01,2.362712174654006958e-01
-2.198499590158462524e-01
2.090209424495697021e-01,-3.090208582580089569e-02,-2.026148885488510132e-01,1.089969873428344727e-01,5.040155053138732910e-01,1.709233969449996948e-01,5.040155053138732910e-01,1.089969873428344727e-01,-2.026148885488510132e-01,-3.090208582580089569e-02,2.090209424495697021e-01
1.144894063472747803e-01,1.722947061061859131e-01,2.122312970459461212e-02,-3.921636641025543213e-01,3.971769288182258606e-02,-6.714154779911041260e-02,3.971769288182258606e-02,-3.921636641025543213e-01,2.122312970459461212e-02,1.722947061061859131e-01,1.144894063472747803e-01
-2.219191044569015503e-01
1.644427031278610229e-01,-8.398419618606567383e-02,-2.122437059879302979e-01,9.388481080532073975e-02,4.976523816585540771e-01,1.666092425584793091e-01,4.976523816585540771e-01,9.388481080532073975e-02,-2.122437059879302979e-01,-8.398419618606567383e-02,1.644427031278610229e-01
1.678197979927062988e-01,1.702273488044738770e-01,7.232860662043094635e-03,-3.983359634876251221e-01,1.543994899839162827e-02,-9.280472248792648315e-02,1.543994899839162827e-02,-3.983359634876251221e-01,7.232860662043094635e-03,1.702273488044738770e-01,1.678197979927062988e-01
-2.239947021007537842e-01
2.334808856248855591e-01,-7.534455973654985428e-03,-1.876679807901382446e-01,1.022790297865867615e-01,5.114307403564453125e-01,1.699965447187423706e-01,5.114307403564453125e-01,1.022790297865867615e-01,-1.876679807901382446e-01,-7.534455973654985428e-03,2.334808856248855591e-01
9.624925255775451660e-02,1.646779328584671021e-01,2.855983376502990723e-02,-3.840774595737457275e-01,4.594380035996437073e-02,-4.164167121052742004e-02,4.594380035996437073e-02,-3.840774595737457275e-01,2.855983376502990723e-02,1.646779328584671021e-01,9.624925255775451660e-02
-2.260767221450805664e-01
2.572058737277984619e-01,2.368393912911415100e-02,-1.705066412687301636e-01,1.089933663606643677e-01,5.188157558441162109e-01,1.703389734029769897e-01,5.188157558441162109e-01,1.089933663606643677e-01,-1.705066412687301636e-01,2.368393912911415100e-02,2.572058737277984619e-01
6.088729575276374817e-02,1.642469614744186401e-01,4.740669950842857361e-02,-3.697353303432464600e-01,5.842428654432296753e-02,-1.214527245610952377e-02,5.842428654432296753e-02,-3.697353303432464600e-01,4.740669950842857361e-02,1.642469614744186401e-01,6.088729575276374817e-02
-2.281651645898818970e-01
3.899329900741577148e-02,2.638360559940338135e-01,1.846303790807723999e-01,1.995086073875427246e-01,3.323237299919128418e-01,-1.190289482474327087e-01,3.323237299919128418e-01,1.995086073875427246e-01,1.846303790807723999e-01,2.638360559940338135e-01,3.899329900741577148e-02
-1.535325795412063599e-01,-1.285354048013687134e-02,2.720771431922912598e-01,-1.207429692149162292e-01,2.116305083036422729e-01,2.881053984165191650e-01,2.116305083036422729e-01,-1.207429692149162292e-01,2.720771431922912598e-01,-1.285354048013687134e-02,-1.535325795412063599e-01
-2.302599847316741943e-01
1.274291723966598511e-01,-1.392022967338562012e-01,-2.109440416097640991e-01,6.518560647964477539e-02,4.986021518707275391e-01,1.612453162670135498e-01,4.986021518707275391e-01,6.518560647964477539e-02,-2.109440416097640991e-01,-1.392022967338562012e-01,1.274291723966598511e-01
2.238580435514450073e-01,1.561777591705322266e-01,-4.085542168468236923e-03,-3.951404094696044922e-01,-1.022793818265199661e-02,-9.038493782281875610e-02,-1.022793818265199661e-02,-3.951404094696044922e-01,-4.085542168468236923e-03,1.561777591705322266e-01,2.238580435514450073e-01
-2.323611825704574585e-01
2.089131027460098267e-01,-6.214235723018646240e-02,-1.906241327524185181e-01,8.567272871732711792e-02,5.203678011894226074e-01,1.651839762926101685e-01,5.203678011894226074e-01,8.567272871732711792e-02,-1.906241327524185181e-01,-6.214235723018646240e-02,2.089131027460098267e-01
1.375977247953414917e-01,1.670141369104385376e-01,2.428989112377166748e-02,-3.906978964805603027e-01,8.356188423931598663e-03,-4.583857208490371704e-02,8.356188423931598663e-03,-3.906978964805603027e-01,2.428989112377166748e-02,1.670141369104385376e-01,1.375977247953414917e-01
-2.344687432050704956e-01
1.583161503076553345e-01,-1.191942170262336731e-01,-1.939489096403121948e-01,7.481652498245239258e-02,5.125023722648620605e-01,1.615296751260757446e-01,5.125023722648620605e-01,7.481652498245239258e-02,-1.939489096403121948e-01,-1.191942170262336731e-01,1.583161503076553345e-01
1.982142627239227295e-01,1.618644148111343384e-01,8.417494595050811768e-03,-3.901172578334808350e-01,-1.327386032789945602e-02,-7.181338220834732056e-02,-1.327386032789945602e-02,-3.901172578334808350e-01,8.417494595050811768e-03,1.618644148111343384e-01,1.982142627239227295e-01
-2.365826219320297241e-01
1.101724505424499512e-01,-1.620833426713943481e-01,-1.976220309734344482e-01,4.988445341587066650e-02,4.991061985492706299e-01,1.589022725820541382e-01,4.991061985492706299e-01,4.988445341587066650e-02,-1.976220309734344482e-01,-1.620833426713943481e-01,1.101724505424499512e-01
2.565327584743499756e-01,1.477678567171096802e-01,-8.679122664034366608e-03,-3.867907226085662842e-01,-2.701698616147041321e-02,-9.385549277067184448e-02,-2.701698616147041321e-02,-3.867907226085662842e-01,-8.679122664034366608e-03,1.477678567171096802e-01,2.565327584743499756e-01
-2.387028187513351440e-01
2.802192568778991699e-01,5.514523014426231384e-02,-1.554725766181945801e-01,7.922456413507461548e-02,5.413138270378112793e-01,1.750285178422927856e-01,5.413138270378112793e-01,7.922456413507461548e-02,-1.554725766181945801e-01,5.514523014426231384e-02,2.802192568778991699e-01
-4.824654664844274521e-03,1.642020344734191895e-01,9.654646366834640503e-02,-3.493420183658599854e-01,6.732375174760818481e-02,9.091714024543762207e-02,6.732375174760818481e-02,-3.493420183658599854e-01,9.654646366834640503e-02,1.642020344734191895e-01,-4.824654664844274521e-03
-2.408293187618255615e-01
1.712437123060226440e-01,-1.121581643819808960e-01,-1.896692812442779541e-01,6.166251376271247864e-02,5.318228006362915039e-01,1.777026951313018799e-01,5.318228006362915039e-01,6.166251376271247864e-02,-1.896692812442779541e-01,-1.121581643819808960e-01,1.712437123060226440e-01
1.931873261928558350e-01,1.691525876522064209e-01,1.482308097183704376e-02,-3.876560926437377930e-01,-2.327660098671913147e-02,-5.343180149793624878e-02,-2.327660098671913147e-02,-3.876560926437377930e-01,1.482308097183704376e-02,1.691525876522064209e-01,1.931873261928558350e-01
-2.429620921611785889e-01
3.158919215202331543e-01,1.459147334098815918e-01,-9.202416241168975830e-02,7.194291800260543823e-02,5.201674699783325195e-01,1.500191390514373779e-01,5.201674699783325195e-01,7.194291800260543823e-02,-9.202416241168975830e-02,1.459147334098815918e-01,3.158919215202331543e-01
-9.839899837970733643e-02,1.075850129127502441e-01,1.307756304740905762e-01,-2.819523811340332031e-01,1.507148295640945435e-01,2.306955754756927490e-01,1.507148295640945435e-01,-2.819523811340332031e-01,1.307756304740905762e-01,1.075850129127502441e-01,-9.839899837970733643e-02
-2.451011240482330322e-01
2.671237289905548096e-01,1.214556023478507996e-02,-1.590206623077392578e-01,7.994480431079864502e-02,5.605781078338623047e-01,1.861533969640731812e-01,5.605781078338623047e-01,7.994480431079864502e-02,-1.590206623077392578e-01,1.214556023478507996e-02,2.671237289905548096e-01
3.238688781857490540e-02,1.782124042510986328e-01,9.222494065761566162e-02,-3.534269332885742188e-01,2.984259650111198425e-02,6.462375819683074951e-02,2.984259650111198425e-02,-3.534269332885742188e-01,9.222494065761566162e-02,1.782124042510986328e-01,3.238688781857490540e-02
-2.472463995218276978e-01
2.859818339347839355e-01,5.419792234897613525e-02,-1.419234126806259155e-01,7.063024491071701050e-02,5.572136044502258301e-01,1.830460727214813232e-01,5.572136044502258301e-01,7.063024491071701050e-02,-1.419234126806259155e-01,5.419792234897613525e-02,2.859818339347839355e-01
-1.579956151545047760e-02,1.612940132617950439e-01,1.135061159729957581e-01,-3.270994722843170166e-01,6.822924315929412842e-02,1.243186295032501221e-01,6.822924315929412842e-02,-3.270994722843170166e-01,1.135061159729957581e-01,1.612940132617950439e-01,-1.579956151545047760e-02
-2.493978887796401978e-01
2.873441278934478760e-01,4.447287693619728088e-02,-1.418411135673522949e-01,7.000060379505157471e-02,5.611605644226074219e-01,1.853929460048675537e-01,5.611605644226074219e-01,7.000060379505157471e-02,-1.418411135673522949e-01,4.447287693619728088e-02,2.873441278934478760e-01
-2.925167325884103775e-03,1.623012423515319824e-01,1.079709455370903015e-01,-3.302258551120758057e-01,5.566592141985893250e-02,1.213670670986175537e-01,5.566592141985893250e-02,-3.302258551120758057e-01,1.079709455370903015e-01,1.623012423515319824e-01,-2.925167325884103775e-03
-2.515555918216705322e-01
2.936466932296752930e-01,5.848275870084762573e-02,-1.360787451267242432e-01,6.142541021108627319e-02,5.584989190101623535e-01,1.826134324073791504e-01,5.584989190101623535e-01,6.142541021108627319e-02,-1.360787451267242432e-01,5.848275870084762573e-02,2.936466932296752930e-01
-2.308917976915836334e-02,1.504621058702468872e-01,1.137377172708511353e-01,-3.213796019554138184e-01,6.694887578487396240e-02,1.538290977478027344e-01,6.694887578487396240e-02,-3.213796019554138184e-01,1.137377172708511353e-01,1.504621058702468872e-01,-2.308917976915836334e-02
-2.537194788455963135e-01
2.073441445827484131e-01,-1.091037169098854065e-01,-1.793971359729766846e-01,5.596436560153961182e-02,5.564732551574707031e-01,1.837562620639801025e-01,5.564732551574707031e-01,5.596436560153961182e-02,-1.793971359729766846e-01,-1.091037169098854065e-01,2.073441445827484131e-01
1.621673107147216797e-01,1.742970645427703857e-01,3.316770866513252258e-02,-3.778091073036193848e-01,-4.280744865536689758e-02,-4.553428385406732559e-03,-4.280744865536689758e-02,-3.778091073036193848e-01,3.316770866513252258e-02,1.742970645427703857e-01,1.621673107147216797e-01
-2.558895349502563477e-01
2.685404419898986816e-01,-1.371675636619329453e-02,-1.520145088434219360e-01,6.104661524295806885e-02,5.680998563766479492e-01,1.884203255176544189e-01,5.680998563766479492e-01,6.104661524295806885e-02,-1.520145088434219360e-01,-1.371675636619329453e-02,2.685404419898986816e-01
5.276523157954216003e-02,1.763836741447448730e-01,8.311158418655395508e-02,-3.511579036712646484e-01,2.178506227210164070e-03,7.004482299089431763e-02,2.178506227210164070e-03,-3.511579036712646484e-01,8.311158418655395508e-02,1.763836741447448730e-01,5.276523157954216003e-02
-2.580657303333282471e-01
3.564931452274322510e-01,2.072384357452392578e-01,-6.354175973683595657e-03,3.619777038693428040e-02,4.868788719177246094e-01,1.119592115283012390e-01,4.868788719177246094e-01,3.619777038693428040e-02,-6.354175973683595657e-03,2.072384357452392578e-01,3.564931452274322510e-01
-1.019920557737350464e-01,8.390922099351882935e-02,1.572436392307281494e-01,-2.283297330141067505e-01,1.307650059461593628e-01,2.947060465812683105e-01,1.307650059461593628e-01,-2.283297330141067505e-01,1.572436392307281494e-01,8.390922099351882935e-02,-1.019920557737350464e-01
-2.602480649948120117e-01
1.730557829141616821e-01,-1.585448235273361206e-01,-1.811603009700775146e-01,3.882601112127304077e-02,5.488851666450500488e-01,1.775922477245330811e-01,5.488851666450500488e-01,3.882601112127304077e-02,-1.811603009700775146e-01,-1.585448235273361206e-01,1.730557829141616821e-01
2.078996151685714722e-01,1.761689782142639160e-01,2.088548429310321808e-02,-3.777041137218475342e-01,-7.692318409681320190e-02,-2.551591582596302032e-02,-7.692318409681320190e-02,-3.777041137218475342e-01,2.088548429310321808e-02,1.761689782142639160e-01,2.078996151685714722e-01
-2.624365389347076416e-01
1.395073384046554565e-01,-1.939255446195602417e-01,-1.818433254957199097e-01,2.687334083020687103e-02,5.403650403022766113e-01,1.761158853769302368e-01,5.403650403022766113e-01,2.687334083020687103e-02,-1.818433254957199097e-01,-1.939255446195602417e-01,1.395073384046554565e-01
2.464592158794403076e-01,1.739057302474975586e-01,1.111474167555570602e-02,-3.731633722782135010e-01,-8.919029682874679565e-02,-4.596391692757606506e-02,-8.919029682874679565e-02,-3.731633722782135010e-01,1.111474167555570602e-02,1.739057302474975586e-01,2.464592158794403076e-01
-2.646310925483703613e-01
1.018937900662422180e-01,3.072962462902069092e-01,3.110187947750091553e-01,1.351133286952972412e-01,1.817540675401687622e-01,-2.250956892967224121e-01,1.817540675401687622e-01,1.351133286952972412e-01,3.110187947750091553e-01,3.072962462902069092e-01,1.018937900662422180e-01
-1.111546680331230164e-01,-2.848677635192871094e-01,6.877951323986053467e-02,6.202557310461997986e-02,2.118500173091888428e-01,2.247226089239120483e-01,2.118500173091888428e-01,6.202557310461997986e-02,6.877951323986053467e-02,-2.848677635192871094e-01,-1.111546680331230164e-01
-2.668317258358001709e-01
5.395254492759704590e-02,-2.627927958965301514e-01,-1.765147745609283447e-01,1.313710235990583897e-03,5.173442959785461426e-01,1.691560298204421997e-01,5.173442959785461426e-01,1.313710235990583897e-03,-1.765147745609283447e-01,-2.627927958965301514e-01,5.395254492759704590e-02
3.159997761249542236e-01,1.582198143005371094e-01,1.520799705758690834e-03,-3.538411259651184082e-01,-1.049931943416595459e-01,-6.393397599458694458e-02,-1.049931943416595459e-01,-3.538411259651184082e-01,1.520799705758690834e-03,1.582198143005371094e-01,3.159997761249542236e-01
-2.690384387969970703e-01
2.393126934766769409e-01,-8.879625797271728516e-02,-1.440716087818145752e-01,6.126984208822250366e-02,5.753437280654907227e-01,1.878414601087570190e-01,5.753437280654907227e-01,6.126984208822250366e-02,-1.440716087818145752e-01,-8.879625797271728516e-02,2.393126934766769409e-01
1.144829168915748596e-01,1.989342719316482544e-01,6.792180985212326050e-02,-3.574254810810089111e-01,-7.621555775403976440e-02,2.096093632280826569e-02,-7.621555775403976440e-02,-3.574254810810089111e-01,6.792180985212326050e-02,1.989342719316482544e-01,1.144829168915748596e-01
-2.712512016296386719e-01
1.438418030738830566e-01,-2.064357548952102661e-01,-1.722943186759948730e-01,2.209367230534553528e-02,5.445939302444458008e-01,1.765434741973876953e-01,5.445939302444458008e-01,2.209367230534553528e-02,-1.722943186759948730e-01,-2.064357548952102661e-01,1.438418030738830566e-01
2.456708699464797974e-01,1.779192686080932617e-01,1.484769675880670547e-02,-3.644590675830841064e-01,-1.086949631571769714e-01,-3.508515283465385437e-02,-1.086949631571769714e-01,-3.644590675830841064e-01,1.484769675880670547e-02,1.779192686080932617e-01,2.456708699464797974e-01
-2.734699845314025879e-01
9.400893002748489380e-02,-2.464910298585891724e-01,-1.703100949525833130e-01,1.580236828885972500e-03,5.293667912483215332e-01,1.760926693677902222e-01,5.293667912483215332e-01,1.580236828885972500e-03,-1.703100949525833130e-01,-2.464910298585891724e-01,9.400893002748489380e-02
2.964143455028533936e-01,1.604264974594116211e-01,-1.656853593885898590e-03,-3.542090356349945068e-01,-1.116679832339286804e-01,-3.933015465736389160e-02,-1.116679832339286804e-01,-3.542090356349945068e-01,-1.656853593885898590e-03,1.604264974594116211e-01,2.964143455028533936e-01
-2.756947875022888184e-01
3.018465638160705566e-01,2.444977499544620514e-02,-1.084003672003746033e-01,4.454167559742927551e-02,5.768763422966003418e-01,1.936355978250503540e-01,5.768763422966003418e-01,4.454167559742927551e-02,-1.084003672003746033e-01,2.444977499544620514e-02,3.018465638160705566e-01
-1.380401290953159332e-02,1.703274101018905640e-01,1.207297369837760925e-01,-3.089154362678527832e-01,-1.270781736820936203e-03,1.667594164609909058e-01,-1.270781736820936203e-03,-3.089154362678527832e-01,1.207297369837760925e-01,1.703274101018905640e-01,-1.380401290953159332e-02
-2.779256105422973633e-01
2.237543165683746338e-01,-1.303851455450057983e-01,-1.442178785800933838e-01,4.391095042228698730e-02,5.703222155570983887e-01,1.880489438772201538e-01,5.703222155570983887e-01,4.391095042228698730e-02,-1.442178785800933838e-01,-1.303851455450057983e-01,2.237543165683746338e-01
1.549097150564193726e-01,1.910001784563064575e-01,4.655088856816291809e-02,-3.537780344486236572e-01,-9.944170713424682617e-02,1.895922608673572540e-02,-9.944170713424682617e-02,-3.537780344486236572e-01,4.655088856816291809e-02,1.910001784563064575e-01,1.549097150564193726e-01
-2.801623940467834473e-01
2.542832493782043457e-01,-9.062968939542770386e-02,-1.360040754079818726e-01,4.570269957184791565e-02,5.756014585494995117e-01,1.900252401828765869e-01,5.756014585494995117e-01,4.570269957184791565e-02,-1.360040754079818726e-01,-9.062968939542770386e-02,2.542832493782043457e-01
1.083573549985885620e-01,1.880997866392135620e-01,6.361246854066848755e-02,-3.486682474613189697e-01,-8.890019357204437256e-02,6.532175838947296143e-02,-8.890019357204437256e-02,-3.486682474613189697e-01,6.361246854066848755e-02,1.880997866392135620e-01,1.083573549985885620e-01
-2.824051678180694580e-01
3.284267485141754150e-01,1.091152280569076538e-01,-4.624547809362411499e-02,3.399186581373214722e-02,5.461914539337158203e-01,1.664998382329940796e-01,5.461914539337158203e-01,3.399186581373214722e-02,-4.624547809362411499e-02,1.091152280569076538e-01,3.284267485141754150e-01
-1.143566519021987915e-01,1.111081913113594055e-01,1.425544321537017822e-01,-2.662006318569183350e-01,5.239500850439071655e-02,3.061477541923522949e-01,5.239500850439071655e-02,-2.662006318569183350e-01,1.425544321537017822e-01,1.111081913113594055e-01,-1.143566519021987915e-01
-2.846538722515106201e-01
2.058164179325103760e-01,-1.658521741628646851e-01,-1.436586827039718628e-01,4.436270892620086670e-02,5.638479590415954590e-01,1.775115579366683960e-01,5.638479590415954590e-01,4.436270892620086670e-02,-1.436586827039718628e-01,-1.658521741628646851e-01,2.058164179325103760e-01
1.733637154102325439e-01,1.977146118879318237e-01,4.467430338263511658e-02,-3.564479649066925049e-01,-1.378356367349624634e-01,1.783316396176815033e-02,-1.378356367349624634e-01,-3.564479649066925049e-01,4.467430338263511658e-02,1.977146118879318237e-01,1.733637154102325439e-01
-2.869085371494293213e-01
1.031810641288757324e-01,2.789019048213958740e-01,2.713741064071655273e-01,7.183146476745605469e-02,2.662754654884338379e-01,-1.731967031955718994e-01,2.662754654884338379e-01,7.183146476745605469e-02,2.713741064071655273e-01,2.789019048213958740e-01,1.031810641288757324e-01
-1.557349562644958496e-01,-4.506369307637214661e-02,2.208065986633300781e-01,-1.101422309875488281e-01,1.470540016889572144e-01,4.635806083679199219e-01,1.470540016889572144e-01,-1.101422309875488281e-01,2.208065986633300781e-01,-4.506369307637214661e-02,-1.557349562644958496e-01
-2.891691029071807861e-01
-2.457128278911113739e-02,-3.114575445652008057e-01,-1.490433067083358765e-01,-5.008612200617790222e-02,5.007672905921936035e-01,1.799698323011398315e-01,5.007672905921936035e-01,-5.008612200617790222e-02,-1.490433067083358765e-01,-3.114575445652008057e-01,-2.457128278911113739e-02
3.627611100673675537e-01,1.101386994123458862e-01,-4.561095964163541794e-03,-3.191925883293151855e-01,-1.382908821105957031e-01,2.528782933950424194e-03,-1.382908821105957031e-01,-3.191925883293151855e-01,-4.561095964163541794e-03,1.101386994123458862e-01,3.627611100673675537e-01
-2.914355695247650146e-01
2.308432757854461670e-01,-1.367566436529159546e-01,-1.226859912276268005e-01,5.223705992102622986e-02,5.692175626754760742e-01,1.785730421543121338e-01,5.692175626754760742e-01,5.223705992102622986e-02,-1.226859912276268005e-01,-1.367566436529159546e-01,2.308432757854461670e-01
1.294329315423965454e-01,2.100437432527542114e-01,6.403415650129318237e-02,-3.488900959491729736e-01,-1.420035213232040405e-01,4.107864201068878174e-02,-1.420035213232040405e-01,-3.488900959491729736e-01,6.403415650129318237e-02,2.100437432527542114e-01,1.294329315423965454e-01
-2.937079370021820068e-01
3.041200041770935059e-01,6.609438359737396240e-02,-5.054584518074989319e-02,4.858981445431709290e-02,5.698818564414978027e-01,1.881902217864990234e-01,5.698818564414978027e-01,4.858981445431709290e-02,-5.054584518074989319e-02,6.609438359737396240e-02,3.041200041770935059e-01
-9.097112715244293213e-02,1.627833545207977295e-01,1.588093936443328857e-01,-2.809918224811553955e-01,-1.766932941973209381e-02,2.651973366737365723e-01,-1.766932941973209381e-02,-2.809918224811553955e-01,1.588093936443328857e-01,1.627833545207977295e-01,-9.097112715244293213e-02
-2.959862053394317627e-01
2.398391067981719971e-01,-1.089366003870964050e-01,-1.031741350889205933e-01,6.965755671262741089e-02,5.779467225074768066e-01,1.805458515882492065e-01,5.779467225074768066e-01,6.965755671262741089e-02,-1.031741350889205933e-01,-1.089366003870964050e-01,2.398391067981719971e-01
8.793385326862335205e-02,2.256514579057693481e-01,8.931841701269149780e-02,-3.467452824115753174e-01,-1.590462774038314819e-01,6.232246756553649902e-02,-1.590462774038314819e-01,-3.467452824115753174e-01,8.931841701269149780e-02,2.256514579057693481e-01,8.793385326862335205e-02
-2.982703149318695068e-01
2.792031466960906982e-01,2.564872987568378448e-02,-4.959629103541374207e-02,7.322450727224349976e-02,5.781486630439758301e-01,1.857037246227264404e-01,5.781486630439758301e-01,7.322450727224349976e-02,-4.959629103541374207e-02,2.564872987568378448e-02,2.792031466960906982e-01
-6.248638406395912170e-02,2.037198692560195923e-01,1.615480780601501465e-01,-2.999093532562255859e-01,-8.012886345386505127e-02,2.083034664392471313e-01,-8.012886345386505127e-02,-2.999093532562255859e-01,1.615480780601501465e-01,2.037198692560195923e-01,-6.248638406395912170e-02
-3.005602359771728516e-01
3.369907736778259277e-01,2.518210113048553467e-01,1.374691873788833618e-01,3.242896869778633118e-02,4.375260770320892334e-01,6.782566010951995850e-02,4.375260770320892334e-01,3.242896869778633118e-02,1.374691873788833618e-01,2.518210113048553467e-01,3.369907736778259277e-01
-1.734563410282135010e-01,6.758423149585723877e-02,1.981785744428634644e-01,-1.455518156290054321e-01,1.035765781998634338e-01,4.405080974102020264e-01,1.035765781998634338e-01,-1.455518156290054321e-01,1.981785744428634644e-01,6.758423149585723877e-02,-1.734563410282135010e-01
-3.028560280799865723e-01
7.354306429624557495e-02,-3.052873909473419189e-01,-1.486179977655410767e-01,-2.169348997995257378e-03,5.248328447341918945e-01,1.677474826574325562e-01,5.248328447341918945e-01,-2.169348997995257378e-03,-1.486179977655410767e-01,-3.052873909473419189e-01,7.354306429624557495e-02
2.972557842731475830e-01,1.694837510585784912e-01,8.030278608202934265e-03,-3.228829801082611084e-01,-1.827878803014755249e-01,-4.334581550210714340e-03,-1.827878803014755249e-01,-3.228829801082611084e-01,8.030278608202934265e-03,1.694837510585784912e-01,2.972557842731475830e-01
-3.051576316356658936e-01
1.691315770149230957e-01,-2.316043972969055176e-01,-1.433749198913574219e-01,2.359021455049514771e-02,5.487266182899475098e-01,1.717931032180786133e-01,5.487266182899475098e-01,2.359021455049514771e-02,-1.433749198913574219e-01,-2.316043972969055176e-01,1.691315770149230957e-01
1.973559260368347168e-01,1.962608397006988525e-01,3.373296558856964111e-02,-3.410361707210540771e-01,-1.794183254241943359e-01,3.590294346213340759e-02,-1.794183254241943359e-01,-3.410361707210540771e-01,3.373296558856964111e-02,1.962608397006988525e-01,1.973559260368347168e-01
-3.074650168418884277e-01
9.098695218563079834e-02,-3.027010858058929443e-01,-1.602607518434524536e-01,-1.332207396626472473e-02,5.131868720054626465e-01,1.509615778923034668e-01,5.131868720054626465e-01,-1.332207396626472473e-02,-1.602607518434524536e-01,-3.027010858058929443e-01,9.098695218563079834e-02
2.754210233688354492e-01,1.728252023458480835e-01,1.427092496305704117e-02,-3.256199359893798828e-01,-1.839563250541687012e-01,2.522864378988742828e-02,-1.839563250541687012e-01,-3.256199359893798828e-01,1.427092496305704117e-02,1.728252023458480835e-01,2.754210233688354492e-01
-3.097782135009765625e-01
1.972769200801849365e-01,-2.069067955017089844e-01,-1.393785327672958374e-01,1.930173672735691071e-02,5.358610153198242188e-01,1.561355441808700562e-01,5.358610153198242188e-01,1.930173672735691071e-02,-1.393785327672958374e-01,-2.069067955017089844e-01,1.972769200801849365e-01
1.632684320211410522e-01,1.985614746809005737e-01,4.154427349567413330e-02,-3.463803231716156006e-01,-1.805978715419769287e-01,7.810033112764358521e-02,-1.805978715419769287e-01,-3.463803231716156006e-01,4.154427349567413330e-02,1.985614746809005737e-01,1.632684320211410522e-01
-3.120971620082855225e-01
3.199888169765472412e-01,1.268938034772872925e-01,2.325746044516563416e-02,2.079832367599010468e-02,5.208117365837097168e-01,1.593735814094543457e-01,5.208117365837097168e-01,2.079832367599010468e-02,2.325746044516563416e-02,1.268938034772872925e-01,3.199888169765472412e-01
-1.672756075859069824e-01,1.133841946721076965e-01,1.892567873001098633e-01,-2.030339986085891724e-01,4.666715860366821289e-02,4.185722470283508301e-01,4.666715860366821289e-02,-2.030339986085891724e-01,1.892567873001098633e-01,1.133841946721076965e-01,-1.672756075859069824e-01
-3.144218921661376953e-01
2.497320324182510376e-01,-1.042730510234832764e-01,-1.100405156612396240e-01,3.594047576189041138e-02,5.594408512115478516e-01,1.763803958892822266e-01,5.594408512115478516e-01,3.594047576189041138e-02,-1.100405156612396240e-01,-1.042730510234832764e-01,2.497320324182510376e-01
3.032227419316768646e-02,2.184891551733016968e-01,1.106005460023880005e-01,-3.363220095634460449e-01,-1.728456914424896240e-01,1.580552458763122559e-01,-1.728456914424896240e-01,-3.363220095634460449e-01,1.106005460023880005e-01,2.184891551733016968e-01,3.032227419316768646e-02
-3.167523443698883057e-01
2.791229188442230225e-01,-4.460017953533679247e-04,-6.615386158227920532e-02,2.452709153294563293e-02,5.521265864372253418e-01,1.811256408691406250e-01,5.521265864372253418e-01,2.452709153294563293e-02,-6.615386158227920532e-02,-4.460017953533679247e-04,2.791229188442230225e-01
-7.750361412763595581e-02,1.913435459136962891e-01,1.582781970500946045e-01,-2.992771863937377930e-01,-1.029225662350654602e-01,2.746559083461761475e-01,-1.029225662350654602e-01,-2.992771863937377930e-01,1.582781970500946045e-01,1.913435459136962891e-01,-7.750361412763595581e-02
-3.190885186195373535e-01
2.245131582021713257e-01,-1.637123525142669678e-01,-1.494254171848297119e-01,2.694306203920859843e-05,5.293111801147460938e-01,1.517180055379867554e-01,5.293111801147460938e-01,2.694306203920859843e-05,-1.494254171848297119e-01,-1.637123525142669678e-01,2.245131582021713257e-01
6.132405251264572144e-02,2.190790325403213501e-01,9.544042497873306274e-02,-3.495918214321136475e-01,-1.815550327301025391e-01,1.734416782855987549e-01,-1.815550327301025391e-01,-3.495918214321136475e-01,9.544042497873306274e-02,2.190790325403213501e-01,6.132405251264572144e-02
-3.214304149150848389e-01
3.026538193225860596e-01,6.553035974502563477e-02,-2.802326902747154236e-02,-6.874816957861185074e-03,5.192848443984985352e-01,1.636402308940887451e-01,5.192848443984985352e-01,-6.874816957861185074e-03,-2.802326902747154236e-02,6.553035974502563477e-02,3.026538193225860596e-01
-1.546766608953475952e-01,1.478390246629714966e-01,1.858155727386474609e-01,-2.605938017368316650e-01,-5.690857302397489548e-03,4.229485988616943359e-01,-5.690857302397489548e-03,-2.605938017368316650e-01,1.858155727386474609e-01,1.478390246629714966e-01,-1.546766608953475952e-01
-3.237780332565307617e-01
2.585617303848266602e-01,-9.221982955932617188e-02,-1.163988634943962097e-01,1.125981099903583527e-02,5.274407267570495605e-01,1.459444165229797363e-01,5.274407267570495605e-01,1.125981099903583527e-02,-1.163988634943962097e-01,-9.221982955932617188e-02,2.585617303848266602e-01
-5.522965639829635620e-02,2.271469831466674805e-01,1.556838005781173706e-01,-3.562819957733154297e-01,-1.757439523935317993e-01,2.810371816158294678e-01,-1.757439523935317993e-01,-3.562819957733154297e-01,1.556838005781173706e-01,2.271469831466674805e-01,-5.522965639829635620e-02
-3.261313140392303467e-01
1.174684613943099976e-01,-3.129819333553314209e-01,-2.321517318487167358e-01,-4.038830474019050598e-02,5.094771981239318848e-01,1.148701012134552002e-01,5.094771981239318848e-01,-4.038830474019050598e-02,-2.321517318487167358e-01,-3.129819333553314209e-01,1.174684613943099976e-01
1.264005750417709351e-01,1.991314440965652466e-01,1.152723506093025208e-01,-3.944142758846282959e-01,-2.308957427740097046e-01,2.726179957389831543e-01,-2.308957427740097046e-01,-3.944142758846282959e-01,1.152723506093025208e-01,1.991314440965652466e-01,1.264005750417709351e-01
-3.284902870655059814e-01
2.902605235576629639e-01,2.765783965587615967e-01,2.417453676462173462e-01,-8.629080653190612793e-02,1.733023673295974731e-02,4.119687080383300781e-01,1.733023673295974731e-02,-8.629080653190612793e-02,2.417453676462173462e-01,2.765783965587615967e-01,2.902605235576629639e-01
-4.695179164409637451e-01,6.496999412775039673e-02,5.437213182449340820e-02,-1.232482716441154480e-01,-4.301907029002904892e-03,9.538987278938293457e-01,-4.301907029002904892e-03,-1.232482716441154480e-01,5.437213182449340820e-02,6.496999412775039673e-02,-4.695179164409637451e-01
-0.000000000000000000e+00
